개방자치단체코드,관리번호,인허가일자,인허가취소일자,영업상태명,폐업일자,휴업시작일자,휴업종료일자,재개업일자,소재지면적,소재지우편번호,도로명우편번호,사업장명,데이터갱신구분,권리주체일련번호,데이터갱신시점,도로명주소,상세영업상태명,상세영업상태코드,영업상태코드,전화번호,좌표정보(X),좌표정보(Y),지번주소,최종수정시점
3000000,300000001320230002,2023-11-02,,취소/말소/만료/정지/중지,2023-11-02,,,,,,03137,(주)천양사의료과학,I,000,2025-12-15 16:15:28,"서울특별시 종로구 동순라길 **-*, *층 (인의동)",말소,0004,04,,199662.445551116    ,452313.713241533    ,서울특별시 종로구 인의동 ** ,2023-11-27 15:18:50
3000000,300000001320230001,2023-01-20,,폐업,2024-08-23,,,,,,03165,루원쇼핑,I,000,2025-12-15 16:15:28,"서울특별시 종로구 송월길 ***, ***호 (교북동, 동아아파트)",폐업,0002,03,,196578.438801188    ,452129.33094623     ,서울특별시 종로구 교북동 *** 동아아파트 ,2024-08-23 16:41:41
3000000,300000001319990001,1999-04-06,,영업/정상,,,,,0,,,동경메디교역상사,I,000,2025-12-15 16:15:28,,정상,0000,01,22730224,199193.286476914    ,451975.769220458    ,서울특별시 종로구 종로*가 ***-* (*층) ,2003-02-11 10:47:09
3000000,300000001320030001,2003-09-04,,영업/정상,,,,,32.99,,,(주)영동싸이언스,I,L00,2025-12-15 16:15:28,,정상,0000,01,22738489,199321.4036677      ,451985.646550196    ,서울특별시 종로구 종로*가 *** 금천빌딩*** ,2003-09-04 11:42:18
3000000,300000001320040001,2004-02-26,,영업/정상,,,,,40.2,,,(주)메드로코리아,I,L00,2025-12-15 16:15:28,,정상,0000,01,22323514,201911.136750205    ,452395.946444233    ,서울특별시 종로구 숭인동 **** 타임빌딩***호 ,2004-12-13 14:00:35
3000000,300000001320100001,2010-06-24,,영업/정상,,,,,0,,,바다르산스(주),I,000,2025-12-15 16:15:28,,정상,0000,01,,,,서울특별시 종로구 숭인동 ***-*** *층 ,2010-06-24 16:53:40
3000000,300000001320130001,2013-03-26,,영업/정상,,,,,0,,03137,(주)천양사의료과학,I,000,2025-12-15 16:15:28,"서울특별시 종로구 동순라길 **-*, *층 (인의동)",정상,0000,01,,199662.445551116    ,452313.713241533    ,서울특별시 종로구 인의동 ** ,2023-11-02 10:17:31
3000000,300000001320200001,2020-04-24,,영업/정상,,,,,,,03124,주식회사 통일의료기,I,L00,2025-12-15 16:15:28,서울특별시 종로구 종로 ***(종로*가),정상,0000,01,027411461,200683.347665068    ,452121.204130185    ,서울특별시 종로구 종로*가 **-* ,2021-09-23 10:26:44
3000000,300000001320210001,2021-01-05,,영업/정상,,,,,,,03132,(주)아이바이오사이언스,I,L00,2025-12-15 16:15:28,"서울특별시 종로구 돈화문로**가길 **, ***호 (익선동, 현대뜨레비앙)",정상,0000,01,,199052.164234663    ,452535.569961658    ,서울특별시 종로구 익선동 ** 현대뜨레비앙 ,2021-01-07 17:08:01
3000000,300000001320210002,2021-07-27,,영업/정상,,,,,,,03121,란제리하우스,I,000,2025-12-15 16:15:28,"서울특별시 종로구 지봉로 **, 삼우텍스프라자 (창신동)",정상,0000,01,,201273.887781838    ,452163.292543039    ,서울특별시 종로구 창신동 ***-** 삼우텍스프라자 ,2021-07-27 11:00:11
3000000,300000001320220001,2022-04-25,,영업/정상,,,,,,,03115,주식회사 픽서(FIxer),I,L00,2025-12-15 16:15:28,"서울특별시 종로구 종로 ***, 엘리시앙오피스텔 ***호 (숭인동)",정상,0000,01,07049194123,201687.573879734    ,452408.346754198    ,서울특별시 종로구 숭인동 ***-** 엘리시앙오피스텔 ***호,2022-04-28 16:48:29
3000000,300000001320220002,2022-05-20,,영업/정상,,,,,,,03035,(주)더던,I,L00,2025-12-15 16:15:28,"서울특별시 종로구 자하문로**길 **, *층 (신교동)",정상,0000,01,027306113,197172.192218809    ,453439.030689841    ,서울특별시 종로구 신교동 **-** *층 ,2022-05-20 10:02:50
3000000,300000001320240001,2024-05-01,,영업/정상,,,,,,,03001,한국종합교재사,I,000,2025-12-15 16:15:28,"서울특별시 종로구 비봉*길 **, B동 ***호 (구기동, 효창마운틴빌)",정상,0000,01,,196167.344360167    ,456477.932552541    ,서울특별시 종로구 구기동 ***-* 효창마운틴빌 ,2024-05-01 13:15:45
3000000,300000001320250001,2025-02-12,,영업/정상,,,,,29.75,,03197,터치앤피스,I,L00,2025-12-15 16:15:28,"서울특별시 종로구 청계천로 ***, 로얄빌딩 **층 *호 (종로*가)",정상,0000,01,,200389.95085055     ,451961.847134184    ,서울특별시 종로구 종로*가 *** 로얄빌딩 ,2025-12-01 17:02:25
3000000,300000001320250002,2025-03-11,,영업/정상,,,,,,,03131,도우통상,I,000,2025-12-15 16:15:28,"서울특별시 종로구 율곡로*길 **, *층 ***호 (운니동, 오피스텔월드)",정상,0000,01,027669302,198966.466796388    ,452608.062544497    ,서울특별시 종로구 운니동 **-* 오피스텔월드 ,2025-03-12 10:30:08
3000000,300000001320250003,2025-03-07,,영업/정상,,,,,,,03132,(주)에이치비바이오,I,L00,2025-12-15 16:15:28,"서울특별시 종로구 돈화문로**가길 **, ***호 (익선동, 현대뜨레비앙)",정상,0000,01,0236729302,199052.164234663    ,452535.569961658    ,서울특별시 종로구 익선동 ** 현대뜨레비앙 ,2025-03-12 11:09:28
3000000,300000001320250004,2025-06-09,,영업/정상,,,,,,,03130,휘모아,I,000,2025-12-15 16:15:28,"서울특별시 종로구 종로 ***, 효성주얼리시티 J동 *층 ****-*호 (인의동)",정상,0000,01,,199812.609633255    ,452132.648343993    ,서울특별시 종로구 인의동 **-* 효성주얼리시티 ,2025-06-09 10:00:15
3000000,300000001320260001,2026-02-10,,영업/정상,,,,,,,03128,애플트리,I,000,2026-02-11 22:32:20,"서울특별시 종로구 창경궁로**길 **, 반도 보라 아이비 타워 ***호 (효제동)",정상,0000,01,,200052.175262571    ,452499.903107886    ,서울특별시 종로구 효제동 ** 반도 보라 아이비 타워 ,2026-02-10 10:17:37
3000000,300000001319970001,1997-04-29,,폐업,2010-07-26,,,,0,,03139,장우양행(주),I,L00,2025-12-15 16:15:28,서울특별시 종로구 돈화문로 **-* (묘동),폐업,0002,03,,199186.340950558    ,452176.045068543    ,서울특별시 종로구 묘동 ***-* ,2012-03-22 18:05:18
3000000,300000001320000001,2000-10-02,,폐업,2003-11-07,,,,0,,,대명메디칼,I,000,2025-12-15 16:15:28,,폐업,0002,03,,,,서울특별시 종로구 연지동 ***-**   한국기독교연합회관****호 ,2003-11-07 16:27:16
3000000,300000001320010001,2001-08-21,,폐업,2011-08-25,,,,0,,,대명의료기,I,000,2025-12-15 16:15:28,,폐업,0002,03,,199409.869494495    ,451996.572116316    ,서울특별시 종로구 종로*가 *** ,2011-08-25 17:46:46
3000000,300000001320010002,2001-09-25,,폐업,2010-07-26,,,,0,,,장우양행(주),I,000,2025-12-15 16:15:28,,폐업,0002,03,,,,서울특별시 종로구 묘동 ***-*    ,2010-07-26 17:04:49
3000000,300000001320030002,2003-11-12,,폐업,2005-11-04,,,,35.7,,,원에스피,I,000,2025-12-15 16:15:28,,폐업,0002,03,,,,서울특별시 종로구 장사동 ***-*    종로세운상가 라열***호 ,2005-11-04 16:10:58
3000000,300000001320100002,2010-07-27,,폐업,2015-06-26,,,,0,,03126,태리메디칼,I,000,2025-12-15 16:15:28,서울특별시 종로구 종로 *** (종로*가),폐업,0002,03,,200473.025169433    ,452112.059771326    ,서울특별시 종로구 종로*가 *-* ,2024-07-04 08:57:45
3000000,300000001320210003,2021-09-28,,폐업,2022-12-19,,,,,,03020,펫월드,I,000,2025-12-15 16:15:28,"서울특별시 종로구 자하문로 ***, 타임***오피스텔 ***호 (부암동)",폐업,0002,03,,196668.877563099    ,455055.264019484    ,서울특별시 종로구 부암동 ***-* 타임***오피스텔 ,2022-12-20 09:39:21
3000000,300000001320220003,2022-07-14,,폐업,2024-06-19,,,,,,03180,cu종로교남점,I,000,2025-12-15 16:15:28,"서울특별시 종로구 통일로 ***, *호 (교남동)",폐업,0002,03,027395580,196881.585998335    ,451682.368379486    ,서울특별시 종로구 교남동 ** 우성빌딩 *호,2024-06-19 15:48:52
3000000,300000001320220004,2022-10-18,,폐업,2024-05-03,,,,,,03112,주식회사 로운트리,I,L00,2025-12-15 16:15:28,"서울특별시 종로구 종로**길 **, 운영빌딩 비**호 (숭인동)",폐업,0002,03,,201670.858168111    ,452572.102189428    ,서울특별시 종로구 숭인동 ***-** 운영빌딩 ,2024-05-03 16:14:38
3000000,300000001319860001,1986-07-02,,영업/정상,,,,,0,,,피씨바이오,I,000,2025-12-15 16:15:28,,정상,0000,01,22744335,199330.08420518     ,451969.581791637    ,서울특별시 종로구 장사동 ** *층*호 ,2024-06-07 09:35:44
3010000,301000001320120002,2012-10-29,,취소/말소/만료/정지/중지,2016-09-22,,,,,,04549,한국장애인문인복지후원회,I,000,2026-03-10 22:32:51,서울특별시 중구 을지로 *** (을지로*가),말소,0004,04,0222712526,199448.102922035    ,451548.668257947    ,서울특별시 중구 을지로*가 ***-* ,2016-09-22 13:26:35
3010000,301000001320220002,2022-10-06,,폐업,2023-12-07,,,,,,04513,웰릭스렌탈(주),I,L00,2026-03-10 22:33:30,"서울특별시 중구 세종대로 **, 대한서울상공회의소 *층 (남대문로*가)",폐업,0002,03,,197620.648923884    ,450919.874344114    ,서울특별시 중구 남대문로*가 ** 대한서울상공회의소 ,2023-12-07 13:46:25
3010000,301000001320170001,2017-02-13,,취소/말소/만료/정지/중지,2024-10-04,,,,801.28,,04515,루가노메디컬,I,L00,2026-03-10 22:33:00,"서울특별시 중구 서소문로**길 **, ***호 (서소문동, 신아빌딩)",말소,0004,04,023054206,197556.202946679    ,451393.885452503    ,서울특별시 중구 서소문동 **-* ,2024-10-04 09:54:17
3010000,301000001320170002,2017-03-14,,영업/정상,,,,,5643,,04637,퀴아젠코리아 유한회사,I,L00,2026-03-10 22:33:03,"서울특별시 중구 한강대로 ***, *층 (남대문로*가, 서울스퀘어)",정상,0000,01,0226265782,197620.676444642    ,450361.506112161    ,서울특별시 중구 남대문로*가 *** ,2025-06-09 10:32:09
3010000,301000001320180002,2018-05-09,,영업/정상,,,,,,,04576,(주)케이디알기업서비스,I,L00,2026-03-10 22:33:08,"서울특별시 중구 퇴계로 ***, 기업은행성동지점 (황학동)",정상,0000,01,0222318785,201742.972043744    ,451520.021136319    ,서울특별시 중구 황학동 *** 기업은행성동지점 ,2025-06-11 16:56:20
3010000,301000001320190001,2019-05-21,,영업/정상,,,,,,,04532,동방에스앤디(주),I,L00,2026-03-10 22:33:13,"서울특별시 중구 남대문로 **, 한진빌딩 **층 (소공동)",정상,0000,01,0221908400,198274.236324259    ,451198.510083723    ,서울특별시 중구 소공동 **-* 한진빌딩 ,2020-06-29 14:51:58
3010000,301000001320200003,2020-07-30,,영업/정상,,,,,,,04527,한국베링거인겔하임동물약품(주),I,L00,2026-03-10 22:33:22,"서울특별시 중구 통일로 **, 연세대학교 세브란스빌딩 **층 (남대문로*가)",정상,0000,01,027090197,197612.995083649    ,450539.857693464    ,서울특별시 중구 남대문로*가 **-** 연세대학교 세브란스빌딩 ,2025-05-01 15:32:07
3010000,301000001320200004,2020-09-14,,영업/정상,,,,,,,04527,한국베링거인겔하임동물약품(주),I,L00,2026-03-10 22:33:25,"서울특별시 중구 통일로 **, 연세대학교 세브란스빌딩 **층 (남대문로*가)",정상,0000,01,027090191,197612.995083649    ,450539.857693464    ,서울특별시 중구 남대문로*가 **-** 연세대학교 세브란스빌딩 ,2025-05-01 15:39:14
3010000,301000001320220003,2022-10-14,,영업/정상,,,,,,,04572,이마트청계천점(몰리스펫샵),I,L00,2026-03-10 22:33:33,"서울특별시 중구 청계천로 ***, 지하*층 (황학동, 롯데캐슬베네치아)",정상,0000,01,0222901052,201823.908977364    ,452076.818664092    ,서울특별시 중구 순화동 **** 롯데캐슬베네치아 ,2024-04-15 13:11:06
3010000,301000001320230001,2023-07-25,,영업/정상,,,,,,,04510,(주)디브이몰,I,L00,2026-03-10 22:33:37,"서울특별시 중구 청파로 ***, 신흥빌딩 *층 (중림동)",정상,0000,01,07050571909,197175.200250032    ,450823.319779918    ,서울특별시 중구 중림동 **-* 신흥빌딩 ,2023-11-24 11:05:14
3010000,301000001320230002,2023-08-11,,영업/정상,,,,,,,04511,(주)디브이홀딩스,I,L00,2026-03-10 22:33:40,"서울특별시 중구 칠패로 **, 순화동더샵 *층 ***호 (순화동)",정상,0000,01,07040480951,197462.198757043    ,450878.211786274    ,서울특별시 중구 순화동 *** 순화동더샵 ,2025-09-03 09:26:38
3010000,301000001320240001,2024-03-11,,영업/정상,,,,,,,04616,주식회사 티알엔,I,L00,2026-03-10 22:33:43,"서울특별시 중구 동호로 ***, 별관 (장충동*가)",정상,0000,01,0801301000,200229.445040175    ,451067.548779357    ,서울특별시 중구 장충동*가 ***-* ,2024-03-11 10:13:07
3010000,301000001320240002,2024-03-11,,영업/정상,,,,,,,04616,주식회사 티알엔,I,L00,2026-03-10 22:33:47,"서울특별시 중구 동호로 ***, 별관 (장충동*가)",정상,0000,01,0801301000,200229.445040175    ,451067.548779357    ,서울특별시 중구 장충동*가 ***-* ,2024-03-11 10:44:13
3010000,301000001320240003,2024-06-05,,영업/정상,,,,,,,04562,예산장갑,I,000,2026-03-10 22:33:49,서울특별시 중구 청계천로 *** (방산동),정상,0000,01,0222791424,200143.045588734    ,451894.158889651    ,서울특별시 중구 방산동 *-* ,2024-06-05 13:26:03
3010000,301000001320250001,2025-12-11,,영업/정상,,,,,,,04538,(주)비노우,I,L00,2026-03-10 22:33:52,"서울특별시 중구 명동길 **, *층 (명동*가)",정상,0000,01,07082112848,198712.290937471    ,451344.614137454    ,서울특별시 중구 명동*가 *-* 한국YWCA ,2025-12-11 10:39:05
3010000,301000001320260001,2026-05-08,,영업/정상,,,,,,,04615,(주)오렌지사이언티픽,I,L00,2026-05-09 23:27:43,"서울특별시 중구 퇴계로 ***, 쌍림빌딩 *층 ***호 (쌍림동)",정상,0000,01,0222850174,200247.098067944    ,451193.482960446    ,서울특별시 중구 쌍림동 ***-** 쌍림빌딩 ,2026-05-08 13:22:41
3010000,301000001320260002,2026-05-11,,영업/정상,,,,,,,04615,랜드 주식회사,U,L00,2026-05-21 03:03:03,"서울특별시 중구 퇴계로 ***, 쌍림빌딩 *층 ***호 (쌍림동)",정상,0000,01,027659901,200247.098067944    ,451193.482960446    ,서울특별시 중구 쌍림동 ***-** 쌍림빌딩 ,2026-05-20 10:59:59
3010000,301000001320050001,2005-03-17,,폐업,2014-05-26,,,,21.6,,,영신메디칼,I,000,2026-03-10 22:32:38,,폐업,0002,03,22365033,201919.794665322    ,451656.473360378    ,서울특별시 중구 황학동 *** ***호 ,2014-05-26 16:18:41
3010000,301000001320080001,2008-07-17,,폐업,2014-12-24,,,,40,,,조인스펫,I,L00,2026-03-10 22:32:42,,폐업,0002,03,22365033,201919.794665322    ,451656.473360378    ,서울특별시 중구 황학동 *** ***호 ,2014-12-24 11:43:02
3010000,301000001320100001,2010-09-28,,폐업,2014-12-08,,,,0,,,진 메디컬,I,000,2026-03-10 22:32:45,,폐업,0002,03,,,,서울특별시 중구 주교동 **-* 방산상가 A동 *층 ** ,2014-12-08 17:51:58
3010000,301000001320120001,2012-09-06,,폐업,2014-04-21,,,,,,04546,하이플러스,I,000,2026-03-10 22:32:48,"서울특별시 중구 을지로**길 **-*, *층 *호 (주교동)",폐업,0002,03,0222752883,199867.410600358    ,451772.327381582    ,서울특별시 중구 주교동 ***-* *층 ,2014-04-22 16:31:54
3010000,301000001320140001,2014-06-03,,폐업,2019-11-15,,,,,,04512,고운덴탈,I,000,2026-03-10 22:32:55,"서울특별시 중구 통일로 **, ***호 (봉래동*가, 일신빌딩)",폐업,0002,03,027742875,197476.733641931    ,450632.159070388    ,서울특별시 중구 봉래동*가 ***-* 일신빌딩 ***호,2019-11-15 09:42:26
3010000,301000001320180001,2018-03-05,,폐업,2023-06-27,,,,,,04539,에스케이텔레콤(주),I,L00,2026-03-10 22:33:05,"서울특별시 중구 을지로 **, SK텔레콤빌딩 (을지로*가)",폐업,0002,03,0800116000,198614.978577595    ,451577.838950867    ,서울특별시 중구 을지로*가 ** SK텔레콤빌딩 ,2023-06-27 10:18:18
3010000,301000001320180003,2018-06-18,,폐업,2024-06-20,,,,,,04545,지유(GU)조명,I,000,2026-03-10 22:33:10,"서울특별시 중구 창경궁로 **, 세진빌딩 *층 ***호 (주교동)",폐업,0002,03,,199724.738367917    ,451784.175279872    ,서울특별시 중구 주교동 ***-* 세진빌딩 ,2024-06-20 11:03:34
3010000,301000001320200001,2020-04-20,,폐업,2024-06-28,,,,,,04545,가람전자,I,000,2026-03-10 22:33:17,"서울특별시 중구 을지로 ***, 대림상가 **층 **호 (산림동)",폐업,0002,03,0223011603,199526.416139264    ,451693.211256949    ,서울특별시 중구 산림동 ***-* 대림상가 ,2024-06-28 14:36:36
3010000,301000001320200002,2020-06-04,,폐업,2021-08-26,,,,,,04519,샤빗,I,L00,2026-03-10 22:33:19,"서울특별시 중구 세종대로**길 **, 태성빌딩  층 ***호 (태평로*가)",폐업,0002,03,027246165,197814.337747467    ,451705.306153084    ,서울특별시 중구 태평로*가 **-** 태성빌딩 ,2021-08-26 11:35:02
3010000,301000001320220001,2022-08-08,,폐업,2024-06-14,,,,,,04559,나래월드,I,000,2026-03-10 22:33:28,"서울특별시 중구 마른내로 ***, 서제빌딩 ***호 (오장동)",폐업,0002,03,,200047.053590441    ,451332.199992458    ,서울특별시 중구 오장동 ***-** 서울제일교회 ,2024-06-14 14:17:16
3010000,301000001320150001,2015-04-03,,취소/말소/만료/정지/중지,2024-10-04,,,,,,04515,주식회사 제타이미징,I,000,2026-03-10 22:32:57,"서울특별시 중구 서소문로**길 **, ***호 (서소문동)",말소,0004,04,023054206,197556.202946679    ,451393.885452503    ,서울특별시 중구 서소문동 ,2024-10-04 09:54:44
3020000,302000001320030001,2003-10-14,,취소/말소/만료/정지/중지,,,,,33,,04380,엔터프라이즈,I,000,2026-04-29 22:32:34,서울특별시 용산구 한강대로*길 ** (한강로*가),행정처분,0003,04,,196487.500009396    ,446989.586315512    ,서울특별시 용산구 한강로*가 **-*** ,2015-03-02 13:10:05
3020000,302000001320230003,2023-11-06,,폐업,2023-12-22,,,,,,04382,웰릭스렌탈(주),I,L00,2026-04-29 22:32:34,"서울특별시 용산구 한강대로 ***, 웰컴금융타워 **층 (한강로*가)",폐업,0002,03,,197408.590760127    ,447767.340468517    ,서울특별시 용산구 한강로*가 **-* 웰컴금융타워 ,2023-12-22 09:41:35
3020000,302000001320110001,2011-08-25,,영업/정상,,,,,39.03,,04322,(주)레이케어,I,L00,2026-04-29 22:32:34,"서울특별시 용산구 한강대로 ***, D동 *층 ***호 (한강로*가, 용산파크자이)",정상,0000,01,,197514.145785647    ,448264.322314594    ,서울특별시 용산구 한강로*가 **-* D동 ***호,2019-06-18 17:15:13
3020000,302000001320140001,2014-05-12,,영업/정상,,,,,,,04386,쥴릭파마코리아 주식회사,I,L00,2026-04-29 22:32:34,"서울특별시 용산구 한강대로 **, *층 (한강로*가)",정상,0000,01,0220060620,197099.381481836    ,447328.548832245    ,서울특별시 용산구 한강로*가 *** ,2025-09-25 15:57:53
3020000,302000001320190001,2019-03-21,,영업/정상,,,,,,,04316,(주)삼신이앤비,I,L00,2026-04-29 22:32:34,"서울특별시 용산구 원효로 ***, *층 (원효로*가)",정상,0000,01,027774741,197033.394188443    ,448533.721672104    ,서울특별시 용산구 원효로*가 **-* *층 ,2022-05-12 11:20:48
3020000,302000001320190002,2019-03-29,,영업/정상,,,,,,,04372,(주)정호이엔피,I,L00,2026-04-29 22:32:34,"서울특별시 용산구 청파로 **, 전자랜드 본관동 *층 C-***호 (한강로*가)",정상,0000,01,027120989,196370.746398773    ,447841.698787531    ,서울특별시 용산구 한강로*가 **-* 전자랜드 본관 *층 C-***호 ,2019-03-29 09:30:41
3020000,302000001320220002,2022-10-24,,영업/정상,,,,,49.98,,04386,(주)더마글루세일즈,I,000,2026-04-29 22:32:34,"서울특별시 용산구 한강대로**길 **, B동 ****호 (한강로*가, 아스테리움 용산)",정상,0000,01,07077764580,197177.441827434    ,447264.444809335    ,서울특별시 용산구 한강로*가 *** 아스테리움 용산 ,2025-05-29 10:57:22
3020000,302000001320230001,2023-02-07,,영업/정상,,,,,147.47,,04317,주식회사 아울,I,L00,2026-04-29 22:32:34,"서울특별시 용산구 효창원로**길 *, 청강빌딩 *층 (효창동)",정상,0000,01,,196593.010176138    ,448679.476586298    ,서울특별시 용산구 효창동 *-** ,2023-02-07 15:29:22
3020000,302000001320230002,2023-11-06,,영업/정상,,,,,20,,04382,웰릭스렌탈(주),I,L00,2026-04-29 22:32:34,"서울특별시 용산구 한강대로 ***, 웰컴금융타워 **층 (한강로*가)",정상,0000,01,,197408.590760127    ,447767.340468517    ,서울특별시 용산구 한강로*가 **-* 웰컴금융타워 ,2023-11-06 09:43:51
3020000,302000001320250001,2025-08-22,,영업/정상,,,,,9.33,,04371,새론웨이,I,000,2026-04-29 22:32:34,"서울특별시 용산구 새창로 ***, 선인상가 **동 ****호 (한강로*가)",정상,0000,01,,196839.641743356    ,447863.232025192    ,서울특별시 용산구 한강로*가 **-** 선인상가 ,2025-08-22 09:45:20
3020000,302000001320250002,2025-11-25,,영업/정상,,,,,36,,04321,주식회사 에이치알엠디,I,L00,2026-04-29 22:32:34,"서울특별시 용산구 한강대로**길 **, ***호 (갈월동)",정상,0000,01,0269493554,197414.568686395    ,448925.087349792    ,서울특별시 용산구 갈월동 **-** ,2025-11-25 09:47:20
3020000,302000001320080001,2008-01-21,,폐업,2008-01-21,,,,0,,,케어사이드코리아,I,000,2026-04-29 22:32:34,서울특별시 용산구 한강대로 ** (한강로*가),폐업,0002,03,,196715.727830381    ,447010.511469994    ,서울특별시 용산구 한강로*가 **-*** ,2008-08-12 10:33:02
3020000,302000001320080002,2008-08-12,,폐업,2009-11-18,,,,0,,,새싹,I,000,2026-04-29 22:32:34,,폐업,0002,03,027925177,,,서울특별시 용산구 한강로*가 **-** ,2009-11-18 15:29:51
3020000,302000001320130001,2013-09-12,,폐업,2015-02-10,,,,,,04366,(주)우리엔,I,L00,2026-04-29 22:32:34,서울특별시 용산구 원효로 *** (원효로*가),폐업,0002,03,,196288.764257138    ,447946.79077447     ,서울특별시 용산구 원효로*가 **-* ,2015-02-10 16:53:16
3020000,302000001320180001,2018-04-13,,폐업,2025-11-04,,,,,,04331,주식회사 펫탑,I,L00,2026-04-29 22:32:34,"서울특별시 용산구 후암로*길 *, 지하*층 (후암동)",폐업,0002,03,027805594,198040.071703845    ,449396.636390221    ,서울특별시 용산구 후암동 ***-* ,2025-11-05 16:32:57
3020000,302000001320220001,2022-02-09,,폐업,2024-01-11,,,,3.3,,04322,이지캣,I,000,2026-04-29 22:32:34,"서울특별시 용산구 한강대로**길 **, 지하*층 ***호 (갈월동, 대아빌딩)",폐업,0002,03,,197431.065654615    ,448822.796211283    ,서울특별시 용산구 갈월동 **-* 대아빌딩 지하***호,2024-01-11 11:42:08
3020000,302000001320040001,2004-06-15,,취소/말소/만료/정지/중지,,,,,993,,04316,highman international,I,000,2026-04-29 22:32:34,"서울특별시 용산구 원효로 ***, *층 (원효로*가, 대일빌딩)",행정처분,0003,04,,197152.236953111    ,448659.807586615    ,서울특별시 용산구 원효로*가 **-* ,2015-09-22 14:39:47
3030000,303000001320210004,2021-08-27,,영업/정상,,,,,,,04737,올리고365성동지사,I,000,2026-05-05 22:33:12,서울특별시 성동구 독서당로 ***(금호동*가),정상,0000,01,0222825131,201870.41665148     ,449531.347914852    ,서울특별시 성동구 금호동*가 ***-* ,2021-08-27 16:02:34
3030000,303000001320220002,2022-03-17,,영업/정상,,,,,,,04799,주노랩(주),I,L00,2026-05-05 22:33:12,"서울특별시 성동구 광나루로*길 **, 에이스성수타워* ***호 (성수동*가)",정상,0000,01,07048803632,205557.941680639    ,449473.46380541     ,서울특별시 성동구 성수동*가 ***-** 에이스성수타워* ***호,2024-04-18 13:43:34
3030000,303000001320230001,2023-04-03,,영업/정상,,,,,,,04739,파파상사,I,000,2026-05-05 22:33:12,"서울특별시 성동구 독서당로 ***, B호 (옥수동, 동인 샤인빌)",정상,0000,01,07087254864,201490.378309615    ,449184.659056607    ,서울특별시 성동구 옥수동 ** 동인 샤인빌 B호,2023-04-03 10:01:06
3030000,303000001320230002,2023-04-21,,영업/정상,,,,,,,04765,(주)바우라움,I,L00,2026-05-05 22:33:12,"서울특별시 성동구 왕십리로 ***, ***호 (행당동, 서울숲 더샵)",정상,0000,01,0264546180,203481.628249668    ,450468.773302861    ,서울특별시 성동구 행당동 *** 서울숲 더샵 ***호,2023-04-21 13:24:33
3030000,303000001320230003,2023-12-05,,영업/정상,,,,,,,04794,메딕스홈,I,000,2026-05-05 22:33:12,"서울특별시 성동구 성수일로*길 **, 평화빌딩 A동 ***호 (성수동*가)",정상,0000,01,,204939.155835935    ,449221.773516977    ,서울특별시 성동구 성수동*가 ***-*** A동 ***호,2023-12-05 15:36:47
3030000,303000001320240001,2024-07-04,,영업/정상,,,,,39,,04801,네오포유 메디컬,I,L00,2026-05-05 22:33:12,"서울특별시 성동구 광나루로 ***, B*호 (송정동)",정상,0000,01,,205631.873024087    ,449568.396938918    ,서울특별시 광진구 구의동 **-*** B*호,2025-07-08 17:04:31
3030000,303000001320250002,2025-12-08,,영업/정상,,,,,,,04765,주식회사 지씨메디아이,I,L00,2026-05-05 22:33:12,"서울특별시 성동구 왕십리로 ***, ***동 B***,B***호 (행당동, 서울숲 더샵)",정상,0000,01,,203481.628249668    ,450468.773302861    ,서울특별시 성동구 행당동 *** 서울숲 더샵 ,2026-04-09 16:34:23
3030000,303000001320130001,2013-02-26,,영업/정상,,,,,12.18,,04735,제이호홀딩스 주식회사,I,L00,2026-05-05 22:33:11,"서울특별시 성동구 한림말*길 *, ***호 (옥수동)",정상,0000,01,025411212,201424.808182646    ,448827.626754981    ,서울특별시 성동구 옥수동 ***-* 미타사빌딩 ***호,2013-02-27 10:41:54
3030000,303000001320170001,2017-04-04,,영업/정상,,,,,,,04716,도담동물병원,I,000,2026-05-05 22:33:11,"서울특별시 성동구 독서당로 *** (행당동, 신동아아파트)",정상,0000,01,,202831.905687785    ,450233.87834092     ,서울특별시 성동구 행당동 *** 상가동 ***호,2017-04-04 10:18:29
3030000,303000001320180001,2018-09-03,,영업/정상,,,,,,,04790,(주)에스씨포인트,I,L00,2026-05-05 22:33:12,"서울특별시 성동구 성수일로 **, 서울숲 IT 밸리 ***호 (성수동*가)",정상,0000,01,0770125217,204339.630102839    ,449469.505136008    ,서울특별시 성동구 성수동*가 **-*** 서울숲 IT 밸리 ***호,2018-09-03 11:18:32
3030000,303000001320190001,2019-03-18,,영업/정상,,,,,,,04783,(주)엠씨씨바이오,I,L00,2026-05-05 22:33:12,"서울특별시 성동구 연무장**길 **, 청운재 *층 (성수동*가)",정상,0000,01,024643377,204993.190198642    ,449015.529617758    ,서울특별시 성동구 성수동*가 ***-* 청운재 *층 ,2019-03-18 14:40:29
3030000,303000001320190004,2019-11-26,,영업/정상,,,,,,,04789,(주)신세계라이브쇼핑,I,L00,2026-05-05 22:33:12,"서울특별시 성동구 아차산로 **, 서울숲 L-Tower *층 ***호 (성수동*가)",정상,0000,01,0264508411,203994.658040173    ,449552.049448345    ,서울특별시 성동구 성수동*가 ***-**** 서울숲 L-Tower ,2025-11-28 16:23:24
3030000,303000001320200001,2020-11-24,,영업/정상,,,,,,,04778,주식회사 동도바이오텍,I,L00,2026-05-05 22:33:12,"서울특별시 성동구 왕십리로 **, FORHU ***호 (성수동*가)",정상,0000,01,024942221,203924.802039313    ,448934.858771073    ,서울특별시 성동구 성수동*가 ***-* FORHU ***호,2020-11-24 10:38:46
3030000,303000001320200002,2020-12-22,,영업/정상,,,,,,,04799,(주)네오딘바이오벳,I,L00,2026-05-05 22:33:12,"서울특별시 성동구 광나루로*길 **, 에이스성수타워* *층 ***호 (성수동*가)",정상,0000,01,027950297,205557.941680639    ,449473.46380541     ,서울특별시 성동구 성수동*가 ***-** 에이스성수타워* ***호,2020-12-28 10:33:08
3030000,303000001320210003,2021-05-03,,영업/정상,,,,,,,04808,제이에스테크,I,000,2026-05-05 22:33:12,"서울특별시 성동구 자동차시장*길 **, 화성개발장한평 ***호 (용답동)",정상,0000,01,0222686780,205204.624667769    ,450982.009547642    ,서울특별시 성동구 용답동 ***-* 화성개발장한평 ***호,2021-05-03 10:54:59
3030000,303000001320190003,2019-11-04,,폐업,2026-01-21,,,,,,04709,주식회사 까만돌,I,L00,2026-05-05 22:33:12,"서울특별시 성동구 고산자로 ***, 다남매 Tower ***호 (도선동)",폐업,0002,03,,203077.751686799    ,451121.27351231     ,서울특별시 성동구 도선동 **-* 다남매 Tower ***호,2026-01-21 17:23:06
3030000,303000001320260001,2026-02-13,,영업/정상,,,,,,,04783,셀론텍 주식회사,I,L00,2026-05-05 22:33:12,"서울특별시 성동구 아차산로 ***, 우영테크노센터 (성수동*가)",정상,0000,01,024603100,205197.247681516    ,448985.06747453     ,서울특별시 성동구 성수동*가 ***-** 우영테크노센터 ,2026-02-13 15:17:03
3030000,303000001320030001,2003-11-14,,폐업,2005-02-28,,,,0,,,(주)장백베트켐,I,L00,2026-05-05 22:33:11,,폐업,0002,03,,,,서울특별시 성동구 성수동*가 ***-**   ,2005-02-28 11:07:18
3030000,303000001320190002,2019-06-04,,폐업,2022-01-18,,,,,,04745,제제(zeze),I,000,2026-05-05 22:33:12,"서울특별시 성동구 왕십리로 ***, 세왕빌딩 별관 *층 (행당동)",폐업,0002,03,0220880668,203225.88425413     ,450709.037866891    ,서울특별시 성동구 행당동 ***-* 세왕빌딩 별관 ,2022-01-19 14:40:26
3030000,303000001320210001,2021-02-05,,폐업,2022-06-30,,,,,,04782,(주)셀러허브,I,L00,2026-05-05 22:33:12,"서울특별시 성동구 아차산로 **, *층 (성수동*가)",폐업,0002,03,15229843,204478.404351667    ,449270.3620558      ,서울특별시 성동구 성수동*가 ***-* ,2022-11-03 16:17:21
3030000,303000001320210002,2021-02-08,,폐업,2022-06-30,,,,,,04782,(주)커머스허브,I,L00,2026-05-05 22:33:12,"서울특별시 성동구 아차산로 **, *층 (성수동*가)",폐업,0002,03,18009936,204478.404351667    ,449270.3620558      ,서울특별시 성동구 성수동*가 ***-* ,2022-11-03 16:20:41
3030000,303000001320220001,2022-02-28,,폐업,2023-05-18,,,,,,04781,(주)이마트 성수점 몰리스,I,L00,2026-05-05 22:33:12,"서울특별시 성동구 뚝섬로 ***, 이마트 성수점 *층 (성수동*가)",폐업,0002,03,0221045024,204614.272744322    ,448607.441251647    ,서울특별시 성동구 성수동*가 ***-** 이마트 성수점 ,2023-05-19 13:30:31
3030000,303000001320220003,2022-04-07,,폐업,2023-04-10,,,,,,04785,미니스톱성수경수점,I,000,2026-05-05 22:33:12,"서울특별시 성동구 성수이로**길 **, *층 (성수동*가)",폐업,0002,03,024678613,205142.248195744    ,448706.51442405     ,서울특별시 성동구 성수동*가 ***-*** ,2023-04-12 15:26:26
3030000,303000001320250001,2025-06-05,,폐업,2025-12-09,,,,,,04793,주식회사 홀썸브랜드(코페르니쿠스 지점),I,L00,2026-05-05 22:33:12,"서울특별시 성동구 아차산로*길 **-*, 제이제이빌딩 *층 ****호 (성수동*가)",폐업,0002,03,0269534933,204743.677915464    ,449357.9464135      ,서울특별시 성동구 성수동*가 ***-** 제이제이빌딩 *층 ****호,2025-12-10 10:31:35
3040000,304000001320110001,2011-07-12,,영업/정상,,,,,95,,04987,(주)포인트헬스케어,I,L00,2026-05-05 22:32:36,서울특별시 광진구 천호대로 *** (능동),정상,0000,01,0234361114,207649.797734558    ,450162.730478726    ,"서울특별시 광진구 능동 ***-** 노블레스빌 ***,***호 ",2022-01-11 15:01:28
3040000,304000001320230002,2023-11-23,,폐업,2024-12-26,,,,,,05020,주식회사 엠엔,I,L00,2026-05-05 22:32:37,"서울특별시 광진구 동일로 ***, 제일빌딩 *층 ***호 (화양동)",폐업,0002,03,0220885910,205655.134613824    ,448957.981318775    ,서울특별시 광진구 화양동 **-** ,2025-01-20 09:50:55
3040000,304000001320180001,2018-06-11,,영업/정상,,,,,,,05005,진영상사,I,000,2026-05-05 22:32:36,서울특별시 광진구 광나루로**길 **-* (군자동),정상,0000,01,,206380.293372969    ,449710.768030631    ,서울특별시 광진구 군자동 ***-** ,2018-06-11 15:30:23
3040000,304000001320200002,2020-08-14,,영업/정상,,,,,,,05003,파라곤동물병원,I,000,2026-05-05 22:32:36,"서울특별시 광진구 광나루로 ***, 지하*층 ***호 (군자동, 광진 동양파라곤 *단지)",정상,0000,01,,206091.938587177    ,449581.249922815    ,서울특별시 광진구 군자동 ***-* 광진 동양파라곤 *단지 ,2020-08-14 16:08:28
3040000,304000001320210001,2021-03-17,,영업/정상,,,,,,,05029,주식회사 위드펫바이오,I,L00,2026-05-05 22:32:36,"서울특별시 광진구 능동로 ***, 건국대학교 창의관 ***호 (화양동)",정상,0000,01,07088641212,206445.881091692    ,448922.881688102    ,서울특별시 광진구 화양동 * 건국대학교 창의관 ***호,2021-05-18 20:45:50
3040000,304000001320210003,2021-09-06,,영업/정상,,,,,,,05020,태산약품,I,000,2026-05-05 22:32:37,"서울특별시 광진구 아차산로 ***, 동신빌딩 지하 *층 (화양동)",정상,0000,01,024697300,205687.675941036    ,448867.440516076    ,서울특별시 광진구 화양동 **-* 동신빌딩 ,2021-09-06 09:57:42
3040000,304000001320220001,2022-01-11,,영업/정상,,,,,,,04996,펫리즈,I,000,2026-05-05 22:32:37,"서울특별시 광진구 천호대로 ***, 서림빌딩 *층 (군자동)",정상,0000,01,,206792.027736463    ,450583.054957622    ,서울특별시 광진구 군자동 ***-** 서림빌딩 *층 ,2022-01-11 14:59:21
3040000,304000001320220005,2022-06-07,,영업/정상,,,,,,,04997,블루스카이컴퍼니,I,000,2026-05-05 22:32:37,서울특별시 광진구 능동로**가길 **(군자동),정상,0000,01,0269448458,206800.381640745    ,450336.742284458    ,서울특별시 광진구 군자동 ***-** ,2022-06-07 16:01:20
3040000,304000001320230001,2023-08-17,,영업/정상,,,,,,,05065,에피옴(EPIOME),I,000,2026-05-05 22:32:37,"서울특별시 광진구 아차산로 ***, B동 ***호 (자양동, 더샵스타시티)",정상,0000,01,,206349.675048285    ,448396.939704285    ,서울특별시 광진구 자양동 ***-* 더샵스타시티 ,2023-08-17 10:15:29
3040000,304000001320240001,2024-01-26,,영업/정상,,,,,,,04996,주식회사 열일곱,I,000,2026-05-05 22:32:37,"서울특별시 광진구 천호대로 ***, 서림빌딩 ***호 (군자동)",정상,0000,01,07080153090,206792.027736463    ,450583.054957622    ,서울특별시 광진구 군자동 ***-** 서림빌딩 ,2024-01-26 09:32:21
3040000,304000001320250001,2025-06-05,,영업/정상,,,,,,,05022,주식회사 펫에이앤씨,I,000,2026-05-05 22:32:37,"서울특별시 광진구 광나루로 ***, 에듀킨빌딩 *층 (화양동)",정상,0000,01,,206799.232290621    ,449257.591473172    ,서울특별시 광진구 화양동 ***-* 에듀킨빌딩 ,2025-06-05 10:04:27
3040000,304000001320250002,2025-06-11,,영업/정상,,,,,,,04974,광진유통,I,000,2026-05-05 22:32:37,"서울특별시 광진구 광나루로 ***, 광장현대*단지아파트 상가동 *층 ***호 (광장동)",정상,0000,01,,208644.819209521    ,448711.725750126    ,서울특별시 광진구 광장동 *** 광장현대*단지아파트 ,2025-06-11 14:41:31
3040000,304000001320250003,2025-07-15,,영업/정상,,,,,,,04995,주앤주,I,000,2026-05-05 22:32:37,"서울특별시 광진구 면목로 **, 비아트리체빌딩 *층 ***호 (군자동)",정상,0000,01,025414850,206635.02059305     ,450465.144831142    ,서울특별시 광진구 군자동 **-** 비아트리체빌딩 ,2025-07-15 09:12:03
3040000,304000001320260001,2026-01-20,,영업/정상,,,,,,,04969,주식회사 유웰케어,I,000,2026-05-05 22:32:37,"서울특별시 광진구 아차산로**길 **, 학산코스모스텔 *층 **호 (광장동)",정상,0000,01,,209679.58447051     ,449910.157174809    ,서울특별시 광진구 광장동 *** 학산코스모스텔 ***호,2026-01-20 17:43:45
3040000,304000001320260002,2026-03-24,,영업/정상,,,,,,,04912,큐어시스,I,000,2026-05-05 22:32:37,"서울특별시 광진구 긴고랑로*길 **, *층 (중곡동)",정상,0000,01,024697075,206770.158096865    ,451371.694887741    ,서울특별시 광진구 중곡동 ***-* ,2026-03-24 09:13:35
3040000,304000001320260003,2026-06-23,,영업/정상,,,,,,,05072,주식회사 더블유메딕스,I,000,2026-06-24 22:02:20,"서울특별시 광진구 아차산로 ***, *층 ***호 (자양동, 더포디엄***)",정상,0000,01,027971519,,,서울특별시 광진구 자양동 *** 더포디엄*** ,2026-06-23 09:33:19
3040000,304000001320030001,2003-05-27,,폐업,2005-02-01,,,,0,,,노그로스,I,000,2026-05-05 22:32:36,,폐업,0002,03,,,,서울특별시 광진구 중곡동 ***-**   보광빌라 *-***호 ,2005-02-01 17:08:42
3040000,304000001320060001,2006-07-05,,폐업,2010-09-30,,,,0,,,하나메디컴스오토,I,000,2026-05-05 22:32:36,,폐업,0002,03,,208135.50744518     ,448204.09170096     ,서울특별시 광진구 구의동 ***-** 아크로리버 B*** ,2010-09-30 13:50:06
3040000,304000001320100001,2010-12-27,,폐업,2011-07-12,,,,104.2,,,메디포인트,I,000,2026-05-05 22:32:36,,폐업,0002,03,0234361114,207649.797734558    ,450162.730478726    ,"서울특별시 광진구 능동 ***-** 노블레스빌 ***, ***호 ",2011-07-12 14:53:11
3040000,304000001320120001,2012-09-13,,폐업,2013-12-23,,,,,,04927,(주)화진환경산업,I,L00,2026-05-05 22:32:36,서울특별시 광진구 긴고랑로**길 ** (중곡동),폐업,0002,03,,207129.591315359    ,450811.281982601    ,서울특별시 광진구 중곡동 **-** ,2013-12-23 15:34:49
3040000,304000001320200001,2020-02-13,,폐업,2020-11-02,,,,774,,04918,지앤바이오,I,000,2026-05-05 22:32:36,"서울특별시 광진구 능동로 ***-*, ***호 (중곡동)",폐업,0002,03,024976744,207019.091699528    ,450753.975568247    ,서울특별시 광진구 중곡동 ***-** ,2020-11-02 18:21:45
3040000,304000001320210002,2021-07-23,,폐업,2021-10-20,,,,,,04987,우연컴퍼니,I,000,2026-05-05 22:32:37,"서울특별시 광진구 능동로**길 ***, 능동 하늘집 *층 ***호 (능동)",폐업,0002,03,,207434.987336067    ,450238.049488009    ,서울특별시 광진구 능동 ***-** 능동 하늘집 ,2021-10-22 15:34:39
3040000,304000001320220002,2022-05-18,,폐업,2023-11-28,,,,1740.57,,04910,(주)이마트에브리데이 중곡동점,I,L00,2026-05-05 22:32:37,"서울특별시 광진구 긴고랑로**길 **, 제일시장 (중곡동)",폐업,0002,03,024631903,207114.498872176    ,451296.049443757    ,서울특별시 광진구 중곡동 ***-* 제일시장 ,2023-11-29 13:05:17
3040000,304000001320220003,2022-05-18,,폐업,2023-11-28,,,,,,04968,(주)이마트에브리데이 광나루역점,I,L00,2026-05-05 22:32:37,"서울특별시 광진구 아차산로 ***, 지하 *층 (광장동, 광장동 신동아 파밀리에)",폐업,0002,03,0269534039,209194.595129323    ,449413.151252613    ,서울특별시 광진구 광장동 *** 광장동 신동아 파밀리에 상가 지하*층 ,2023-11-29 13:03:25
3040000,304000001320220004,2022-05-23,,폐업,2023-11-24,,,,758.33,,04974,(주)이마트에브리데이 광장점,I,L00,2026-05-05 22:32:37,"서울특별시 광진구 아차산로 ***, 은석 *층 (광장동)",폐업,0002,03,0220392543,208558.933963663    ,448800.055402101    ,서울특별시 광진구 광장동 ***-** *층 ,2023-11-27 16:03:46
3040000,304000001320220006,2023-06-14,,폐업,2023-06-14,,,,,,05065,(주)이마트 자양점,I,L00,2026-05-05 22:32:37,"서울특별시 광진구 아차산로 ***, 더샵스타시티 (자양동)",폐업,0002,03,0220241234,206349.675048285    ,448396.939704285    ,서울특별시 광진구 자양동 ***-* 더샵스타시티 ,2023-06-14 09:57:08
3040000,304000001320130001,2013-03-12,,영업/정상,,,,,,,05031,우주상사,I,000,2026-05-05 22:32:36,서울특별시 광진구 광나루로 ***-* (구의동),정상,0000,01,22072344,207702.102791043    ,449147.318588005    ,"서울특별시 광진구 구의동 ***-** *,*층 ",2013-03-12 09:40:46
3050000,305000001320030001,2007-04-24,,취소/말소/만료/정지/중지,,,,,0,,,한국유전자,I,000,2026-05-05 22:32:40,,말소,0004,04,22138300,204921.674438032    ,453986.722547829    ,서울특별시 동대문구 휘경동 ***-*** ,2008-01-02 09:49:42
3050000,305000001320230001,2023-05-22,,폐업,2024-02-01,,,,,,02509,씨디팜(주),I,000,2026-05-05 22:32:40,"서울특별시 동대문구 사가정로 ***, *층 (전농동)",폐업,0002,03,,205894.87066153     ,452957.230146678    ,서울특별시 동대문구 전농동 *-*** ,2024-02-01 15:10:48
3050000,305000001320120001,2012-04-27,,영업/정상,,,,,73.92,,02454,KH메디칼,I,000,2026-05-05 22:32:40,서울특별시 동대문구 회기로 *** (회기동),정상,0000,01,029691121,204351.345427544    ,454367.069182738    ,,2012-04-27 14:51:09
3050000,305000001320150001,2015-11-30,,영업/정상,,,,,,,02589,아산제약(주),I,L00,2026-05-05 22:32:40,서울특별시 동대문구 청계천로 *** (용두동),정상,0000,01,0232905700,202673.924263331    ,451994.184093374    ,서울특별시 동대문구 용두동 ***-** ,2025-11-20 14:10:11
3050000,305000001320170001,2017-03-31,,영업/정상,,,,,,,02587,동아에스티(주),I,L00,2026-05-05 22:32:40,"서울특별시 동대문구 천호대로 **, *층 *층 일부호 (용두동)",정상,0000,01,0221737180,202601.594014166    ,452366.257544294    ,서울특별시 동대문구 용두동 ***-* ,2017-03-31 12:00:23
3050000,305000001320170002,2017-03-31,,영업/정상,,,,,,,02587,동아에스티(주),I,L00,2026-05-05 22:32:40,서울특별시 동대문구 천호대로 ** (용두동),정상,0000,01,21737180,202601.594014166    ,452366.257544294    ,서울특별시 동대문구 용두동 ***-* ,2024-09-06 11:03:09
3050000,305000001320200001,2020-03-18,,영업/정상,,,,,0,,02496,두리메디칼,I,000,2026-05-05 22:32:40,"서울특별시 동대문구 망우로**길 *, 달란트빌딩 *층 (휘경동)",정상,0000,01,,205165.888821019    ,454076.392295668    ,서울특별시 동대문구 휘경동 ***-** ,2020-03-18 16:27:39
3050000,305000001320220004,2022-06-09,,영업/정상,,,,,,,02496,(주)벳클리닉,I,L00,2026-05-05 22:32:40,"서울특별시 동대문구 망우로**길 *, *층 b호 (휘경동)",정상,0000,01,,205165.888821019    ,454076.392295668    ,서울특별시 동대문구 휘경동 ***-** ,2022-06-09 10:52:40
3050000,305000001320240001,2024-11-29,,폐업,2026-04-01,,,,,,02635,(주)우리엔 서울,I,L00,2026-05-05 22:32:40,"서울특별시 동대문구 천호대로**길 **, *층 (장안동)",폐업,0002,03,03180156557,205650.221435593    ,451351.235024459    ,서울특별시 동대문구 장안동 ***-* ,2026-04-17 13:42:18
3050000,305000001320250001,2025-02-25,,영업/정상,,,,,,,02589,주식회사 디디사이언스,I,L00,2026-05-05 22:32:40,서울특별시 동대문구 무학로**길 ** (용두동),정상,0000,01,,202716.434118997    ,452033.444283054    ,서울특별시 동대문구 용두동 ***-*** ,2025-07-22 15:37:15
3050000,305000001320250002,2025-10-16,,영업/정상,,,,,,,02589,비앤씨포유,I,000,2026-05-05 22:32:40,"서울특별시 동대문구 무학로**길 **, *층 ***호 (용두동)",정상,0000,01,,202716.434118997    ,452033.444283054    ,서울특별시 동대문구 용두동 ***-*** ,2025-10-16 16:09:41
3050000,305000001320040001,2004-08-13,,폐업,2018-09-06,,,,0,,02578,동래상사,I,000,2026-05-05 22:32:40,서울특별시 동대문구 무학로**길 **-* (용두동),폐업,0002,03,,202283.531834489    ,453033.113963359    ,서울특별시 동대문구 용두동 ***-* ,2018-09-06 13:31:23
3050000,305000001320220001,2022-01-18,,폐업,2022-01-21,,,,,,02445,ES메디,I,000,2026-05-05 22:32:40,"서울특별시 동대문구 회기로 ***, *층 ***-B***호 (휘경동)",폐업,0002,03,,205022.515415062    ,454212.542182175    ,서울특별시 동대문구 휘경동 ***-* ,2022-01-24 17:27:20
3050000,305000001320220002,2022-05-23,,폐업,2023-11-24,,,,,,02604,(주)이마트에브리데이 답십리점,I,L00,2026-05-05 22:32:40,"서울특별시 동대문구 고미술로 **, 이마트에브리데이 (답십리동)",폐업,0002,03,0222467292,204638.486386691    ,451699.765836365    ,서울특별시 동대문구 답십리동 ***-** ,2023-11-24 15:47:36
3050000,305000001320220003,2022-05-24,,폐업,2023-11-29,,,,,,02418,(주)이마트에브리데이 이문점,I,L00,2026-05-05 22:32:40,"서울특별시 동대문구 이문로 ***, 지하*층 (이문동, 이문동 웰츠타워)",폐업,0002,03,0220390274,205396.363734301    ,455131.683241064    ,서울특별시 동대문구 이문동 ***-** 이문동 웰츠타워 ,2023-11-29 16:52:50
3050000,305000001320070001,2007-03-02,,영업/정상,,,,,16.5,,02558,JS의료기,I,000,2026-05-05 22:32:40,서울특별시 동대문구 답십리로**길 ** (전농동),정상,0000,01,0222153649,204147.342932412    ,452765.644747307    ,서울특별시 동대문구 전농동 ***-* ,2020-06-26 14:26:06
3060000,306000001320210002,2021-12-02,,폐업,2022-09-19,,,,,,02194,글로리,I,000,2026-05-01 22:32:32,"서울특별시 중랑구 용마산로 ***, ***동 ***호 (면목동, 용마금호어울림아파트)",폐업,0002,03,,208256.714966676    ,453389.146877917    ,서울특별시 중랑구 면목동 *** 용마금호어울림아파트 ***동 ***호,2022-09-19 16:13:24
3060000,306000001320050001,2005-10-05,,폐업,2007-11-07,,,,0,,,(주)가온랩시스,I,000,2026-05-01 22:32:32,,폐업,0002,03,,,,서울특별시 중랑구 신내동 ***-*    대유빌딩*층 ,2007-11-07 17:24:17
3060000,306000001320220003,2022-04-13,,폐업,2024-10-31,,,,,,02058,전진바이오팜 주식회사 폴리파크 신내지점,I,L00,2026-05-01 22:32:33,"서울특별시 중랑구 용마산로 ***, 신내동요양병원 (신내동)",폐업,0002,03,0220392149,208864.518879894    ,456011.793231632    ,서울특별시 중랑구 신내동 ***-* 신내동요양병원 ,2024-11-26 20:42:57
3060000,306000001320220007,2022-05-20,,폐업,2023-12-01,,,,,,02239,(주)이마트에브리데이 면목동점,I,L00,2026-05-01 22:32:33,"서울특별시 중랑구 면목로**길 **, 카멜리아쇼핑센타 (면목동)",폐업,0002,03,024323100,207553.170404939    ,453031.11581883     ,서울특별시 중랑구 면목동 *** 카멜리아쇼핑센타 ,2023-12-04 10:23:36
3060000,306000001320220008,2022-05-29,,폐업,2024-12-24,,,,,,02030,이브닝,I,000,2026-05-01 22:32:33,"서울특별시 중랑구 숙선옹주로*길 **, ***동 **층 *호 (묵동, 세방아파트)",폐업,0002,03,,207309.937062652    ,457012.96600598     ,서울특별시 중랑구 묵동 *** 세방아파트 ,2024-12-24 17:49:56
3060000,306000001320140001,2014-03-05,,영업/정상,,,,,,,02007,(주)에스씨아이비에스,I,L00,2026-05-01 22:32:32,"서울특별시 중랑구 동일로***길 **, B동 ***호 (묵동)",정상,0000,01,029484934,206490.785290292    ,456373.540744485    ,서울특별시 중랑구 묵동 ***-** B동 ***호,2014-03-05 15:47:25
3060000,306000001320160001,2016-05-09,,영업/정상,,,,,,,02006,영일교역,I,000,2026-05-01 22:32:32,"서울특별시 중랑구 중랑역로 ***-*, *층 (묵동)",정상,0000,01,029730692,206652.460283125    ,456523.376738391    ,서울특별시 중랑구 묵동 ***-*** ,2016-08-22 10:28:03
3060000,306000001320160002,2016-07-19,,영업/정상,,,,,84.99,,02095,에이치필,I,000,2026-05-01 22:32:32,"서울특별시 중랑구 동일로 ***, *동 ***호 (중화동, 우성타운*차)",정상,0000,01,0222371008,207108.063611688    ,455076.116294269    ,서울특별시 중랑구 중화동 ***-* 우성타운*차 ,2024-08-09 10:29:47
3060000,306000001320190001,2019-06-11,,폐업,2026-04-08,,,,,,02122,멍이냥이,I,000,2026-05-01 22:32:32,"서울특별시 중랑구 망우로 ***, *층 (상봉동)",폐업,0002,03,024929777,206787.260836106    ,454645.570410455    ,서울특별시 중랑구 상봉동 ***-** ,2026-04-08 10:03:14
3060000,306000001320190002,2019-10-08,,영업/정상,,,,,,,02045,프라임큐넷,I,000,2026-05-01 22:32:32,서울특별시 중랑구 동일로***길 *-* (묵동),정상,0000,01,,206872.488819071    ,456209.006449672    ,서울특별시 중랑구 묵동 ***-** ,2019-10-08 14:57:28
3060000,306000001320200001,2020-07-15,,영업/정상,,,,,,,02246,아벨바이오,I,000,2026-05-01 22:32:32,"서울특별시 중랑구 면목로 ***,   (면목동)",정상,0000,01,024387551,207287.360462425    ,452139.898151971    ,서울특별시 중랑구 면목동 ***-** sk텔레콤 ,2020-07-15 15:45:02
3060000,306000001320210001,2021-01-18,,영업/정상,,,,,,,02155,이번쭈,I,000,2026-05-01 22:32:32,"서울특별시 중랑구 봉우재로**길 **, ***호 (면목동)",정상,0000,01,,207709.452051737    ,454455.551533311    ,서울특별시 중랑구 면목동 **-** ***호,2021-01-18 16:36:25
3060000,306000001320220001,2022-02-08,,영업/정상,,,,,,,02232,Gs25면목동일점,I,000,2026-05-01 22:32:32,서울특별시 중랑구 동일로**길 *(면목동),정상,0000,01,,206912.87190594     ,453607.035882547    ,서울특별시 중랑구 면목동 ***-** ,2022-02-08 21:11:55
3060000,306000001320220004,2022-05-10,,폐업,2026-05-15,,,,,,02024,홈플러스(주) 신내점,U,L00,2026-05-19 03:03:03,"서울특별시 중랑구 신내로 ***, 홈플러스서울신내점 (신내동)",폐업,0002,03,0220248124,187701.372844125    ,450259.403880839    ,서울특별시 강서구 등촌동 *** 홈플러스서울신내점 ,2026-05-18 13:22:21
3060000,306000001320220005,2022-05-10,,폐업,2026-05-15,,,,,,02236,홈플러스(주) 면목점,U,L00,2026-05-19 03:03:03,"서울특별시 중랑구 사가정로 ***, 홈플러스 (면목동)",폐업,0002,03,,207090.86716546     ,453072.936040777    ,서울특별시 강서구 등촌동 ***-* 홈플러스 ,2026-05-18 13:23:27
3060000,306000001320220006,2022-05-15,,영업/정상,,,,,,,02087,홈플러스(주) 상봉점,I,L00,2026-05-01 22:32:33,"서울특별시 중랑구 망우로 ***(상봉동, 상봉 프레미어스 엠코)",정상,0000,01,,207923.745922676    ,455090.718335439    ,서울특별시 강서구 등촌동 *** 상봉 프레미어스 엠코 ,2024-02-22 15:46:29
3060000,306000001320220009,2022-06-16,,영업/정상,,,,,,,02153,주식회사 발상코퍼레이션,I,L00,2026-05-01 22:32:33,"서울특별시 중랑구 봉우재로 ***, 센트럴파크** ***호 (상봉동)",정상,0000,01,18999583,207878.490686414    ,454610.643727605    ,서울특별시 중랑구 상봉동 **-** 센트럴파크** ,2024-06-24 15:34:46
3060000,306000001320220010,2022-09-21,,영업/정상,,,,,,,02176,더가온서울지점,I,000,2026-05-01 22:32:33,서울특별시 중랑구 용마산로 ***(망우동),정상,0000,01,,208812.481157845    ,455158.148695621    ,서울특별시 중랑구 망우동 ***-* ,2022-09-21 09:05:20
3060000,306000001320250001,2025-03-12,,영업/정상,,,,,,,02052,주식회사 로드마인,I,L00,2026-05-01 22:32:33,서울특별시 중랑구 용마산로***나길 ** (신내동),정상,0000,01,0234224285,209104.084516258    ,457436.913711121    ,서울특별시 중랑구 신내동 ***-** ,2025-03-12 13:20:53
3060000,306000001320250002,2025-08-12,,영업/정상,,,,,,,02021,제이케이컴퍼니,I,000,2026-05-01 22:32:33,"서울특별시 중랑구 신내로**가길 **, ***호 (묵동)",정상,0000,01,,207377.836705846    ,457407.03297585     ,서울특별시 중랑구 묵동 *-* ***호,2025-08-12 14:19:15
3060000,306000001320260001,2026-01-02,,영업/정상,,,,,,,02094,러브엔(LOV:N),I,000,2026-05-01 22:32:33,"서울특별시 중랑구 동일로***길 **-**, 토토캐슬 ***호 (중화동)",정상,0000,01,,207283.777996987    ,455261.531540013    ,서울특별시 중랑구 중화동 ***-* ***호,2026-01-02 15:16:12
3060000,306000001319990001,1999-01-14,,폐업,2013-03-12,,,,0,,02225,우주상사,I,000,2026-05-01 22:32:31,서울특별시 중랑구 동일로 *** (면목동),폐업,0002,03,22072344,,,서울특별시 중랑구 면목동 ***-** ,2013-03-12 10:08:45
3060000,306000001320040001,2004-01-05,,폐업,2020-11-24,,,,0,,02114,(주)동도바이오텍,I,L00,2026-05-01 22:32:31,"서울특별시 중랑구 중랑천로 ***, ***호 (중화동, 정광빌딩)",폐업,0002,03,,206285.912434623    ,454822.517414545    ,서울특별시 중랑구 중화동 ***-* 정광빌딩 ***호,2020-11-24 20:35:38
3060000,306000001320220002,2022-03-29,,폐업,2022-04-14,,,,,,02120,다이소동부시장점,I,000,2026-05-01 22:32:32,"서울특별시 중랑구 망우로 ***, *층 (상봉동)",폐업,0002,03,07041003320,206659.973725483    ,454602.592730634    ,서울특별시 중랑구 상봉동 *** ,2022-04-14 17:56:27
3070000,307000001320000001,2000-11-20,,폐업,2004-05-27,,,,0,,,대종기기상사,I,000,2026-05-08 22:46:58,,폐업,0002,03,,,,서울특별시 성북구 보문동*가 ***-*    ,2004-05-27 17:40:39
3070000,307000001320180001,2018-10-22,,폐업,2021-05-26,,,,,,02789,더나은,I,000,2026-05-08 22:46:58,서울특별시 성북구 화랑로**길 **-* (석관동),폐업,0002,03,0264970056,205098.253298241    ,456034.481158663    ,서울특별시 성북구 석관동 ***-*** ,2021-05-26 11:11:29
3070000,307000001320190001,2019-05-10,,폐업,2025-06-04,,,,,,02757,희송컴퍼니,I,000,2026-05-08 22:46:58,"서울특별시 성북구 월계로**길 **, ***동 ****호 (장위동, 꿈의숲대명루첸아파트)",폐업,0002,03,,204079.994702647    ,457579.21641655     ,서울특별시 성북구 장위동 *** 꿈의숲대명루첸아파트 ,2025-06-04 13:35:33
3070000,307000001320220001,2022-04-26,,폐업,2023-11-23,,,,,,02798,(주)이마트에브리데이 종암점,I,L00,2026-05-08 22:46:58,"서울특별시 성북구 종암로**가길 **, 상가동 B**, B**, B**~B**, B**-*호 (종암동, 종암에스케이아파트)",폐업,0002,03,,203196.800963466    ,455429.846270094    ,서울특별시 성북구 종암동 ***-* 종암에스케이아파트 ,2023-11-23 15:17:35
3070000,307000001320220002,2022-05-18,,폐업,2023-11-27,,,,,,02837,(주)이마트에브리데이 성북동점,I,L00,2026-05-08 22:46:58,"서울특별시 성북구 성북로 ***, 성북프라자 (성북동)",폐업,0002,03,0236720226,199586.316865115    ,454632.316678757    ,서울특별시 성북구 성북동 **-* 성북프라자 ,2023-11-27 15:36:03
3070000,307000001320260001,2026-02-24,,영업/정상,,,,,71.43,,02719,(주)엘에이치바이오,I,L00,2026-05-08 22:46:58,"서울특별시 성북구 서경로 **, 상가동 ***호 (정릉동, 길음뉴타운 데시앙)",정상,0000,01,0236673840,201353.035250566    ,456009.482808603    ,서울특별시 성북구 정릉동 **** 길음뉴타운 데시앙 ,2026-02-24 15:36:47
3070000,307000001320220003,2022-05-26,,영업/정상,,,,,,,02818,원앤원,I,000,2026-05-08 22:46:58,"서울특별시 성북구 북악산로 ***, ***동 ***호 (정릉동, 정릉*차 e-편한세상)",정상,0000,01,,201646.640300822    ,455297.375163193    ,서울특별시 성북구 정릉동 **** 정릉*차 e-편한세상 ,2022-05-26 16:22:14
3070000,307000001320220004,2022-12-01,,영업/정상,,,,,,,02751,홈플러스(주) 월곡점,I,L00,2026-05-08 22:46:58,"서울특별시 성북구 화랑로 **, 코업스타클래스 (하월곡동)",정상,0000,01,0236698000,203502.004139568    ,455500.568972657    ,서울특별시 강서구 등촌동 **-** 코업스타클래스 ,2024-02-22 09:01:37
3070000,307000001320240001,2024-05-14,,영업/정상,,,,,,,02810,(주)에디샵,I,000,2026-05-08 22:46:58,"서울특별시 성북구 종암로*길 **, 종암*차 아이파크 아파트 ***호 (종암동)",정상,0000,01,029217709,202854.230690052    ,455038.993896321    ,서울특별시 성북구 종암동 ***-* 종암*차 아이파크 아파트 ,2024-05-14 16:05:40
3070000,307000001320250001,2025-05-20,,영업/정상,,,,,,,02830,금솔씨엔에스,I,000,2026-05-08 22:46:58,"서울특별시 성북구 동소문로**길 **, ***동 **층 *호 (동소문동*가, 한신휴아파트)",정상,0000,01,,201179.910758663    ,454762.277088482    ,서울특별시 성북구 동소문동*가 ** 한신휴아파트 ,2026-02-04 15:53:55
3070000,307000001320260002,2026-04-06,,영업/정상,,,,,,,02776,다윈월드,I,000,2026-05-08 22:46:58,"서울특별시 성북구 화랑로 ***, *층 M-**호 (장위동, H하우스 장위)",정상,0000,01,,205084.821647145    ,456622.144612158    ,서울특별시 성북구 장위동 **-** H하우스 장위 ,2026-04-06 10:08:50
3070000,307000001320210001,2021-11-03,,영업/정상,,,,,,,02782,바이오젠,I,000,2026-05-08 22:46:58,"서울특별시 성북구 한천로 ***, 부국빌딩 *층 (석관동)",정상,0000,01,,205661.36093453     ,456274.787508312    ,서울특별시 성북구 석관동 **-* 부국빌딩 ,2021-11-03 17:09:35
3080000,308000001320000001,2000-02-16,,폐업,2017-04-03,,,,50.25,,,삼미메디칼,I,000,2026-05-02 22:39:47,서울특별시 강북구 도봉로**길 ** (미아동),폐업,0002,03,,202668.877987427    ,457313.869271774    ,서울특별시 강북구 미아동 ***-** ,2017-04-03 17:50:04
3080000,308000001320240002,2024-11-05,,영업/정상,,,,,,,01195,엘제이커머스,I,000,2026-05-02 22:39:47,"서울특별시 강북구 삼양로**길 **, ***동 ****호 (미아동, 삼성래미안트리베라아파트)",정상,0000,01,,201731.684416461    ,457219.335594234    ,서울특별시 강북구 미아동 *** 삼성래미안트리베라아파트 ***동 ****호,2024-11-05 10:46:30
3080000,308000001320030001,2003-04-03,,폐업,2008-01-22,,,,0,,,(주)대종기기산업,I,L00,2026-05-02 22:39:47,"서울특별시 강북구 *.**로 ** (수유동,지층)",폐업,0002,03,,200542.427835442    ,460414.73336869     ,서울특별시 강북구 수유동 ***-** 지층 ,2008-01-22 18:20:11
3080000,308000001320180001,2018-10-19,,폐업,2025-04-11,,,,,,01113,주식회사 에스에스피앤디,I,L00,2026-05-02 22:39:47,"서울특별시 강북구 도봉로**길 *, 수유동 이테크밸리 오피스텔 ***-*호 (수유동)",폐업,0002,03,,201942.872328818    ,459046.125539538    ,서울특별시 강북구 수유동 **-* 수유동 이테크밸리 오피스텔 ***-*호,2025-04-11 15:56:50
3080000,308000001320180002,2018-10-19,,폐업,2024-06-21,,,,,,01117,펫스쿨,I,000,2026-05-02 22:39:47,"서울특별시 강북구 도봉로**길 **, 수유시장 *층 ***-***,***-***호 (수유동)",폐업,0002,03,,201956.180985499    ,458714.365820521    ,"서울특별시 강북구 수유동 **-* 수유시장, ***-***,***-***호 ",2024-06-25 16:03:50
3080000,308000001320190001,2019-05-14,,폐업,2020-04-22,,,,,,01232,강북유통,I,000,2026-05-02 22:39:47,"서울특별시 강북구 오현로 **, ***동 ***호 (미아동, 꿈의숲 롯데캐슬)",폐업,0002,03,029830178,203160.494747285    ,457237.260770848    ,서울특별시 강북구 미아동 * 꿈의숲 롯데캐슬 ***동 ***호,2020-04-23 09:58:34
3080000,308000001320190002,2019-07-15,,폐업,2025-05-12,,,,,,01082,장보는강아지와고양이,I,000,2026-05-02 22:39:47,서울특별시 강북구 삼양로 *** (수유동),폐업,0002,03,,201483.389387629    ,459195.511390265    ,서울특별시 강북구 수유동 ***-** ,2025-05-12 17:34:19
3080000,308000001320200001,2020-03-12,,폐업,2020-10-20,,,,,,01150,루아리,I,000,2026-05-02 22:39:47,"서울특별시 강북구 오현로**나길 **, ***호 (번동, 드림빌라)",폐업,0002,03,,203166.858287189    ,458329.722482687    ,서울특별시 강북구 번동 ***-*** 드림빌라 ***호,2020-10-20 16:55:21
3080000,308000001320220001,2022-05-12,,폐업,2024-10-31,,,,,,01056,전진바이오팜주식회사폴리파크 수유역지점,I,L00,2026-05-02 22:39:47,"서울특별시 강북구 도봉로 ***, 테마빌딩 *층 (번동)",폐업,0002,03,0220883124,202545.670107867    ,459885.291692353    ,서울특별시 강북구 번동 ***-* 테마빌딩 *층 ,2024-11-26 17:29:54
3080000,308000001320220002,2022-05-19,,폐업,2023-11-29,,,,,,01171,(주)이마트에브리데이 미아동점,I,L00,2026-05-02 22:39:47,"서울특별시 강북구 도봉로 ***, ***호 (미아동, 두원프라자)",폐업,0002,03,0232813651,202314.47965444     ,457821.853133872    ,서울특별시 강북구 미아동 **** 두원프라자 ***호,2023-11-29 16:04:30
3080000,308000001320220003,2022-05-19,,폐업,2023-12-07,,,,,,01224,(주)이마트에브리데이 번동점,I,L00,2026-05-02 22:39:47,서울특별시 강북구 오현로**길 **(번동),폐업,0002,03,029859500,203480.440498484    ,458423.54511935     ,서울특별시 강북구 번동 ***-* ,2023-12-07 14:48:08
3080000,308000001320220004,2022-05-26,,폐업,2025-08-06,,,,,,01119,제이케이컴퍼니,I,000,2026-05-02 22:39:47,"서울특별시 강북구 도봉로**길 **, *층 (미아동)",폐업,0002,03,,201844.453756929    ,458563.842165103    ,서울특별시 강북구 미아동 ***-* *층 ,2025-08-06 16:15:35
3080000,308000001320220005,2022-06-28,,폐업,2023-06-30,,,,,,01060,담영,I,000,2026-05-02 22:39:47,"서울특별시 강북구 한천로***길 **-**, GOOD PEOPLE II B**호 (번동)",폐업,0002,03,,202805.415055904    ,459813.899701633    ,서울특별시 강북구 번동 ***-*** GOOD PEOPLE II B**호,2023-06-30 13:39:43
3080000,308000001320050001,2005-03-31,,영업/정상,,,,,63,,01112,주)베라인터내셔널,I,000,2026-05-02 22:39:47,서울특별시 강북구 덕릉로 ** (수유동),정상,0000,01,,201672.720723896    ,459094.720179548    ,서울특별시 강북구 수유동 **-** ,2011-10-30 14:45:26
3080000,308000001320110001,2011-10-14,,영업/정상,,,,,,,01114,(주)대종기기산업,I,000,2026-05-02 22:39:47,"서울특별시 강북구 도봉로 ***, ***호 (수유동, 삼호아파트, 수유프라자)",정상,0000,01,,202000.513660624    ,458815.97773382     ,"서울특별시 강북구 수유동 ** 삼호아파트, 수유프라자 ",2021-03-26 15:15:26
3080000,308000001320230001,2023-01-16,,영업/정상,,,,,,,01014,폴리파크 419탑점,I,000,2026-05-02 22:39:47,"서울특별시 강북구 인수봉로**길 **, *층 (수유동)",정상,0000,01,029025682,200743.203408503    ,460492.751281085    ,서울특별시 강북구 수유동 ***-* *층 ,2023-01-16 15:18:35
3080000,308000001320240001,2024-09-12,,영업/정상,,,,,,,01062,루나에스텍(LUNAR S TECH),I,000,2026-05-02 22:39:47,"서울특별시 강북구 도봉로 ***, 북한산스카이빌딩 *층 R****호 (번동)",정상,0000,01,,202032.757631932    ,459259.443978524    ,서울특별시 강북구 번동 ***-* 북한산스카이빌딩 *층 R****호,2024-09-12 16:27:44
3080000,308000001320000002,2000-12-12,,폐업,2003-05-30,,,,0,,,서울메디칼,I,000,2026-05-02 22:39:47,,폐업,0002,03,,,,서울특별시 강북구 번동 ***-** ,2003-05-30 17:36:36
3090000,309000001320180001,2018-07-04,,영업/정상,,,,,0,,01432,폴리파크 쌍문점,I,000,2026-05-11 22:41:43,"서울특별시 도봉구 도봉로 ***, *층 (쌍문동)",정상,0000,01,029914317,203343.625934341    ,461518.674931852    ,서울특별시 도봉구 쌍문동 *** *층 ,2018-08-14 11:23:18
3090000,309000001320260001,2026-05-15,,영업/정상,,,,,,,01308,씨엔비 헬스케어,I,000,2026-05-16 22:02:20,"서울특별시 도봉구 도봉로***나길 ***, ***호 (도봉동, 노블하우징 A)",정상,0000,01,07047153119,203788.569424152    ,463619.198756319    ,서울특별시 도봉구 도봉동 ***-** 노블하우징 A ,2026-05-15 17:04:29
3090000,309000001320220003,2022-05-18,,영업/정상,,,,,,,01334,홈플러스(주)방학점,I,L00,2026-05-11 22:41:44,"서울특별시 도봉구 도봉로 ***, 홈플러스데스코㈜방학점 지하*층 (방학동)",정상,0000,01,,203790.013568785    ,462495.417040876    ,서울특별시 도봉구 방학동 ***-* 홈플러스데스코㈜방학점 ,2024-02-20 17:31:12
3090000,309000001320230001,2023-04-27,,영업/정상,,,,,,,01437,보성홀딩스(맘스마트),I,000,2026-05-11 22:41:44,"서울특별시 도봉구 도봉로***길 **-*, *층 (쌍문동)",정상,0000,01,07077447702,203048.178770356    ,461313.202145924    ,서울특별시 도봉구 쌍문동 **-** ,2023-04-27 16:47:36
3090000,309000001320230002,2023-07-28,,영업/정상,,,,,,,01470,주식회사 국개대표,I,L00,2026-05-11 22:41:44,"서울특별시 도봉구 덕릉로**길 *, *층 (창동)",정상,0000,01,,203360.905367774    ,459773.380975601    ,서울특별시 도봉구 창동 ***-* ,2023-07-28 16:42:28
3090000,309000001320230003,2023-08-23,,영업/정상,,,,,,,01332,견생냥품 도봉방학역점,I,000,2026-05-11 22:41:44,"서울특별시 도봉구 도봉로***길 **, 상가동 *층 ***호 (방학동, ESA 아파트)",정상,0000,01,,203953.833720651    ,462675.950480622    ,서울특별시 도봉구 방학동 ***-* ESA 아파트 ,2023-08-23 14:35:38
3090000,309000001320230004,2024-01-12,,영업/정상,,,,,,,01395,견생냥품 24시무인펫샵 도봉 보건소점,I,000,2026-05-11 22:41:44,"서울특별시 도봉구 도봉로 ***, *층 (쌍문동)",정상,0000,01,,203404.222752582    ,461649.064727019    ,서울특별시 도봉구 쌍문동 *** ,2024-01-15 14:54:50
3090000,309000001320230005,2023-08-24,,영업/정상,,,,,,,01455,견생냥품 쌍문역점,I,L00,2026-05-11 22:41:44,"서울특별시 도봉구 도봉로***길 **-**, *층 (창동)",정상,0000,01,,203086.971271334    ,460462.882416326    ,서울특별시 도봉구 창동 ***-** ,2023-08-24 16:26:20
3090000,309000001320230006,2023-08-28,,영업/정상,,,,,,,01372,동물병원 비아츠,I,000,2026-05-11 22:41:44,서울특별시 도봉구 우이천로 ***-* (쌍문동),정상,0000,01,029997582,201440.396062205    ,461200.881241907    ,서울특별시 도봉구 쌍문동 ***-* ,2023-08-28 14:53:21
3090000,309000001320240002,2024-01-23,,영업/정상,,,,,,,01303,박초코,I,000,2026-05-11 22:41:44,"서울특별시 도봉구 도봉로***길 **, ***호 (도봉동, 삼안리치아파트)",정상,0000,01,,203884.085300698    ,464809.001444881    ,서울특별시 도봉구 도봉동 ***-** 삼안리치아파트 ,2024-01-23 16:17:19
3090000,309000001320240003,2024-08-26,,영업/정상,,,,,,,01421,그린나래,I,000,2026-05-11 22:41:44,"서울특별시 도봉구 해등로 **, ***동 ***호 (창동, 주공*단지아파트)",정상,0000,01,,203831.240616823    ,460855.122289493    ,서울특별시 도봉구 창동 *** 주공*단지아파트 ,2024-08-26 09:43:52
3090000,309000001320250001,2025-07-08,,영업/정상,,,,,,,01442,조앤지컴퍼니,I,000,2026-05-11 22:41:44,서울특별시 도봉구 노해로**길 ** (쌍문동),정상,0000,01,,202954.67642836     ,460846.888198385    ,서울특별시 도봉구 쌍문동 ***-* ,2025-07-08 10:15:59
3090000,309000001320240001,2024-01-15,,취소/말소/만료/정지/중지,2024-01-15,,,,,,01395,견생냥품 24시무인펫샵 도봉 보건소점,I,000,2026-05-11 22:41:44,"서울특별시 도봉구 도봉로 ***, *층 (쌍문동)",말소,0004,04,,203404.222752582    ,461649.064727019    ,서울특별시 도봉구 쌍문동 *** ,2024-01-15 15:39:40
3090000,309000001320220001,2022-05-18,,폐업,2023-11-24,,,,,,01460,(주)이마트에브리데이창동점,I,L00,2026-05-11 22:41:43,"서울특별시 도봉구 도봉로***길 **, *층 (창동)",폐업,0002,03,,203027.627111443    ,460124.418353378    ,서울특별시 도봉구 창동 ***-** ,2023-11-24 16:14:24
3090000,309000001320220002,2022-05-18,,폐업,2023-12-01,,,,,,01366,(주)이마트에브리데이쌍문동점,I,L00,2026-05-11 22:41:43,"서울특별시 도봉구 삼양로 ***, 정안빌딩 *층 (쌍문동)",폐업,0002,03,,201167.086526829    ,461671.469939607    ,서울특별시 도봉구 쌍문동 ***-* 정안빌딩 ,2023-12-01 15:45:39
3090000,309000001320220004,2022-05-25,,폐업,2023-11-24,,,,,,01320,(주)이마트에브리데이도봉점,I,L00,2026-05-11 22:41:44,"서울특별시 도봉구 도봉로***길 **, *층 ***, ***호 (도봉동)",폐업,0002,03,029557313,204166.098619898    ,464463.403607965    ,서울특별시 도봉구 도봉동 **-* ,2023-11-24 16:15:55
3090000,309000001320010001,2001-03-05,,폐업,,,,,39,,01362,에이스산업,I,000,2026-05-11 22:41:43,"서울특별시 도봉구 방학로 ***, ***호 (방학동, 신동아프라자)",폐업,0002,03,,202326.175760253    ,462116.40856417     ,서울특별시 도봉구 방학동 ***-* 신동아프라자 ***호 ,2011-10-30 16:54:39
3090000,309000001320190001,2019-05-29,,영업/정상,,,,,,,01402,상상홀릭,I,000,2026-05-11 22:41:43,"서울특별시 도봉구 해등로**길 *, *층 (창동)",정상,0000,01,029003844,203575.614473497    ,461407.317150149    ,서울특별시 도봉구 창동 ***-** ,2019-05-29 09:19:27
3100000,310000001320200001,2020-03-11,,영업/정상,,,,,77,,01631,폴리파크 상계점,I,000,2026-05-07 22:34:35,"서울특별시 노원구 동일로 ****, 부흥빌딩 *층 우측호 (상계동)",정상,0000,01,029353838,204909.464271165    ,463186.271687248    ,서울특별시 노원구 상계동 ***-* 부흥빌딩 ,2020-03-11 09:38:02
3100000,310000001320220010,2022-05-20,,폐업,2023-11-24,,,,,,01715,(주)이마트에브리데이 상계역점,I,L00,2026-05-07 22:34:35,"서울특별시 노원구 덕릉로 ***, 기업은행 *층 (중계동)",폐업,0002,03,0220392687,206616.300077726    ,461867.94710054     ,서울특별시 노원구 중계동 ***-* 기업은행 ,2023-11-24 16:09:28
3100000,310000001320210002,2021-09-07,,영업/정상,,,,,34.95,,01604,이안덴메드,I,000,2026-05-07 22:34:35,"서울특별시 노원구 동일로 ****, ***호 (상계동, 하이베라스)",정상,0000,01,027788053,204772.367380466    ,464080.593904719    ,서울특별시 노원구 상계동 **** 하이베라스 ***호,2021-09-07 10:31:45
3100000,310000001320210004,2021-10-22,,영업/정상,,,,,,,01626,세븐에잇,I,000,2026-05-07 22:34:35,"서울특별시 노원구 동일로***길 **, 상가동 ***호 (상계동, 극동아파트)",정상,0000,01,029395338,204982.667824475    ,463884.895275557    ,서울특별시 노원구 상계동 **** 극동아파트 상가동 ***호,2021-10-22 11:14:16
3100000,310000001320220001,2022-01-10,,영업/정상,,,,,,,01695,크리에이티브리더스그룹,I,000,2026-05-07 22:34:35,"서울특별시 노원구 노해로 ***, 중앙빌딩 *층 (상계동)",정상,0000,01,,205457.262344455    ,461407.049044413    ,서울특별시 노원구 상계동 ***-* 중앙빌딩 ,2022-01-10 09:06:07
3100000,310000001320220002,2022-02-10,,영업/정상,,,,,,,01863,Gs25하계장미점,I,000,2026-05-07 22:34:35,"서울특별시 노원구 섬밭로 ***, 상가동 (하계동, 장미아파트)",정상,0000,01,,205920.87114808     ,459040.420031177    ,서울특별시 노원구 하계동 *** 장미아파트 ,2022-02-10 16:57:31
3100000,310000001320220004,2022-03-29,,영업/정상,,,,,,,01763,모든지쇼핑,I,000,2026-05-07 22:34:35,"서울특별시 노원구 동일로 ****, 현대프라자빌딩 ***호 (상계동)",정상,0000,01,,205324.316308279    ,460953.875994974    ,서울특별시 노원구 상계동 ***-* 현대프라자빌딩 ,2022-03-29 13:15:28
3100000,310000001320220009,2022-05-19,,휴업,,2026-05-10,2026-07-03,,,,01783,홈플러스(주) 중계점,U,L00,2026-05-19 03:03:03,"서울특별시 노원구 동일로***가길 **, 홈플러스 (중계동)",휴업,0001,02,029862080,187846.035245919    ,449643.953068674    ,서울특별시 강서구 등촌동 ***-* 홈플러스 ,2026-05-18 11:17:04
3100000,310000001320220011,2022-09-29,,영업/정상,,,,,,,01906,이마트 월계점,I,L00,2026-05-07 22:34:35,"서울특별시 노원구 마들로*길 **, 월계이마트 (월계동)",정상,0000,01,0220921052,205391.070378059    ,458333.989216339    ,서울특별시 중구 순화동 ***-* 월계이마트 ,2024-04-12 10:29:36
3100000,310000001320230001,2023-08-23,,영업/정상,,,,,,,01715,견생냥품 무인24시 서울 상계역점,I,000,2026-05-07 22:34:36,"서울특별시 노원구 덕릉로 ***, 상가동 ***호 (중계동, 중계동건영아파트)",정상,0000,01,,206646.049325453    ,462119.431666973    ,서울특별시 노원구 중계동 *** 중계동건영아파트 ,2023-08-23 22:24:53
3100000,310000001320230002,2023-08-23,,영업/정상,,,,,,,01693,견생냥품 서울 노원역점,I,L00,2026-05-07 22:34:36,"서울특별시 노원구 상계로 **, 현성빌딩 ***호 (상계동)",정상,0000,01,,205420.745734828    ,461559.290918189    ,서울특별시 노원구 상계동 ***-* 현성빌딩 ,2023-08-23 22:54:08
3100000,310000001320240001,2024-04-02,,영업/정상,,,,,,,01824,견생냥품 무인24시 공릉중앙점,I,L00,2026-05-07 22:34:36,"서울특별시 노원구 공릉로 ***, 준효약국 ***호 (공릉동)",정상,0000,01,,206939.473346881    ,457764.735082777    ,서울특별시 노원구 공릉동 ***-** 준효약국 ,2024-04-02 18:04:14
3100000,310000001320240002,2024-05-13,,영업/정상,,,,,,,01845,주식회사 로운트리,I,L00,2026-05-07 22:34:36,"서울특별시 노원구 동일로 ****, *층 ***호 (공릉동)",정상,0000,01,,206485.004963921    ,457830.050221614    ,서울특별시 노원구 공릉동 ***-* ,2024-05-13 10:31:06
3100000,310000001320240003,2024-10-07,,영업/정상,,,,,,,01845,에스터,I,000,2026-05-07 22:34:36,"서울특별시 노원구 동일로 ****, *층 ***호 (공릉동)",정상,0000,01,,206485.004963921    ,457830.050221614    ,서울특별시 노원구 공릉동 ***-* ,2024-10-07 15:05:57
3100000,310000001320240004,2024-10-07,,영업/정상,,,,,,,01845,쿠앤크,I,000,2026-05-07 22:34:36,"서울특별시 노원구 동일로 ****, *층 ***a호 (공릉동)",정상,0000,01,,206485.004963921    ,457830.050221614    ,서울특별시 노원구 공릉동 ***-* ,2024-10-09 09:17:25
3100000,310000001320240005,2024-12-30,,영업/정상,,,,,,,01704,엔메디컬홀딩스,I,L00,2026-05-07 22:34:36,"서울특별시 노원구 노원로 ***, (주)노원**시동물의료센터 (상계동)",정상,0000,01,029190075,205942.292972604    ,461202.004092199    ,서울특별시 노원구 상계동 ***-* (주)노원**시동물의료센터 ,2024-12-30 10:46:43
3100000,310000001320250001,2025-08-07,,영업/정상,,,,,,,01629,우먼플러스,I,000,2026-05-07 22:34:36,"서울특별시 노원구 동일로***길 **, ***호호 (상계동, 삼성아파트)",정상,0000,01,,205039.042470989    ,463503.414530787    ,서울특별시 노원구 상계동 ***-** 삼성아파트 ,2025-08-07 11:08:01
3100000,310000001320250002,2025-09-01,,영업/정상,,,,,,,01630,서정펫,I,000,2026-05-07 22:34:36,"서울특별시 노원구 동일로 ****, 오아시스빌딩 *층 (상계동)",정상,0000,01,,204831.422731672    ,463584.885015414    ,서울특별시 노원구 상계동 ****-** 오아시스빌딩 ,2025-09-01 16:56:41
3100000,310000001320250003,2025-09-16,,영업/정상,,,,,,,01689,케이브로이엔지 주식회사,I,L00,2026-05-07 22:34:36,"서울특별시 노원구 노해로 ***, 덕화빌딩 *층 ***호 (상계동)",정상,0000,01,,205048.632952863    ,461297.834142342    ,서울특별시 노원구 상계동 ***-* 덕화빌딩 ,2025-09-16 17:50:04
3100000,310000001320250004,2025-10-02,,영업/정상,,,,,,,01689,에스에이치,I,000,2026-05-07 22:34:36,"서울특별시 노원구 노해로 ***, 덕화빌딩 ***호 (상계동)",정상,0000,01,,205048.632952863    ,461297.834142342    ,서울특별시 노원구 상계동 ***-* 덕화빌딩 ,2025-10-02 13:11:46
3100000,310000001320260001,2026-01-02,,영업/정상,,,,,,,01638,주식회사 훌라이프,I,L00,2026-05-07 22:34:36,"서울특별시 노원구 덕릉로***다길 **, 상가*층 ***,***호 (상계동, 건영아파트)",정상,0000,01,,206822.49898149     ,462909.715938659    ,서울특별시 노원구 상계동 **** 건영아파트 ,2026-01-02 14:08:55
3100000,310000001320190001,2019-10-25,,폐업,2022-01-05,,,,14.27,,01849,주식회사 날라주,I,L00,2026-05-07 22:34:35,"서울특별시 노원구 동일로***길 **, 서울창업디딤터 ***호 (공릉동)",폐업,0002,03,0216681250,206708.878294585    ,457477.154924921    ,서울특별시 노원구 공릉동 *** 서울창업디딤터 ***호,2022-01-05 16:52:22
3100000,310000001320210001,2021-07-29,,폐업,2025-11-04,,,,,,01690,타입비,I,000,2026-05-07 22:34:35,"서울특별시 노원구 동일로 ****, 상가동 ***호 (상계동, 상계주공*단지아파트)",폐업,0002,03,07041180711,205264.637477558    ,461827.579520796    ,서울특별시 노원구 상계동 *** 상계주공*단지아파트 상가동 ***호,2025-11-04 13:54:43
3100000,310000001320210003,2021-09-07,,폐업,2025-12-31,,,,,,01663,펫클럽 상계역사점,I,L00,2026-05-07 22:34:35,"서울특별시 노원구 상계로 ***, 상계역 ***-***호 (상계동)",폐업,0002,03,029523051,206427.388543145    ,462077.014141535    ,서울특별시 노원구 상계동 ***-*** 상계역 ***- ***호,2025-12-12 17:50:27
3100000,310000001320220003,2022-02-28,,폐업,2022-06-24,,,,,,01774,베리컴퍼니,I,000,2026-05-07 22:34:35,"서울특별시 노원구 섬밭로 ***, *동 ****호 (중계동, 경남,롯데,상아아파트)",폐업,0002,03,,205445.843883297    ,459604.311547098    ,"서울특별시 노원구 중계동 *** 경남,롯데,상아아파트 ",2022-06-24 16:10:25
3100000,310000001320220005,2022-05-19,,폐업,2023-11-27,,,,,,01644,(주)이마트에브리데이 당고개역점,I,L00,2026-05-07 22:34:35,"서울특별시 노원구 덕릉로***길 *, B***~B***호 (상계동)",폐업,0002,03,0269565898,207111.945468592    ,463089.784688928    ,서울특별시 노원구 상계동 **-* ,2023-11-27 16:35:42
3100000,310000001320220006,2022-05-19,,폐업,2023-11-27,,,,,,01631,(주)이마트에브리데이 상계점,I,L00,2026-05-07 22:34:35,"서울특별시 노원구 동일로 ****, 진로마트 (상계동)",폐업,0002,03,029515930,204894.014602534    ,463288.357039657    ,서울특별시 노원구 상계동 ****-* 진로마트 ,2023-11-27 16:29:30
3100000,310000001320220007,2022-05-19,,폐업,2023-11-29,,,,,,01726,(주)이마트에브리데이 중계동점,I,L00,2026-05-07 22:34:35,"서울특별시 노원구 중계로**길 **(중계동, 이연아마빌레)",폐업,0002,03,029511641,207224.076240442    ,460471.546550414    ,서울특별시 노원구 중계동 **-** 이연아마빌레 ,2023-11-29 13:23:17
3100000,310000001320220008,2022-05-19,,폐업,2023-12-05,,,,,,01827,(주)이마트에브리데이 공릉동점,I,L00,2026-05-07 22:34:35,"서울특별시 노원구 노원로*길 **, 대덕프라자 B*층 (공릉동)",폐업,0002,03,029486767,207311.175792021    ,457610.711998051    ,서울특별시 노원구 공릉동 **-* 대덕프라자 ,2023-12-05 17:40:11
3100000,310000001320200002,2020-08-10,,영업/정상,,,,,,,01788,(주)정도비앤피,I,000,2026-05-07 22:34:35,"서울특별시 노원구 노원로**길 **, 하계테크노타운 B동 ***호 (하계동)",정상,0000,01,029528214,206219.437371151    ,459926.107544031    ,서울특별시 노원구 하계동 ***-* 하계테크노타운 B동 ***호,2020-08-10 14:18:09
3110000,311000001320220001,2022-02-15,,영업/정상,,,,,,,03453,댕냥이슈퍼마켓24,I,000,2025-12-15 16:15:28,"서울특별시 은평구 불광천길 ***, *동 ***호 (응암동, 우리스페이스아파트)",정상,0000,01,,192527.701344446    ,454978.808095337    ,서울특별시 은평구 응암동 ***-** 우리스페이스아파트 *동 ***호,2022-02-15 15:21:11
3110000,311000001320230002,2023-07-13,,폐업,2024-02-23,,,,,,03391,주식회사 대훈산업,I,L00,2025-12-15 16:15:28,"서울특별시 은평구 통일로**길 *-*, 대조빌딩 *층 **호 (대조동)",폐업,0002,03,,193387.674297301    ,456897.797961872    ,서울특별시 은평구 대조동 **-* 대조빌딩 *층 **호,2024-02-23 11:26:38
3110000,311000001320230001,2023-03-20,,영업/정상,,,,,,,03362,구스타독,I,000,2025-12-15 16:15:28,"서울특별시 은평구 불광로 ***-**, 상가동 ***호 (불광동, 북한산현대힐스테이트*차아파트)",정상,0000,01,,194183.438617956    ,457350.932047179    ,서울특별시 은평구 불광동 *** 북한산현대힐스테이트*차아파트 상가동 ***호,2023-03-20 09:33:41
3110000,311000001320240001,2024-09-13,,영업/정상,,,,,,,03466,퓨처커머스,I,000,2025-12-15 16:15:28,"서울특별시 은평구 응암로**길 **, ***동 ****호 (응암동, 백련산에스케이뷰아이파크)",정상,0000,01,,192945.744255581    ,454740.562053324    ,서울특별시 은평구 응암동 *** 백련산에스케이뷰아이파크 ***동 ****호,2024-09-13 09:55:10
3110000,311000001320250001,2025-03-05,,영업/정상,,,,,0,,03303,하울,I,000,2025-12-15 16:15:28,"서울특별시 은평구 진관*로 **-**, ***동 ***호 (진관동, 은평뉴타운 상림마을)",정상,0000,01,,193847.429070457    ,460006.426256932    ,서울특별시 은평구 진관동 ** 은평뉴타운 상림마을 ***동 ***호,2025-03-05 17:54:39
3110000,311000001320250002,2025-12-16,,영업/정상,,,,,,,03380,오르보,I,000,2025-12-18 10:47:09,"서울특별시 은평구 서오릉로 **, 선우빌딩 (녹번동)",정상,0000,01,,193436.699508638    ,455603.826842745    ,서울특별시 은평구 녹번동 **-** 선우빌딩 ,2025-12-16 10:31:11
3110000,311000001320110001,2011-05-25,,영업/정상,,,,,0,,03343,D&C,I,000,2025-12-15 16:15:28,서울특별시 은평구 연서로**길 ** (불광동),정상,0000,01,,193446.619167486    ,457932.308809201    ,서울특별시 은평구 불광동 ***-* *층 ,2011-10-31 16:11:12
3110000,311000001320190002,2019-07-22,,영업/정상,,,,,,,03307,(주)창보누리,I,000,2025-12-15 16:15:28,"서울특별시 은평구 대서문길 **-**, *층 (진관동)",정상,0000,01,07077270230,195447.49212021     ,461501.954950573    ,서울특별시 은평구 진관동 ***-** *층 ,2019-07-22 16:26:45
3110000,311000001320210002,2021-10-21,,영업/정상,,,,,,,03354,댕냥이 슈퍼마켓,I,000,2025-12-15 16:15:28,"서울특별시 은평구 불광로 ***, 좌측호 (불광동)",정상,0000,01,07075437434,193940.444109498    ,457461.32978103     ,서울특별시 은평구 불광동 ***-* 좌측 ,2021-10-21 10:19:08
3110000,311000001319830001,1983-04-08,,폐업,2006-12-28,,,,0,,,한양동물약품,I,000,2025-12-15 16:15:28,,폐업,0002,03,,,,서울특별시 은평구 불광동 ***-*    ,2006-12-28 17:33:33
3110000,311000001320140001,2014-01-09,,폐업,2019-07-24,,,,0,,03307,(주)창보누리,I,000,2025-12-15 16:15:28,"서울특별시 은평구 대서문길 **-**, *층 (진관동)",폐업,0002,03,07077270230,195447.49212021     ,461501.954950573    ,서울특별시 은평구 진관동 ***-** *층 ,2019-07-24 15:34:24
3110000,311000001320170001,2017-05-30,,폐업,2022-12-30,,,,0,,03461,(주)싸이퍼일렉트로닉,I,L00,2025-12-15 16:15:28,"서울특별시 은평구 응암로 ***, *층 (응암동, 빛터룩스빌딩)",폐업,0002,03,028394335,193055.119702533    ,455445.92391997     ,서울특별시 은평구 응암동 **-** *층 ,2023-01-02 13:40:55
3110000,311000001320190001,2019-02-21,,폐업,2022-01-26,,,,,,03342,펫츠웨이,I,000,2025-12-15 16:15:28,서울특별시 은평구 연서로 ***-* (불광동),폐업,0002,03,,193252.461146339    ,457585.904647586    ,서울특별시 은평구 불광동 ***-* ,2022-01-28 17:03:32
3110000,311000001320210001,2021-08-23,,폐업,2023-04-18,,,,,,03303,하울,I,000,2025-12-15 16:15:28,"서울특별시 은평구 진관*로 **-**, ***동 ***호 (진관동, 은평뉴타운 상림마을)",폐업,0002,03,,193847.429070457    ,460006.426256932    ,서울특별시 은평구 진관동 ** 은평뉴타운 상림마을 ***동 ***호,2023-04-18 15:07:51
3110000,311000001320220003,2022-09-22,,폐업,2023-09-04,,,,0,,03301,(주)이마트에브리데이 은평진관점,I,L00,2025-12-15 16:15:28,"서울특별시 은평구 진관*로 **, 은평구 뉴타운*지구 에코테라스 *층 ***,***호 (진관동)",폐업,0002,03,,192800.902227864    ,459540.593409197    ,서울특별시 은평구 진관동 **-* 은평구 뉴타운*지구 에코테라스 ,2023-09-04 10:19:56
3110000,311000001320220002,2022-06-22,,영업/정상,,,,,,,03391,다은보호작업장,I,L00,2025-12-15 16:15:28,"서울특별시 은평구 통일로**길 *, 지층 (대조동)",정상,0000,01,,193402.55302714     ,456847.885474419    ,서울특별시 은평구 대조동 **-* 지층 ,2022-06-22 15:56:52
3120000,312000001319990001,1999-10-02,,휴업,,2004-10-19,,,0,,,강화축산,I,000,2026-05-07 22:36:40,,휴업,0001,02,,,,서울특별시 서대문구 북가좌동 ***-**   ,2004-10-19 13:40:51
3120000,312000001320210002,2021-07-01,,폐업,2022-01-28,,,,,,03710,로그인포유,I,000,2026-05-07 22:36:40,"서울특별시 서대문구 가재울로 **, ***동 ***호 (남가좌동, 남가좌동현대아파트)",폐업,0002,03,,192874.514454351    ,452525.219515622    ,서울특별시 서대문구 남가좌동 *** 남가좌동현대아파트 ,2022-01-28 15:11:34
3120000,312000001320190001,2019-02-26,,영업/정상,,,,,,,03748,(주)에이스빌,I,000,2026-05-07 22:36:40,"서울특별시 서대문구 북아현로 **-**, 남미빌딩 *층 ***호 (북아현동)",정상,0000,01,07041237377,195954.47162715     ,451266.550192428    ,서울특별시 서대문구 북아현동 *-*** 남미빌딩 ,2019-02-26 15:58:58
3120000,312000001320210001,2021-01-14,,영업/정상,,,,,,,03740,포베오,I,000,2026-05-07 22:36:40,"서울특별시 서대문구 충정로*안길 **, 미근빌딩 *층 *호 (미근동)",정상,0000,01,07046470268,197015.074449594    ,451227.679921814    ,서울특별시 서대문구 미근동 **-* 미근빌딩 ,2021-01-14 09:40:11
3120000,312000001320210003,2021-09-27,,영업/정상,,,,,,,03779,주식회사 티에스엠텍홀딩스,I,000,2026-05-07 22:36:40,"서울특별시 서대문구 연세로 *-*, VERTIGO **층 (창천동)",정상,0000,01,,194382.109981443    ,450450.682916715    ,서울특별시 서대문구 창천동 **-** VERTIGO ,2022-03-02 16:59:22
3120000,312000001320210004,2021-11-29,,영업/정상,,,,,,,03703,쥬쥬펫,I,000,2026-05-07 22:36:41,"서울특별시 서대문구 증가로 **-*, ***호 (연희동)",정상,0000,01,0262160028,193843.031236621    ,451871.239747931    ,서울특별시 서대문구 연희동 ***-** ***호,2021-11-29 15:34:31
3120000,312000001320220004,2022-08-01,,영업/정상,,,,,,,03682,주식회사 나눔인터내셔널,I,L00,2026-05-07 22:36:41,"서울특별시 서대문구 응암로 ***, *층 (북가좌동)",정상,0000,01,023760077,192276.737406319    ,453314.550222656    ,서울특별시 서대문구 북가좌동 ***-* ,2022-08-01 14:43:52
3120000,312000001320220006,2022-11-10,,영업/정상,,,,,,,03628,주식회사 제네핏,I,L00,2026-05-07 22:36:41,"서울특별시 서대문구 통일로 ***, 공유캠퍼스 ***호 (홍제동)",정상,0000,01,,194850.361025035    ,454344.432517428    ,"서울특별시 서대문구 홍제동 ***-** 유진상가, 유진아파트,공유캠퍼스 ***호",2022-11-10 17:08:33
3120000,312000001320230001,2023-08-30,,영업/정상,,,,,,,03690,견생냥품 무인24시 서대문 가재울점,I,000,2026-05-07 22:36:41,"서울특별시 서대문구 거북골로**길 **, 상가동 ***호 (북가좌동, DMC아이파크아파트)",정상,0000,01,,192380.048458303    ,452681.324896508    ,서울특별시 서대문구 북가좌동 *** DMC아이파크아파트 상가동 ***호,2023-08-30 11:14:21
3120000,312000001320240001,2024-04-24,,영업/정상,,,,,,,03694,농업회사법인 유한회사 코인,I,000,2026-05-07 22:36:41,"서울특별시 서대문구 가재울로*길 **, 지하*층 (남가좌동)",정상,0000,01,,193126.329341636    ,452531.317202546    ,서울특별시 서대문구 남가좌동 **-*** ,2024-04-24 12:33:01
3120000,312000001320250001,2025-03-11,,영업/정상,,,,,,,03607,플래토니아,I,000,2026-05-07 22:36:41,"서울특별시 서대문구 포방터*다길 **-*, *층 (홍은동)",정상,0000,01,,195598.084384942    ,455216.28932766     ,서울특별시 서대문구 홍은동 *-*** *층 ,2025-03-11 15:30:20
3120000,312000001320220001,2022-03-10,,폐업,2024-08-27,,,,,,03628,미래로,I,000,2026-05-07 22:36:41,"서울특별시 서대문구 인왕시장길 **, 인왕시장 (홍제동)",폐업,0002,03,07080655703,194937.785591362    ,454308.179005006    ,서울특별시 서대문구 홍제동 ***-* 인왕시장 ,2024-08-27 11:26:07
3120000,312000001320220002,2022-04-08,,폐업,2023-11-22,,,,,,03674,(주)이마트에브리데이 명지대점,I,L00,2026-05-07 22:36:41,"서울특별시 서대문구 거북골로 **, 명지대인문캠퍼스 MCC관 상가, 지하*층 (남가좌동)",폐업,0002,03,,193139.52394401     ,453106.002592232    ,"서울특별시 서대문구 남가좌동 **-* 명지대인문캠퍼스 MCC관 상가, 지하*층 ",2023-11-22 16:47:44
3120000,312000001320220003,2022-05-20,,폐업,2023-11-24,,,,,,03604,(주)이마트에브리데이 홍은점,I,L00,2026-05-07 22:36:41,"서울특별시 서대문구 홍은중앙로 **, *층 (홍은동)",폐업,0002,03,0220392342,195280.710219904    ,455193.014698844    ,서울특별시 서대문구 홍은동 **-*** *층 ,2023-11-27 14:53:50
3120000,312000001320220005,2022-08-22,,폐업,2023-11-14,,,,,,,(주)이마트에브리데이 남가좌점,I,L00,2026-05-07 22:36:41,,폐업,0002,03,0269494221,,,"서울특별시 서대문구 남가좌동 *** 금호리첸시아몰 지하*층, B***-*호, B***-*호 ",2023-11-14 16:15:06
3120000,312000001320260001,2026-05-07,,영업/정상,,,,,,,03742,(주)경보제약,I,L00,2026-05-08 22:02:39,"서울특별시 서대문구 충정로 *, 종근당빌딩 *층 (충정로*가)",정상,0000,01,0221752308,196680.837898287    ,450862.36191038     ,서울특별시 서대문구 충정로*가 *** 종근당빌딩 ,2026-05-07 13:31:29
3120000,312000001319990002,1999-11-01,,폐업,2007-05-01,,,,0,,,진산무역,I,000,2026-05-07 22:36:40,서울특별시 서대문구 독립문로**길 * (천연동),폐업,0002,03,,196519.085468002    ,451816.429613812    ,서울특별시 서대문구 천연동 *** ,2007-05-01 10:07:17
3120000,312000001320170001,2012-07-02,,폐업,2022-04-11,,,,0,,03737,지멘스헬시니어스(주),I,L00,2026-05-07 22:36:40,"서울특별시 서대문구 충정로 **, 풍산빌딩 *,*층 (충정로*가)",폐업,0002,03,,196662.335160742    ,450999.900043141    ,서울특별시 서대문구 충정로*가 *** 풍산빌딩 ,2022-04-11 15:51:42
3120000,312000001320180001,2018-08-08,,영업/정상,,,,,,,03789,폴리파크 신촌점,I,000,2026-05-07 22:36:40,서울특별시 서대문구 신촌로 ** (창천동),정상,0000,01,023325937,194315.886084572    ,450384.575342365    ,서울특별시 서대문구 창천동 **-* ,2018-08-08 14:24:52
3130000,313000001319940001,1994-02-28,,영업/정상,,,,,0,,04030,(주)성보사이언스텍,I,000,2026-05-02 22:50:46,"서울특별시 마포구 동교로**길 **, *층 (서교동)",정상,0000,01,023374450,192705.626901908    ,450254.024372365    ,서울특별시 마포구 서교동 ***-* ,2022-07-06 09:28:20
3130000,313000001320200005,2020-10-14,,폐업,2025-12-26,,,,,,04146,주식회사 가람포리아,I,L00,2026-05-02 22:50:46,"서울특별시 마포구 마포대로 ***, 제**층 제오-****호 (공덕동, 롯데캐슬프레지던트)",폐업,0002,03,07048082139,195564.375757848    ,449186.933273231    ,서울특별시 마포구 공덕동 *** 롯데캐슬프레지던트 ,2025-12-29 09:08:18
3130000,313000001320050001,2005-05-23,,영업/정상,,,,,0,,03999,주식회사 프로벳,I,000,2026-05-02 22:50:46,"서울특별시 마포구 월드컵북로 **, 지*층 (서교동)",정상,0000,01,,192633.988796517    ,450702.533715017    ,서울특별시 마포구 서교동 ***-** ,2022-11-08 10:26:47
3130000,313000001320080001,2008-01-24,,영업/정상,,,,,0,,03930,(주)레이케어,I,L00,2026-05-02 22:50:46,"서울특별시 마포구 매봉산로*길 **, ***호 (상암동)",정상,0000,01,023258058,190780.007124539    ,452636.550076862    ,서울특별시 마포구 상암동 **-* ,2022-06-24 14:50:24
3130000,313000001320180001,2018-06-25,,영업/정상,,,,,,,03995,찹앤찹,I,000,2026-05-02 22:50:46,"서울특별시 마포구 양화로 ***, 케이스퀘어 ***호 (동교동)",정상,0000,01,0269339394,193152.62383534     ,450523.47124017     ,서울특별시 마포구 동교동 ***-* 케이스퀘어 ,2018-06-25 10:59:35
3130000,313000001320190002,2019-04-16,,영업/정상,,,,,0,,03995,주식회사 포파코 홍대지점,I,L00,2026-05-02 22:50:46,"서울특별시 마포구 동교로 ***-*, *층 ***호 (동교동)",정상,0000,01,0220693121,193104.772014315    ,450560.146911255    ,서울특별시 마포구 동교동 ***-** ,2019-04-17 10:10:24
3130000,313000001320200001,2020-03-05,,영업/정상,,,,,,,04167,주식회사 나우위,I,L00,2026-05-02 22:50:46,"서울특별시 마포구 마포대로 **, 신한디엠빌딩 *층 ***호 (마포동)",정상,0000,01,,195051.53369717     ,448575.956518546    ,서울특별시 마포구 마포동 **-* 신한디엠빌딩 ,2023-10-24 09:50:49
3130000,313000001320200002,2020-03-12,,영업/정상,,,,,,,04205,마이스리모,I,000,2026-05-02 22:50:46,"서울특별시 마포구 마포대로**나길 **-**, *층 (공덕동)",정상,0000,01,0218005813,196255.792033536    ,449822.921331655    ,서울특별시 마포구 공덕동 **-* ,2020-03-12 17:49:59
3130000,313000001320200003,2020-03-16,,영업/정상,,,,,,,03966,해와달,I,000,2026-05-02 22:50:46,"서울특별시 마포구 성산로*길 **, ***동 ****호 (성산동, 대원아파트)",정상,0000,01,,192001.579274987    ,451360.713321706    ,서울특별시 마포구 성산동 *** 대원아파트 ,2020-03-16 18:54:49
3130000,313000001320200004,2020-08-13,,영업/정상,,,,,,,04194,주식회사 아울,I,000,2026-05-02 22:50:46,"서울특별시 마포구 백범로 ***, ***동 ***호 (신공덕동, 펜트라우스)",정상,0000,01,027025867,195874.639172861    ,449015.903404686    ,서울특별시 마포구 신공덕동 *** 펜트라우스 ,2020-08-13 09:42:31
3130000,313000001320210001,2021-01-15,,영업/정상,,,,,,,03986,나무시스,I,000,2026-05-02 22:50:47,"서울특별시 마포구 성미산로**길 **, **통*반 (연남동)",정상,0000,01,,192711.948492469    ,450807.687845189    ,서울특별시 마포구 연남동 ***-*** ,2021-01-15 09:55:43
3130000,313000001320210004,2021-03-08,,영업/정상,,,,,,,04017,에스제이,I,000,2026-05-02 22:50:47,"서울특별시 마포구 망원로*길 **, ***호 (망원동, 진흥빌라)",정상,0000,01,,191458.39596625     ,450129.256086724    ,서울특별시 마포구 망원동 ***-** 진흥빌라 ,2021-03-08 12:59:47
3130000,313000001320210005,2021-03-08,,영업/정상,,,,,,,04017,비앤케이,I,000,2026-05-02 22:50:47,"서울특별시 마포구 망원로*길 **, ***호 (망원동, 진흥빌라)",정상,0000,01,,191458.39596625     ,450129.256086724    ,서울특별시 마포구 망원동 ***-** 진흥빌라 ,2021-03-08 13:02:02
3130000,313000001320210007,2021-08-19,,영업/정상,,,,,,,04089,키즈밋인터네셔널,I,000,2026-05-02 22:50:47,"서울특별시 마포구 독막로**길 **, b***-***층 (신수동, 밤섬경남아너스빌)",정상,0000,01,,194301.304865904    ,449388.053900946    ,서울특별시 마포구 신수동 *** 밤섬경남아너스빌 ,2021-08-19 15:26:51
3130000,313000001320220001,2022-02-07,,영업/정상,,,,,,,04167,유심창고,I,000,2026-05-02 22:50:47,"서울특별시 마포구 마포대로 **, ***호 (도화동, 마포 한화 오벨리스크)",정상,0000,01,027032454,195111.088138936    ,448644.311298762    ,서울특별시 마포구 도화동 *** 마포 한화 오벨리스크 ,2022-02-07 18:17:43
3130000,313000001320220002,2022-02-25,,영업/정상,,,,,,,03994,(주)오엔케이,I,000,2026-05-02 22:50:47,"서울특별시 마포구 동교로 ***, 태전빌딩 ***호 (동교동)",정상,0000,01,0220548830,193195.287895622    ,450709.112534628    ,서울특별시 마포구 동교동 ***-** 태전빌딩 ,2022-02-25 11:15:29
3130000,313000001320220003,2022-05-18,,영업/정상,,,,,,,03932,홈플러스 월드컵점,I,L00,2026-05-02 22:50:47,"서울특별시 마포구 월드컵로 ***, 월드컵주경기장 (성산동)",정상,0000,01,023122080,,,서울특별시 강서구 등촌동 *** 월드컵주경기장 ,2024-02-22 16:29:04
3130000,313000001320220004,2022-07-18,,취소/말소/만료/정지/중지,,,,,,,04047,씨유합정태양점,I,000,2026-05-02 22:50:47,"서울특별시 마포구 양화로*길 **, 정명빌딩 ***호 (서교동)",말소,0004,04,023336354,192683.268760741    ,449608.324922344    ,서울특별시 마포구 서교동 ***-** ,2022-08-01 15:18:26
3130000,313000001320220005,2022-09-29,,영업/정상,,,,,,,04043,키비주얼나인,I,000,2026-05-02 22:50:47,"서울특별시 마포구 양화로**길 **, *층 (서교동)",정상,0000,01,,192716.491596712    ,449982.653532805    ,서울특별시 마포구 서교동 ***-* ,2022-09-29 13:00:51
3130000,313000001320230001,2023-04-04,,영업/정상,,,,,,,04036,홈플러스(주) 합정점,I,L00,2026-05-02 22:50:47,"서울특별시 마포구 양화로 **, 지하*층 (서교동, 메세나폴리스)",정상,0000,01,0269388920,192311.642580307    ,449855.643910445    ,서울특별시 강서구 등촌동 *** 메세나폴리스 ,2024-04-01 15:16:45
3130000,313000001320230003,2023-05-23,,영업/정상,,,,,,,04156,윤무역,I,000,2026-05-02 22:50:47,"서울특별시 마포구 독막로 ***, 마스터즈타워빌딩 ****호 (도화동)",정상,0000,01,,195454.875715409    ,448970.223733402    ,서울특별시 마포구 도화동 *** 마스터즈타워빌딩 ,2025-04-14 10:26:25
3130000,313000001320230004,2023-07-28,,영업/정상,,,,,,,04015,신성메디텍,I,000,2026-05-02 22:50:47,"서울특별시 마포구 희우정로 **, 지층 (망원동)",정상,0000,01,,191308.342858719    ,450189.481813539    ,서울특별시 마포구 망원동 ***-** ,2023-07-28 09:29:42
3130000,313000001320240001,2024-03-29,,영업/정상,,,,,,,04031,사계절닷컴,I,000,2026-05-02 22:50:47,"서울특별시 마포구 양화로**안길 **, *층 *-**호 (서교동)",정상,0000,01,,192730.376890748    ,450187.395198752    ,서울특별시 마포구 서교동 ***-** ,2024-06-17 16:19:59
3130000,313000001320240002,2024-05-01,,영업/정상,,,,,,,04029,제이엠케이,I,000,2026-05-02 22:50:47,"서울특별시 마포구 월드컵로*길 **-*, 양성빌딩 ****호 (서교동)",정상,0000,01,07077394765,192408.728864108    ,450178.048591944    ,서울특별시 마포구 서교동 ***-** ,2024-05-01 14:48:06
3130000,313000001320240003,2024-05-23,,영업/정상,,,,,,,04157,K&M DYNASTY,I,000,2026-05-02 22:50:47,"서울특별시 마포구 독막로 ***, 마포 태영 데시앙 ****호 (도화동)",정상,0000,01,023228135,195322.033365468    ,448969.110547126    ,서울특별시 마포구 도화동 *** 마포 태영 데시앙 ****호,2024-05-23 11:45:11
3130000,313000001320240004,2024-05-31,,영업/정상,,,,,,,03964,PHOTO hi,I,000,2026-05-02 22:50:47,"서울특별시 마포구 망원로*길 **-*, ***호 (망원동, 아펠리움)",정상,0000,01,07082465258,191491.026821734    ,450748.874527109    ,서울특별시 마포구 망원동 ***-** 아펠리움 ,2024-05-31 15:47:20
3130000,313000001320240005,2024-10-31,,영업/정상,,,,,,,04098,주식회사 일공일컴퍼니,I,000,2026-05-02 22:50:47,"서울특별시 마포구 창전로*길 **, ***동 ***호 (신수동, 경남아너스빌)",정상,0000,01,07043691040,194087.893982121    ,449703.555760405    ,서울특별시 마포구 신수동 *** 경남아너스빌 ,2024-11-05 10:11:00
3130000,313000001320250001,2025-03-11,,영업/정상,,,,,,,03978,한강기획,I,000,2026-05-02 22:50:47,"서울특별시 마포구 월드컵북로 **, ***호 (성산동, 성산동 성일 APT)",정상,0000,01,,192403.199513268    ,451124.615897058    ,서울특별시 마포구 성산동 ***-* 성산동 성일 APT ,2025-03-11 14:12:35
3130000,313000001320250002,2025-05-20,,영업/정상,,,,,,,03905,에이원,I,000,2026-05-02 22:50:47,"서울특별시 마포구 상암산로*길 **, 상암월드컵파크 *단지 ***동 ****호 (상암동)",정상,0000,01,,189706.400187964    ,453064.248567444    ,서울특별시 마포구 상암동 **** 상암월드컵파크 *단지 ,2025-05-20 09:12:55
3130000,313000001320250003,2025-05-26,,영업/정상,,,,,,,03938,1등플러스 주식회사,I,L00,2026-05-02 22:50:47,"서울특별시 마포구 모래내로*길 *, 마포클레세 ****호 (성산동)",정상,0000,01,023181570,191409.240701388    ,451377.18304308     ,서울특별시 마포구 성산동 ***-* 마포클레세 ,2025-05-27 09:34:58
3130000,313000001320260001,2026-01-28,,영업/정상,,,,,,,03938,루우루우,I,000,2026-05-02 22:50:47,"서울특별시 마포구 월드컵로 ***, 대명비첸시티오피스텔 b***-e**호 (성산동)",정상,0000,01,07079541351,191337.868996616    ,451395.153092798    ,서울특별시 마포구 성산동 ***-* 대명비첸시티오피스텔 b***-호,2026-01-28 11:30:53
3130000,313000001320040001,2004-06-11,,폐업,2005-03-17,,,,0,,,펫플러스,I,000,2026-05-02 22:50:46,,폐업,0002,03,,,,서울특별시 마포구 서교동 ***-*    *층 ,2005-03-18 09:15:14
3130000,313000001320190001,2019-03-18,,폐업,2019-04-26,,,,,,04029,컨비니언스,I,000,2026-05-02 22:50:46,"서울특별시 마포구 양화로*길 **, *층 (서교동)",폐업,0002,03,0220887159,192296.767618228    ,450228.046369371    ,서울특별시 마포구 서교동 ***-** ,2019-04-29 17:06:37
3130000,313000001320200006,2020-11-12,,폐업,2024-01-29,,,,,,04146,주식회사 식스나루,I,L00,2026-05-02 22:50:47,"서울특별시 마포구 마포대로 ***, 제**층 제오-****호 (공덕동, 롯데캐슬프레지던트)",폐업,0002,03,,195564.375757848    ,449186.933273231    ,서울특별시 마포구 공덕동 *** 롯데캐슬프레지던트 ,2024-01-29 15:16:17
3130000,313000001320210002,2021-01-20,,폐업,2022-07-11,,,,,,04017,네오스마트바이,I,000,2026-05-02 22:50:47,서울특별시 마포구 희우정로**길 ** (망원동),폐업,0002,03,,191578.189539451    ,450099.587238227    ,서울특별시 마포구 망원동 ***-*** ,2022-07-11 17:24:28
3130000,313000001320210003,2021-02-16,,폐업,2022-07-08,,,,,,04178,텍소피아몰,I,000,2026-05-02 22:50:47,서울특별시 마포구 마포대로*다길 **-* (마포동),폐업,0002,03,027948940,195035.59631653     ,448206.301166714    ,서울특별시 마포구 마포동 ***-* ,2022-07-08 15:36:17
3130000,313000001320210006,2021-04-13,,폐업,2025-05-29,,,,,,03912,웰비트,I,000,2026-05-02 22:50:47,"서울특별시 마포구 월드컵북로**길 **, ***동 ****호 (상암동, 상암월드컵파크 *단지)",폐업,0002,03,,190352.555252104    ,452510.91383579     ,서울특별시 마포구 상암동 **** 상암월드컵파크 *단지 ,2025-05-29 15:49:07
3130000,313000001320230002,2023-04-20,,폐업,2025-03-05,,,,,,04044,하울,I,000,2026-05-02 22:50:47,"서울특별시 마포구 독막로*길 **, *층 (서교동)",폐업,0002,03,,192613.832364343    ,449723.835430368    ,서울특별시 마포구 서교동 ***-** ,2025-03-06 16:35:25
3130000,313000001320030001,2003-01-29,,영업/정상,,,,,0,,04201,S.H.C.P KOREA,I,000,2026-05-02 22:50:46,서울특별시 마포구 마포대로 *** (아현동),정상,0000,01,,196378.162500119    ,450540.375791376    ,서울특별시 마포구 아현동 **-** ,2011-10-30 16:19:40
3140000,314000001320020001,2002-08-14,,폐업,2020-07-08,,,,73.7,,,(주)에릭스,I,L00,2026-05-07 22:34:26,,폐업,0002,03,,186679.515116362    ,447124.449385415    ,서울특별시 양천구 신정동 ***-* 일광빌딩 *층 ,2020-07-09 08:30:53
3140000,314000001320030001,2002-08-14,,폐업,2003-01-04,,,,73.7,,,(주)에릭스,I,L00,2026-05-07 22:34:26,,폐업,0002,03,,,,서울특별시 양천구 신정동 ***-*    일광빌딩(*층) ,2003-01-04 09:23:59
3140000,314000001320060001,2006-06-08,,폐업,2020-07-08,,,,48,,,여라의료기,I,000,2026-05-07 22:34:26,"서울특별시 양천구 남부순환로**길 * (신월동,*층)",폐업,0002,03,26987571,184707.746690476    ,448400.181619605    ,서울특별시 양천구 신월동 **-* *층 ,2020-07-09 08:31:14
3140000,314000001320220001,2022-04-18,,폐업,2024-04-04,,,,,,07961,전진바이오팜주식회사 폴리파크 목동지점,I,L00,2026-05-07 22:34:26,"서울특별시 양천구 목동중앙로 **, 지층 ***호 (목동)",폐업,0002,03,0221352328,188554.106676171    ,448293.184846549    ,서울특별시 양천구 목동 ***-* ,2024-04-04 16:52:19
3140000,314000001320220002,2022-05-17,,폐업,2024-02-23,,,,,,07992,홈플러스(주)목동점,I,L00,2026-05-07 22:34:26,"서울특별시 양천구 목동서로 ***, 홈플러스목동점 (목동)",폐업,0002,03,0226442080,188729.190478822    ,447572.610039376    ,서울특별시 강서구 등촌동 ***-* 홈플러스목동점 ,2024-03-22 16:46:23
3140000,314000001320190001,2019-08-12,,폐업,2021-04-22,,,,,,08050,펫넷,I,000,2026-05-07 22:34:26,"서울특별시 양천구 신정이펜*로 **, ***동 ***호 (신정동, 신정이펜하우스*단지)",폐업,0002,03,,184971.290324023    ,445601.995865959    ,서울특별시 양천구 신정동 **** 신정이펜하우스*단지 ***동 ***호,2021-04-22 09:33:11
3140000,314000001320220004,2022-05-19,,폐업,2023-11-28,,,,,,08022,(주)이마트에브리데이 목동역점,I,000,2026-05-07 22:34:26,"서울특별시 양천구 목동로 ***, *층 (신정동)",폐업,0002,03,,187929.395106977    ,446964.609090888    ,서울특별시 양천구 신정동 ***-* ,2023-11-28 11:39:46
3140000,314000001320220005,2022-05-19,,폐업,2023-12-06,,,,,,07984,(주)이마트에브리데이 목둥중앙점,I,000,2026-05-07 22:34:26,"서울특별시 양천구 목동동로 ***(목동, 부영그린타운*차)",폐업,0002,03,0220628683,189519.862506193    ,448282.256149224    ,서울특별시 양천구 목동 ***-** 부영그린타운*차 ,2023-12-06 13:36:59
3140000,314000001320220006,2022-10-31,,폐업,2023-06-28,,,,,,07906,티에프팜,I,000,2026-05-07 22:34:26,"서울특별시 양천구 가로공원로 ***, ***호 (신월동)",폐업,0002,03,,185189.161953746    ,448304.465258547    ,서울특별시 양천구 신월동 **-* ***호,2023-06-28 10:14:08
3140000,314000001320240001,2024-01-08,,폐업,2025-01-03,,,,,,08040,신풍종합개발 주식회사,I,L00,2026-05-07 22:34:26,"서울특별시 양천구 남부순환로**길 **, *층 (신월동)",폐업,0002,03,027169008,185324.563960692    ,446594.893517371    ,서울특별시 양천구 신월동 ***-* ,2025-01-03 09:48:15
3140000,314000001320220003,2022-05-17,,폐업,2023-11-30,,,,,,07989,(주)이마트에브리데이 목동점,I,L00,2026-05-07 22:34:26,"서울특별시 양천구 목동서로 ***(목동, 목동신시가지아파트*단지)",폐업,0002,03,0226464331,188580.483661607    ,447750.845210817    ,서울특별시 양천구 목동 *** 목동신시가지아파트*단지 ,2023-11-30 16:23:16
3150000,315000001320230001,2023-01-04,,영업/정상,,,,,,,07721,엠씨아이컴퍼니(주),I,L00,2026-05-10 23:09:04,"서울특별시 강서구 초록마을로 **-*, 지하*층 (화곡동)",정상,0000,01,0269647877,186264.920811679    ,449152.628569166    ,서울특별시 강서구 화곡동 **-** ,2023-01-04 13:19:40
3150000,315000001320260001,2026-06-10,,영업/정상,,,,,,,07532,일성메딕스,I,000,2026-06-11 22:02:20,"서울특별시 강서구 양천로 ***-**, ***호 (가양동, 한화비즈메트로*차)",정상,0000,01,,187645.622009373    ,450792.695579673    ,서울특별시 강서구 가양동 ***-* 한화비즈메트로*차 ,2026-06-10 14:08:01
3150000,315000001320240001,2024-04-24,,영업/정상,,,,,,,07631,주식회사 더블유메딕스,I,L00,2026-05-10 23:09:05,"서울특별시 강서구 마곡중앙*로 **, 마곡그랑트윈타워 비동 ***,***호 (마곡동)",정상,0000,01,027971519,184786.585          ,450708.875          ,"서울특별시 강서구 마곡동 ***-* 마곡그랑트윈타워 ***,*호",2024-05-22 13:13:52
3150000,315000001320240002,2024-06-03,,폐업,2026-03-18,,,,,,07788,(주)워터맨하우스,I,L00,2026-05-10 23:09:05,"서울특별시 강서구 마곡중앙로 ***-**, 보타닉파크타워Ⅰ ****호 (마곡동)",폐업,0002,03,,184555.689189052    ,451767.833497048    ,서울특별시 강서구 마곡동 ***-* 보타닉파크타워Ⅰ ****호,2026-04-28 13:40:25
3150000,315000001320250001,2025-05-23,,영업/정상,,,,,,,07527,금성스쿨,I,000,2026-05-10 23:09:05,"서울특별시 강서구 양천로**길 *-*, 태민빌딩 ***호 (가양동)",정상,0000,01,,186834.30143835     ,451274.550746832    ,서울특별시 강서구 가양동 ****-* 태민빌딩 ,2025-06-05 13:29:11
3150000,315000001320170001,2017-06-29,,영업/정상,,,,,0,,07599,메디벳헬스케어,I,000,2026-05-10 23:09:03,"서울특별시 강서구 방화대로 ***, *층 ***-*호 (마곡동, 마곡더블유타워)",정상,0000,01,26618881,183768.696418792    ,451652.621602431    ,서울특별시 강서구 마곡동 ***-* ***-*호,2017-07-31 10:36:55
3150000,315000001320180001,2018-03-22,,영업/정상,,,,,,,07528,(주)케이비엠약품,I,L00,2026-05-10 23:09:03,"서울특별시 강서구 양천로 ***, 강서한강자이타워 A층 ***호 (가양동)",정상,0000,01,26680680,186501.233192961    ,451485.251875922    ,서울특별시 강서구 가양동 **** 강서한강자이타워 A동 ***호,2018-03-23 09:01:14
3150000,315000001320180003,2018-07-30,,영업/정상,,,,,,,07802,주식회사 엠트리센,I,L00,2026-05-10 23:09:04,"서울특별시 강서구 공항대로 ***, ****호 (마곡동)",정상,0000,01,0269569413,184988.438404292    ,450841.104425972    ,서울특별시 강서구 마곡동 ***-* ,2019-12-12 12:54:03
3150000,315000001320190001,2019-05-16,,영업/정상,,,,,40,,07571,(주)세일케이엠,I,L00,2026-05-10 23:09:04,"서울특별시 강서구 공항대로**길 **, *층 (등촌동)",정상,0000,01,26526318,187332.486700036    ,450332.354576088    ,서울특별시 강서구 등촌동 ***-** ,2019-05-16 13:55:07
3150000,315000001320200001,2020-06-12,,영업/정상,,,,,,,07741,한스테크,I,000,2026-05-10 23:09:04,서울특별시 강서구 곰달래로 *** (화곡동),정상,0000,01,,187579.647224357    ,447775.786483583    ,서울특별시 강서구 화곡동 ***-** *-*호,2020-06-12 18:33:01
3150000,315000001320210004,2021-11-08,,영업/정상,,,,,,,07531,자이글(주),I,L00,2026-05-10 23:09:04,"서울특별시 강서구 허준로 ***, 가양테크노타운 ****호 (가양동)",정상,0000,01,16449213,187831.720345753    ,450994.213236731    ,서울특별시 강서구 가양동 **** 가양테크노타운 ,2021-11-08 17:03:43
3150000,315000001320220002,2022-01-21,,영업/정상,,,,,,,07783,더셈(thesem),I,000,2026-05-10 23:09:04,"서울특별시 강서구 곰달래로 ***, *층 (화곡동)",정상,0000,01,0226062828,187203.905048232    ,447681.500418301    ,서울특별시 강서구 화곡동 ***-** ,2022-01-21 11:31:04
3150000,315000001320220004,2022-05-16,,휴업,,2025-12-28,2028-12-27,,,,07527,홈플러스(주)가양점,I,L00,2026-05-10 23:09:04,"서울특별시 강서구 양천로 ***, 홈플러스가양점 (가양동)",휴업,0001,02,0220632080,186687.131804431    ,451342.773451086    ,서울특별시 강서구 등촌동 **-** 홈플러스가양점 ,2025-12-26 17:05:50
3150000,315000001320220005,2022-05-17,,영업/정상,,,,,,,07567,홈플러스(주)강서점,I,L00,2026-05-10 23:09:04,"서울특별시 강서구 화곡로 ***, 홈플러스강서점앤본사사옥 (등촌동)",정상,0000,01,,187119.948165892    ,450691.593173724    ,서울특별시 강서구 등촌동 ***-** 홈플러스강서점앤본사사옥 ,2024-02-22 09:59:39
3150000,315000001320220009,2022-05-19,,영업/정상,,,,,,,07750,(주)더셈펫바이오,I,000,2026-05-10 23:09:04,"서울특별시 강서구 곰달래로 ***, 지하*층 (화곡동)",정상,0000,01,,186813.607417019    ,447654.180891877    ,서울특별시 강서구 화곡동 ***-** ,2022-05-19 09:27:25
3150000,315000001320220010,2022-06-07,,영업/정상,,,,,,,07566,에그트리,I,000,2026-05-10 23:09:04,"서울특별시 강서구 공항대로**길 **-*, 서광등촌마을아파트 ***동 ***호 (등촌동, 서광등촌마을아파트)",정상,0000,01,,187334.471621319    ,450632.306087305    ,서울특별시 강서구 등촌동 *** 서광등촌마을아파트 ***동 ***호,2023-04-18 13:30:20
3150000,315000001320220011,2022-06-08,,영업/정상,,,,,,,07654,지와이에스엠몰,I,000,2026-05-10 23:09:04,"서울특별시 강서구 공항대로**길 **, ***호 (화곡동)",정상,0000,01,,186943.79683438     ,450238.665562086    ,서울특별시 강서구 화곡동 **** ,2022-06-08 09:32:29
3150000,315000001320220012,2022-09-16,,영업/정상,,,,,,,07510,정무역,I,000,2026-05-10 23:09:04,"서울특별시 강서구 금낭화로 ***, 금강프라자빌딩 ***호 (방화동)",정상,0000,01,,183366.101249557    ,452817.469477897    ,서울특별시 강서구 방화동 ***-* 금강프라자빌딩 ,2022-09-16 17:36:50
3150000,315000001320220013,2022-09-19,,영업/정상,,,,,,,07635,한아름,I,000,2026-05-10 23:09:04,"서울특별시 강서구 수명로 **-**, 웨스트엔드중정 *층 (내발산동)",정상,0000,01,,184623.198956871    ,450094.659934382    ,서울특별시 강서구 내발산동 ***-** 웨스트엔드중정 ,2022-09-19 09:15:57
3150000,315000001320220014,2022-10-11,,영업/정상,,,,,,,07527,다온바이오사이언스,I,000,2026-05-10 23:09:04,서울특별시 강서구 양천로**길 *-**(가양동),정상,0000,01,,186784.482418582    ,451320.459338674    ,서울특별시 강서구 가양동 **** ,2022-10-11 17:36:14
3150000,315000001320220015,2022-12-21,,영업/정상,,,,,,,07673,바르다,I,000,2026-05-10 23:09:04,"서울특별시 강서구 까치산로 ***, 두산빌딩 ***호 (화곡동)",정상,0000,01,,186551.772704347    ,449488.203686315    ,서울특별시 강서구 화곡동 ***-* 두산빌딩 ,2022-12-21 17:47:24
3150000,315000001320030001,2003-07-23,,폐업,2005-07-25,,,,0,,07511,다스림상사,I,000,2026-05-10 23:09:03,"서울특별시 강서구 방화대로**가길 **, ***호 (방화동, 샤르망 오피스텔)",폐업,0002,03,26666766,183466.507671245    ,452885.190156723    ,서울특별시 강서구 방화동 ***-* 샤르망 오피스텔 ***호,2011-10-30 13:35:01
3150000,315000001320130001,2013-02-14,,폐업,2015-12-29,,,,47,,07586,하이플러스하이,I,000,2026-05-10 23:09:03,"서울특별시 강서구 공항대로**길 ** (등촌동, 세신그린코아빌딩)",폐업,0002,03,0263412100,186301.875540288    ,450896.992532972    ,서울특별시 강서구 등촌동 ,2015-12-29 13:19:44
3150000,315000001320180002,2018-06-21,,폐업,2019-01-30,,,,,,07697,굿프랜즈,I,000,2026-05-10 23:09:03,"서울특별시 강서구 화곡로**길 **, *층 (화곡동)",폐업,0002,03,,185829.327450003    ,449157.719617067    ,서울특별시 강서구 화곡동 ****-** ,2019-01-30 11:11:09
3150000,315000001320210001,2021-02-05,,폐업,2022-09-22,,,,,,07646,(주)더블류엠코퍼레이션,I,000,2026-05-10 23:09:04,"서울특별시 강서구 강서로**길 **, ***호 (내발산동)",폐업,0002,03,0236646211,185705.990366621    ,450641.290762228    ,서울특별시 강서구 내발산동 ***-* ***호,2022-09-22 11:27:25
3150000,315000001320210002,2021-04-26,,폐업,2025-11-20,,,,,,07631,(주)태웅메디칼,I,L00,2026-05-10 23:09:04,"서울특별시 강서구 공항대로 ***, 마곡지웰타워 ***호 (마곡동)",폐업,0002,03,07087699207,184865.68815993     ,450758.165943878    ,서울특별시 강서구 마곡동 ***-* 마곡지웰타워 ,2025-11-24 16:45:58
3150000,315000001320210003,2021-08-10,,폐업,2023-05-30,,,,13.68,,07725,(주)한울피앤케이,I,L00,2026-05-10 23:09:04,"서울특별시 강서구 까치산로*길 **-**(화곡동, 금산빌)",폐업,0002,03,0226978887,186489.058159732    ,448637.060822921    ,서울특별시 강서구 화곡동 **-*** 금산빌 ,2023-05-31 14:17:11
3150000,315000001320210005,2021-12-08,,폐업,2024-06-10,,,,,,07569,모두메디칼,I,000,2026-05-10 23:09:04,"서울특별시 강서구 공항대로**길 **, 청림오피스텔 *층 ***호 (등촌동)",폐업,0002,03,0236659167,187197.468812217    ,450519.999405521    ,서울특별시 강서구 등촌동 ***-** 청림오피스텔 ,2024-06-10 13:29:43
3150000,315000001320220001,2022-01-04,,폐업,2023-05-20,,,,,,07631,(주)오투오커뮤니케이션즈,I,000,2026-05-10 23:09:04,"서울특별시 강서구 공항대로 ***, 문영 퀸즈파크**차 ****호 (마곡동)",폐업,0002,03,,184825.676320005    ,450763.336622561    ,서울특별시 강서구 마곡동 ***-* 문영 퀸즈파크**차 ,2023-05-24 09:23:07
3150000,315000001320220003,2022-04-14,,폐업,2024-04-04,,,,,,07599,전진바이오팜주식회사 폴리파크 마곡지점,I,L00,2026-05-10 23:09:04,"서울특별시 강서구 방화대로 ***, 피앤피빌딩 *층 (마곡동)",폐업,0002,03,0269538022,183754.040224403    ,451393.257201561    ,서울특별시 강서구 마곡동 *** 피앤피빌딩 ,2024-04-05 09:39:16
3150000,315000001320220006,2022-05-17,,폐업,2023-11-28,,,,,,07525,(주)이마트에브리데이 가양동점,I,000,2026-05-10 23:09:04,"서울특별시 강서구 허준로 ***(가양동, 대림경동아파트)",폐업,0002,03,,187034.317305052    ,451572.877049653    ,서울특별시 강서구 가양동 **** 대림경동아파트 ,2023-11-29 14:35:21
3150000,315000001320220007,2022-05-17,,폐업,2023-11-29,,,,,,07663,(주)이마트에브리데이 화곡동점,I,000,2026-05-10 23:09:04,"서울특별시 강서구 화곡로 ***, 크라운뷰, 크라운타워 *층 (화곡동)",폐업,0002,03,,186456.187657133    ,449645.45192818     ,"서울특별시 강서구 화곡동 ***-** 크라운뷰, 크라운타워 ",2023-11-30 15:43:03
3150000,315000001320220008,2022-05-17,,폐업,2023-11-30,,,,,,07788,(주)이마트에브리데이 마곡점,I,000,2026-05-10 23:09:04,"서울특별시 강서구 마곡서로 ***, 마곡센트럴타워Ⅱ *층 (마곡동)",폐업,0002,03,,184507.89151286     ,451772.49965437     ,서울특별시 강서구 마곡동 *** 마곡센트럴타워Ⅱ ,2023-11-30 15:48:15
3150000,315000001320230002,2023-04-21,,폐업,2024-04-11,,,,,,07802,(주)티비앤씨,I,000,2026-05-10 23:09:04,"서울특별시 강서구 공항대로 ***, 보타닉파크타워* ***호 (마곡동)",폐업,0002,03,,185032.421148111    ,450836.071292455    ,서울특별시 강서구 마곡동 ***-* 보타닉파크타워* ,2024-04-11 14:03:48
3150000,315000001320230003,2023-05-09,,영업/정상,,,,,,,07547,주식회사 오픈메디칼,I,000,2026-05-10 23:09:04,"서울특별시 강서구 양천로 ***, 우림블루나인비즈니스센터 B동 ****호 (염창동)",정상,0000,01,0220937581,187952.560027898    ,450562.020225978    ,서울특별시 강서구 염창동 ***-** 우림블루나인비즈니스센터 ,2023-05-09 18:21:56
3160000,316000001320140002,2014-11-24,,영업/정상,,,,,,,08307,(주)모든통상,I,000,2026-04-29 22:32:45,"서울특별시 구로구 가마산로 ***, *층 ***호 (구로동, 스페스큐브)",정상,0000,01,,189925.846221375    ,443503.181948403    ,서울특별시 구로구 구로동 **-* 스페스큐브 ***호,2021-08-03 16:37:29
3160000,316000001320230001,2023-01-26,,폐업,2025-12-09,,,,,,08315,세바상사,I,000,2026-04-29 22:32:46,"서울특별시 구로구 구로동로 ***, *층 (구로동)",폐업,0002,03,,189742.929598824    ,442941.046026244    ,서울특별시 구로구 구로동 ***-* *층 ,2025-12-09 16:39:24
3160000,316000001320150001,2015-06-09,,영업/정상,,,,,,,08381,VINE,I,000,2026-04-29 22:32:45,"서울특별시 구로구 디지털로**길 ** (구로동, 에이스테크노타워*차 ***-N**)",정상,0000,01,,190491.833060361    ,442477.332680657    ,서울특별시 구로구 구로동 ***-** ,2015-06-09 09:58:43
3160000,316000001320170002,2017-07-28,,영업/정상,,,,,,,08378,(주)제일메디칼코퍼레이션,I,L00,2026-04-29 22:32:45,"서울특별시 구로구 디지털로**길 **, ***호 (구로동, 코오롱싸이언스밸리*차)",정상,0000,01,028503500,191020.264430044    ,442460.919021593    ,,2017-07-28 13:30:31
3160000,316000001320190002,2019-11-08,,영업/정상,,,,,,,08298,주식회사 한길반도체,I,L00,2026-04-29 22:32:45,"서울특별시 구로구 공원로 *, 선경오피스텔 *층 *호 (구로동)",정상,0000,01,028593252,190410.047738361    ,443953.502895004    ,경기도 하남시 학암동 ***-* 선경오피스텔 ***호,2024-06-10 17:04:04
3160000,316000001320200002,2020-11-27,,영업/정상,,,,,,,08215,(주)지오미디어,I,000,2026-04-29 22:32:45,"서울특별시 구로구 구로중앙로 ***, 라이프종합공구상가 ***호 (구로동)",정상,0000,01,0216004779,188907.966108621    ,444898.367647601    ,서울특별시 구로구 구로동 ***-** 라이프종합공구상가 ***호,2020-11-27 16:18:40
3160000,316000001320210001,2021-01-14,,영업/정상,,,,,,,08339,다우리,I,000,2026-04-29 22:32:45,"서울특별시 구로구 서해안로**가길 **, ***호 (개봉동, 누리애빌라)",정상,0000,01,,186680.712117006    ,443574.111278073    ,서울특별시 구로구 개봉동 ***-** 누리애빌라 ***호,2021-03-16 11:04:11
3160000,316000001320210002,2021-01-19,,폐업,2026-04-03,,,,,,08390,담컴퍼니,I,000,2026-04-29 22:32:45,"서울특별시 구로구 디지털로**길 **, 코오롱디지털타워빌란트 *동 *층 ***호 (구로동)",폐업,0002,03,,190776.468544178    ,442370.143700207    ,서울특별시 구로구 구로동 ***-* 코오롱디지털타워빌란트 *동 ***호,2026-04-03 14:51:39
3160000,316000001320210005,2021-01-22,,영업/정상,,,,,,,08390,더가가,I,000,2026-04-29 22:32:46,"서울특별시 구로구 디지털로**길 **, 코오롱디지털타워빌란트 ***호 (구로동)",정상,0000,01,,190776.468544178    ,442370.143700207    ,서울특별시 구로구 구로동 ***-* 코오롱디지털타워빌란트 ***호,2021-01-22 17:39:46
3160000,316000001320210006,2021-01-22,,영업/정상,,,,,,,08228,(주)리케이,I,000,2026-04-29 22:32:46,"서울특별시 구로구 경서로 **, 리케이빌딩 (고척동)",정상,0000,01,028320310,187610.051722457    ,444664.801825366    ,서울특별시 구로구 고척동 ***-** 리케이빌딩 ,2021-01-22 17:45:30
3160000,316000001320210007,2021-01-27,,영업/정상,,,,,,,08390,우공마켓,I,000,2026-04-29 22:32:46,"서울특별시 구로구 디지털로**길 **, 코오롱디지털타워빌란트 ***호 (구로동)",정상,0000,01,,190776.468544178    ,442370.143700207    ,서울특별시 구로구 구로동 ***-* 코오롱디지털타워빌란트 ***호,2021-01-27 08:46:08
3160000,316000001320210008,2021-02-02,,영업/정상,,,,,0,,08390,현이네마켓,I,000,2026-04-29 22:32:46,"서울특별시 구로구 디지털로**길 **, 코오롱디지털타워빌란트 ***호 (구로동)",정상,0000,01,,190776.468544178    ,442370.143700207    ,서울특별시 구로구 구로동 ***-* 코오롱디지털타워빌란트 ***호,2021-02-01 15:48:56
3160000,316000001320210009,2021-02-02,,영업/정상,,,,,,,08390,현이네마켓,I,000,2026-04-29 22:32:46,"서울특별시 구로구 디지털로**길 **, 코오롱디지털타워빌란트 ***호 (구로동)",정상,0000,01,,190776.468544178    ,442370.143700207    ,서울특별시 구로구 구로동 ***-* 코오롱디지털타워빌란트 ***호,2021-02-02 15:56:34
3160000,316000001320210010,2021-02-17,,영업/정상,,,,,,,08219,0514마르셰,I,000,2026-04-29 22:32:46,"서울특별시 구로구 경인로**다길 **-*, ***동 ***호 (고척동, 우성꿈동산아파트)",정상,0000,01,,188109.321801032    ,444557.996323399    ,서울특별시 구로구 고척동 *** 우성꿈동산아파트 ***동 ***호,2021-02-17 09:16:47
3160000,316000001320210012,2021-05-13,,영업/정상,,,,,,,08375,(주)디지인,I,L00,2026-04-29 22:32:46,"서울특별시 구로구 디지털로**길 **, 이앤씨벤처드림타워*차 ***동 ***호 (구로동)",정상,0000,01,,190447.24866829     ,442558.310755613    ,서울특별시 구로구 구로동 ***-** 이앤씨벤처드림타워*차 ,2021-05-13 17:38:18
3160000,316000001320220001,2022-02-14,,영업/정상,,,,,,,08254,에프알코퍼레이션,I,000,2026-04-29 22:32:46,"서울특별시 구로구 고척로*길 **, *층층 (오류동)",정상,0000,01,,185660.848176729    ,443840.25297267     ,서울특별시 구로구 오류동 *-*** ,2022-02-14 15:32:38
3160000,316000001320220003,2022-05-17,,영업/정상,,,,,,,08208,홈플러스(주)신도림점,I,L00,2026-04-29 22:32:46,"서울특별시 구로구 경인로 ***, 신도림*차푸르지오 (신도림동)",정상,0000,01,,190005.132500398    ,445250.538868558    ,서울특별시 구로구 신도림동 *** 신도림*차푸르지오 ,2024-02-23 14:35:44
3160000,316000001320230002,2023-05-11,,영업/정상,,,,,,,08362,리코바이오,I,000,2026-04-29 22:32:46,"서울특별시 구로구 부광로 **, 구로SKV* CenterB동 ***호 (항동)",정상,0000,01,,183746.686550444    ,441744.40616131     ,"서울특별시 구로구 항동 ***-* , 구로SKV* CenterB동 ***호",2023-05-11 08:57:53
3160000,316000001320230003,2023-05-30,,영업/정상,,,,,,,08389,주식회사 프로그레스미디어,I,L00,2026-04-29 22:32:46,"서울특별시 구로구 디지털로**길 **, 대륭포스트타워*차 (구로동)",정상,0000,01,028640974,190586.019686377    ,442101.685544921    ,서울특별시 구로구 구로동 ***-* 대륭포스트타워*차 ,2025-07-14 17:06:55
3160000,316000001320230004,2023-06-01,,영업/정상,,,,,,,08381,케이티메드(주),I,000,2026-04-29 22:32:46,"서울특별시 구로구 디지털로**길 **, 벽산디지털밸리*차 ***호 (구로동)",정상,0000,01,07048950962,190461.790473157    ,442368.090413171    ,서울특별시 구로구 구로동 ***-** 벽산디지털밸리*차 ***호,2023-06-01 14:27:53
3160000,316000001320230005,2023-11-06,,영업/정상,,,,,,,08376,(주)와이즈투모로우,I,L00,2026-04-29 22:32:46,"서울특별시 구로구 디지털로**길 **-**, 이앤씨벤처드림타워*차 ***호 (구로동)",정상,0000,01,0269492958,190541.499138217    ,442708.140860448    ,서울특별시 구로구 구로동 ***-** 이앤씨벤처드림타워*차 ***호,2023-11-06 13:35:18
3160000,316000001320240001,2024-05-10,,영업/정상,,,,,,,08376,탑재메디칼 주식회사,I,L00,2026-04-29 22:32:46,"서울특별시 구로구 디지털로**길 **, 이앤씨벤처드림타워*차 ***호 (구로동)",정상,0000,01,0220261786,190479.902194476    ,442751.419539641    ,서울특별시 구로구 구로동 ***-** 이앤씨벤처드림타워*차 ,2024-05-10 11:07:05
3160000,316000001320240002,2024-12-26,,영업/정상,,,,,,,08378,디케이에스에이치코리아(주)구로지점,I,L00,2026-04-29 22:32:46,"서울특별시 구로구 디지털로**길 **, 코오롱싸이언스밸리*차 ****호 (구로동)",정상,0000,01,0261055630,190980.657371441    ,442547.689997913    ,서울특별시 구로구 구로동 ***-** 코오롱싸이언스밸리*차 ,2026-04-02 17:12:57
3160000,316000001320250001,2025-01-13,,영업/정상,,,,,,,08241,앱클론(주),I,L00,2026-04-29 22:32:46,"서울특별시 구로구 고척로**길 *, *층 ***호 (고척동, 고척 헤리츠)",정상,0000,01,,187084.92680467     ,444741.625096912    ,서울특별시 구로구 고척동 ***-** 고척 헤리츠 ,2025-01-13 10:28:54
3160000,316000001320250002,2025-06-04,,영업/정상,,,,,,,08389,(주)서일퍼시픽 서울지점,I,000,2026-04-29 22:32:46,"서울특별시 구로구 디지털로**길 *, 에이스하이엔드타워*차 *층 ***-*호 (구로동)",정상,0000,01,023252106,190504.7782409      ,442154.992807483    ,서울특별시 구로구 구로동 ***-* 에이스하이엔드타워*차 ,2025-06-04 15:02:14
3160000,316000001320140001,2014-10-24,,폐업,2016-04-11,,,,,,08312,소화약국,I,000,2026-04-29 22:32:45,서울특별시 구로구 도림로 ** (구로동),폐업,0002,03,,190381.458298972    ,443104.16011184     ,,2016-04-11 15:58:41
3160000,316000001320170001,2017-02-07,,폐업,2025-01-06,,,,,,08378,보성과학(주),I,L00,2026-04-29 22:32:45,"서울특별시 구로구 디지털로**길 **, 코오롱싸이언스밸리*차 ****호 (구로동)",폐업,0002,03,0261055630,190980.657371441    ,442547.689997913    ,서울특별시 구로구 구로동 ***-** 코오롱싸이언스밸리*차 ****호,2025-01-07 15:50:44
3160000,316000001320190001,2019-04-23,,폐업,2019-07-25,,,,,,08390,오스테오시스,I,000,2026-04-29 22:32:45,"서울특별시 구로구 디지털로**길 ***, 제이앤케이디지털타워 ***호 (구로동)",폐업,0002,03,0261245958,190822.851419439    ,442253.132895893    ,서울특별시 구로구 구로동 ***-* 제이앤케이디지털타워 ,2019-07-29 15:38:45
3160000,316000001320200001,2020-09-02,,폐업,2020-11-03,,,,,,08390,MDK,I,000,2026-04-29 22:32:45,"서울특별시 구로구 디지털로**길 **, 코오롱디지털타워빌란트Ⅱ ****-*호 (구로동)",폐업,0002,03,025530923,190734.812272237    ,442305.230860115    ,서울특별시 구로구 구로동 ***-* 코오롱디지털타워빌란트Ⅱ ****-*호 ,2020-11-03 17:49:22
3160000,316000001320210011,2021-05-06,,폐업,2021-05-06,,,,,,08392,세븐일레븐구로디지털점,I,000,2026-04-29 22:32:46,"서울특별시 구로구 디지털로**다길 **, *층 ***호 (구로동)",폐업,0002,03,028681527,191069.416650513    ,442251.692435799    ,서울특별시 구로구 구로동 ****-* ***호,2021-05-06 14:26:28
3160000,316000001320210013,2021-12-06,,폐업,2022-12-29,,,,,,08380,웰릭스렌탈(주),I,L00,2026-04-29 22:32:46,"서울특별시 구로구 디지털로**길 **, 태평양물산 *층 (구로동)",폐업,0002,03,,190648.446122433    ,442554.636221572    ,서울특별시 구로구 구로동 ***-** 태평양물산 *층 ,2022-12-29 11:14:46
3160000,316000001320220002,2022-03-28,,폐업,2022-08-01,,,,,,08298,(주)상하이유마라이생물과학기술국제무역공사,I,000,2026-04-29 22:32:46,"서울특별시 구로구 공원로 *, 선경오피스텔 ****호 (구로동)",폐업,0002,03,0267417370,190410.047738361    ,443953.502895004    ,서울특별시 구로구 구로동 ***-* 선경오피스텔 ****호,2022-08-01 13:38:57
3160000,316000001320220004,2022-05-17,,폐업,2023-11-30,,,,,,08337,(주)이마트에브리데이 개봉동점,I,L00,2026-04-29 22:32:46,"서울특별시 구로구 개봉로**길 **, 중앙시장 (개봉동)",폐업,0002,03,0226842013,187009.804317689    ,443285.606966752    ,서울특별시 구로구 개봉동 ***-* 중앙시장 ,2023-11-30 16:28:10
3160000,316000001320220005,2022-05-17,,폐업,2023-11-30,,,,,,08368,(주)이마트에브리데이 구로항동점,I,L00,2026-04-29 22:32:46,서울특별시 구로구 서해안로 ****(항동),폐업,0002,03,0269542231,184491.965337694    ,442181.682623451    ,서울특별시 구로구 항동 **-* ,2023-11-30 16:29:11
3160000,316000001320140003,2014-12-15,,영업/정상,,,,,,,08298,제네스,I,000,2026-04-29 22:32:45,"서울특별시 구로구 공원로 **, ***호 (구로동)",정상,0000,01,07088078849,190197.627242129    ,444245.56335468     ,서울특별시 구로구 구로동 ***-*** ,2014-12-15 16:20:56
3170000,317000001320140001,2014-06-25,,영업/정상,,,,,,,08584,(주)더블유메디텍,I,L00,2026-05-10 22:57:01,"서울특별시 금천구 두산로 **, 현대지식산업센터 T동 *층 ***호 (독산동)",정상,0000,01,,190694.880295092    ,440764.426277932    ,서울특별시 금천구 독산동 ***-* 현대지식산업센터 T동 ***호,2020-06-19 18:51:37
3170000,317000001320180001,2018-05-23,,영업/정상,,,,,,,08501,시온하이텍,I,000,2026-05-10 22:57:01,"서울특별시 금천구 가산디지털*로 ***, 벽산디지털밸리*차 ***호 (가산동)",정상,0000,01,07089449185,189127.981104583    ,442460.505542105    ,서울특별시 금천구 가산동 ***-** 벽산디지털밸리*차 ,2018-05-23 10:00:24
3170000,317000001320190001,2019-04-22,,영업/정상,,,,,,,08639,에스앤디메디케어,I,000,2026-05-10 22:57:01,"서울특별시 금천구 시흥대로 **, 시흥유통상가 **동 ***호 (시흥동)",정상,0000,01,,191226.287379467    ,437914.06299827     ,서울특별시 금천구 시흥동 *** 시흥유통상가 ,2024-08-16 16:52:41
3170000,317000001320190002,2019-04-23,,영업/정상,,,,,,,08507,(주)코젠바이오텍,I,000,2026-05-10 22:57:02,"서울특별시 금천구 가산디지털*로 ***, 우림라이온스밸리 비동 비***호 (가산동)",정상,0000,01,20262150,189538.020935968    ,441982.427934953    ,경기도 안양시 동안구 관양동 ***-** 우림라이온스밸리 ,2025-04-15 17:16:46
3170000,317000001320190003,2019-05-13,,영업/정상,,,,,,,08503,에스디통상,I,000,2026-05-10 22:57:02,"서울특별시 금천구 가산디지털*로 ***, 가산 더블유센터 ***호 (가산동)",정상,0000,01,,189350.592434703    ,442143.206055455    ,서울특별시 금천구 가산동 ***-*** 가산 더블유센터 ,2019-05-13 11:34:20
3170000,317000001320190004,2019-11-08,,영업/정상,,,,,,,08504,(주)베스트유어즈,I,000,2026-05-10 22:57:02,"서울특별시 금천구 서부샛길 ***, 대성디폴리스지식산업센터 비동 ****-*호 (가산동)",정상,0000,01,,189055.138252216    ,441958.334400683    ,경기도 하남시 학암동 ***-* 대성디폴리스지식산업센터 ,2024-06-18 09:31:15
3170000,317000001320200002,2020-02-28,,영업/정상,,,,,,,08507,주식회사 더엔상사,I,000,2026-05-10 22:57:02,"서울특별시 금천구 가산디지털*로 ***, 우림라이온스밸리 비동 비***호 (가산동)",정상,0000,01,,189538.020935968    ,441982.427934953    ,서울특별시 금천구 가산동 ***-** 우림라이온스밸리 ,2024-03-28 11:30:33
3170000,317000001320210001,2021-12-02,,영업/정상,,,,,,,08589,(주)셀루메드,I,000,2026-05-10 22:57:03,"서울특별시 금천구 디지털로 ***, 남성프라자 *층 ***호 일부-***호 (가산동)",정상,0000,01,0221040475,189472.091898625    ,441483.675018356    ,서울특별시 금천구 가산동 ***-** 남성프라자 ,2021-12-02 09:20:37
3170000,317000001320220001,2022-05-13,,영업/정상,,,,,,,08584,홈플러스금천점,I,L00,2026-05-10 22:57:03,"서울특별시 금천구 시흥대로 ***, 홈플러스 금천점 (독산동)",정상,0000,01,028908000,190809.507840375    ,440728.382273075    ,서울특별시 금천구 독산동 ***-* 홈플러스 금천점 ,2024-02-22 10:11:48
3170000,317000001320230001,2023-08-09,,영업/정상,,,,,,,08500,(주)탑커머스 가산지점,I,L00,2026-05-10 22:57:04,"서울특별시 금천구 가산디지털*로 ***-**, *층 **호 (가산동)",정상,0000,01,,189016.465808265    ,442320.784167212    ,서울특별시 금천구 가산동 ***-** ,2023-08-09 18:01:58
3170000,317000001320230002,2023-11-24,,영업/정상,,,,,,,08592,독도 엠디에스,I,000,2026-05-10 22:57:04,"서울특별시 금천구 가산디지털*로 **, 대륭테크노타운**차 *층 **호 (가산동)",정상,0000,01,028555880,189686.475000033    ,440870.092608694    ,서울특별시 금천구 가산동 ***-** 대륭테크노타운**차 ,2023-11-24 13:22:14
3170000,317000001320240001,2024-05-16,,영업/정상,,,,,,,08506,주식회사 바이오포유,I,000,2026-05-10 22:57:04,"서울특별시 금천구 가산디지털*로 ***, 신한이노플렉스 *층 ***씨-*호 (가산동)",정상,0000,01,,189459.065518928    ,441844.960857588    ,서울특별시 금천구 가산동 ***-** 신한이노플렉스 ,2024-05-16 09:15:08
3170000,317000001320240002,2024-07-01,,영업/정상,,,,,,,08566,주식회사 지에스25금천한빛,I,L00,2026-05-10 22:57:04,"서울특별시 금천구 독산로**길 **, *층 (시흥동)",정상,0000,01,,191693.188340155    ,439868.816886866    ,서울특별시 금천구 시흥동 ***-** ,2024-07-01 16:29:53
3170000,317000001320240003,2024-11-14,,영업/정상,,,,,,,08512,주식회사 올리고생활건강,I,L00,2026-05-10 22:57:05,"서울특별시 금천구 디지털로*길 **, 이앤씨드림타워*차 ****호 (가산동)",정상,0000,01,,189943.546219232    ,441990.817436962    ,서울특별시 금천구 가산동 **-** 이앤씨드림타워*차 ,2024-11-14 17:21:54
3170000,317000001320250001,2025-11-03,,영업/정상,,,,,91,,08623,주식회사 펫탑,I,L00,2026-05-10 22:57:05,"서울특별시 금천구 시흥대로**길 **, *층 (독산동)",정상,0000,01,,191058.36952701     ,439639.142419675    ,서울특별시 금천구 독산동 ****-** ,2025-11-03 09:10:08
3170000,317000001320220002,2022-05-16,,폐업,2026-02-04,,,,,,08632,홈플러스 시흥점,I,L00,2026-05-10 22:57:03,"서울특별시 금천구 시흥대로 ***, 삼성홈플러스 (시흥동)",폐업,0002,03,028952148,191152.432649234    ,438865.160717275    ,서울특별시 강서구 등촌동 ***-** 삼성홈플러스 ,2026-02-04 11:08:04
3170000,317000001320130001,2013-07-31,,폐업,2013-12-31,,,,0,,08534,주식회사 맵플,I,L00,2026-05-10 22:57:01,서울특별시 금천구 시흥대로***길 ** (독산동),폐업,0002,03,69376207,190878.066061642    ,441272.006831095    ,서울특별시 금천구 독산동 ***-** ,2013-12-31 14:35:11
3170000,317000001320150001,2015-02-06,,폐업,2025-02-03,,,,,,08599,바른메디칼,I,000,2026-05-10 22:57:01,"서울특별시 금천구 한내로 **, *층 (독산동)",폐업,0002,03,,189979.841396839    ,439315.464911957    ,서울특별시 금천구 독산동 ,2025-02-03 10:49:55
3170000,317000001320200001,2020-02-04,,폐업,2021-04-20,,,,,,08507,아담스팟,I,000,2026-05-10 22:57:02,"서울특별시 금천구 가산디지털*로 ***, 가산 더스카이밸리 *차 ****호 (가산동)",폐업,0002,03,,189603.222916543    ,441801.135064157    ,서울특별시 금천구 가산동 ***-** 가산 더스카이밸리 *차 ,2021-04-20 16:17:29
3170000,317000001320200003,2020-09-04,,폐업,2021-10-13,,,,,,08505,(주)테크플러스,I,000,2026-05-10 22:57:02,"서울특별시 금천구 가산디지털*로 ***, 월드메르디앙*차 ***호 (가산동)",폐업,0002,03,0269256322,189202.600232089    ,441848.24299943     ,서울특별시 금천구 가산동 ***-* 월드메르디앙*차 ,2021-10-13 14:23:11
3170000,317000001320200004,2020-10-28,,폐업,2022-04-30,,,,,,08511,엠디케이(MDK),I,000,2026-05-10 22:57:02,"서울특별시 금천구 디지털로*길 **, IT미래TOWER ****호 (가산동)",폐업,0002,03,,189863.598209033    ,441870.90420315     ,서울특별시 금천구 가산동 **-** IT미래TOWER ,2022-05-25 09:28:47
3180000,318000001320230002,2023-05-31,,영업/정상,,,,,,,07238,주식회사 우연컴퍼니,I,L00,2026-05-07 22:42:17,"서울특별시 영등포구 국회대로**길 *, 아이비피아빌딩 *층 ***호 (여의도동)",정상,0000,01,0220388602,192855.846689734    ,447565.580756999    ,서울특별시 영등포구 여의도동 **-* 아이비피아빌딩 ,2023-05-31 10:41:37
3180000,318000001320170001,2017-02-02,,폐업,2024-04-08,,,,,,07204,(주)엠디젠,I,L00,2026-05-07 22:42:16,"서울특별시 영등포구 양평로**길 *, 상가*-*호 (양평동*가, 양평동한신아파트)",폐업,0002,03,029626474,190394.571819262    ,448656.726986041    ,서울특별시 영등포구 양평동*가 ** 양평동한신아파트 상가*-*호,2024-04-17 10:26:44
3180000,318000001320210006,2021-12-16,,영업/정상,,,,,,,07325,주식회사 스몰티켓,I,L00,2026-05-07 22:42:16,"서울특별시 영등포구 의사당대로 **, 오투타워 **층 ***호 (여의도동)",정상,0000,01,025670096,193165.490137352    ,446797.341447363    ,서울특별시 영등포구 여의도동 **-* 오투타워 ,2021-12-16 17:43:35
3180000,318000001320210005,2021-10-25,,영업/정상,,,,,,,07238,우연컴퍼니,I,000,2026-05-07 22:42:16,"서울특별시 영등포구 국회대로**길 *, 아이비피아빌딩 *층 ***호 (여의도동)",정상,0000,01,,192855.846689734    ,447565.580756999    ,서울특별시 영등포구 여의도동 **-* 아이비피아빌딩 ,2021-10-25 17:43:34
3180000,318000001320210003,2021-07-06,,영업/정상,,,,,28,,07375,헬네고월커,I,000,2026-05-07 22:42:16,"서울특별시 영등포구 도신로**길 **, 타원벨라움 ***호 (도림동)",정상,0000,01,,190740.721015868    ,445117.777514798    ,서울특별시 영등포구 도림동 ***-* 타원벨라움 ,2021-07-06 13:44:50
3180000,318000001320210002,2021-04-27,,영업/정상,,,,,,,07250,주식회사 상상타래,I,000,2026-05-07 22:42:16,"서울특별시 영등포구 영등포로**길 *, 제동열**호 (영등포동*가, 동남상가아파트)",정상,0000,01,,191590.878296395    ,446489.41953806     ,서울특별시 영등포구 영등포동*가 ** 동남상가아파트 ,2021-04-27 17:33:33
3180000,318000001320210001,2021-03-12,,영업/정상,,,,,,,07209,선유사,I,000,2026-05-07 22:42:16,"서울특별시 영등포구 선유로**길 **, 우신하이랜드 지층 ***호 (양평동*가)",정상,0000,01,,190625.662427406    ,448156.013984079    ,서울특별시 영등포구 양평동*가 **-* ,2021-03-12 16:26:58
3180000,318000001320190001,2019-03-14,,영업/정상,,,,,,,07318,(주)제이에이치리더,I,L00,2026-05-07 22:42:16,"서울특별시 영등포구 영등포로 ***, ***-*호 (신길동)",정상,0000,01,,192689.195810536    ,445874.843268008    ,서울특별시 영등포구 신길동 **-* 엔씨티오피스텔 ,2025-05-29 16:57:24
3180000,318000001320150001,2015-05-26,,영업/정상,,,,,60.72,,07319,(사)남북경협경제인연합회,I,L00,2026-05-07 22:42:15,"서울특별시 영등포구 여의대방로**길 *, ***호 (신길동, 천록빌딩)",정상,0000,01,025950106,193389.462376889    ,445790.101523876    ,서울특별시 영등포구 신길동 ****-* 천록빌딩 ***호,2015-05-26 17:02:26
3180000,318000001320230004,2023-11-16,,폐업,2024-12-12,,,,,,07376,늘품약초,I,000,2026-05-07 22:42:17,"서울특별시 영등포구 도영로 *-**, 한성메르디앙 ***호 (대림동)",폐업,0002,03,,190612.850474473    ,444908.95431397     ,서울특별시 영등포구 대림동 ***-** 한성메르디앙 ,2024-12-12 13:43:02
3180000,318000001320220003,2022-06-16,,폐업,2024-12-26,,,,,,07433,전진바이오팜주식회사 폴리파크 보라매지점,I,L00,2026-05-07 22:42:16,"서울특별시 영등포구 여의대방로 **, 태창빌딩 *층 (신길동)",폐업,0002,03,,192604.636646036    ,443934.721922919    ,서울특별시 영등포구 신길동 **** 태창빌딩 ,2024-12-26 15:23:16
3180000,318000001320220002,2022-05-17,,폐업,2024-02-22,,,,,,07297,홈플러스 영등포점,I,L00,2026-05-07 22:42:16,"서울특별시 영등포구 당산로 **, 홈플러스 (문래동*가)",폐업,0002,03,0221658123,190729.506453391    ,446227.07504062     ,서울특별시 영등포구 문래동*가 **-* 홈플러스 ,2024-02-22 10:25:59
3180000,318000001320220001,2022-04-15,,폐업,2024-08-01,,,,,,07265,전진바이오팜주식회사 폴리파크 당산지점,I,L00,2026-05-07 22:42:16,"서울특별시 영등포구 당산로 **, *층 (당산동*가)",폐업,0002,03,,190767.410925052    ,446788.391708022    ,서울특별시 영등포구 당산동*가 *** ,2024-08-05 09:25:15
3180000,318000001320210004,2021-07-26,,폐업,2023-05-24,,,,,,07381,옥이커피,I,000,2026-05-07 22:42:16,"서울특별시 영등포구 대림로**길 **, *층 (대림동)",폐업,0002,03,028436691,190933.354140475    ,444346.777416496    ,서울특별시 영등포구 대림동 ***-** ,2023-05-24 16:08:39
3180000,318000001320200001,2020-04-29,,폐업,2024-07-09,,,,,,07301,베이비몽,I,L00,2026-05-07 22:42:16,서울특별시 영등포구 영중로 ** (영등포동*가),폐업,0002,03,0261800086,191564.119632973    ,446251.574337289    ,서울특별시 영등포구 영등포동*가 **-* ,2024-07-09 16:16:50
3180000,318000001320190002,2019-11-15,,폐업,2023-03-22,,,,,,07319,큐찬스(주),I,L00,2026-05-07 22:42:16,"서울특별시 영등포구 여의대방로**길 *, 천록빌딩 ****호 (신길동)",폐업,0002,03,025483131,193389.462376889    ,445790.101523876    ,서울특별시 영등포구 신길동 ****-* 천록빌딩 ,2023-03-27 10:22:06
3180000,318000001320180001,2018-06-25,,폐업,2019-04-22,,,,,,07212,주식회사 포파코 양평지점,I,L00,2026-05-07 22:42:16,"서울특별시 영등포구 선유로 ***, *,*호 (양평동*가)",폐업,0002,03,0220693121,190715.183390798    ,447858.055551415    ,서울특별시 영등포구 양평동*가 *-* ,2019-04-22 17:34:21
3180000,318000001320230003,2023-06-28,,영업/정상,,,,,,,07320,성우약국,I,000,2026-05-07 22:42:17,"서울특별시 영등포구 여의대로 **, 전경련회관 지하*층 ***-*호 (여의도동)",정상,0000,01,027181454,192880.946054063    ,446664.78738442     ,서울특별시 영등포구 여의도동 **-* 전경련회관 ,2023-06-28 11:11:21
3180000,318000001320240001,2024-01-11,,영업/정상,,,,,,,07364,알리아벳,I,000,2026-05-07 22:42:17,"서울특별시 영등포구 도영로 **, 대우미래사랑 ***동 ***호 (도림동)",정상,0000,01,,191136.033640474    ,445478.605469227    ,서울특별시 영등포구 도림동 *** 대우미래사랑 ,2024-01-11 16:47:30
3180000,318000001320240002,2024-03-28,,영업/정상,,,,,,,07251,주식회사 비에스온,I,L00,2026-05-07 22:42:17,"서울특별시 영등포구 영등포로 ***, BS타워 *층 (영등포동*가)",정상,0000,01,,191362.052396053    ,446480.987047127    ,서울특별시 영등포구 영등포동*가 **-* BS타워 ,2024-03-28 16:50:22
3180000,318000001320250001,2025-01-06,,영업/정상,,,,,,,07217,주식회사 옵스틴,I,000,2026-05-07 22:42:17,"서울특별시 영등포구 당산로**길 **, 당산 SK V* center E동 ****호 (당산동*가)",정상,0000,01,,190941.054351896    ,447628.862085473    ,서울특별시 영등포구 당산동*가 ** 당산 SK V* center E동 ****호,2025-01-07 13:25:28
3180000,318000001320250002,2025-02-10,,영업/정상,,,,,,,07271,(주)핸더바이오닉스,I,L00,2026-05-07 22:42:17,"서울특별시 영등포구 양산로 **, 월드메르디앙비즈센터 비***호 (양평동*가)",정상,0000,01,0818776015,190107.95828772     ,447051.469526227    ,서울특별시 영등포구 양평동*가 **-* 월드메르디앙비즈센터 ,2025-02-10 09:15:18
3180000,318000001320250003,2025-03-19,,영업/정상,,,,,,,07301,주식회사 에스에스지닷컴,I,L00,2026-05-07 22:42:17,"서울특별시 영등포구 영신로**길 **, KB영등포타워 *층 (영등포동*가)",정상,0000,01,023902190,191442.263548302    ,446352.727233918    ,서울특별시 영등포구 영등포동*가 ** KB영등포타워 ,2025-12-09 09:05:29
3180000,318000001320250005,2025-12-03,,영업/정상,,,,,,,07278,루에리상사,I,000,2026-05-07 22:42:17,"서울특별시 영등포구 선유서로**길 **, 양평동 오피스텔 *동 *층 ***-b***호 (양평동*가)",정상,0000,01,,189664.262881986    ,446728.42373327     ,서울특별시 영등포구 양평동*가 **-* 양평동 오피스텔 ,2025-12-03 13:28:04
3180000,318000001320130001,2013-01-08,,영업/정상,,,,,15.3,,07204,(주)성보사이언스,I,L00,2026-05-07 22:42:15,"서울특별시 영등포구 양평로**길 *, 제***동 상가*층 **호 (양평동*가, 양평동한신아파트)",정상,0000,01,26716931,190394.571819262    ,448656.726986041    ,서울특별시 영등포구 양평동*가 ** 양평동한신아파트 제***동상가 *층 **호 ,2013-01-08 11:07:03
3180000,318000001320260001,2026-03-22,,영업/정상,,,,,,,07298,한일전기주식회사,I,L00,2026-05-07 22:42:17,"서울특별시 영등포구 문래로**길 **, 세미콜론문래 **층 (문래동*가)",정상,0000,01,0226301756,191071.738273908    ,445989.402943141    ,서울특별시 영등포구 문래동*가 **-** 세미콜론문래 ,2026-03-22 11:54:30
3180000,318000001320250004,2025-05-26,,폐업,2025-11-03,,,,,,07335,(주) 유비케어,I,L00,2026-05-07 22:42:17,"서울특별시 영등포구 여의대로 ***, 파크원타워* **층 (여의도동)",폐업,0002,03,0221055000,193592.000380036    ,447092.629432527    ,서울특별시 영등포구 여의도동 ** 파크원 ,2025-12-17 13:26:49
3180000,318000001320140002,2014-02-06,,영업/정상,,,,,,,07299,(주)대석메드,I,L00,2026-05-07 22:42:15,"서울특별시 영등포구 경인로 ***, *동 ***호 (문래동*가, 에이스하이테크시티)",정상,0000,01,0263094343,190996.357288859    ,445841.377603245    ,서울특별시 영등포구 문래동*가 **-** 에이스하이테크시티 *동 ***호 ,2014-02-06 11:02:37
3180000,318000001320260003,2026-06-16,,영업/정상,,,,,,,07278,디앤지유통,I,000,2026-06-17 22:02:20,"서울특별시 영등포구 선유서로**길 **, 양평동 오피스텔 *층 ***-B***호 (양평동*가)",정상,0000,01,,189664.262881986    ,446728.42373327     ,서울특별시 영등포구 양평동*가 **-* 양평동 오피스텔 ,2026-06-16 15:29:12
3180000,318000001320260002,2026-04-14,,영업/정상,,,,,,,07278,태이컴퍼니,I,000,2026-05-07 22:42:17,"서울특별시 영등포구 선유서로**길 **, 양평동 오피스텔 *층 ***-B***호 (양평동*가)",정상,0000,01,,189664.262881986    ,446728.42373327     ,서울특별시 영등포구 양평동*가 **-* 양평동 오피스텔 ,2026-04-14 13:05:34
3180000,318000001319990001,1999-03-23,,폐업,2012-03-06,,,,16.2,,,킴스상사,I,000,2026-05-07 22:42:14,,폐업,0002,03,26342498,,,서울특별시 영등포구 영등포동*가 **-***  ,2012-03-06 13:09:12
3180000,318000001319990002,1999-05-13,,폐업,2012-03-06,,,,56.24,,,조일메디칼,I,000,2026-05-07 22:42:15,서울특별시 영등포구 신길로 *** (신길동),폐업,0002,03,83103889,192037.140346383    ,445369.211797828    ,서울특별시 영등포구 신길동 ***-** ,2012-03-06 13:06:36
3180000,318000001319990003,1999-03-23,,폐업,2012-03-06,,,,16.2,,,킴스상사,I,000,2026-05-07 22:42:15,"서울특별시 영등포구 국회대로**길 * (영등포동*가,성보빌딩 ***호)",폐업,0002,03,26342498,191886.853237588    ,446914.055533838    ,서울특별시 영등포구 영등포동*가 **-*** 성보빌딩 ***호 ,2012-03-06 10:11:15
3180000,318000001320000001,2000-06-30,,폐업,2012-03-06,,,,54,,,진원메디칼,I,000,2026-05-07 22:42:15,,폐업,0002,03,,,,서울특별시 영등포구 도림동 *-**   ,2012-03-06 13:08:01
3180000,318000001320020001,2002-08-31,,폐업,2010-06-16,,,,72,,,다산메디칼,I,000,2026-05-07 22:42:15,,폐업,0002,03,,,,서울특별시 영등포구 신길동 ***-*    ,2010-06-16 12:15:08
3180000,318000001320140001,2014-01-17,,폐업,2015-08-17,,,,,,07345,주식회사 펫탑,I,L00,2026-05-07 22:42:15,"서울특별시 영등포구 **로 **, ****호 (여의도동, 라이프오피스텔)",폐업,0002,03,027805594,194561.746032498    ,446364.318286465    ,서울특별시 영등포구 여의도동 **-* ****호 ,2015-08-18 15:51:38
3180000,318000001320150002,2015-08-07,,폐업,2024-10-18,,,,12.15,,07204,(주)일신씨엔엠,I,L00,2026-05-07 22:42:16,"서울특별시 영등포구 양평로**길 *, ***동 **호 (양평동*가, 양평동한신아파트)",폐업,0002,03,0226726515,190394.571819262    ,448656.726986041    ,서울특별시 영등포구 양평동*가 양평동한신아파트 ***동 **호,2024-10-23 15:30:46
3180000,318000001320230001,2023-04-21,,영업/정상,,,,,,,07238,디지시스 주식회사,I,L00,2026-05-07 22:42:17,"서울특별시 영등포구 국회대로**길 **, 기계산업진흥회 신관**층 (여의도동)",정상,0000,01,0221294700,193065.323272281    ,447494.221918799    ,서울특별시 영등포구 여의도동 **-* 기계산업진흥회 ,2023-04-21 16:31:50
3190000,319000001320220006,2022-05-20,,폐업,2023-11-24,,,,,,06921,이마트에브리데이 상도동점,I,L00,2026-05-10 22:55:22,"서울특별시 동작구 상도로**길 **(상도동, 브라운스톤상도아파트)",폐업,0002,03,028233651,194963.274671696    ,444866.845573417    ,서울특별시 동작구 상도동 *** 브라운스톤상도아파트 ,2023-11-27 17:12:23
3190000,319000001320220005,2022-05-20,,폐업,2023-11-23,,,,,,06998,이마트에브리데이 사당동점,I,L00,2026-05-10 22:55:22,"서울특별시 동작구 동작대로**길 ***(사당동, 신동아아파트)",폐업,0002,03,,197802.436613024    ,443049.214038897    ,서울특별시 동작구 사당동 *** 신동아아파트 ,2023-11-27 16:20:41
3190000,319000001320220001,2022-05-19,,폐업,2023-11-20,,,,,,06979,이마트에브리데이 흑석동점,I,L00,2026-05-10 22:55:22,"서울특별시 동작구 서달로 ***(흑석동, 명수대아파트)",폐업,0002,03,,196598.04833644     ,445014.002982422    ,서울특별시 동작구 흑석동 **-* 명수대아파트 ,2023-11-21 10:05:19
3190000,319000001320180001,2018-09-18,,폐업,2020-04-20,,,,,,07013,베이비몽,I,000,2026-05-10 22:55:22,서울특별시 동작구 동작대로**길 ** (사당동),폐업,0002,03,0261800086,198258.471061479    ,442440.347267252    ,서울특별시 동작구 사당동 ****-* ,2020-05-04 18:08:50
3190000,319000001320170001,2017-06-26,,폐업,2024-01-25,,,,,,07071,보라매컨설팅,I,000,2026-05-10 22:55:22,"서울특별시 동작구 보라매로*길 *, 상가동 ***,***호 (신대방동, 보라매우성아파트)",폐업,0002,03,,193311.831569946    ,443352.67250352     ,서울특별시 동작구 신대방동 *** 상가동 ***호,2024-02-05 09:03:59
3190000,319000001320150002,2015-08-24,,폐업,2018-07-26,,,,17.7,,06954,주식회사 펫탑,I,L00,2026-05-10 22:55:22,"서울특별시 동작구 대방동**길 **, *층 (대방동, 대호빌딩)",폐업,0002,03,027805594,193231.892394661    ,444327.777286652    ,서울특별시 동작구 대방동 ***-*** *층 ,2018-07-26 15:18:03
3190000,319000001320150001,2015-08-20,,폐업,2018-07-26,,,,17.7,,06954,주식회사 펫탑,I,L00,2026-05-10 22:55:22,"서울특별시 동작구 대방동**길 **, *층 (대방동, 대호빌딩)",폐업,0002,03,027805594,193231.892394661    ,444327.777286652    ,서울특별시 동작구 대방동 ***-*** *층 ,2018-07-26 15:15:34
3190000,319000001320120001,2012-06-25,,폐업,2017-01-11,,,,32.4,,06970,디자인포션,I,000,2026-05-10 22:55:22,"서울특별시 동작구 상도로 ***, *층 ***호 (상도*동)",폐업,0002,03,,195463.528823655    ,444363.244818812    ,서울특별시 동작구 상도*동 *** *층 ***호 ,2017-01-11 15:02:50
3190000,319000001320030001,2003-12-20,,폐업,2007-05-22,,,,0,,,(주)유한양행,I,000,2026-05-10 22:55:21,,폐업,0002,03,82801837,,,서울특별시 동작구 대방동 **-*    *층 ,2007-05-22 12:53:40
3190000,319000001320260001,2026-05-13,,영업/정상,,,,,107.1,,07014,(주)에이아이포펫,I,L00,2026-05-14 22:02:20,"서울특별시 동작구 동작대로 **, *층 (사당동)",정상,0000,01,025221772,198302.882425901    ,442242.339109372    ,서울특별시 동작구 사당동 ****-** ,2026-05-13 14:57:50
3190000,319000001320160001,2016-06-27,,영업/정상,,,,,,,06920,토탈랩솔루션,U,000,2026-06-05 03:03:03,"서울특별시 동작구 만양로 **, 상가동 ***,***호 (노량진동, 상도신동아리버파크아파트)",정상,0000,01,,195078.236176484    ,445024.485155695    ,서울특별시 동작구 노량진동 *** 상도신동아리버파크아파트 ,2026-06-04 10:38:43
3190000,319000001320240001,2024-05-13,,영업/정상,,,,,,,07073,(주)진원메디칼,I,000,2026-05-10 22:55:23,"서울특별시 동작구 대림로 **, 진원빌딩 (신대방동)",정상,0000,01,07070074455,191958.16953273     ,442754.754162376    ,서울특별시 동작구 신대방동 ***-** 진원빌딩 ,2024-05-13 16:37:23
3190000,319000001320220008,2022-06-30,,영업/정상,,,,,,,06978,주식회사 와이비즈,I,L00,2026-05-10 22:55:23,"서울특별시 동작구 상도로**길 *-*, ***스테이션 *층 **호 (상도동)",정상,0000,01,028531112,195881.911969807    ,443860.580171038    ,서울특별시 동작구 상도동 ***-* ,2026-04-01 10:38:38
3190000,319000001320220002,2022-05-20,,영업/정상,,,,,,,06921,이마트에브리데이 상도동점,I,L00,2026-05-10 22:55:22,"서울특별시 동작구 상도로**길 **(상도동, 브라운스톤상도아파트)",정상,0000,01,028233651,194963.274671696    ,444866.845573417    ,서울특별시 동작구 상도동 *** 브라운스톤상도아파트 ,2022-05-20 10:06:02
3190000,319000001320210002,2021-12-07,,영업/정상,,,,,,,07028,올댓쿨,I,000,2026-05-10 22:55:22,"서울특별시 동작구 사당로*가길 ***, ***동 ****호 (사당동, 사당자이아파트)",정상,0000,01,,196608.871745259    ,442945.068602335    ,서울특별시 동작구 사당동 **** 사당자이아파트 ,2021-12-07 14:25:22
3190000,319000001320220007,2022-05-20,,폐업,2023-11-23,,,,,,06953,이마트에브리데이 대방동점,I,L00,2026-05-10 22:55:22,"서울특별시 동작구 상도로 **, 대방동크리닉센타 (대방동)",폐업,0002,03,028413651,193699.189949205    ,444190.844599349    ,서울특별시 동작구 대방동 ***-** 대방동크리닉센타 ,2023-11-27 15:57:35
3190000,319000001320190001,2019-11-04,,영업/정상,,,,,,,07013,성진메드,I,000,2026-05-10 22:55:22,서울특별시 동작구 동작대로**길 ** (사당동),정상,0000,01,025251341,198137.759449433    ,442421.230560468    ,서울특별시 동작구 사당동 ****-** ,2019-11-04 14:00:05
3190000,319000001320210001,2021-04-22,,취소/말소/만료/정지/중지,,,,,,,04376,호크마행정사사무소,I,000,2026-05-10 22:55:22,"서울특별시 용산구 새창로 ***, 용산토투밸리 ****호 (한강로*가)",말소,0004,04,,197083.100438264    ,447552.774477998    ,서울특별시 용산구 한강로*가 *-** 용산토투밸리 ,2021-12-03 17:31:17
3200000,320000001320190002,2019-07-25,,영업/정상,,,,,,,08857,엘케어,I,000,2026-05-07 22:35:43,"서울특별시 관악구 난곡로**길 **, 지하*층 (신림동)",정상,0000,01,028750734,192921.066869684    ,440821.57957042     ,서울특별시 관악구 신림동 ***-* 지하*층 ,2022-01-17 15:18:50
3200000,320000001320220003,2022-06-16,,폐업,2024-12-26,,,,,,08738,전진바이오팜주식회사 폴리파크 서울대입구역지점,I,L00,2026-05-07 22:35:43,"서울특별시 관악구 남부순환로 ****, *층 (봉천동)",폐업,0002,03,,195808.057089754    ,442130.000840156    ,서울특별시 관악구 봉천동 ***-* ,2024-12-26 13:35:23
3200000,320000001320220001,2022-05-17,,영업/정상,,,,,,,08808,홈플러스(주)서울남현점,I,L00,2026-05-07 22:35:43,"서울특별시 관악구 과천대로 ***, B*층 (남현동)",정상,0000,01,,198374.473281221    ,441033.513044892    ,서울특별시 관악구 남현동 ***-** ,2022-05-17 09:29:24
3200000,320000001320220004,2022-07-08,,영업/정상,,,,,,,08806,주식회사 바우라움,I,L00,2026-05-07 22:35:43,"서울특별시 관악구 남현*길 **, *층 (남현동)",정상,0000,01,,198142.028597565    ,441468.240751578    ,서울특별시 관악구 남현동 ****-* ,2022-07-08 09:11:24
3200000,320000001320230001,2023-09-13,,영업/정상,,,,,,,08848,네오벳,I,000,2026-05-07 22:35:43,"서울특별시 관악구 호암로 ***, 상가 ***동 ***,***호 (신림동, 국제산장아파트)",정상,0000,01,,193545.593415385    ,439853.488919065    ,서울특별시 관악구 신림동 **** 국제산장아파트 ,2023-09-13 13:19:05
3200000,320000001320250001,2025-08-25,,영업/정상,,,,,,,08804,주식회사 라이브케어,I,L00,2026-05-07 22:35:43,"서울특별시 관악구 남현길 **, *층 (남현동)",정상,0000,01,,197795.144334346    ,441302.523392728    ,서울특별시 관악구 남현동 ****-** ,2025-08-25 10:29:17
3200000,320000001320190003,2019-10-16,,폐업,,,,,,,08788,주식회사 메디컬이노베이션,I,L00,2026-05-07 22:35:43,"서울특별시 관악구 관악로 ***, BS타워 *층 (봉천동)",폐업,0002,03,,195749.807818865    ,441904.517972976    ,서울특별시 관악구 봉천동 ***-* BS타워 ,2020-04-05 16:55:41
3200000,320000001320050001,2005-03-31,,폐업,2015-10-17,,,,0,,08863,히포사이언스,I,000,2026-05-07 22:35:43,서울특별시 관악구 문성로 ** (신림동),폐업,0002,03,025325526,192174.723909669    ,441573.738036061    ,서울특별시 관악구 신림동 ***-** 건영빌딩 *층 ,2016-04-06 10:39:16
3200000,320000001320180001,2018-01-31,,폐업,2018-05-11,,,,,,08813,주식회사 핏펫(FitPet),I,000,2026-05-07 22:35:43,"서울특별시 관악구 신림로 ***, 서울대-관악큐브 창업지원센터 *층 (신림동)",폐업,0002,03,0263391800,194294.700093302    ,440945.094640521    ,"서울특별시 관악구 신림동 ***-* 서울대-관악큐브 창업지원센터, *층 ",2018-05-09 13:37:42
3200000,320000001320180002,2018-06-11,,폐업,2021-12-28,,,,,,08707,폴리파크 신림점,I,000,2026-05-07 22:35:43,"서울특별시 관악구 봉천로 ***, 금오빌딩 (신림동)",폐업,0002,03,0232851312,193443.186089237    ,443029.164179371    ,서울특별시 관악구 신림동 ****-** 금오빌딩 ,2021-12-28 09:50:23
3200000,320000001320190001,2019-03-11,,폐업,2021-07-28,,,,,,08819,아톰커머스,I,000,2026-05-07 22:35:43,"서울특별시 관악구 신림로**길 **, *층 (신림동)",폐업,0002,03,,194204.699731556    ,440720.370955853    ,서울특별시 관악구 신림동 **** *층 ,2021-07-29 16:35:59
3200000,320000001320190004,2019-10-17,,폐업,2020-04-02,,,,,,08788,주식회사 메디컬이노베이션,I,L00,2026-05-07 22:35:43,"서울특별시 관악구 관악로 ***, BS타워 *층 (봉천동)",폐업,0002,03,,195749.807818865    ,441904.517972976    ,서울특별시 관악구 봉천동 ***-* BS타워 ,2020-04-05 16:57:16
3200000,320000001320210001,2021-01-11,,폐업,2023-12-05,,,,,,08754,다정메디칼,I,000,2026-05-07 22:35:43,"서울특별시 관악구 신림로 ***, ***-*호 (신림동)",폐업,0002,03,,193746.833837509    ,442510.775085572    ,서울특별시 관악구 신림동 ****-* ,2023-12-05 15:18:35
3200000,320000001320210003,2021-02-16,,폐업,2023-12-15,,,,,,08843,런하트,I,000,2026-05-07 22:35:43,"서울특별시 관악구 문성로**길 **, *층 (신림동)",폐업,0002,03,028563806,193715.77733893     ,441728.335407961    ,서울특별시 관악구 신림동 ****-** ,2023-12-15 10:40:40
3200000,320000001320210004,2021-04-28,,폐업,2023-08-18,,,,,,08750,(주)탑커머스 관악지점,I,L00,2026-05-07 22:35:43,"서울특별시 관악구 봉천로 ***, ***동 ***호 (봉천동, 두산아파트)",폐업,0002,03,,194879.596231677    ,442483.131081868    ,서울특별시 관악구 봉천동 **** 두산아파트 ,2023-08-18 17:30:33
3200000,320000001320220002,2022-05-18,,폐업,2023-11-24,,,,,,08716,(주)이마트에브리데이 봉천동점,I,L00,2026-05-07 22:35:43,"서울특별시 관악구 은천로 **, 은호빌딩 *층 (봉천동)",폐업,0002,03,0232853657,194719.981415722    ,442674.193730756    ,서울특별시 관악구 봉천동 ***-** 은호빌딩 ,2023-11-24 13:46:37
3200000,320000001320210002,2021-01-20,,영업/정상,,,,,,,08770,나스티스,I,000,2026-05-07 22:35:43,"서울특별시 관악구 남부순환로 ****, 상가동 지층 비***-*호 (신림동, 신림푸르지오아파트)",정상,0000,01,,192012.500669524    ,441885.529640794    ,서울특별시 관악구 신림동 **** 신림푸르지오아파트 상가동 ,2021-01-20 09:34:31
3210000,321000001320160003,2016-05-31,,폐업,2017-08-29,,,,,,06789,베트컴코리아(주),I,L00,2026-05-08 22:54:15,"서울특별시 서초구 강남대로*길 **-** (양재동, 광산빌딩)",폐업,0002,03,025739669,203899.648568982    ,440629.337291334    ,서울특별시 서초구 양재동 ***-* 광산빌딩 ,2017-08-29 16:24:49
3210000,321000001320190001,2019-01-28,,폐업,2022-08-23,,,,17.64,,06603,비마이펫 주식회사,I,L00,2026-05-08 22:54:15,"서울특별시 서초구 서초중앙로**길 **, 서초플라자 *층 ***호 (서초동)",폐업,0002,03,07080642794,201643.318591414    ,443772.466475611    ,서울특별시 서초구 서초동 ****-* 서초플라자 ***호,2022-08-23 13:43:42
3210000,321000001320190002,2019-02-25,,폐업,2019-05-13,,,,7.5,,06626,ST Care,I,000,2026-05-08 22:54:15,"서울특별시 서초구 강남대로 ***, 삼원빌딩 *층 ***호 (서초동)",폐업,0002,03,025837041,202524.096001449    ,443449.99298641     ,서울특별시 서초구 서초동 ****-* 삼원빌딩 ***호,2019-05-13 15:49:26
3210000,321000001320190004,2019-05-15,,폐업,2020-06-05,,,,,,06626,STcare,I,000,2026-05-08 22:54:15,"서울특별시 서초구 강남대로 ***, 삼원빌딩 *층 (서초동)",폐업,0002,03,,202524.096001449    ,443449.99298641     ,서울특별시 서초구 서초동 ****-* 삼원빌딩 ,2020-06-05 10:05:55
3210000,321000001320200003,2020-06-03,,폐업,2022-08-23,,,,,,06781,아낌없이주는나무,I,000,2026-05-08 22:54:16,"서울특별시 서초구 언남**길 **, *층 ***호 (양재동)",폐업,0002,03,,203956.096638336    ,441170.049891434    ,서울특별시 서초구 양재동 ***-** ***호,2022-08-23 12:53:11
3210000,321000001320200004,2020-09-23,,폐업,2021-06-23,,,,,,06693,팻츠온,I,000,2026-05-08 22:54:16,"서울특별시 서초구 방배천로*길 **, *층 ***호 (방배동)",폐업,0002,03,07088457309,198511.665525642    ,441661.15742289     ,서울특별시 서초구 방배동 ***-* ,2021-06-23 16:19:16
3210000,321000001320220004,2022-04-25,,폐업,2023-11-27,,,,,,06630,(주)이마트에브리데이,I,L00,2026-05-08 22:54:21,"서울특별시 서초구 효령로 ***(서초동, 서초그랑자이)",폐업,0002,03,,202245.377899369    ,442987.986999742    ,서울특별시 서초구 서초동 **** 서초그랑자이 ,2023-11-27 13:37:11
3210000,321000001320220005,2022-05-19,,폐업,2023-12-01,,,,,,06629,(주)이마트에브리데이 래미안 리더스원점,I,L00,2026-05-08 22:54:21,"서울특별시 서초구 사임당로 ***, 리더스원 상가 지하*층 ***호 (서초동)",폐업,0002,03,,202332.852930998    ,443293.183512728    ,서울특별시 서초구 서초동 ****-* 리더스원 상가 ,2023-12-01 12:40:45
3210000,321000001320220006,2022-05-19,,폐업,2023-11-28,,,,,,06721,(주)이마트에브리데이 남부터미널점,I,L00,2026-05-08 22:54:21,"서울특별시 서초구 효령로**길 **, 한진택배 (서초동)",폐업,0002,03,0234732092,201776.50244889     ,442610.131697178    ,서울특별시 서초구 서초동 ****-** 한진택배 ,2023-11-28 16:09:39
3210000,321000001320220008,2022-05-19,,폐업,2023-12-01,,,,,,06609,(주)이마트에브리데이 서초동점,I,L00,2026-05-08 22:54:21,"서울특별시 서초구 서운로 ***, 동인빌딩 (서초동)",폐업,0002,03,025343651,201862.357603246    ,444462.626124882    ,서울특별시 서초구 서초동 ****-* 동인빌딩 ,2023-12-01 14:24:03
3210000,321000001320220009,2022-05-20,,폐업,2023-11-24,,,,,,06787,(주)이마트에브리데이 양재점,I,L00,2026-05-08 22:54:21,"서울특별시 서초구 동산로*길 **, 선용골프연습장 *층 (양재동)",폐업,0002,03,0220581016,203630.238293919    ,440753.038269237    ,서울특별시 서초구 양재동 *** 선용골프연습장 ,2023-11-24 14:29:59
3210000,321000001320220010,2022-05-20,,폐업,2023-12-04,,,,,,06764,(주)이마트에브리데이 우면점,I,L00,2026-05-08 22:54:21,"서울특별시 서초구 태봉로 **, 황금빌딩 *층 (우면동)",폐업,0002,03,025770100,202151.207983366    ,440152.039102831    ,서울특별시 서초구 우면동 *** 황금빌딩 ,2023-12-04 15:45:56
3210000,321000001320220011,2022-05-20,,폐업,2023-11-20,,,,,,06652,(주)이마트에브리데이 서초센트럴점,I,L00,2026-05-08 22:54:21,"서울특별시 서초구 반포대로**길 **, ***-***호 (서초동, 서초센트럴IPARK)",폐업,0002,03,0221357949,200958.146177387    ,442749.959049103    ,서울특별시 서초구 서초동 ****-* 서초센트럴IPARK ,2023-11-20 16:00:15
3210000,321000001320220012,2022-05-30,,폐업,2023-11-24,,,,,,06667,(주)이마트에브리데이 방배효령점,I,L00,2026-05-08 22:54:21,서울특별시 서초구 명달로 **(서초동),폐업,0002,03,0269590117,200247.455779224    ,442401.21158798     ,서울특별시 서초구 서초동 ****-* ,2023-11-24 11:36:46
3210000,321000001320220014,2022-06-17,,폐업,2023-11-14,,,,,,06800,(주)이마트에브리데이 서초내곡점,I,000,2026-05-08 22:54:21,"서울특별시 서초구 청계산로*길 **, 내곡 SH 플라자 (내곡동)",폐업,0002,03,,205219.282487819    ,439034.848861341    ,서울특별시 서초구 내곡동 *** 내곡 SH 플라자 ,2023-11-14 14:49:45
3210000,321000001320220022,2022-12-05,,폐업,2024-04-25,,,,,,06675,라라코리아,I,000,2026-05-08 22:54:22,"서울특별시 서초구 방배천로**길 *, ***호 (방배동)",폐업,0002,03,,198465.506849579    ,442425.826517858    ,서울특별시 서초구 방배동 ***-* ,2024-04-25 15:00:46
3210000,321000001320230001,2023-02-06,,폐업,2025-01-24,,,,,,06686,유성메디칼케어,I,000,2026-05-08 22:54:22,"서울특별시 서초구 방배로 **, 보령빌딩 *층 ***호 (방배동)",폐업,0002,03,0262072544,199624.929068646    ,442262.095416342    ,서울특별시 서초구 방배동 ***-** 보령빌딩 ,2025-01-24 14:47:52
3210000,321000001320230002,2023-04-13,,폐업,2024-11-28,,,,,,06753,주식회사 우리엔 서울,I,L00,2026-05-08 22:54:22,"서울특별시 서초구 양재천로**길 **, 향산빌딩 *, *층 (양재동)",폐업,0002,03,,203304.837494791    ,441576.854245269    ,서울특별시 서초구 양재동 ***-* 향산빌딩 ,2024-11-28 09:50:44
3210000,321000001320220003,2022-04-06,,영업/정상,,,,,3411.52,,06634,(주)그레비티,I,L00,2026-05-08 22:54:20,"서울특별시 서초구 서초중앙로 ***, 일광빌딩 B*층 ***호 (서초동)",정상,0000,01,,201194.57518776     ,443304.838805011    ,서울특별시 서초구 서초동 ****-* 일광빌딩 ,2022-04-06 18:04:25
3210000,321000001320220013,2022-06-14,,영업/정상,,,,,,,06527,주식회사 에프에이치아이코리아,I,000,2026-05-08 22:54:21,"서울특별시 서초구 강남대로**길 **, 잠원동 삼우빌딩 *층 (잠원동)",정상,0000,01,,201416.141025113    ,445802.100265801    ,서울특별시 서초구 잠원동 **-* 잠원동 삼우빌딩 ,2022-06-14 18:47:39
3210000,321000001320220017,2022-08-18,,영업/정상,,,,,,,06542,주식회사 펫닥,I,L00,2026-05-08 22:54:22,"서울특별시 서초구 강남대로**길 **, 제이디 빌딩 *층 (반포동)",정상,0000,01,,201907.192235434    ,444731.440860365    ,서울특별시 서초구 반포동 ***-** 제이디 빌딩 ,2022-08-18 11:09:54
3210000,321000001320220018,2022-08-01,,영업/정상,,,,,,,06792,주아빛,I,000,2026-05-08 22:54:22,"서울특별시 서초구 헌릉로 *, 외국기업창업지원연구센터 ***호 (염곡동)",정상,0000,01,0234971096,203817.645288426    ,440372.135898289    ,서울특별시 서초구 염곡동 ***-* 외국기업창업지원연구센터 ,2022-08-01 16:28:09
3210000,321000001320220019,2022-09-23,,영업/정상,,,,,,,06771,(주)이마트 양재점,I,L00,2026-05-08 22:54:22,"서울특별시 서초구 매헌로 **, 하이브랜드 (양재동)",정상,0000,01,,203204.755637424    ,440136.781183797    ,서울특별시 서초구 양재동 *** 하이브랜드 ,2022-09-23 16:21:09
3210000,321000001320220021,2022-10-20,,영업/정상,,,,,,,06651,(주)호안통상,I,000,2026-05-08 22:54:22,"서울특별시 서초구 서초중앙로 **, 리더스빌딩 ****호 (서초동)",정상,0000,01,,201208.493843332    ,442790.939502082    ,서울특별시 서초구 서초동 ****-** 리더스빌딩 ,2022-10-20 16:14:35
3210000,321000001320230003,2023-06-02,,영업/정상,,,,,,,06650,주식회사 지셀릭스,I,L00,2026-05-08 22:54:22,"서울특별시 서초구 사임당로 **, 한성빌딩 *층 ****호 (서초동)",정상,0000,01,,201176.159311432    ,442917.346139861    ,서울특별시 서초구 서초동 ****-* 한성빌딩 ,2024-04-11 17:49:42
3210000,321000001320230004,2023-07-21,,영업/정상,,,,,,,06619,주식회사 미로펫,I,L00,2026-05-08 22:54:22,"서울특별시 서초구 서초대로 ***, BNK디지털타워 ***호 (서초동)",정상,0000,01,,202152.435828986    ,443826.911881224    ,서울특별시 서초구 서초동 ****-** BNK디지털타워 ,2023-09-07 17:29:37
3210000,321000001320240002,2024-01-23,,영업/정상,,,,,,,06524,주식회사 앤드블랭크,I,L00,2026-05-08 22:54:22,"서울특별시 서초구 나루터로**길 *, 신사제*빌딩 ***호 (잠원동)",정상,0000,01,,201576.127051499    ,445998.07382598     ,서울특별시 서초구 잠원동 **-* 신사제*빌딩 ***호,2024-01-23 16:31:41
3210000,321000001320240003,2024-02-27,,영업/정상,,,,,,,06547,반약,I,000,2026-05-08 22:54:22,"서울특별시 서초구 반포대로 ***, ***동 **층 ****호 (반포동, 래미안퍼스티지아파트)",정상,0000,01,,199863.640575162    ,444524.211587165    ,서울특별시 서초구 반포동 **-* 래미안퍼스티지아파트 ***동 ****호,2024-02-27 12:34:44
3210000,321000001320240004,2024-07-01,,영업/정상,,,,,,,06762,디케이헬스케어 주식회사,I,L00,2026-05-08 22:54:22,"서울특별시 서초구 바우뫼로*길 **, 디케이빌딩 *층 (우면동)",정상,0000,01,025290155,202134.413684784    ,441007.517004413    ,서울특별시 서초구 우면동 ** 디케이빌딩 ,2024-07-01 14:04:28
3210000,321000001320240005,2024-07-03,,폐업,2026-05-20,,,,,,06741,(주)에스엠엘메디트리,U,L00,2026-05-21 03:03:03,"서울특별시 서초구 바우뫼로**길 **-*, 드림빌딩 *층 ***호 (양재동)",폐업,0002,03,07074053381,203542.630459255    ,442241.67079002     ,서울특별시 서초구 양재동 *-* 드림빌딩 ***호,2026-05-20 16:06:02
3210000,321000001320240006,2024-07-25,,영업/정상,,,,,,,06648,주식회사 더블유제이,I,L00,2026-05-08 22:54:22,"서울특별시 서초구 반포대로 ***, 산우빌딩 *층 ***호 (서초동)",정상,0000,01,0269512122,200733.424962013    ,443084.499214091    ,서울특별시 서초구 서초동 ****-** 산우빌딩 ***호,2024-07-25 13:47:37
3210000,321000001320250001,2025-01-14,,폐업,2026-05-08,,,,483.18,,06693,주식회사 에이아이포펫,U,000,2026-05-09 03:03:03,"서울특별시 서초구 방배천로*길 **, JBI빌딩 *층 (방배동)",폐업,0002,03,025221772,198453.121580705    ,441624.903422276    ,서울특별시 서초구 방배동 ***-* ,2026-05-08 16:12:03
3210000,321000001320260001,2026-01-12,,영업/정상,,,,,,,06710,(주)에스엘메디케어,I,L00,2026-05-08 22:54:22,"서울특별시 서초구 반포대로 **, SL빌딩 B*층 (서초동)",정상,0000,01,15666052,200952.06770963     ,442318.831874498    ,서울특별시 서초구 서초동 ****-* SL빌딩 ,2026-01-12 15:20:57
3210000,321000001319880001,1988-11-05,,영업/정상,,,,,0,,06668,세중무역상사,I,000,2026-05-08 22:54:15,"서울특별시 서초구 명달로 **, *층 (서초동)",정상,0000,01,,200300.406596622    ,442570.120309754    ,서울특별시 서초구 서초동 ****-* *층 ,2011-10-30 14:58:14
3210000,321000001319950001,1995-10-27,,영업/정상,,,,,0,,,(주)중앙진테크,I,L00,2026-05-08 22:54:15,,정상,0000,01,,,,서울특별시 서초구 원지동 ***-* 솔향빌딩 *층 *호 ,2021-06-23 13:04:02
3210000,321000001319980001,1998-06-12,,영업/정상,,,,,0,,,한국 IMV,I,000,2026-05-08 22:54:15,,정상,0000,01,,,,서울특별시 서초구 잠원동 **-*    *층 ,2002-12-17 10:56:28
3210000,321000001320000001,2000-04-26,,영업/정상,,,,,71.25,,,주식회사 서울코퍼레이션,I,L00,2026-05-08 22:54:15,"서울특별시 서초구 서초중앙로**길 **-** (서초동,화니빌딩 *층)",정상,0000,01,15778455,201651.248944894    ,443505.587865519    ,서울특별시 서초구 서초동 ****-** 화니빌딩 *층 ,2022-02-10 13:29:50
3210000,321000001320020002,2002-12-04,,영업/정상,,,,,76,,,(주)렉스팩인터내셔널,I,L00,2026-05-08 22:54:15,,정상,0000,01,,,,서울특별시 서초구 양재동 ***-*    윈드스톤호피스텔 ***호,2003-02-26 16:44:42
3210000,321000001320090001,2009-02-26,,영업/정상,,,,,56,,,(주)씨엘에이인터내셔날,I,L00,2026-05-08 22:54:15,"서울특별시 서초구 효령로**길 ** (서초동,로젠빌딩 ****호)",정상,0000,01,,201181.222272927    ,442647.574925514    ,서울특별시 서초구 서초동 ****-* 로젠빌딩 ****호 ,2010-07-16 17:02:32
3210000,321000001320100001,2010-03-12,,영업/정상,,,,,0,,,데니스테크,I,000,2026-05-08 22:54:15,,정상,0000,01,,,,서울특별시 서초구 방배동 ***-** B***호호,2010-03-12 14:47:59
3210000,321000001320110001,2011-11-03,,영업/정상,,,,,,,06720,(주)둘리정보통신,I,000,2026-05-08 22:54:15,서울특별시 서초구 서초중앙로 ** (서초동),정상,0000,01,,201463.690299789    ,442429.147525901    ,서울특별시 서초구 서초동 ****-** 쌍용프래티넘 ***호 ,2011-11-03 14:25:56
3210000,321000001320140002,2014-07-29,,영업/정상,,,,,,,06646,(주)아이센스,I,L00,2026-05-08 22:54:15,서울특별시 서초구 반포대로**길 ** (서초동),정상,0000,01,,200870.864125104    ,443255.166862297    ,서울특별시 서초구 서초동 ****-* ,2024-07-05 10:59:38
3210000,321000001320160001,2016-05-31,,영업/정상,,,,,,,06789,베트컴코리아(주),I,L00,2026-05-08 22:54:15,"서울특별시 서초구 강남대로*길 **-** (양재동, 광산빌딩)",정상,0000,01,025739669,203899.648568982    ,440629.337291334    ,서울특별시 서초구 양재동 ***-* 광산빌딩 ,2016-05-31 14:30:21
3210000,321000001320160002,2016-05-31,,영업/정상,,,,,,,06789,베트컴코리아(주),I,L00,2026-05-08 22:54:15,"서울특별시 서초구 강남대로*길 **-** (양재동, 광산빌딩)",정상,0000,01,025739669,203899.648568982    ,440629.337291334    ,서울특별시 서초구 양재동 ***-* 광산빌딩 ,2016-05-31 15:24:42
3210000,321000001320170001,2017-07-26,,영업/정상,,,,,323.6,,06650,메디슨 코리아,I,L00,2026-05-08 22:54:15,"서울특별시 서초구 사임당로 **, *층 ***호 (서초동, 한성빌딩)",정상,0000,01,0234745678,201176.159311432    ,442917.346139861    ,서울특별시 서초구 서초동 ****-* 한성빌딩 *층 ***호,2017-07-26 14:48:36
3210000,321000001320170002,2017-09-06,,영업/정상,,,,,,,06542,(주)펫닥,I,L00,2026-05-08 22:54:15,"서울특별시 서초구 강남대로**길 **, 제이디 빌딩 (반포동)",정상,0000,01,024173002,201907.192235434    ,444731.440860365    ,서울특별시 서초구 반포동 ***-** 제이디 빌딩 ,2022-08-17 15:32:20
3210000,321000001320180001,2018-05-09,,영업/정상,,,,,,,06530,주식회사 바잇미,I,000,2026-05-08 22:54:15,"서울특별시 서초구 강남대로**길 **-*, 호영빌딩 *층 ***호 (잠원동)",정상,0000,01,0234431824,201580.237940072    ,445707.597252833    ,서울특별시 서초구 잠원동 **-* 호영빌딩 ***호,2018-05-09 16:05:06
3210000,321000001320190003,2019-04-30,,영업/정상,,,,,,,06650,(주)더바디,I,L00,2026-05-08 22:54:15,"서울특별시 서초구 사임당로 **, 한성빌딩 *센터-****호 (서초동)",정상,0000,01,,201176.159311432    ,442917.346139861    ,서울특별시 서초구 서초동 ****-* 한성빌딩 ****호,2020-12-23 09:59:52
3210000,321000001320200001,2020-04-21,,영업/정상,,,,,,,06571,작은형아 코퍼레이션,I,000,2026-05-08 22:54:15,"서울특별시 서초구 서초대로**길 *-**, 대경빌딩 *층 (방배동)",정상,0000,01,,199156.18106379     ,442799.922975901    ,서울특별시 서초구 방배동 ***-* 대경빌딩 ,2020-06-03 16:17:52
3210000,321000001320200002,2020-05-11,,영업/정상,,,,,,,06542,브이케어동물병원,I,000,2026-05-08 22:54:16,"서울특별시 서초구 강남대로**길 **, 제이디 빌딩 *층 (반포동)",정상,0000,01,0269493038,201907.192235434    ,444731.440860365    ,서울특별시 서초구 반포동 ***-** 제이디 빌딩 ,2020-05-11 16:55:16
3210000,321000001320210001,2021-06-24,,영업/정상,,,,,,,06782,더베리씽 the very thing,I,000,2026-05-08 22:54:16,"서울특별시 서초구 논현로**길 **, 킴스빌딩 *층 (양재동)",정상,0000,01,,204043.37           ,441336.245          ,서울특별시 서초구 양재동 *** 킴스빌딩 ,2021-06-24 12:53:03
3210000,321000001320210002,2021-08-11,,취소/말소/만료/정지/중지,,,,,,,06651,심콩캣,I,000,2026-05-08 22:54:17,"서울특별시 서초구 반포대로**길 **, LG서초에클라트 **층 ****호 (서초동)",말소,0004,04,07086761711,201213.64069933     ,442739.647017252    ,서울특별시 서초구 서초동 ****-* LG서초에클라트 ,2021-12-08 09:52:06
3210000,321000001320210003,2021-10-19,,영업/정상,,,,,,,06762,풀문,I,000,2026-05-08 22:54:17,"서울특별시 서초구 바우뫼로*길 *, 우면종합상가 *층 ***호 (우면동)",정상,0000,01,,202175.011113176    ,440963.759050916    ,서울특별시 서초구 우면동 **-* 우면종합상가 ,2021-10-19 16:16:56
3210000,321000001320210004,2021-12-08,,영업/정상,,,,,219.98,,06542,주식회사 펫닥,I,L00,2026-05-08 22:54:17,"서울특별시 서초구 강남대로**길 **, 제이디 빌딩 *층 (반포동)",정상,0000,01,0269493015,201907.192235434    ,444731.440860365    ,서울특별시 서초구 반포동 ***-** 제이디 빌딩 ,2021-12-08 15:14:57
3210000,321000001320210005,2021-12-08,,영업/정상,,,,,219.98,,06542,주식회사 펫닥,I,000,2026-05-08 22:54:18,"서울특별시 서초구 강남대로**길 **, 제이디 빌딩 *층 (반포동)",정상,0000,01,0269493015,201907.192235434    ,444731.440860365    ,서울특별시 서초구 반포동 ***-** 제이디 빌딩 ,2021-12-08 15:15:06
3210000,321000001320210006,2021-12-08,,취소/말소/만료/정지/중지,,,,,219.98,,06542,주식회사 펫닥,I,L00,2026-05-08 22:54:18,"서울특별시 서초구 강남대로**길 **, 제이디 빌딩 *층 (반포동)",말소,0004,04,0269493015,201907.192235434    ,444731.440860365    ,서울특별시 서초구 반포동 ***-** 제이디 빌딩 ,2021-12-23 17:38:35
3210000,321000001320210007,2021-12-13,,영업/정상,,,,,,,06595,(주)에스에스씨엠,I,L00,2026-05-08 22:54:19,"서울특별시 서초구 법원로*길 **, 양지원 *층 씨***호 (서초동)",정상,0000,01,07047762223,200675.805294681    ,443427.113896821    ,서울특별시 서초구 서초동 ****-* 양지원 ,2021-12-13 15:31:57
3210000,321000001320220001,2022-03-30,,영업/정상,,,,,81117.28,,06620,지멘스헬시니어스(주),I,L00,2026-05-08 22:54:19,"서울특별시 서초구 서초대로**길 **, **층 (서초동)",정상,0000,01,0234507000,202236.514618153    ,443757.994255551    ,서울특별시 서초구 서초동 ****-** ,2024-11-30 15:46:08
3210000,321000001320220002,2022-03-31,,영업/정상,,,,,11.27,,06771,(주)유나이티드이미징헬스케어코리아,I,L00,2026-05-08 22:54:20,"서울특별시 서초구 매헌로 **, 하이브랜드 *층 ***호 (양재동)",정상,0000,01,0269532360,203204.755637424    ,440136.781183797    ,서울특별시 서초구 양재동 *** 하이브랜드 ,2025-09-30 17:49:46
3210000,321000001320220015,2022-06-22,,폐업,2026-01-21,,,,,,06619,주식회사 홀썸브랜드(라마누잔지점),I,000,2026-05-08 22:54:21,"서울특별시 서초구 서초대로 ***, 강남빌딩 **층 브이***호 (서초동)",폐업,0002,03,,202103.696247363    ,443834.981395661    ,서울특별시 서초구 서초동 **** 강남빌딩 ,2026-01-21 17:23:32
3210000,321000001320220016,2022-06-22,,폐업,2026-01-21,,,,,,06619,주식회사 홀썸브랜드(코페르니쿠스지점),I,000,2026-05-08 22:54:22,"서울특별시 서초구 서초대로 ***, 강남빌딩 **층 브이***호 (서초동)",폐업,0002,03,,202103.696247363    ,443834.981395661    ,서울특별시 서초구 서초동 **** 강남빌딩 ,2026-01-21 17:21:27
3210000,321000001320220020,2022-09-27,,폐업,2025-12-24,,,,,,06775,엣모아,I,000,2026-05-08 22:54:22,"서울특별시 서초구 논현로 **, 삼호물산빌딩 A동 **층 ****호 (양재동)",폐업,0002,03,,203865.709970943    ,441674.893877771    ,서울특별시 서초구 양재동 ***-* 삼호물산빌딩 ,2025-12-24 14:50:22
3210000,321000001320260002,2026-04-17,,영업/정상,,,,,,,06725,이산링크스(주),I,000,2026-05-08 22:54:22,"서울특별시 서초구 서초중앙로*길 **, *층 ***호 (서초동)",정상,0000,01,,201775.609433072    ,442471.689586747    ,서울특별시 서초구 서초동 ****-* ,2026-04-17 13:53:29
3210000,321000001320220007,2022-05-19,,폐업,2023-11-30,,,,,,06703,(주)이마트에브리데이 방배그랑자이점,I,L00,2026-05-08 22:54:21,"서울특별시 서초구 방배로 **(방배동, 방배그랑자이)",폐업,0002,03,0269537102,199912.465022093    ,441576.879696079    ,서울특별시 서초구 방배동 **** 방배그랑자이 ***동 앞 ,2023-11-30 14:50:30
3210000,321000001320260003,2026-04-22,,영업/정상,,,,,,,06782,(주)코스코인터케어,I,000,2026-05-08 22:54:22,"서울특별시 서초구 동산로**길 *, 신우빌딩 *층 (양재동)",정상,0000,01,0269592017,204140.220729006    ,441222.106887088    ,서울특별시 서초구 양재동 ***-** 신우빌딩 ,2026-04-22 10:05:04
3210000,321000001320260004,2026-05-28,,영업/정상,,,,,,,06696,(주)에이아이비케어,I,L00,2026-05-29 22:02:20,"서울특별시 서초구 효령로 **, 대우프라자 *층 *-*호 (방배동)",정상,0000,01,,199390.558094651    ,441930.413285718    ,서울특별시 서초구 방배동 **** 대우프라자 ,2026-05-28 11:05:12
3210000,321000001319990001,1999-07-16,,폐업,2004-07-15,,,,0,,,(주)중앙화성,I,L00,2026-05-08 22:54:15,,폐업,0002,03,,,,서울특별시 서초구 서초동 ****-**   이차B *층 ,2004-07-15 16:41:09
3210000,321000001319990002,1999-11-01,,폐업,2019-07-09,,,,0,,,(주)이우과학교역,I,L00,2026-05-08 22:54:15,"서울특별시 서초구 반포대로**길 ** (서초동,양우빌딩)",폐업,0002,03,34732332,200570.869384706    ,442974.636923035    ,서울특별시 서초구 서초동 ****-** 양우빌딩 ,2019-07-10 07:58:55
3210000,321000001319990003,1999-10-25,,폐업,2003-05-29,,,,0,,,우리무역(주),I,L00,2026-05-08 22:54:15,"서울특별시 서초구 바우뫼로 ** (양재동,우성성보프라자 ***호)",폐업,0002,03,,202570.833134395    ,441646.594354282    ,서울특별시 서초구 양재동 *** 우성성보프라자 ***호 ,2003-05-29 16:49:30
3210000,321000001320000002,2000-10-23,,폐업,2009-11-27,,,,0,,,참존약품,I,000,2026-05-08 22:54:15,,폐업,0002,03,,,,서울특별시 서초구 방배동 ***-**   지층 ,2009-11-27 15:35:46
3210000,321000001320010001,2001-08-20,,폐업,2007-11-19,,,,0,,,(주)한국톱콘,I,L00,2026-05-08 22:54:15,"서울특별시 서초구 반포대로**길 ** (서초동,유승빌딩 *층)",폐업,0002,03,20550321,201130.220164867    ,442782.729488843    ,서울특별시 서초구 서초동 ****-* 유승빌딩 *층 ,2007-11-19 14:03:54
3210000,321000001320020001,2002-09-12,,폐업,2005-04-08,,,,0,,,히포사이언스,I,000,2026-05-08 22:54:15,서울특별시 서초구 방배중앙로 *** (방배동),폐업,0002,03,,198628.119010586    ,443997.895759362    ,서울특별시 서초구 방배동 ***-* ,2005-04-08 17:00:10
3210000,321000001320030001,2003-04-25,,폐업,2014-11-20,,,,147.96,,,영천환경화학(주),I,000,2026-05-08 22:54:15,서울특별시 서초구 언남**길 * (양재동),폐업,0002,03,0234625501,204005.084711271    ,441448.626671598    ,서울특별시 서초구 양재동 ***-** ,2014-11-20 15:34:36
3210000,321000001320050001,2005-07-26,,폐업,2015-01-20,,,,200,,,(주)세명엠디,I,L00,2026-05-08 22:54:15,"서울특별시 서초구 바우뫼로**길 **-* (양재동,태홍빌딩 지상*층)",폐업,0002,03,,203380.737061992    ,441964.67190413     ,서울특별시 서초구 양재동 **-* 태홍빌딩 지상*층 ,2016-01-13 17:05:07
3210000,321000001320120001,2012-04-19,,폐업,2014-04-04,,,,,,06729,유진엠코,I,000,2026-05-08 22:54:15,"서울특별시 서초구 강남대로 ***, ***-*호 (서초동, 남성빌딩)",폐업,0002,03,34718492,202732.181651444    ,442917.873697268    ,서울특별시 서초구 서초동 ****-** 남성빌딩 ***-*호 ,2014-04-04 14:39:09
3210000,321000001320120002,2012-04-23,,폐업,2016-02-16,,,,,,06531,(주)퀵 보일러,I,000,2026-05-08 22:54:15,"서울특별시 서초구 신반포로**길 **, ***호 (잠원동)",폐업,0002,03,,201598.475170439    ,445478.801976088    ,서울특별시 서초구 잠원동 **-** ***호,2016-02-17 13:56:46
3210000,321000001320120003,2012-04-23,,폐업,2019-05-30,,,,,,06729,장광메딕스,I,000,2026-05-08 22:54:15,"서울특별시 서초구 강남대로 ***, ***호 (서초동, 남성빌딩)",폐업,0002,03,0222977950,202732.181651444    ,442917.873697268    ,서울특별시 서초구 서초동 ****-** 남성빌딩 ***호,2019-05-30 17:35:42
3210000,321000001320130001,2013-04-09,,폐업,2023-02-23,,,,,,06532,(주)유유엠,I,L00,2026-05-08 22:54:15,"서울특별시 서초구 신반포로**길 **-**, ***호 (잠원동)",폐업,0002,03,,201458.787242306    ,445354.452726228    ,서울특별시 서초구 잠원동 **-* ***호,2023-02-23 16:20:59
3210000,321000001320130002,2013-04-25,,폐업,2016-11-14,,,,,,06632,오창무역(주),I,L00,2026-05-08 22:54:15,서울특별시 서초구 서초대로**길 ** (서초동),폐업,0002,03,,201675.434776667    ,443522.877533753    ,서울특별시 서초구 서초동 ****-** ,2016-11-14 14:36:30
3210000,321000001320130003,2011-10-25,,폐업,2014-05-08,,,,0,,06775,쥴릭파마코리아(주),I,L00,2026-05-08 22:54:15,"서울특별시 서초구 마방로 **, *층 (양재동)",폐업,0002,03,20060600,203825.862435034    ,441733.620009246    ,서울특별시 서초구 양재동 *** ,2014-05-08 17:20:20
3210000,321000001320140001,2014-07-07,,폐업,2018-09-20,,,,,,06778,(주)메사메디칼,I,000,2026-05-08 22:54:15,"서울특별시 서초구 언남*길 *, ***호 (양재동)",폐업,0002,03,0234639588,203552.756357835    ,441127.316677359    ,서울특별시 서초구 양재동 ***-* ,2018-09-20 15:12:26
3210000,321000001320140003,2014-12-24,,폐업,2021-07-05,,,,,,06741,(주)타이렉스,I,L00,2026-05-08 22:54:15,서울특별시 서초구 논현로**길 ** (양재동),폐업,0002,03,,203642.908644854    ,442204.998537819    ,서울특별시 서초구 양재동 *-** ,2021-07-05 16:49:45
3220000,322000001320220025,2022-10-31,,영업/정상,,,,,,,06158,(주)셀러허브,I,000,2026-05-06 23:03:47,"서울특별시 강남구 테헤란로**길 **, 에이타워* *,*,*,층 (삼성동)",정상,0000,01,07044325855,204800.216714965    ,445034.077974181    ,"서울특별시 강남구 삼성동 ***-** 에이타워* *,*,*층 ",2022-10-31 12:02:12
3220000,322000001320220026,2022-10-31,,영업/정상,,,,,,,06158,(주)셀러허브,I,000,2026-05-06 23:03:47,"서울특별시 강남구 테헤란로**길 **, 에이타워* *,*,*,층 (삼성동)",정상,0000,01,07044325855,204800.216714965    ,445034.077974181    ,"서울특별시 강남구 삼성동 ***-** 에이타워* *,*,*층 ",2022-10-31 12:02:28
3220000,322000001320220027,2022-10-31,,영업/정상,,,,,,,06158,(주)셀러허브,I,L00,2026-05-06 23:03:47,"서울특별시 강남구 테헤란로**길 **, 에이타워* *,*,*층 (삼성동)",정상,0000,01,07044325855,204800.216714965    ,445034.077974181    ,"서울특별시 강남구 삼성동 ***-** 에이타워* *,*,*층 ",2024-11-08 17:16:16
3220000,322000001320220028,2022-11-25,,영업/정상,,,,,,,06134,랩스프로,U,000,2026-06-20 03:03:03,"서울특별시 강남구 테헤란로 ***, 목화밀라트 ***호 (역삼동)",정상,0000,01,,202541.936344486    ,444085.407169519    ,서울특별시 강남구 역삼동 ***-* 목화밀라트 ***호,2026-06-19 09:44:49
3220000,322000001320220029,2022-12-21,,영업/정상,,,,,,,06224,주식회사 21그램그룹,I,L00,2026-05-06 23:03:47,"서울특별시 강남구 논현로 ***, 휴먼빌딩 *층 (역삼동)",정상,0000,01,024013384,203363.513613446    ,443936.458896383    ,서울특별시 강남구 역삼동 ***-* 휴먼빌딩 *층 ,2022-12-21 09:37:46
3220000,322000001320230001,2023-02-23,,영업/정상,,,,,,,06236,(주)비바이노베이션,I,L00,2026-05-06 23:03:47,"서울특별시 강남구 논현로**길 **, *층 (역삼동)",정상,0000,01,0215443154,203033.833519196    ,444137.076445002    ,서울특별시 강남구 역삼동 ***-** *층 ,2023-05-16 15:29:42
3220000,322000001320230002,2023-03-07,,영업/정상,,,,,,,06069,윤바이오(주),I,L00,2026-05-06 23:03:48,"서울특별시 강남구 선릉로 ***, 청담빌딩 ****-*호 (청담동)",정상,0000,01,0263686825,203588.048190661    ,446183.368328818    ,서울특별시 강남구 청담동 ** 청담빌딩****-*호 ,2023-03-07 13:20:30
3220000,322000001320230006,2023-06-30,,영업/정상,,,,,,,06126,(주)에이오에이코리아,I,L00,2026-05-06 23:03:48,"서울특별시 강남구 논현로 ***, 삼정빌딩 B***호 (역삼동)",정상,0000,01,,202971.404192476    ,444802.761941582    ,서울특별시 강남구 역삼동 ***-** 삼정빌딩 B***호,2023-06-30 17:16:04
3220000,322000001320230007,2023-11-20,,영업/정상,,,,,,,06343,에레즈,I,000,2026-05-06 23:03:48,"서울특별시 강남구 일원로 **, 남경빌딩 *층 ****호 (일원동)",정상,0000,01,,207112.195695469    ,443163.101895121    ,서울특별시 강남구 일원동 *** 남경빌딩 ,2023-11-20 13:31:49
3220000,322000001320230008,2023-11-24,,영업/정상,,,,,,,06016,주식회사 케어마일,I,L00,2026-05-06 23:03:48,"서울특별시 강남구 도산대로 ***, 파모소빌딩 *층 (청담동)",정상,0000,01,,203693.316311124    ,446862.339554608    ,서울특별시 강남구 청담동 **-* 파모소빌딩 ,2023-11-28 15:40:00
3220000,322000001320230010,2023-11-29,,영업/정상,,,,,,,06349,써모피셔사이언티픽솔루션스 유한회사,I,L00,2026-05-06 23:03:48,"서울특별시 강남구 광평로 ***, 수서빌딩 **,**층 (수서동)",정상,0000,01,16619555,209009.86408188     ,442872.160579339    ,서울특별시 강남구 수서동 *** 수서빌딩 ,2023-11-29 10:39:09
3220000,322000001320240001,2024-02-21,,영업/정상,,,,,,,06312,주식회사 메이시안,I,000,2026-05-06 23:03:48,"서울특별시 강남구 논현로 **, 한영빌딩 *층 (개포동)",정상,0000,01,,204156.345          ,441429.225000001    ,서울특별시 강남구 개포동 **** 한영빌딩 ,2024-02-22 17:54:47
3220000,322000001320240002,2024-05-01,,영업/정상,,,,,,,06307,다온,I,000,2026-05-06 23:03:48,"서울특별시 강남구 논현로 **, 지성빌딩 ***호 (개포동)",정상,0000,01,,203952.774671757    ,441675.495465839    ,서울특별시 강남구 개포동 ****-* 지성빌딩 ,2024-05-01 13:42:43
3220000,322000001320240003,2024-06-17,,영업/정상,,,,,375.23,,06161,옐로시스 주식회사,I,L00,2026-05-06 23:03:48,"서울특별시 강남구 선릉로**길 *, 덕우빌딩 지하*층 ***호 (삼성동)",정상,0000,01,,204261.946561159    ,444877.698497567    ,서울특별시 강남구 삼성동 ***-** 덕우빌딩 ,2024-06-18 11:16:24
3220000,322000001320240004,2024-07-31,,영업/정상,,,,,588.43,,06026,주식회사 수스코리아,I,000,2026-05-06 23:03:49,"서울특별시 강남구 도산대로 ***, 강남빌딩 *층 (신사동)",정상,0000,01,,202630.825          ,446511.985          ,서울특별시 강남구 신사동 ***-** 강남빌딩 ,2024-07-31 16:03:05
3220000,322000001320240005,2024-12-30,,영업/정상,,,,,,,06226,주식회사 엠엔,I,000,2026-05-06 23:03:49,"서울특별시 강남구 언주로 ***, 영광빌딩 *층 (역삼동)",정상,0000,01,,203883.613015524    ,443927.520186239    ,서울특별시 강남구 역삼동 ***-* ,2024-12-30 17:47:05
3220000,322000001320250001,2025-02-12,,영업/정상,,,,,,,06093,아이라이크,I,000,2026-05-06 23:03:49,"서울특별시 강남구 봉은사로**길 **, CS 빌딩 *층 *호 (삼성동)",정상,0000,01,025479977,203811.750909283    ,445660.035866472    ,서울특별시 강남구 삼성동 **-** CS 빌딩 *층 *호 ,2025-02-12 13:11:42
3220000,322000001320250002,2025-02-12,,영업/정상,,,,,,,06093,주식회사 비젼포커스,I,000,2026-05-06 23:03:49,"서울특별시 강남구 봉은사로**길 **, CS 빌딩 ***호 (삼성동)",정상,0000,01,025479977,203811.750909283    ,445660.035866472    ,서울특별시 강남구 삼성동 **-** CS 빌딩 ***호,2025-02-12 16:22:48
3220000,322000001320250004,2025-02-14,,영업/정상,,,,,,,06103,에그닷(eggdot),I,000,2026-05-06 23:03:49,"서울특별시 강남구 봉은사로 ***, TGL 경복빌딩 ***호 (논현동)",정상,0000,01,,203479.293031865    ,445256.313474871    ,서울특별시 강남구 논현동 ***-** TGL 경복빌딩 ***호,2025-02-14 18:11:25
3220000,322000001320250005,2025-03-24,,영업/정상,,,,,,,06349,비젼메드 주식회사 수서현대점,I,L00,2026-05-06 23:03:49,"서울특별시 강남구 밤고개로*길 **, 수서현대벤쳐빌 **층 **호 (수서동)",정상,0000,01,0234821181,208937.760652081    ,442873.588039887    ,서울특별시 강남구 수서동 *** 수서현대벤쳐빌**층 **호,2025-06-17 16:37:29
3220000,322000001320250006,2025-05-08,,영업/정상,,,,,,,06120,주식회사 펫누리,I,L00,2026-05-06 23:03:49,"서울특별시 강남구 강남대로***길 **, *층 **호 (논현동)",정상,0000,01,,202178.147545442    ,444820.951451923    ,서울특별시 강남구 논현동 ***-** *층 **호,2025-05-08 18:22:58
3220000,322000001320250007,2025-08-19,,영업/정상,,,,,,,06028,주식회사 포고든,I,L00,2026-05-06 23:03:49,"서울특별시 강남구 가로수길 **, *층 (신사동)",정상,0000,01,,201912.48           ,446739.925          ,서울특별시 강남구 신사동 ***-** ,2025-08-19 15:49:40
3220000,322000001320250008,2025-08-25,,영업/정상,,,,,,,06173,캐논코리아 주식회사,I,L00,2026-05-06 23:03:49,"서울특별시 강남구 테헤란로 ***, **층 (삼성동)",정상,0000,01,0234562067,205586.189628979    ,445254.271975766    ,서울특별시 강남구 삼성동 ***-** 캐논케이타워 ,2025-08-25 11:23:02
3220000,322000001319890001,1989-02-18,,취소/말소/만료/정지/중지,,,,,0,,,(주)우성과학,I,L00,2026-05-06 23:03:33,,말소,0004,04,,202558.966746035    ,443605.422218418    ,서울특별시 강남구 역삼동 *** 해천빌딩 ***호 ,2007-07-25 11:08:50
3220000,322000001319950001,1995-06-07,,취소/말소/만료/정지/중지,,,,,0,,,동진상사,I,000,2026-05-06 23:03:33,,말소,0004,04,,,,서울특별시 강남구 포이동 ***-* 삼환빌딩 ***호 ,2007-07-25 11:13:54
3220000,322000001319970001,1997-05-24,,취소/말소/만료/정지/중지,,,,,0,,,대선메디칼상사,I,000,2026-05-06 23:03:34,,말소,0004,04,,205711.214362101    ,445611.034751079    ,서울특별시 강남구 삼성동 ***-* 경인빌딩 ***호 ,2007-07-25 11:18:29
3220000,322000001320000001,2000-03-18,,취소/말소/만료/정지/중지,,,,,0,,,일천상역(주),I,L00,2026-05-06 23:03:34,,말소,0004,04,,205664.855321912    ,445049.257588426    ,서울특별시 강남구 대치동 ****-* 소남빌딩 *층 ,2007-07-25 11:22:21
3220000,322000001320010002,2001-04-27,,영업/정상,,,,,0,,,(주)에이취브라더스,I,L00,2026-05-06 23:03:34,,정상,0000,01,,204411.774291613    ,444853.967272591    ,서울특별시 강남구 삼성동 ***-* ,2010-06-17 11:57:56
3220000,322000001320010003,2001-05-14,,영업/정상,,,,,0,,06172,히타치아로카메디칼한국 주식회사,I,L00,2026-05-06 23:03:34,서울특별시 강남구 봉은사로***길 ** (삼성동),정상,0000,01,34532600,205686.697494217    ,445592.032748014    ,"서울특별시 강남구 삼성동 ***-* 준성빌딩 *,* 층 ",2015-04-22 11:21:20
3220000,322000001320020001,2002-02-07,,취소/말소/만료/정지/중지,,,,,0,,,(주)소프트바이오기술,I,L00,2026-05-06 23:03:34,,말소,0004,04,,203359.392915648    ,444050.063507654    ,서울특별시 강남구 역삼동 ***-* 근도빌 *층 ,2007-07-25 11:20:53
3220000,322000001320120001,2012-06-25,,영업/정상,,,,,,,06193,한국조에티스 주식회사,I,L00,2026-05-06 23:03:35,"서울특별시 강남구 테헤란로 ***, **층 (대치동)",정상,0000,01,0226279700,204461.966685485    ,444728.927637687    ,서울특별시 강남구 대치동 *** **층 ,2026-03-11 09:53:55
3220000,322000001320130001,2013-04-01,,영업/정상,,,,,39.78,,06011,(주)디트리커뮤니케이션즈,I,L00,2026-05-06 23:03:35,"서울특별시 강남구 압구정로 ***, 지하*층 B***호 (청담동)",정상,0000,01,,204106.015311916    ,447005.981863766    ,,2013-04-01 14:24:58
3220000,322000001320160001,2016-11-09,,영업/정상,,,,,,,06367,강화메디테크,I,000,2026-05-06 23:03:35,"서울특별시 강남구 광평로 ***, ****호 (수서동, 로즈데일오피스텔)",정상,0000,01,,209052.072465426    ,442797.138150563    ,서울특별시 강남구 수서동 *** 로즈데일오피스텔 ****호,2016-11-08 22:29:23
3220000,322000001320170001,2017-08-17,,영업/정상,,,,,,,06235,(주)한독,I,L00,2026-05-06 23:03:36,"서울특별시 강남구 테헤란로 ***, **층 (역삼동, 한독약품빌딩)",정상,0000,01,025275358,202852.091533547    ,444118.060464957    ,서울특별시 강남구 역삼동 *** **층 ,2017-08-17 09:49:03
3220000,322000001320180001,2018-04-27,,영업/정상,,,,,146.88,,06376,주식회사 레이투테크,I,000,2026-05-06 23:03:36,서울특별시 강남구 헌릉로***길 **-** (세곡동),정상,0000,01,,208530.352121062    ,440701.115748256    ,서울특별시 강남구 세곡동 ***-* ,2018-04-27 16:21:56
3220000,322000001320180002,2018-05-08,,영업/정상,,,,,,,06233,클라이네독,I,000,2026-05-06 23:03:36,"서울특별시 강남구 테헤란로*길 **, 화인빌딩 ***호 (역삼동)",정상,0000,01,07088718877,202721.213833334    ,443912.486403479    ,서울특별시 강남구 역삼동 ***-** ***호,2018-05-08 16:26:49
3220000,322000001320180003,2018-05-08,,영업/정상,,,,,,,06173,주식회사 핏펫,I,000,2026-05-06 23:03:36,"서울특별시 강남구 테헤란로***길 *, 두양빌딩 *층 (삼성동)",정상,0000,01,0263391800,205732.722545794    ,445340.688938637    ,서울특별시 강남구 삼성동 ***-* 두양빌딩 ,2023-06-20 15:57:00
3220000,322000001320180004,2018-06-08,,영업/정상,,,,,,,06249,폴리파크 역삼점,I,000,2026-05-06 23:03:36,"서울특별시 강남구 역삼로 ***, 영빌딩 (역삼동)",정상,0000,01,025694620,203094.426937191    ,443599.244517715    ,서울특별시 강남구 역삼동 ***-* 영빌딩 ,2018-06-08 13:53:30
3220000,322000001320190001,2019-01-14,,영업/정상,,,,,,,06125,주식회사 마벨파트너스,I,L00,2026-05-06 23:03:37,"서울특별시 강남구 봉은사로**길 *, 대암빌딩 ***호 (역삼동)",정상,0000,01,025580002,202824.919218223    ,444890.826939181    ,서울특별시 강남구 역삼동 ***-** 대암빌딩 ***호,2019-01-14 13:39:35
3220000,322000001320190002,2019-04-24,,영업/정상,,,,,,,06134,(주)엘에스텍,I,000,2026-05-06 23:03:37,"서울특별시 강남구 테헤란로 ***, 목화밀라트 *층 (역삼동)",정상,0000,01,0220529900,202541.936344486    ,444085.407169519    ,서울특별시 강남구 역삼동 ***-* 목화밀라트 ,2019-04-24 15:49:19
3220000,322000001320190003,2019-05-01,,영업/정상,,,,,,,06376,메디레이,I,000,2026-05-06 23:03:37,"서울특별시 강남구 헌릉로***길 **-**, 지하*층 (세곡동)",정상,0000,01,0263788777,208530.352121062    ,440701.115748256    ,서울특별시 강남구 세곡동 ***-* ,2019-05-01 16:46:20
3220000,322000001320190004,2019-05-15,,영업/정상,,,,,,,06022,(주)펫슬랩(PETXLAB),I,L00,2026-05-06 23:03:37,"서울특별시 강남구 압구정로**길 **, *층 (신사동)",정상,0000,01,0220884866,202628.795701559    ,447126.299238418    ,서울특별시 강남구 신사동 ***-** ,2019-05-15 13:38:31
3220000,322000001320190007,2019-07-23,,영업/정상,,,,,,,06159,GS25 강남동원점,I,L00,2026-05-06 23:03:38,"서울특별시 강남구 테헤란로**길 *, 동원빌딩 *층 (삼성동)",정상,0000,01,025572535,204746.52560931     ,444968.02756788     ,서울특별시 강남구 삼성동 ***-** 동원빌딩 ,2019-07-23 09:43:45
3220000,322000001320190009,2019-12-16,,영업/정상,,,,,,,06123,HnCmedical,I,000,2026-05-06 23:03:38,"서울특별시 강남구 강남대로 ***, 비제바노 ***호 (역삼동)",정상,0000,01,,202161.020617773    ,444633.499865115    ,서울특별시 강남구 역삼동 *** 비제바노 ,2019-12-16 15:45:46
3220000,322000001320200002,2020-03-28,,영업/정상,,,,,,,06140,주식회사 키베이직,I,L00,2026-05-06 23:03:39,"서울특별시 강남구 논현로**길 **, *층 ***호 (역삼동)",정상,0000,01,,203284.453815364    ,444651.146100494    ,서울특별시 강남구 역삼동 *** *층 ***호,2023-05-23 10:37:55
3220000,322000001320200003,2020-08-21,,영업/정상,,,,,,,06168,시그니처바이코리아(주),I,L00,2026-05-06 23:03:39,"서울특별시 강남구 테헤란로 ***, 브이플렉스 *층 ***호 (삼성동)",정상,0000,01,,204947.909039501    ,445035.104597245    ,서울특별시 강남구 삼성동 ***-** 브이플렉스 *층 ***호,2020-08-21 14:28:31
3220000,322000001320210001,2021-01-22,,영업/정상,,,,,,,06038,주식회사 펫프렌즈,I,000,2026-05-06 23:03:39,"서울특별시 강남구 도산대로*길 **, 큐브타워 지하*~*층층 (논현동)",정상,0000,01,07050960900,201824.488373252    ,445917.412657913    ,서울특별시 강남구 논현동 **-** 큐브타워 ,2021-12-28 08:53:51
3220000,322000001320210002,2021-03-25,,영업/정상,,,,,,,06163,주식회사 파이브원,I,L00,2026-05-06 23:03:39,"서울특별시 강남구 봉은사로 ***, 삼하빌딩 ***호 (삼성동)",정상,0000,01,027337080,204681.332375585    ,445621.144386783    ,서울특별시 강남구 삼성동 *** 삼하빌딩 ,2021-03-25 11:53:50
3220000,322000001320210003,2021-03-25,,영업/정상,,,,,,,06163,주식회사 파이브원,I,L00,2026-05-06 23:03:40,"서울특별시 강남구 봉은사로 ***, 삼하빌딩 ***호 (삼성동)",정상,0000,01,027337080,204681.332375585    ,445621.144386783    ,서울특별시 강남구 삼성동 *** 삼하빌딩 ,2021-03-25 13:40:23
3220000,322000001320210004,2021-04-13,,영업/정상,,,,,,,06244,(주)비엠에스,I,L00,2026-05-06 23:03:40,"서울특별시 강남구 역삼로*길 **, *,*,*,*층 (역삼동)",정상,0000,01,0234716581,202844.805360798    ,443719.481843616    ,서울특별시 강남구 역삼동 *** ,2023-10-11 10:42:02
3220000,322000001320210005,2021-06-08,,영업/정상,,,,,,,06098,주식회사 허글,I,L00,2026-05-06 23:03:40,"서울특별시 강남구 언주로 ***, 쿠쿠빌딩 *층 (논현동)",정상,0000,01,025142115,203090.626693466    ,445882.278020751    ,서울특별시 강남구 논현동 *** 쿠쿠빌딩 ,2021-06-08 15:01:03
3220000,322000001320210006,2021-06-10,,영업/정상,,,,,,,06098,주식회사 허글,I,L00,2026-05-06 23:03:41,"서울특별시 강남구 언주로 ***, 쿠쿠빌딩 *층 (논현동)",정상,0000,01,025142115,203090.626693466    ,445882.278020751    ,서울특별시 강남구 논현동 *** 쿠쿠빌딩 ,2021-06-10 10:07:54
3220000,322000001320210007,2021-06-16,,영업/정상,,,,,,,06117,에스디헬스케어,I,000,2026-05-06 23:03:41,"서울특별시 강남구 논현로***길 **, ***호 (논현동)",정상,0000,01,,202636.545697339    ,445253.065490153    ,서울특별시 강남구 논현동 ***-* ,2021-06-16 15:28:40
3220000,322000001320210008,2021-07-08,,취소/말소/만료/정지/중지,,,,,,,06179,씨에스와이인터내셔날,I,000,2026-05-06 23:03:41,"서울특별시 강남구 테헤란로**길 **, 동구빌딩 ****호 (대치동)",말소,0004,04,,205191.3141658      ,444916.197867865    ,서울특별시 강남구 대치동 ***-** 동구빌딩 ,2021-07-15 14:38:47
3220000,322000001320210009,2021-07-15,,영업/정상,,,,,,,06256,931스토어,I,000,2026-05-06 23:03:42,"서울특별시 강남구 도곡로**길 **, ***호 (역삼동)",정상,0000,01,,203154.476449788    ,443324.740342664    ,서울특별시 강남구 역삼동 ***-** ,2021-07-15 15:09:05
3220000,322000001320210010,2021-07-30,,영업/정상,,,,,,,06222,(주)레이바이오에이치앤비,I,L00,2026-05-06 23:03:42,"서울특별시 강남구 테헤란로**길 **, 영빌딩 *층 (역삼동)",정상,0000,01,07043513000,203529.413259327    ,444231.985812056    ,서울특별시 강남구 역삼동 ***-** 영빌딩 ,2021-07-30 10:06:39
3220000,322000001320210012,2021-09-06,,영업/정상,,,,,,,06141,주식회사 어바웃펫,I,L00,2026-05-06 23:03:43,"서울특별시 강남구 테헤란로 ***, 아주빌딩 *층 (역삼동)",정상,0000,01,07046525396,203217.245860869    ,444344.534739726    ,서울특별시 강남구 역삼동 ***-* 아주빌딩 ,2025-02-02 13:26:08
3220000,322000001320210013,2021-10-21,,영업/정상,,,,,,,06157,주식회사 리본에이전시,I,L00,2026-05-06 23:03:43,"서울특별시 강남구 봉은사로**길 **, *층 (삼성동)",정상,0000,01,16701886,204679.559296252    ,445073.952962924    ,서울특별시 강남구 삼성동 ***-* ,2021-10-21 11:23:08
3220000,322000001320210014,2021-12-22,,영업/정상,,,,,,,06141,(주)제이엘케이,I,L00,2026-05-06 23:03:43,"서울특별시 강남구 테헤란로**길 *, JLK 타워 (역삼동)",정상,0000,01,07046514051,203412.589874559    ,444440.380088943    ,서울특별시 강남구 역삼동 ***-** JLK 타워 ,2021-12-22 13:17:46
3220000,322000001320220001,2022-01-27,,영업/정상,,,,,,,06126,주식회사 부가라카타,I,L00,2026-05-06 23:03:44,"서울특별시 강남구 테헤란로**길 **, *동 ***호-**호 (역삼동)",정상,0000,01,025159111,202998.056896632    ,444660.428687269    ,서울특별시 강남구 역삼동 ***-** ,2022-03-14 15:45:10
3220000,322000001320220004,2022-04-25,,영업/정상,,,,,,,06133,마켓컬리,I,L00,2026-05-06 23:03:44,"서울특별시 강남구 테헤란로 ***, 한국타이어빌딩 **층 (역삼동)",정상,0000,01,16441107,202882.728038934    ,444215.31666966     ,서울특별시 강남구 역삼동 ***-** 한국타이어빌딩 ,2022-04-26 16:20:08
3220000,322000001320220010,2022-07-09,,영업/정상,,,,,,,06244,(주)비엠에스,I,L00,2026-05-06 23:03:45,"서울특별시 강남구 역삼로*길 **, 비엠에스빌딩 *층 (역삼동)",정상,0000,01,0234716500,202844.805360798    ,443719.481843616    ,서울특별시 강남구 역삼동 *** *층 ,2022-07-09 13:11:16
3220000,322000001320220011,2022-07-09,,영업/정상,,,,,,,06244,(주)비엠에스,I,000,2026-05-06 23:03:45,"서울특별시 강남구 역삼로*길 **, 비엠에스빌딩 *층 (역삼동)",정상,0000,01,0234716500,202844.805360798    ,443719.481843616    ,서울특별시 강남구 역삼동 *** *층 ,2022-07-09 13:11:40
3220000,322000001320220012,2022-07-09,,영업/정상,,,,,,,06244,(주)비엠에스,I,000,2026-05-06 23:03:46,"서울특별시 강남구 역삼로*길 **, 비엠에스빌딩 *층 (역삼동)",정상,0000,01,0234716500,202844.805360798    ,443719.481843616    ,서울특별시 강남구 역삼동 *** *층 ,2022-07-09 13:11:49
3220000,322000001320220013,2022-07-09,,영업/정상,,,,,,,06244,(주)비엠에스,I,000,2026-05-06 23:03:46,"서울특별시 강남구 역삼로*길 **, 비엠에스빌딩 *층 (역삼동)",정상,0000,01,0234716500,202844.805360798    ,443719.481843616    ,서울특별시 강남구 역삼동 *** *층 ,2022-07-09 13:12:21
3220000,322000001320220016,2022-08-23,,영업/정상,,,,,,,06132,에닐트주식회사,I,L00,2026-05-06 23:03:47,"서울특별시 강남구 테헤란로 ***, 고운빌딩 *층 ***호 (역삼동)",정상,0000,01,,203017.680777794    ,444263.117070674    ,서울특별시 강남구 역삼동 ***-** 고운빌딩 *층 ***호,2022-08-23 09:35:03
3220000,322000001320220018,2022-08-24,,폐업,2026-03-25,,,,,,06103,비마이펫주식회사,I,L00,2026-05-06 23:03:47,"서울특별시 강남구 선릉로 ***, 채운빌딩 *층 (논현동)",폐업,0002,03,05077246399,203713.787419605    ,445532.838648209    ,서울특별시 강남구 논현동 ***-* 채운빌딩 *층 ,2026-03-30 10:46:34
3220000,322000001320220019,2022-09-16,,영업/정상,,,,,,,06028,원에이치컴퍼니,I,000,2026-05-06 23:03:47,"서울특별시 강남구 압구정로**길 **, ***호 (신사동)",정상,0000,01,,201871.583919781    ,446558.243526189    ,서울특별시 강남구 신사동 ***-** ***호,2022-09-16 13:28:36
3220000,322000001320220020,2022-09-27,,영업/정상,,,,,,,06052,주앤주,I,000,2026-05-06 23:03:47,"서울특별시 강남구 논현로***길 **, 덕산빌딩 *층 ***호 (논현동)",정상,0000,01,,202693.291085405    ,445949.50345462     ,서울특별시 강남구 논현동 **-* 덕산빌딩 *층 ***호,2022-09-27 13:24:10
3220000,322000001320220022,2022-10-31,,영업/정상,,,,,,,06158,(주)커머스허브,I,L00,2026-05-06 23:03:47,"서울특별시 강남구 테헤란로**길 **, 에이타워* *층 (삼성동)",정상,0000,01,07044325855,204800.216714965    ,445034.077974181    ,"서울특별시 강남구 삼성동 ***-** 에이타워*, *층 ",2025-01-02 17:39:23
3220000,322000001320220023,2022-10-31,,영업/정상,,,,,,,06158,(주)셀러허브,I,L00,2026-05-06 23:03:47,"서울특별시 강남구 테헤란로**길 **, 에이타워* *,*,*,층 (삼성동)",정상,0000,01,07044325855,204800.216714965    ,445034.077974181    ,"서울특별시 강남구 삼성동 ***-** 에이타워* *,*,*층 ",2022-10-31 11:56:22
3220000,322000001320220024,2022-10-31,,영업/정상,,,,,,,06158,(주)셀러허브,I,000,2026-05-06 23:03:47,"서울특별시 강남구 테헤란로**길 **, 에이타워* *,*,*,층 (삼성동)",정상,0000,01,07044325855,204800.216714965    ,445034.077974181    ,"서울특별시 강남구 삼성동 ***-** 에이타워* *,*,*층 ",2022-10-31 11:56:37
3220000,322000001319990001,1999-01-15,,폐업,2010-07-05,,,,0,,,영인과학,I,L00,2026-05-06 23:03:34,,폐업,0002,03,,201938.162932107    ,446799.301808945    ,서울특별시 강남구 신사동 *** 영화빌딩 *층 ,2010-07-05 14:03:28
3220000,322000001320010001,2001-07-23,,폐업,2003-11-20,,,,0,,,(주)장백베트컴,I,L00,2026-05-06 23:03:34,,폐업,0002,03,,,,서울특별시 강남구 포이동 ***-*    가람빌딩 ***호 ,2003-11-20 09:46:02
3220000,322000001320010004,2001-11-05,,폐업,2007-05-28,,,,0,,,호진산업기연(주),I,L00,2026-05-06 23:03:34,,폐업,0002,03,,,,서울특별시 강남구 역삼동 ***-**   경도빌딩 ,2007-05-28 14:52:01
3220000,322000001320020002,2002-06-27,,폐업,2007-03-19,,,,0,,,(주)루터슨,I,L00,2026-05-06 23:03:34,,폐업,0002,03,,203308.327402517    ,447145.986045698    ,서울특별시 강남구 신사동 ***-* *층 ,2007-03-19 16:52:43
3220000,322000001320030001,2003-03-26,,폐업,2007-05-28,,,,0,,,대원아로마,I,000,2026-05-06 23:03:34,,폐업,0002,03,,,,서울특별시 강남구 논현동 ***-*    ***호 ,2007-05-28 15:10:55
3220000,322000001320030002,2003-09-02,,폐업,2004-07-01,,,,0,,,동방의료기(주),I,L00,2026-05-06 23:03:34,,폐업,0002,03,,204308.797361501    ,444932.157842043    ,서울특별시 강남구 삼성동 ***-** 외 *필지  유니콘빌딩 *층 ,2004-07-01 14:34:39
3220000,322000001320100001,2010-06-08,,폐업,2012-07-04,,,,0,,,지멘스 주식회사,I,L00,2026-05-06 23:03:34,,폐업,0002,03,34507997,203322.983389766    ,444096.332398546    ,"서울특별시 강남구 역삼동 *** 아세아타워빌딩 *,*층 ",2012-07-04 17:26:57
3220000,322000001320130002,2013-07-24,,폐업,2016-08-11,,,,,,06173,캐논코리아비즈니스솔루션(주),I,L00,2026-05-06 23:03:35,서울특별시 강남구 테헤란로 *** (삼성동),폐업,0002,03,34500706,205586.189628979    ,445254.271975766    ,,2016-08-12 09:11:43
3220000,322000001320140001,2014-06-02,,폐업,2022-07-14,,,,,,06060,지이헬스케어코리아(주),I,L00,2026-05-06 23:03:35,"서울특별시 강남구 학동로 *** (논현동, POBA강남타워 *층, *층)",폐업,0002,03,0262013341,203522.611749323    ,446136.224971923    ,"서울특별시 강남구 논현동 *** POBA강남타워 *층, *층 ",2022-07-14 13:13:19
3220000,322000001320140002,2014-06-11,,폐업,2022-07-14,,,,,,06060,지이헬스케어코리아(주),I,L00,2026-05-06 23:03:35,"서울특별시 강남구 학동로 *** (논현동, POBA 강남타워 *층, *층)",폐업,0002,03,62013341,215809.975356468    ,438371.11105825     ,"경기도 성남시 중원구 상대원동 *** POBA 강남타워 *층, *층 ",2022-07-14 13:19:04
3220000,322000001320140003,2014-12-30,,폐업,2017-07-06,,,,,,06072,아스렉스코리아 유한회사,I,L00,2026-05-06 23:03:35,"서울특별시 강남구 학동로 ***, *,*,*,*층 (청담동)",폐업,0002,03,0296009400,204857.596666666    ,446421.32           ,"서울특별시 강남구 청담동 **-* *층,*층,*층,*층 ",2017-07-06 15:56:19
3220000,322000001320180005,2018-10-29,,폐업,2020-01-20,,,,,,06206,강아지아이돌,I,000,2026-05-06 23:03:36,"서울특별시 강남구 선릉로 ***, *층 *호 (대치동)",폐업,0002,03,,204588.187890406    ,443925.244459883    ,서울특별시 강남구 대치동 *** ,2020-01-20 10:43:35
3220000,322000001320180006,2018-11-20,,폐업,2020-05-08,,,,,,06258,스피어텐,I,L00,2026-05-06 23:03:37,"서울특별시 강남구 도곡로 ***, 서한빌딩 *층 (도곡동)",폐업,0002,03,,202835.924249933    ,443051.27224413     ,서울특별시 강남구 도곡동 ***-* 서한빌딩 ,2020-05-08 15:33:08
3220000,322000001320190006,2019-07-19,,폐업,2023-02-01,,,,,,06038,주식회사 봄프렌즈,I,L00,2026-05-06 23:03:38,"서울특별시 강남구 도산대로*길 **, 장원빌딩 ***호 (논현동)",폐업,0002,03,07048704477,201788.631995716    ,445940.200333341    ,서울특별시 강남구 논현동 **-* ,2023-02-02 16:13:06
3220000,322000001320190008,2019-11-28,,폐업,2022-09-29,,,,,,06164,(주)호텔롯데 롯데면세점 코엑스점,I,L00,2026-05-06 23:03:38,"서울특별시 강남구 봉은사로 ***, 코엑스인터콘티넨탈서울 지하*층 (삼성동)",폐업,0002,03,0234849723,205130.591678902    ,445590.096837802    ,서울특별시 강남구 삼성동 *** 코엑스인터콘티넨탈서울 ,2022-09-29 17:41:52
3220000,322000001320200001,2020-01-07,,폐업,2024-03-04,,,,,,06271,비욘드월드 주식회사,I,L00,2026-05-06 23:03:38,"서울특별시 강남구 남부순환로 ****, 한독빌딩 *층 ****호 (도곡동)",폐업,0002,03,07042393077,203390.902472016    ,442601.789760193    ,서울특별시 강남구 도곡동 ***-* 한독빌딩 ****호,2024-03-08 17:22:07
3220000,322000001320210011,2021-09-06,,폐업,2023-01-28,,,,,,06160,주식회사 봄프렌즈,I,L00,2026-05-06 23:03:42,"서울특별시 강남구 선릉로**길 **, *층 (삼성동)",폐업,0002,03,0215449667,204543.308089275    ,444882.509077664    ,서울특별시 강남구 삼성동 ***-** ,2023-02-01 15:46:38
3220000,322000001320220002,2022-04-12,,폐업,2023-11-24,,,,,,06034,(주)이마트에브리데이 강남시장점,I,L00,2026-05-06 23:03:44,"서울특별시 강남구 압구정로*길 **, *층 (신사동, ---------)",폐업,0002,03,,201757.494098748    ,446282.45446652     ,서울특별시 강남구 신사동 ***-** --------- ,2023-11-29 10:23:11
3220000,322000001320220003,2022-04-12,,폐업,2024-06-30,,,,,,06289,전진바이오팜주식회사 폴리파크 도곡역지점,I,L00,2026-05-06 23:03:44,"서울특별시 강남구 남부순환로 ****, 우성아파트상가 *층 ***호 (대치동)",폐업,0002,03,,204992.451561361    ,443183.576115254    ,서울특별시 강남구 대치동 *** 우성아파트상가 ,2024-08-29 17:49:30
3220000,322000001320220005,2022-05-18,,폐업,2023-11-24,,,,,,06376,(주)이마트에브리데이 세곡점,I,L00,2026-05-06 23:03:44,"서울특별시 강남구 헌릉로 ***, *층 (세곡동)",폐업,0002,03,0220883800,208882.245870174    ,440405.743740801    ,서울특별시 강남구 세곡동 *** ,2023-11-24 16:31:23
3220000,322000001320220006,2022-05-18,,폐업,2023-11-21,,,,,,06373,(주)이마트에브리데이 자곡점,I,L00,2026-05-06 23:03:44,"서울특별시 강남구 자곡로 ***, S-플라자 (자곡동)",폐업,0002,03,0220392239,208334.06570268     ,441086.596187726    ,서울특별시 강남구 자곡동 *** S-플라자 ,2023-11-21 17:08:58
3220000,322000001320220007,2022-05-18,,폐업,2023-11-27,,,,,,06336,(주)이마트에브리데이 개포점,I,L00,2026-05-06 23:03:44,"서울특별시 강남구 개포로 ***, 대청타워 지하*층 (개포동)",폐업,0002,03,0234135800,206970.919291372    ,443574.411625824    ,서울특별시 강남구 개포동 **-* 대청타워 ,2023-11-27 18:58:44
3220000,322000001320220008,2022-05-19,,폐업,2023-11-23,,,,,,06284,(주)이마트에브리데이 대치은마점,I,L00,2026-05-06 23:03:44,"서울특별시 강남구 삼성로 ***, 편의시설동 ***호 (대치동, 은마아파트)",폐업,0002,03,0269523039,205707.089399978    ,443914.194133105    ,서울특별시 강남구 대치동 *** 은마아파트 ,2023-11-23 17:28:36
3220000,322000001320220009,2022-06-23,,폐업,2025-05-23,,,,,,06061,주식회사 홀썸브랜드,I,L00,2026-05-06 23:03:45,"서울특별시 강남구 학동로**길 *, 성우빌딩 ***호 (논현동)",폐업,0002,03,07077910053,203271.271835726    ,446032.236950136    ,서울특별시 강남구 논현동 ***-* 성우빌딩 ***호,2025-06-04 15:01:22
3220000,322000001320220014,2022-07-09,,폐업,2023-10-06,,,,,,06244,(주)비엠에스,I,L00,2026-05-06 23:03:46,"서울특별시 강남구 역삼로*길 **, 비엠에스빌딩 *층 (역삼동)",폐업,0002,03,0234716500,202844.805360798    ,443719.481843616    ,서울특별시 강남구 역삼동 *** *층 ,2023-10-06 18:46:50
3220000,322000001320220015,2022-07-18,,폐업,2022-07-18,,,,,,06341,CU강남행복점,I,000,2026-05-06 23:03:46,"서울특별시 강남구 양재대로**길 *, 수서*단지아파트 상가 ***호 (일원동)",폐업,0002,03,,207748.487100942    ,443240.945026406    ,서울특별시 강남구 일원동 ***-* 수서*단지아파트 상가 ***호,2022-07-20 10:49:20
3220000,322000001320220017,2022-08-23,,폐업,2024-03-04,,,,,,06236,에닐트주식회사,I,L00,2026-05-06 23:03:47,"서울특별시 강남구 테헤란로 ***, 캐피탈타워 *층 ***호 (역삼동)",폐업,0002,03,,203016.183843955    ,444168.205988118    ,서울특별시 강남구 역삼동 ***-* 캐피탈타워 *층 ***호,2024-03-08 17:26:04
3220000,322000001320220021,2022-10-17,,폐업,2023-11-24,,,,,,06310,(주)이마트에브리데이 개포래미안포레스트점,I,L00,2026-05-06 23:03:47,"서울특별시 강남구 언주로*길 *, 개포자이르네 상가 지하*층 ***, ***호 (개포동)",폐업,0002,03,,204824.676141018    ,441809.561685082    ,"서울특별시 강남구 개포동 ***-* 개포자이네르 상가 지하*층 ***, ***호 ",2023-11-27 19:03:46
3220000,322000001320230003,2023-03-15,,폐업,2025-05-23,,,,,,06061,주식회사 홀썸브랜드(코페르니쿠스지점),I,L00,2026-05-06 23:03:48,"서울특별시 강남구 학동로**길 *, 성우빌딩 ***호 (논현동)",폐업,0002,03,0269534952,203271.271835726    ,446032.236950136    ,서울특별시 강남구 논현동 ***-* 성우빌딩 ***호,2025-06-04 15:15:38
3220000,322000001320230004,2023-03-15,,폐업,2025-06-01,,,,,,06113,주식회사 홀썸브랜드(라마누잔지점),I,L00,2026-05-06 23:03:48,"서울특별시 강남구 학동로**길 **, 지하*층 B**-*호 (논현동)",폐업,0002,03,0269534952,202382.111573103    ,445428.257061143    ,서울특별시 강남구 논현동 ***-* 지하*층 B**-*호,2025-06-04 15:24:12
3220000,322000001320230005,2023-05-16,,폐업,2024-06-04,,,,,,06037,밝은몰,I,000,2026-05-06 23:03:48,"서울특별시 강남구 논현로***길 **, 엘스센터 ****호 (신사동)",폐업,0002,03,,202124.262977683    ,446374.647464072    ,서울특별시 강남구 신사동 *** ,2024-06-04 16:49:01
3220000,322000001320250003,2025-02-13,,폐업,2025-09-26,,,,,,06159,케이디(KD)메디컬,I,000,2026-05-06 23:03:49,"서울특별시 강남구 테헤란로**길 **, 퍼시픽빌딩 *층 *호 (삼성동)",폐업,0002,03,,204596.861509653    ,444933.736880989    ,서울특별시 강남구 삼성동 ***-** 퍼시픽빌딩 *동 *호,2025-09-29 09:31:15
3220000,322000001320260001,2026-04-15,,영업/정상,,,,,,,06181,주식회사 윙스풋,I,L00,2026-05-06 23:03:49,"서울특별시 강남구 테헤란로**길 **, 송강빌딩 **층 (대치동)",정상,0000,01,025396130,205479.245251512    ,445019.638017445    ,서울특별시 강남구 대치동 ***-** 송강빌딩 **층 ,2026-04-15 10:46:38
3220000,322000001320260002,2026-04-15,,영업/정상,,,,,,,06181,주식회사 휴먼웰니스,I,L00,2026-05-06 23:03:49,"서울특별시 강남구 테헤란로**길 **, 송강빌딩 **층 (대치동)",정상,0000,01,07050973425,205479.245251512    ,445019.638017445    ,서울특별시 강남구 대치동 ***-** 송강빌딩 **층 ,2026-04-15 10:47:44
3220000,322000001320260003,2026-05-11,,영업/정상,,,,,,,06158,비욘드스카이,I,000,2026-05-12 22:02:20,"서울특별시 강남구 테헤란로**길 **, ***동 ****호 (삼성동)",정상,0000,01,,204774.24773282     ,445010.229472758    ,서울특별시 강남구 삼성동 ***-* ***동 ****호 ,2026-05-11 10:35:18
3220000,322000001320230009,2023-11-27,,폐업,2025-03-31,,,,,,06142,주식회사 에스에스지닷컴,I,L00,2026-05-06 23:03:48,"서울특별시 강남구 테헤란로 ***, 센터필드 **층 (역삼동)",폐업,0002,03,023172129,203599.062771687    ,444556.062267296    ,서울특별시 강남구 역삼동 *** 센터필드 ,2025-03-31 14:46:37
3220000,322000001319960001,1996-05-28,,폐업,2007-03-22,,,,0,,,한국라이프게어(주),I,L00,2026-05-06 23:03:33,,폐업,0002,03,,,,서울특별시 강남구 청담동 **-*    삼성빌딩 ***호 ,2007-03-22 16:47:08
3220000,322000001319960002,1996-09-16,,폐업,2007-05-28,,,,0,,,(주)에스와이메디케어,I,L00,2026-05-06 23:03:33,,폐업,0002,03,025385200,203241.200111897    ,443708.650395775    ,서울특별시 강남구 역삼동 ***-* 명우빌딩 *층 ,2007-05-28 09:29:59
3220000,322000001319960003,1996-10-31,,폐업,2007-05-29,,,,0,,,주성메디칼,I,000,2026-05-06 23:03:33,,폐업,0002,03,,,,서울특별시 강남구 대치동 ***-**   동선빌딩 ***호 ,2007-05-29 15:11:45
3220000,322000001319980001,1998-07-25,,폐업,2018-02-13,,,,0,,,상정상사,I,000,2026-05-06 23:03:34,,폐업,0002,03,,,,서울특별시 강남구 역삼동 ***-**   ,2018-02-14 11:00:06
3230000,323000001320130005,2013-12-26,,폐업,2017-11-06,,,,,,05809,피앤씨코리아,I,000,2026-04-30 22:32:58,"서울특별시 송파구 송이로**길 **, *층 (문정동, 신안빌딩)",폐업,0002,03,024094608,211124.253395479    ,442367.024660277    ,,2017-11-08 16:56:28
3230000,323000001320150001,2015-06-30,,폐업,2021-05-20,,,,,,05838,(주)아미고글로벌,I,L00,2026-04-30 22:32:58,"서울특별시 송파구 충민로 **, T동 ****호 (문정동, 가든파이브라이프)",폐업,0002,03,024027700,210986.460698452    ,441725.293491662    ,,2021-05-20 09:25:27
3230000,323000001320150002,2015-08-11,,폐업,2017-03-15,,,,20,,05509,신화사이언스,I,000,2026-04-30 22:32:58,"서울특별시 송파구 올림픽로**길 **, *층 *호 (신천동, 미성상가)",폐업,0002,03,,,,,2017-03-16 09:03:57
3230000,323000001320170001,2017-01-18,,폐업,2018-11-06,,,,23.34,,05840,디엠옵티칼,I,000,2026-04-30 22:32:58,"서울특별시 송파구 충민로 **, *층 D**호 (문정동, 가든파이브툴)",폐업,0002,03,,210480.282018702    ,441833.16323518     ,,2018-11-06 15:17:05
3230000,323000001320190001,2019-03-14,,폐업,2024-12-05,,,,,,05564,애완용품할인매장 도그버디-잠실점,I,L00,2026-04-30 22:32:58,"서울특별시 송파구 석촌호수로**길 *-**, *층 (잠실동)",폐업,0002,03,0234320909,207552.96722862     ,445137.378559191    ,서울특별시 송파구 잠실동 ***-** ,2024-12-06 09:40:16
3230000,323000001320190002,2019-03-14,,폐업,2024-12-05,,,,,,05581,애완용품할인매장 도그버디-삼전점,I,L00,2026-04-30 22:32:58,"서울특별시 송파구 백제고분로 ***, 두레빌딩 *층 ***호 (삼전동)",폐업,0002,03,024662526,207801.420107817    ,444625.035727762    ,서울특별시 송파구 삼전동 **-** 두레빌딩 ,2024-12-05 18:05:28
3230000,323000001320190005,2019-03-15,,폐업,2024-12-05,,,,,,05643,애견용품할인매장 도그버디-방이점,I,L00,2026-04-30 22:32:58,서울특별시 송파구 백제고분로**길 ** (방이동),폐업,0002,03,024662526,210295.726837349    ,445339.871097084    ,서울특별시 송파구 방이동 *** ,2024-12-06 09:39:34
3230000,323000001320200001,2020-05-19,,폐업,2023-05-09,,,,,,05838,(주)다우진유전자 연구소,I,L00,2026-04-30 22:32:58,"서울특별시 송파구 충민로 **, 가든파이브라이프 T동 ****호 (문정동)",폐업,0002,03,,210986.460698452    ,441725.293491662    ,서울특별시 송파구 문정동 *** 가든파이브라이프 ,2023-05-09 15:08:11
3230000,323000001320200005,2020-08-19,,폐업,2024-04-16,,,,,,05673,태건,I,000,2026-04-30 22:32:59,"서울특별시 송파구 오금로 ***, *층 *-*호 (송파동, 가락삼익맨숀)",폐업,0002,03,024153006,210657.024580332    ,444667.864970738    ,서울특별시 송파구 송파동 *** 가락삼익맨숀 ,2024-04-16 17:45:59
3230000,323000001320210002,2021-01-20,,폐업,2024-06-28,,,,,,05641,이현코리아,I,000,2026-04-30 22:32:59,"서울특별시 송파구 백제고분로 ***, 송암빌딩 ***호 (방이동)",폐업,0002,03,07047923150,209896.270852095    ,445366.660997995    ,서울특별시 송파구 방이동 *** 송암빌딩 ,2024-06-28 14:28:27
3230000,323000001320210003,2021-01-20,,폐업,2024-06-28,,,,,,05641,강윤글로벌,I,000,2026-04-30 22:32:59,"서울특별시 송파구 백제고분로 ***, 송암빌딩 ***호 (방이동)",폐업,0002,03,,209896.270852095    ,445366.660997995    ,서울특별시 송파구 방이동 *** 송암빌딩 ,2024-06-28 14:29:54
3230000,323000001320210004,2021-01-20,,폐업,2025-04-18,,,,,,05555,마일드마켓,I,000,2026-04-30 22:32:59,"서울특별시 송파구 잠실로 **, ***동 ***호 (잠실동, 트리지움)",폐업,0002,03,,207849.576769863    ,445299.913591118    ,서울특별시 송파구 잠실동 ** 트리지움 ,2025-04-21 14:58:32
3230000,323000001320210005,2021-01-20,,폐업,2022-03-03,,,,,,05854,굿파인더,I,000,2026-04-30 22:32:59,"서울특별시 송파구 송파대로 ***, 송파 테라타워* B동 ****-*호 (문정동)",폐업,0002,03,,,,서울특별시 송파구 문정동 *** 송파 테라타워* ,2022-03-03 13:47:36
3230000,323000001320210007,2021-04-26,,폐업,2022-03-03,,,,,,05854,미스터라라,I,000,2026-04-30 22:32:59,"서울특별시 송파구 송파대로 ***, 송파 테라타워* A동 ***-*호 (문정동)",폐업,0002,03,,,,서울특별시 송파구 문정동 *** 송파 테라타워* ,2022-03-03 11:19:59
3230000,323000001320210010,2021-12-29,,폐업,2024-09-03,,,,,,05825,(주)티앤씨디바인,I,L00,2026-04-30 22:32:59,"서울특별시 송파구 중대로 ***, 태정빌딩 *층 (가락동)",폐업,0002,03,024432443,210970.729471802    ,443756.22297571     ,서울특별시 송파구 가락동 ***-* 태정빌딩 ,2024-09-03 14:14:02
3230000,323000001320220001,2022-02-09,,폐업,2023-01-19,,,,,,05739,지에스25 송파다빈치점,I,000,2026-04-30 22:32:59,"서울특별시 송파구 마천로**길 *-*, ***호 (오금동, 다빈치힐)",폐업,0002,03,,212205.058140609    ,444508.156002523    ,서울특별시 송파구 오금동 *** 다빈치힐 ,2023-01-19 16:48:39
3230000,323000001320220005,2022-04-12,,폐업,2024-12-03,,,,,,05566,전진바이오팜주식회사 폴리파크 잠실지점,I,L00,2026-04-30 22:32:59,"서울특별시 송파구 석촌호수로 ***, 한경빌딩 *층 (잠실동)",폐업,0002,03,0220881824,207769.539121995    ,445057.77801274     ,서울특별시 송파구 잠실동 ***-* 한경빌딩 ,2024-12-26 15:12:10
3230000,323000001320220008,2022-05-16,,폐업,2023-11-23,,,,,,05648,(주)이마트에브리데이 올림픽점,I,000,2026-04-30 22:32:59,"서울특별시 송파구 양재대로 ****, 올림픽프라자 *층 (방이동)",폐업,0002,03,024081500,211619.368009793    ,445963.384875409    ,서울특별시 송파구 방이동 **-** 올림픽프라자 ,2023-11-23 17:36:34
3230000,323000001320220009,2022-05-17,,폐업,2023-11-15,,,,,,05698,(주)이마트에브리데이 송파점,I,000,2026-04-30 22:32:59,"서울특별시 송파구 송파대로 ***, *블록A동 지하*층 (가락동, 헬리오시티)",폐업,0002,03,0221358424,209412.197809542    ,443928.783342251    ,서울특별시 송파구 가락동 *** 헬리오시티 ,2023-11-15 17:10:30
3230000,323000001320220010,2022-05-18,,폐업,2023-11-28,,,,,,05711,(주)이마트에브리데이 가락동점,I,000,2026-04-30 22:32:59,"서울특별시 송파구 중대로*길 **, 리치빌딩 *층 (가락동)",폐업,0002,03,028483651,210391.461980814    ,443796.02703891     ,서울특별시 송파구 가락동 **-* ,2023-11-28 16:36:05
3230000,323000001320220013,2022-05-24,,폐업,2023-04-21,,,,,,05771,좋은친구들,I,000,2026-04-30 22:32:59,"서울특별시 송파구 오금로**길 **, *동 ****호 (거여동, 현대아파트)",폐업,0002,03,,212403.643733203    ,443417.837902915    ,서울특별시 송파구 거여동 *** 현대아파트 ,2023-04-27 09:51:56
3230000,323000001320220014,2022-05-25,,폐업,2025-05-02,,,,,,05538,호드림,I,000,2026-04-30 22:32:59,"서울특별시 송파구 강동대로*길 **, ***동 ****호 (풍납동, 연지토성아파트)",폐업,0002,03,,210274.185529862    ,447307.649759292    ,서울특별시 송파구 풍납동 ***-* 연지토성아파트 ,2025-05-02 17:30:15
3230000,323000001319980001,1998-01-14,,영업/정상,,,,,0,,05768,(주)서광라보텍,I,000,2026-04-30 22:32:57,"서울특별시 송파구 오금로 ***, ***동 **층 *호 (거여동, 트리지움)",정상,0000,01,,212923.58984334     ,443444.653125726    ,,2015-07-31 13:27:19
3230000,323000001320010001,2001-08-14,,영업/정상,,,,,0,,,(주)동광메디텍,I,000,2026-04-30 22:32:57,"서울특별시 송파구 백제고분로**길 ** (삼전동,*층)",정상,0000,01,,208366.297102118    ,444687.690015661    ,서울특별시 송파구 삼전동 ***-** *층 ,2015-07-31 13:30:40
3230000,323000001320040001,2004-02-19,,영업/정상,,,,,0,,05711,세진교역,I,000,2026-04-30 22:32:57,"서울특별시 송파구 송파대로**길 *, 상가동 *층 *호 (가락동, 가락우성아파트)",정상,0000,01,,210347.070743819    ,443830.404153393    ,서울특별시 송파구 가락동 **-* 가락우성아파트 상가동 *층 *호,2025-09-17 10:37:39
3230000,323000001320110001,2011-01-05,,영업/정상,,,,,45.36,,05838,주식회사 명인메디텍,I,L00,2026-04-30 22:32:58,"서울특별시 송파구 충민로 **, 에프-****,****호 (문정동, 가든파이브라이프)",정상,0000,01,0221576667,210986.460698452    ,441725.293491662    ,서울특별시 송파구 문정동 *** ,2017-05-08 17:28:01
3230000,323000001320130003,2013-04-04,,영업/정상,,,,,,,05838,씨앤지,I,000,2026-04-30 22:32:58,"서울특별시 송파구 충민로 **, T동 *층 ****호 (문정동, 가든파이브라이프테크노관)",정상,0000,01,21576667,210986.460698452    ,441725.293491662    ,,2015-07-31 13:18:39
3230000,323000001320150003,2015-11-20,,영업/정상,,,,,,,05836,주식회사 히포사이언스,I,000,2026-04-30 22:32:58,"서울특별시 송파구 법원로**길 **, 에이치비지니스파크 A동 ***호 (문정동)",정상,0000,01,025325526,,,서울특별시 송파구 문정동 *** 에이치비지니스파크 ,2021-11-08 10:06:19
3230000,323000001320170002,2017-02-27,,영업/정상,,,,,22.64,,05838,주식회사 코리아젠,I,L00,2026-04-30 22:32:58,"서울특별시 송파구 충민로 **, 제지*층 FB****호 (문정동, 가든파이브라이프)",정상,0000,01,0234000203,210986.460698452    ,441725.293491662    ,서울특별시 송파구 문정동 *** ,2017-02-28 13:58:15
3230000,323000001320180001,2018-06-04,,영업/정상,,,,,54.97,,05852,기프트 펫,I,000,2026-04-30 22:32:58,"서울특별시 송파구 위례광장로 ***, 상가-*동 *층 C-***호 (장지동, 위례아이파크)",정상,0000,01,024000500,212494.327675839    ,441590.062253247    ,서울특별시 송파구 장지동 *** 위례아이파크 *층 상가-*동 C-***호,2018-06-04 09:25:21
3230000,323000001320180002,2018-06-04,,영업/정상,,,,,,,05510,롯데쇼핑(주) 롯데마트사업본부,I,000,2026-04-30 22:32:58,"서울특별시 송파구 올림픽로 ***, *층 (신천동, 롯데캐슬골드)",정상,0000,01,0221458000,208836.192051204    ,445807.727388799    ,경기도 하남시 학암동 *-** 롯데캐슬골드 *층 ,2026-04-28 10:44:50
3230000,323000001320180003,2018-06-29,,영업/정상,,,,,,,05734,주식회사 헬로,I,L00,2026-04-30 22:32:58,"서울특별시 송파구 거마로 **, 대우빌딩 *층 (마천동)",정상,0000,01,024009961,212978.137709539    ,444300.917646975    ,서울특별시 송파구 마천동 **-* 대우빌딩 *층 ,2018-06-29 09:23:06
3230000,323000001320190003,2019-03-14,,영업/정상,,,,,,,05643,애완용품할인매장 도그버디-방이점,I,L00,2026-04-30 22:32:58,서울특별시 송파구 백제고분로**길 ** (방이동),정상,0000,01,024088684,210295.726837349    ,445339.871097084    ,서울특별시 송파구 방이동 *** ,2019-03-14 13:45:29
3230000,323000001320190004,2019-03-14,,영업/정상,,,,,,,05643,애완용품할인매장 도그버디-방이점,I,000,2026-04-30 22:32:58,서울특별시 송파구 백제고분로**길 ** (방이동),정상,0000,01,024088684,210295.726837349    ,445339.871097084    ,서울특별시 송파구 방이동 *** ,2019-03-14 13:45:38
3230000,323000001320190006,2019-04-22,,영업/정상,,,,,,,05654,워크앤런,I,000,2026-04-30 22:32:58,"서울특별시 송파구 중대로 ***-**, 혜암빌딩 (오금동)",정상,0000,01,024852727,211687.683744262    ,445186.083801679    ,서울특별시 송파구 오금동 *-* 혜암빌딩 ,2019-04-22 11:14:15
3230000,323000001320190007,2019-05-27,,영업/정상,,,,,,,05518,제이페이버,I,000,2026-04-30 22:32:58,서울특별시 송파구 바람드리**길 * (풍납동),정상,0000,01,,210499.134043032    ,448332.458688085    ,서울특별시 송파구 풍납동 ***-** ***호,2019-05-27 16:41:44
3230000,323000001320190008,2019-08-23,,영업/정상,,,,,,,05854,상정상사(주),I,000,2026-04-30 22:32:58,"서울특별시 송파구 법원로 ***, 문정에스케이브이원지엘메트로시티 (문정동)",정상,0000,01,,,,서울특별시 송파구 문정동 ***-* 문정에스케이브이원지엘메트로시티 ,2019-08-23 17:35:37
3230000,323000001320190009,2019-09-18,,영업/정상,,,,,,,05718,주식회사 경쓰,I,000,2026-04-30 22:32:58,"서울특별시 송파구 송파대로**길 **, 밀리아나*차오피스텔 ***호 (가락동)",정상,0000,01,,210591.787825479    ,443574.427660288    ,서울특별시 송파구 가락동 **-* 밀리아나*차오피스텔 ,2019-12-09 11:26:16
3230000,323000001320190010,2019-09-18,,영업/정상,,,,,,,05637,엠케이(MK)물류,I,000,2026-04-30 22:32:58,"서울특별시 송파구 양재대로**길 **-*, 광진빌딩 ***호 (방이동)",정상,0000,01,025550444,210863.691123684    ,445473.005139359    ,서울특별시 송파구 방이동 ***-** 광진빌딩 ,2019-09-18 18:02:22
3230000,323000001320190011,2019-10-01,,영업/정상,,,,,,,05567,유니메드제약(주),I,000,2026-04-30 22:32:58,"서울특별시 송파구 삼전로 **, 유니메드빌딩 *층 (잠실동)",정상,0000,01,0222405259,207734.58283021     ,444762.720149972    ,서울특별시 송파구 잠실동 ***-* 유니메드빌딩 ,2019-10-01 13:20:58
3230000,323000001320190012,2019-12-09,,영업/정상,,,,,,,05836,(주)알에스피글로벌,I,000,2026-04-30 22:32:58,"서울특별시 송파구 법원로**길 **, 문정현대지식산업센터*-* A동 ***호 (문정동)",정상,0000,01,0234000950,,,서울특별시 송파구 문정동 *** 문정현대지식산업센터*-* ,2019-12-09 13:02:45
3230000,323000001320190013,2019-12-12,,영업/정상,,,,,,,05632,잠실의료기,I,000,2026-04-30 22:32:58,"서울특별시 송파구 위례성대로*길 **, 두레빌딩 ***호 (방이동)",정상,0000,01,024710773,210227.044813177    ,445537.010145723    ,서울특별시 송파구 방이동 ***-** 두레빌딩 ,2019-12-12 09:19:07
3230000,323000001320220015,2022-06-23,,폐업,2024-02-08,,,,,,05854,메타부자,I,000,2026-04-30 22:32:59,"서울특별시 송파구 송파대로 ***, 송파 테라타워* A동 G층 ***-*호 (문정동)",폐업,0002,03,,,,서울특별시 송파구 문정동 *** 송파 테라타워* ,2024-02-08 16:59:51
3230000,323000001320220016,2022-06-23,,폐업,2024-02-08,,,,,,05854,굿파인더,I,000,2026-04-30 22:32:59,"서울특별시 송파구 송파대로 ***, 송파 테라타워* B동 **층 ****-*호 (문정동)",폐업,0002,03,,,,서울특별시 송파구 문정동 *** 송파 테라타워* ,2024-02-08 17:00:48
3230000,323000001320220018,2022-11-22,,폐업,2024-10-04,,,,,,05643,주식회사 비욘드지놈,I,000,2026-04-30 22:32:59,"서울특별시 송파구 오금로 ***, 대연빌딩 ***호 (방이동)",폐업,0002,03,0269523880,210205.929194952    ,445135.244406577    ,서울특별시 송파구 방이동 ***-** 대연빌딩 ,2024-10-04 17:29:07
3230000,323000001320230003,2023-07-24,,폐업,2025-02-21,,,,,,05623,지더블유바이텍 주식회사,I,L00,2026-04-30 22:33:00,"서울특별시 송파구 석촌호수로 ***, *층 (송파동)",폐업,0002,03,0221403396,209321.573335253    ,445338.780035       ,서울특별시 송파구 송파동 **-* ,2025-02-24 14:15:45
3230000,323000001320230004,2023-08-02,,폐업,2023-08-08,,,,,,05834,대성에이엠씨 문정,I,L00,2026-04-30 22:33:00,"서울특별시 송파구 중대로 **, *층 (문정동, 올림픽훼밀리타운)",폐업,0002,03,,210045.748264305    ,442930.687284628    ,서울특별시 송파구 문정동 *** 올림픽훼밀리타운 ,2023-08-09 10:44:57
3230000,323000001320200002,2020-06-22,,영업/정상,,,,,,,05545,한미사이언스,I,000,2026-04-30 22:32:59,"서울특별시 송파구 위례성대로 **, 한미타워 (방이동)",정상,0000,01,0804247999,210002.84810652     ,446043.04612644     ,서울특별시 양천구 목동 ** ,2025-04-28 09:51:05
3230000,323000001320200003,2020-07-14,,영업/정상,,,,,,,05854,세라노틱스(주),I,000,2026-04-30 22:32:59,"서울특별시 송파구 송파대로 ***, 송파 테라타워* B동 *층 ***호 (문정동)",정상,0000,01,0269337484,,,서울특별시 송파구 문정동 *** 송파 테라타워* ,2020-07-14 08:52:07
3230000,323000001320200004,2020-08-11,,영업/정상,,,,,,,05704,핀에스코리아(주),I,L00,2026-04-30 22:32:59,"서울특별시 송파구 양재대로**길 **, 삼신빌딩 *층 (가락동)",정상,0000,01,027331740,210932.187446884    ,444253.337073071    ,서울특별시 송파구 가락동 **-* 삼신빌딩 ,2020-08-14 13:57:14
3230000,323000001320200006,2020-11-16,,영업/정상,,,,,,,05548,주식회사 버박코리아,U,F00,2026-05-27 03:03:03,"서울특별시 송파구 오금로 **, 진넥스레이크뷰 *층 (방이동)",정상,0000,01,024964074,209464.500962759    ,445693.551238562    ,서울특별시 송파구 방이동 **-* 진넥스레이크뷰 ,2026-05-26 09:34:45
3230000,323000001320200007,2020-11-24,,영업/정상,,,,,,,05841,톰과스누피,I,000,2026-04-30 22:32:59,"서울특별시 송파구 새말로 **, 송파 푸르지오시티 A동 ***호 (문정동)",정상,0000,01,0529333217,210654.50616628     ,442070.575741668    ,서울특별시 송파구 문정동 *** 송파 푸르지오시티 ,2020-11-24 10:35:43
3230000,323000001320200008,2020-12-03,,영업/정상,,,,,,,05703,에이비피아이,I,L00,2026-04-30 22:32:59,"서울특별시 송파구 중대로 ***, *층 ***호 (가락동)",정상,0000,01,,211070.184691361    ,444174.460137701    ,서울특별시 성북구 정릉동 **-** ,2024-07-08 15:08:42
3230000,323000001320210008,2021-09-17,,영업/정상,,,,,,,05836,칼스톨츠엔도스코피코리아(유),I,F00,2026-04-30 22:32:59,"서울특별시 송파구 정의로*길 *, AJ빌딩 *층 (문정동)",정상,0000,01,,,,서울특별시 송파구 문정동 ***-* AJ빌딩 ,2025-10-29 09:44:28
3230000,323000001320210009,2021-12-28,,영업/정상,,,,,,,05825,후케어,I,000,2026-04-30 22:32:59,"서울특별시 송파구 중대로 ***, 대양상사 (가락동)",정상,0000,01,,210999.362554129    ,443818.782246342    ,서울특별시 송파구 가락동 *** 대양상사 ***호,2021-12-29 16:58:19
3230000,323000001320220002,2022-02-10,,폐업,2026-02-13,,,,,,05542,원썸,I,000,2026-04-30 22:32:59,"서울특별시 송파구 올림픽로**길 *, 엘루이시티 *동 ***호 (방이동)",폐업,0002,03,,209496.980520591    ,445866.328718442    ,서울특별시 송파구 방이동 **-* 엘루이시티 ,2026-02-19 09:33:08
3230000,323000001320220004,2022-02-23,,영업/정상,,,,,,,05838,라임펫,I,000,2026-04-30 22:32:59,"서울특별시 송파구 충민로 **, 가든파이브라이프 F동 B****호 (문정동)",정상,0000,01,,210986.460698452    ,441725.293491662    ,서울특별시 송파구 문정동 *** 가든파이브라이프 ,2022-02-24 15:43:42
3230000,323000001320220006,2022-04-19,,영업/정상,,,,,,,05510,쿠팡주식회사,I,F00,2026-04-30 22:32:59,"서울특별시 송파구 송파대로 ***, **층 (신천동)",정상,0000,01,,208688.155079917    ,445954.176613992    ,서울특별시 송파구 신천동 *-** **층 ,2026-01-09 09:36:40
3230000,323000001320220007,2022-05-15,,영업/정상,,,,,,,05510,홈플러스 잠실점,I,L00,2026-04-30 22:32:59,"서울특별시 송파구 올림픽로**가길 **, SONGPA FUN STADIUM (신천동)",정상,0000,01,0234688000,209039.148023482    ,446007.966801057    ,서울특별시 강서구 등촌동 *-** SONGPA FUN STADIUM ,2024-02-22 16:39:30
3230000,323000001320220012,2022-05-24,,영업/정상,,,,,,,05530,미르텍,I,000,2026-04-30 22:32:59,"서울특별시 송파구 올림픽로 ***, *층 ***호 (풍납동, 현대아파트)",정상,0000,01,024233591,210440.282511104    ,447466.879214999    ,서울특별시 송파구 풍납동 ***-* 현대아파트 상가건물 ,2022-05-24 11:00:43
3230000,323000001320220017,2022-08-29,,영업/정상,,,,,,,05834,김구패밀리,I,000,2026-04-30 22:32:59,"서울특별시 송파구 중대로 **, ***동 ***호 (문정동, 올림픽훼밀리타운)",정상,0000,01,,210045.748264305    ,442930.687284628    ,서울특별시 송파구 문정동 *** 올림픽훼밀리타운 ,2022-08-30 14:54:55
3230000,323000001320230001,2023-02-08,,폐업,2026-05-14,,,,,,05838,청어람,U,000,2026-05-16 03:03:03,"서울특별시 송파구 충민로 **, 가든파이브라이프 YB****호 (문정동)",폐업,0002,03,,210986.460698452    ,441725.293491662    ,서울특별시 송파구 문정동 *** 가든파이브라이프 ,2026-05-15 10:05:09
3230000,323000001320230002,2023-02-10,,영업/정상,,,,,,,05854,루비시스,I,L00,2026-04-30 22:33:00,"서울특별시 송파구 법원로 ***, 문정에스케이브이원지엘메트로시티 씨동 ****호 (문정동)",정상,0000,01,025983808,,,서울특별시 송파구 문정동 ***-* 문정에스케이브이원지엘메트로시티 ,2023-02-10 16:05:54
3230000,323000001320230005,2023-09-05,,영업/정상,,,,,,,05550,(주)민트솔루션,I,L00,2026-04-30 22:33:00,"서울특별시 송파구 오금로 ***, JS빌딩 *층 (방이동)",정상,0000,01,07041449114,209787.947726029    ,445412.46295026     ,서울특별시 송파구 방이동 ***-* ,2023-09-05 16:15:43
3230000,323000001320230006,2023-10-27,,영업/정상,,,,,,,05838,주식회사 다인사이언스,I,L00,2026-04-30 22:33:00,"서울특별시 송파구 충민로 **, 가든파이브라이프 티****호 (문정동)",정상,0000,01,07088200399,210986.460698452    ,441725.293491662    ,서울특별시 송파구 문정동 *** 가든파이브라이프 티****호,2023-10-27 09:31:37
3230000,323000001320230007,2023-12-05,,영업/정상,,,,,,,05729,(주)진올바이오테크놀러지,I,L00,2026-04-30 22:33:00,"서울특별시 송파구 동남로 ***-*, 진올빌딩 (오금동)",정상,0000,01,024070096,212080.497587303    ,444489.245302839    ,서울특별시 송파구 오금동 *** ,2023-12-05 17:11:54
3230000,323000001320240001,2024-01-18,,영업/정상,,,,,,,05806,주식회사 무아디자인,I,L00,2026-04-30 22:33:00,"서울특별시 송파구 문정로 **, ***호 (문정동)",정상,0000,01,024487694,210917.293617753    ,442701.343638125    ,서울특별시 송파구 문정동 **-* ,2024-01-18 13:42:31
3230000,323000001320240002,2024-04-17,,영업/정상,,,,,0,,05837,견생냥품 무인24시 송파문정동점,I,L00,2026-04-30 22:33:00,"서울특별시 송파구 송파대로 ***, ***동 ***호 (문정동, 파크하비오)",정상,0000,01,,210868.397496689    ,442053.227933005    ,서울특별시 송파구 문정동 *** 파크하비오 ,2024-04-17 18:51:02
3230000,323000001320240003,2024-07-22,,폐업,2026-05-14,,,,0,,05714,주식회사 태건솔루션,U,L00,2026-05-15 03:03:03,"서울특별시 송파구 송이로**길 **, *층 (가락동)",폐업,0002,03,,210753.060040423    ,443964.961093433    ,서울특별시 송파구 가락동 **-** ,2026-05-14 10:48:23
3230000,323000001320240004,2024-08-09,,영업/정상,,,,,0,,05768,(주)제이메디텍,I,000,2026-04-30 22:33:00,"서울특별시 송파구 오금로 ***, 지하*층 (거여동)",정상,0000,01,,212923.58984334     ,443444.653125726    ,서울특별시 송파구 거여동 **-* ,2025-04-08 13:27:01
3230000,323000001320240005,2024-10-10,,영업/정상,,,,,,,05855,로아 트레일 PET SHOWER,I,000,2026-04-30 22:33:00,"서울특별시 송파구 법원로*길 **, 힐스테이트에코문정 ***호 (문정동)",정상,0000,01,,,,서울특별시 송파구 문정동 ***-* 힐스테이트에코문정 ,2024-10-10 15:01:22
3230000,323000001320240006,2024-11-26,,영업/정상,,,,,,,05669,구름속 보름달,I,000,2026-04-30 22:33:00,"서울특별시 송파구 가락로**길 **, 대성빌라 ***호 (송파동)",정상,0000,01,,209778.645678314    ,444746.364119486    ,서울특별시 송파구 송파동 ***-* ,2024-11-26 08:27:38
3230000,323000001320250001,2025-02-20,,영업/정상,,,,,,,05585,(주)더블유에스아이,I,L00,2026-04-30 22:33:00,"서울특별시 송파구 삼학사로 **, 더블유에스아이 빌딩 *층 (삼전동)",정상,0000,01,0234526255,208468.604727198    ,444387.389390179    ,서울특별시 송파구 삼전동 ***-** 더블유에스아이 빌딩 ,2025-02-20 14:26:13
3230000,323000001320250002,2025-04-11,,영업/정상,,,,,,,05836,에이템즈 주식회사,I,000,2026-04-30 22:33:00,"서울특별시 송파구 정의로*길 *, 한스빌딩 ****호 (문정동)",정상,0000,01,024017943,,,서울특별시 송파구 문정동 ***-* 한스빌딩 ,2025-04-11 13:22:50
3230000,323000001320250003,2025-09-11,,영업/정상,,,,,,,05719,주식회사 한국히프라,I,L00,2026-04-30 22:33:00,"서울특별시 송파구 중대로 **, **층 (가락동)",정상,0000,01,,210481.077142289    ,443448.892122874    ,서울특별시 송파구 가락동 **-* **층 ,2025-09-11 09:35:20
3230000,323000001320250004,2025-09-30,,영업/정상,,,,,,,05839,다올아이엔(주),I,L00,2026-04-30 22:33:00,"서울특별시 송파구 충민로 **, 가든파이브웍스 A***호 (문정동)",정상,0000,01,,210780.126180232    ,441730.920486073    ,서울특별시 송파구 문정동 *** 가든파이브웍스 A***호,2025-09-30 13:43:59
3230000,323000001319970001,1997-07-01,,폐업,2010-07-29,,,,0,,,(주)씨티씨바이오,I,L00,2026-04-30 22:32:57,서울특별시 송파구 중대로**길 ** (오금동),폐업,0002,03,,211836.433773034    ,445043.295795265    ,서울특별시 송파구 오금동 ** ,2015-07-31 13:24:53
3230000,323000001319990001,1999-05-10,,폐업,2000-04-01,,,,0,,,한미메드라인상사,I,000,2026-04-30 22:32:57,"서울특별시 송파구 백제고분로**길 * (송파동,지하*층)",폐업,0002,03,34318040,209666.35747793     ,445096.478822208    ,서울특별시 송파구 송파동 ** 지하*층 ,2015-07-31 13:26:04
3230000,323000001320000001,2000-06-03,,폐업,2004-05-28,,,,0,,,메디텍코리아,I,000,2026-04-30 22:32:57,,폐업,0002,03,,211873.187253419    ,444777.912881086    ,서울특별시 송파구 오금동 **-* ,2015-07-31 13:26:50
3230000,323000001320000002,2000-06-16,,폐업,2014-06-17,,,,20,,,한미메드라인상사,I,000,2026-04-30 22:32:57,서울특별시 송파구 가락로**길 ** (송파동),폐업,0002,03,34318040,209798.863492457    ,444385.07432858     ,서울특별시 송파구 송파동 **-** ,2015-07-31 13:30:01
3230000,323000001320030001,2003-07-29,,폐업,2006-05-25,,,,0,,,(주)한국동물임상연구소,I,L00,2026-04-30 22:32:57,,폐업,0002,03,,,,서울특별시 송파구 송파동 ***-*   ,2006-05-25 14:53:21
3230000,323000001320050001,2005-05-19,,폐업,2005-12-05,,,,41.54,,,마이크로메딕스,I,000,2026-04-30 22:32:58,"서울특별시 송파구 가락로 * (석촌동,지상*층)",폐업,0002,03,,208506.869771742    ,443944.470666094    ,서울특별시 송파구 석촌동 *** 지상*층 ,2005-12-05 13:23:15
3230000,323000001320110002,2011-08-30,,폐업,2017-01-17,,,,,,05840,대명광학,I,000,2026-04-30 22:32:58,"서울특별시 송파구 충민로 **, *층 D**호 (문정동, 가든파이브툴)",폐업,0002,03,22652043,210480.282018702    ,441833.16323518     ,,2017-01-17 17:50:30
3230000,323000001320130001,2013-01-10,,폐업,2022-07-01,,,,,,05838,(주)바이오라이트,I,L00,2026-04-30 22:32:58,"서울특별시 송파구 충민로 **, T****호 (문정동, 가든파이브라이프테크노관)",폐업,0002,03,024517575,210986.460698452    ,441725.293491662    ,,2022-07-04 09:20:31
3230000,323000001320130002,2013-02-25,,폐업,2022-06-17,,,,56.19,,05523,대한의료인메디컬지원센터,I,000,2026-04-30 22:32:58,"서울특별시 송파구 풍성로*길 *, *층 *호 (풍납동)",폐업,0002,03,,,,,2022-06-17 14:46:25
3230000,323000001320130004,2015-06-19,,폐업,2015-06-19,,,,,,05838,로우템인터내셔널(주),I,L00,2026-04-30 22:32:58,"서울특별시 송파구 충민로 **, T****호 (문정동, 가든파이브라이프)",폐업,0002,03,,210986.460698452    ,441725.293491662    ,,2015-07-31 13:33:45
3240000,324000001320230002,2023-07-21,,영업/정상,,,,,,,05366,우리메디칼,I,000,2026-05-09 22:57:11,서울특별시 강동구 동남로**길 **-** (둔촌동),정상,0000,01,,212965.180856621    ,447872.025836656    ,서울특별시 강동구 둔촌동 ***-* ,2023-07-21 17:33:14
3240000,324000001320260001,2026-06-23,,영업/정상,,,,,,,05254,유한회사 애니웰바이오사이언스,U,000,2026-06-30 03:03:03,"서울특별시 강동구 고덕로**가길 *, *층 ***호 (암사동)",정상,0000,01,,211777.31738285     ,450211.036565023    ,서울특별시 강동구 암사동 ***-** ,2026-06-29 10:03:22
3240000,324000001320250001,2025-02-19,,영업/정상,,,,,,,05328,(주)현대홈쇼핑,I,L00,2026-05-09 22:57:11,"서울특별시 강동구 올림픽로**길 **, 현대홈쇼핑 (천호동)",정상,0000,01,0221432823,211027.8338921      ,448547.246478759    ,서울특별시 강동구 천호동 ***-* 현대홈쇼핑 ,2025-02-19 13:18:31
3240000,324000001320250002,2025-10-17,,영업/정상,,,,,,,05307,케이디(KD)메디컬,I,000,2026-05-09 22:57:11,"서울특별시 강동구 양재대로 ****, *층 (천호동)",정상,0000,01,0220396777,212560.273562282    ,449402.916124208    ,서울특별시 강동구 천호동 **-* ,2025-10-17 11:25:46
3240000,324000001320250003,2025-10-17,,영업/정상,,,,,,,05238,엠피바이오,I,000,2026-05-09 22:57:11,"서울특별시 강동구 고덕로 **, *층 ***-***호 (암사동, 정산아파트)",정상,0000,01,0264856628,211458.648093395    ,450316.255472825    ,서울특별시 강동구 암사동 ***-** 정산아파트 ,2025-10-17 14:06:26
3240000,324000001320130001,2013-10-24,,폐업,2016-12-30,,,,,,,리즈메디텍,I,000,2026-05-09 22:57:09,,폐업,0002,03,,215221.360049311    ,451461.931967027    ,서울특별시 강동구 강일동 ***-* ,2016-12-30 10:36:47
3240000,324000001320140001,2014-06-19,,폐업,2016-12-30,,,,,,05366,한미메드라인상사,I,000,2026-05-09 22:57:09,서울특별시 강동구 동남로**길 **-** (둔촌동),폐업,0002,03,0234318040,212965.180856621    ,447872.025836656    ,,2016-12-30 10:38:19
3240000,324000001320200001,2020-03-31,,폐업,2021-10-25,,,,,,05238,(주)큐어바이오,I,000,2026-05-09 22:57:10,"서울특별시 강동구 올림픽로 ***, 한강시티라이프 *층 (암사동)",폐업,0002,03,024273669,211393.374131351    ,450351.502650047    ,서울특별시 강동구 암사동 *** 한강시티라이프 ***호,2021-10-25 17:21:06
3240000,324000001320200002,2020-05-15,,폐업,2021-12-29,,,,1334.16,,05303,주식회사 스피어텐,I,000,2026-05-09 22:57:10,"서울특별시 강동구 천중로 ***, ***호 (길동)",폐업,0002,03,,212655.05159549     ,448764.660042344    ,서울특별시 강동구 길동 ***-* ***호,2021-12-31 14:40:26
3240000,324000001320220003,2022-05-18,,폐업,2023-11-23,,,,,,05267,(주)이마트에브리데이 명일동점,I,L00,2026-05-09 22:57:10,"서울특별시 강동구 명일로 ***, 삼익그린맨션 지하*층 (명일동)",폐업,0002,03,0234266155,213048.692179757    ,450124.105734971    ,서울특별시 강동구 명일동 ** 삼익그린맨션 ,2023-11-24 15:21:05
3240000,324000001320220004,2022-05-18,,폐업,2023-04-18,,,,,,05391,(주)이마트에브리데이 성내점,I,L00,2026-05-09 22:57:10,"서울특별시 강동구 올림픽로 ***, ***동 ***,***호 (성내동, 코오롱 *차아파트)",폐업,0002,03,0221355334,210694.989265395    ,447815.986328694    ,서울특별시 강동구 성내동 *** 코오롱 *차아파트 ,2023-04-19 09:43:24
3240000,324000001320220005,2022-05-18,,폐업,2023-03-17,,,,,,05237,(주)이마트에브리데이 암사동점,I,L00,2026-05-09 22:57:10,"서울특별시 강동구 고덕로 **, *층 (암사동)",폐업,0002,03,0222963752,211970.119823136    ,450308.559655461    ,서울특별시 강동구 암사동 ***-** ,2023-03-17 19:50:20
3240000,324000001320220007,2022-05-23,,폐업,2023-11-14,,,,1401.66,,05415,(주)이마트에브리데이 고덕강일점,I,L00,2026-05-09 22:57:10,"서울특별시 강동구 아리수로**나길 **, 아이메디컬 B***호 (강일동)",폐업,0002,03,0269531661,215303.913311463    ,452189.755118282    ,서울특별시 강동구 강일동 **-* 아이메디컬 ,2023-11-17 16:46:33
3240000,324000001320220008,2022-06-03,,폐업,2023-03-07,,,,,,05316,휴먼앤매직(H&amp;M),I,000,2026-05-09 22:57:10,"서울특별시 강동구 천중로**길 **-**, 에이동 ***호 (천호동, 청담빌라)",폐업,0002,03,024411724,212126.207780604    ,448915.841600908    ,서울특별시 강동구 천호동 **-** 청담빌라 ,2023-03-08 09:47:54
3240000,324000001320180001,2018-05-02,,영업/정상,,,,,15,,05211,벳스몰,I,000,2026-05-09 22:57:09,"서울특별시 강동구 아리수로**길 **-*, 유러피안하우스* (강일동)",정상,0000,01,,215221.360049311    ,451461.931967027    ,서울특별시 강동구 강일동 ***-* 유러피안하우스* ****호,2018-05-02 17:28:14
3240000,324000001320180002,2018-06-07,,영업/정상,,,,,,,05363,폴리파크 둔촌점,I,000,2026-05-09 22:57:09,"서울특별시 강동구 양재대로 ****, 정원빌딩 (둔촌동)",정상,0000,01,024742015,212127.414856529    ,447679.626222447    ,서울특별시 강동구 둔촌동 *** 정원빌딩 ,2018-07-09 11:24:44
3240000,324000001320180003,2018-07-12,,영업/정상,,,,,,,05366,한미메드,I,000,2026-05-09 22:57:09,서울특별시 강동구 동남로**길 **-** (둔촌동),정상,0000,01,,212965.180856621    ,447872.025836656    ,서울특별시 강동구 둔촌동 ***-* ,2018-07-12 17:47:43
3240000,324000001320180004,2018-11-14,,영업/정상,,,,,,,05356,두리 메디칼,I,000,2026-05-09 22:57:09,"서울특별시 강동구 진황도로**길 **, ***호 (길동)",정상,0000,01,,212494.525396029    ,448050.505747076    ,서울특별시 강동구 길동 ***-* ,2018-11-14 10:59:45
3240000,324000001320190001,2019-05-14,,영업/정상,,,,,,,05398,대한의료인메디컬지원센터,I,000,2026-05-09 22:57:10,"서울특별시 강동구 성내로*길 **-**, 우창빌딩 *층 ***호 (성내동)",정상,0000,01,024183632,210626.58631048     ,447414.913780837    ,서울특별시 강동구 성내동 ***-* 우창빌딩 ,2019-05-14 10:22:20
3240000,324000001320080001,2008-03-03,,영업/정상,,,,,0,,05398,주식회사 엔에이치농협무역,I,L00,2026-05-09 22:57:09,"서울특별시 강동구 올림픽로**길 *, *층 (성내동, 축협)",정상,0000,01,22252344,210613.801723814    ,447486.690482767    ,서울특별시 강동구 성내동 ,2017-07-24 10:30:26
3240000,324000001320160001,2016-10-27,,영업/정상,,,,,47,,05366,기가메디칼,I,000,2026-05-09 22:57:09,서울특별시 강동구 동남로**길 **-** (둔촌동),정상,0000,01,0234318040,212965.180856621    ,447872.025836656    ,서울특별시 강동구 둔촌동 ***-* ,2020-06-25 11:12:32
3240000,324000001320160002,2016-12-05,,영업/정상,,,,,,,05366,주식회사 한미메드라인,I,000,2026-05-09 22:57:09,"서울특별시 강동구 동남로**길 **-**, *층 (둔촌동)",정상,0000,01,0234318040,212965.180856621    ,447872.025836656    ,서울특별시 강동구 둔촌동 ***-* ,2016-12-05 11:03:12
3240000,324000001320190002,2019-08-07,,영업/정상,,,,,,,05307,마루모아,I,000,2026-05-09 22:57:10,"서울특별시 강동구 양재대로***가길 *-*, ***호 (천호동)",정상,0000,01,,212487.093809606    ,449425.628430845    ,서울특별시 강동구 천호동 **-** ,2021-03-19 13:34:17
3240000,324000001320210001,2021-03-11,,영업/정상,,,,,,,05374,메디365,I,000,2026-05-09 22:57:10,"서울특별시 강동구 양재대로***길 **, ***호 (성내동)",정상,0000,01,0263263655,211909.700334962    ,447825.904327241    ,서울특별시 강동구 성내동 ***-** ***호,2021-03-11 10:42:00
3240000,324000001320210002,2021-10-27,,영업/정상,,,,,,,05238,주식회사 케이바이오랩스 강동지점,I,000,2026-05-09 22:57:10,"서울특별시 강동구 올림픽로 ***, 한강시티라이프 *층 (암사동)",정상,0000,01,024273669,211393.374131351    ,450351.502650047    ,서울특별시 강동구 암사동 *** 한강시티라이프 ,2026-04-08 15:28:14
3240000,324000001320210003,2021-11-29,,영업/정상,,,,,,,05318,우리펫,I,000,2026-05-09 22:57:10,"서울특별시 강동구 올림픽로 ***, ***호 (천호동)",정상,0000,01,,211199.507462452    ,449696.17639421     ,서울특별시 강동구 천호동 ***-* ***호,2021-11-29 14:58:38
3240000,324000001320220001,2022-01-10,,영업/정상,,,,,,,05277,제이앤케이 온비즈,I,000,2026-05-09 22:57:10,"서울특별시 강동구 고덕로**길 ***, ***동 ***호 (상일동, 고덕숲아이파크)",정상,0000,01,,214183.691375465    ,449926.079802907    ,서울특별시 강동구 상일동 *** 고덕숲아이파크 ,2022-01-09 14:03:20
3240000,324000001320220002,2022-01-19,,영업/정상,,,,,939.38,,05366,주식회사 한미,I,L00,2026-05-09 22:57:10,서울특별시 강동구 동남로**길 **-**(둔촌동),정상,0000,01,0234318041,212965.180856621    ,447872.025836656    ,서울특별시 강동구 둔촌동 ***-* ,2022-01-19 10:20:56
3240000,324000001320220006,2022-05-23,,영업/정상,,,,,,,05314,홈플러스(주) 강동점,I,L00,2026-05-09 22:57:10,"서울특별시 강동구 양재대로 ****, 천호복합 상업시설 (천호동)",정상,0000,01,0234008000,212501.369116329    ,449282.31038379     ,서울특별시 강동구 천호동 ** 천호복합 상업시설 ,2024-02-22 10:48:26
3240000,324000001320220009,2022-08-01,,영업/정상,,,,,,,05373,(주)세아메디칼,I,L00,2026-05-09 22:57:10,"서울특별시 강동구 천호대로 ****, *층 ****호 (성내동)",정상,0000,01,,211966.759282034    ,448015.084774496    ,서울특별시 강동구 성내동 ***-* ,2022-08-01 16:10:28
3240000,324000001320220010,2022-10-07,,영업/정상,,,,,,,05366,우리메디칼,I,000,2026-05-09 22:57:10,"서울특별시 강동구 동남로**길 **-**, *층 (둔촌동)",정상,0000,01,0234318041,212965.180856621    ,447872.025836656    ,서울특별시 강동구 둔촌동 ***-* ,2022-12-29 15:11:34
3240000,324000001320230001,2023-06-26,,영업/정상,,,,,,,05247,주식회사 테라시스디앤씨,I,000,2026-05-09 22:57:11,서울특별시 강동구 선사로 **-* (천호동),정상,0000,01,0222936667,210536.707584882    ,448724.015647067    ,서울특별시 강동구 천호동 ***-** ,2024-01-22 17:17:04
3240000,324000001320240001,2024-07-11,,영업/정상,,,,,,,05361,원케어,I,000,2026-05-09 22:57:11,"서울특별시 강동구 명일로**길 **, 탑스빌딩 ***호 (둔촌동)",정상,0000,01,,212662.837129463    ,447963.912133249    ,서울특별시 강동구 둔촌동 **-* 탑스빌딩 ,2024-07-11 10:39:16
3250000,325000001320040001,2004-04-19,,영업/정상,,,,,0,,48924,랜 트 론,I,000,2026-05-08 22:35:05,"부산광역시 중구 중앙대로 ***, ***호 (대창동*가, 센트럴오피스텔)",정상,0000,01,,385617.137705097    ,180818.494927285    ,부산광역시 중구 대창동*가 **-* (대창동*가 **-* 외 *필지)센트럴오피스텔 ***호 ,2015-07-14 10:26:19
3250000,325000001320240001,2024-12-10,,영업/정상,,,,,,,48973,정진바이오,I,000,2026-05-08 22:35:08,"부산광역시 중구 보수대로 **, ***호 (부평동*가)",정상,0000,01,0517103826,384249.201710589    ,180080.172971726    ,부산광역시 중구 부평동*가 **-* ***호,2024-12-10 09:29:56
3250000,325000001320210001,2021-11-30,,영업/정상,,,,,,,48978,주식회사 동원과학,I,L00,2026-05-08 22:35:07,부산광역시 중구 중구로**번길 **(부평동*가),정상,0000,01,,384769.336909047    ,179767.222696133    ,부산광역시 중구 부평동*가 **-* ,2021-11-30 12:51:18
3250000,325000001320200001,2020-11-24,,영업/정상,,,,,,,48937,진아이텍,I,000,2026-05-08 22:35:06,부산광역시 중구 충장대로*번길 **-* (중앙동*가),정상,0000,01,0512454322,385738.507769195    ,180654.377993508    ,부산광역시 중구 중앙동*가 **-** ,2020-11-24 09:31:26
3260000,326000001320200001,2020-04-25,,폐업,2026-05-31,,,,,,49223,폴리파크 부민점,U,000,2026-06-11 03:03:03,"부산광역시 서구 구덕로 ***, 한웅캠퍼스타워 ***-*호 (부민동*가)",폐업,0002,03,0512470442,384134.718019026    ,180208.336035865    ,부산광역시 서구 부민동*가 **-* 한웅캠퍼스타워 ,2026-06-10 10:20:56
3260000,326000001320230001,2023-10-25,,영업/정상,,,,,,,49269,메디올타,I,000,2026-05-05 22:31:25,"부산광역시 서구 충무대로 *, ***, ***호 (암남동, 기산비치타운)",정상,0000,01,,383870.474584095    ,177147.052622728    ,부산광역시 서구 암남동 ***-* 기산비치타운 ,2025-11-13 19:41:13
3260000,326000001320250001,2025-12-24,,영업/정상,,,,,,,49233,니케코리아,I,000,2026-05-05 22:31:26,부산광역시 서구 부용로**번길 ** (부용동*가),정상,0000,01,,383860.028704825    ,180498.247074732    ,부산광역시 서구 부용동*가 **-* ,2025-12-24 09:12:56
3260000,326000001320240002,2024-11-22,,영업/정상,,,,,,,49212,케이테크,I,000,2026-05-05 22:31:26,"부산광역시 서구 구덕로***번길 **, *층층 (동대신동*가)",정상,0000,01,0519130111,384049.915940783    ,181279.197265671    ,부산광역시 서구 동대신동*가 ***-* ,2024-11-22 09:17:08
3260000,326000001320240003,2024-12-10,,영업/정상,,,,,,,49224,주식회사 대한과학,I,000,2026-05-05 22:31:26,부산광역시 서구 구덕로***번길 ** (부민동*가),정상,0000,01,0512472875,384196.925213109    ,180012.569588106    ,부산광역시 서구 부민동*가 **-* ,2025-12-01 13:19:26
3260000,326000001320240001,2024-04-12,,영업/정상,,,,,,,49201,주식회사 엠에프비즈,I,L00,2026-05-05 22:31:26,"부산광역시 서구 망양로***번길 **, *층 (동대신동*가)",정상,0000,01,,384071.878406974    ,181794.399622654    ,부산광역시 서구 동대신동*가 **-*** ,2024-04-12 09:49:29
3270000,327000001320210002,2021-06-28,,영업/정상,,,,,,,48795,은해반려동물보조기,I,000,2026-05-09 22:42:11,부산광역시 동구 고관로 ** (수정동),정상,0000,01,0514649996,386163.51812691     ,182362.57757824     ,부산광역시 동구 수정동 ***-* ,2021-06-28 09:55:16
3270000,327000001320220001,2022-11-16,,영업/정상,,,,,,,48812,오싸이언스,I,000,2026-05-09 22:42:11,부산광역시 동구 초량상로**번길 *(초량동),정상,0000,01,0518687416,385631.980570405    ,181737.162563314    ,부산광역시 동구 초량동 ***-* 소림사 ,2022-11-16 09:32:04
3270000,327000001320240001,2024-03-08,,폐업,2025-12-22,,,,,,48719,대운에스엔티,I,000,2026-05-09 22:42:11,"부산광역시 동구 범내로*번길 *, ***호 (범일동)",폐업,0002,03,,386867.242374175    ,184479.546559061    ,부산광역시 동구 범일동 ****-*** ,2025-12-23 11:17:57
3270000,327000001320200001,2020-02-18,,폐업,2022-02-03,,,,0,,48729,주식회사 앨버트코리아,I,000,2026-05-09 22:42:10,"부산광역시 동구 중앙대로***번길 *, 서남빌딩 ***호 (초량동)",폐업,0002,03,0515221980,386480.438778908    ,182596.053419147    ,부산광역시 동구 초량동 ****-* 서남빌딩 ,2022-02-25 14:13:32
3270000,327000001320210001,2021-01-25,,폐업,2022-11-21,,,,,,48742,동일과학상사,I,000,2026-05-09 22:42:11,"부산광역시 동구 자성로***번길 **, 삼환오피스텔 ****호 (범일동)",폐업,0002,03,0512571010,388188.345022103    ,184059.516935515    ,부산광역시 동구 범일동 ***-*** 삼환오피스텔 ,2022-11-21 17:04:20
3270000,327000001320240002,2024-06-13,,영업/정상,,,,,,,48783,다온,I,000,2026-05-09 22:42:11,"부산광역시 동구 수정로 **, *층 (수정동)",정상,0000,01,0517150042,386030.833750726    ,183105.107931152    ,부산광역시 동구 수정동 ***-** ,2024-06-13 15:31:00
3280000,328000001320220001,2022-03-30,,영업/정상,,,,,,,49118,씨유영도중리점,I,000,2026-05-11 22:37:52,부산광역시 영도구 중리북로 **(동삼동),정상,0000,01,,388648.722826955    ,176674.842918477    ,부산광역시 영도구 동삼동 ***-* ,2022-03-30 13:18:29
3280000,328000001320250001,2025-06-12,,영업/정상,,,,,,,49036,영진전기,I,000,2026-05-11 22:37:52,부산광역시 영도구 절영로**번길 ** (대교동*가),정상,0000,01,,386087.344359626    ,178949.030276874    ,부산광역시 영도구 대교동*가 ** ,2025-06-12 14:20:05
3280000,328000001320220002,2022-05-25,,휴업,,2026-05-10,2026-07-03,,,,49004,홈플러스(주)영도점,U,000,2026-05-19 03:03:03,"부산광역시 영도구 대교로**번길 **, 홈플러스 (봉래동*가)",휴업,0001,02,0514198000,386335.80960303     ,179336.483175733    ,부산광역시 영도구 봉래동*가 ***-* 홈플러스 ,2026-05-18 16:13:22
3290000,329000001320130001,2013-08-22,,영업/정상,,,,,63.03,,47265,"아이디어 벳 메디칼, 한국동물 의공학 연구소",I,000,2026-05-02 22:40:42,부산광역시 부산진구 가야대로***번길 ** (개금동),정상,0000,01,0518927975,384124.045142666    ,185756.084255058    ,부산광역시 부산진구 개금동 ***-* ,2016-09-05 16:19:16
3290000,329000001320180001,2018-08-08,,영업/정상,,,,,,,47296,폴리파크 서면점,I,000,2026-05-02 22:40:42,부산광역시 부산진구 동천로 ** (부전동),정상,0000,01,0518182389,387834.547204412    ,185819.256549441    ,부산광역시 부산진구 부전동 ***-* ,2021-05-17 09:54:44
3290000,329000001320200001,2020-03-25,,영업/정상,,,,,0,,47122,(주)제이케이메디칼,I,L00,2026-05-02 22:40:42,"부산광역시 부산진구 성지로 **, 부경빌딩 (연지동)",정상,0000,01,,387131.747038663    ,188182.302111505    ,부산광역시 부산진구 연지동 *-* 부경빌딩 ,2020-03-26 13:46:07
3290000,329000001320210001,2021-01-04,,영업/정상,,,,,,,47266,아이 벳 덴트,I,000,2026-05-02 22:40:42,"부산광역시 부산진구 백양대로***번길 ***, *층 (개금동)",정상,0000,01,,383907.91831122     ,185694.785691801    ,부산광역시 부산진구 개금동 ***-** ,2021-01-04 09:14:49
3290000,329000001320210002,2021-07-27,,영업/정상,,,,,,,47369,더나누다인터내셔널,I,000,2026-05-02 22:40:42,"부산광역시 부산진구 신암로 *, *층 **호 (범천동)",정상,0000,01,07080640393,387274.123524645    ,184575.633639399    ,부산광역시 부산진구 범천동 ****-*** ,2021-07-27 16:48:53
3290000,329000001320230001,2023-02-07,,영업/정상,,,,,,,47131,비에스에스,I,000,2026-05-02 22:40:42,부산광역시 부산진구 동평로***번길 **-*(연지동),정상,0000,01,,386818.297283709    ,187752.175107462    ,부산광역시 부산진구 연지동 ***-* ,2023-02-07 13:40:32
3290000,329000001320220001,2022-05-16,,폐업,2024-02-26,,,,,,47299,홈플러스(주)서면점,I,L00,2026-05-02 22:40:42,"부산광역시 부산진구 동천로 *, 지오플레이스 (전포동)",폐업,0002,03,0516442080,388011.197829908    ,185310.70532509     ,서울특별시 강서구 등촌동 ***-** 지오플레이스 ,2024-02-26 15:09:04
3290000,329000001320240002,2024-04-03,,영업/정상,,,,,,,47352,지엔지솔루션,I,000,2026-05-02 22:40:42,"부산광역시 부산진구 중앙대로 ***, *층 ***호 (범천동)",정상,0000,01,0518021541,387460.145821818    ,184847.572266322    ,부산광역시 부산진구 범천동 ***-** ,2024-04-03 13:48:05
3290000,329000001320250001,2025-10-31,,영업/정상,,,,,,,47247,주식회사 유주케어,I,L00,2026-05-02 22:40:42,"부산광역시 부산진구 동천로 ***, 한신밴 *층 ***-*호 (전포동)",정상,0000,01,0518111071,387869.134317928    ,186381.28184674     ,부산광역시 부산진구 전포동 ***-* 한신밴 ,2025-10-31 16:05:12
3290000,329000001320250002,2025-12-19,,영업/정상,,,,,,,47234,비크론,I,000,2026-05-02 22:40:43,"부산광역시 부산진구 진남로 ***, *층 (양정동)",정상,0000,01,0519079001,388526.686380281    ,187308.270415279    ,부산광역시 부산진구 양정동 ***-*** ,2025-12-19 14:19:54
3290000,329000001320250003,2025-12-22,,영업/정상,,,,,,,47173,(주)대명비앤에프,I,L00,2026-05-02 22:40:43,"부산광역시 부산진구 개금본동로*번길 **, *층 (개금동)",정상,0000,01,,384249.216237999    ,186056.120795108    ,부산광역시 부산진구 개금동 ***-* ,2025-12-22 17:15:59
3290000,329000001320120001,2009-08-12,,폐업,2015-09-14,,,,0,,47286,중앙아이엔티영남대리점,I,000,2026-05-02 22:40:42,부산광역시 부산진구 서면로**번길 ** (부전동),폐업,0002,03,,387507.350171264    ,185925.409482326    ,부산광역시 부산진구 부전동 ***-** 대도빌딩 *층 ,2015-09-14 15:40:15
3290000,329000001320260001,2026-04-27,,영업/정상,,,,,,,47258,콩냥콩냥,I,000,2026-05-02 22:40:43,"부산광역시 부산진구 부전로 **, 미래빌딩 *층 N**호 (부전동)",정상,0000,01,,387128.804150802    ,186352.847030423    ,부산광역시 부산진구 부전동 ***-** ,2026-04-27 10:54:30
3290000,329000001320240001,2024-01-08,,영업/정상,,,,,3.3,,47157,제국씨티,I,000,2026-05-02 22:40:42,"부산광역시 부산진구 백양관문로 ***-*, 국제백양아파트 상가동 *층 ***-A**호 (당감동)",정상,0000,01,,384741.923372529    ,187364.899359566    ,부산광역시 부산진구 당감동 *** 국제백양아파트 ,2024-01-08 17:55:40
3300000,330000001320220002,2022-09-05,,폐업,2026-01-16,,,,84.97,,47740,솔롱고스,I,000,2026-05-05 22:31:43,"부산광역시 동래구 동래로**번길 **, ***동 ****호 (명륜동, 힐스테이트 명륜 트라디움)",폐업,0002,03,,389504.122407511    ,192472.437958812    ,부산광역시 동래구 명륜동 *** 힐스테이트 명륜 트라디움 ,2026-01-16 15:35:23
3300000,330000001320240001,2024-07-15,,영업/정상,,,,,,,47870,대경바이오텍,I,000,2026-05-05 22:31:43,"부산광역시 동래구 쇠미로***번길 **, 삼정그린코아 아파트 ***동 ***호 (온천동, 삼정그린코아 아파트)",정상,0000,01,,387303.778130055    ,191567.092274772    ,부산광역시 동래구 온천동 **** 삼정그린코아 아파트 ,2024-07-15 13:42:57
3300000,330000001320220001,2022-05-16,,영업/정상,,,,,13769,,47710,홈플러스(주)동래점,I,000,2026-05-05 22:31:43,"부산광역시 동래구 중앙대로 ****, SKHUBSKY (온천동)",정상,0000,01,0518908108,389816.233000769    ,193329.605871168    ,부산광역시 동래구 온천동 ***-* SKHUBSKY ,2024-02-27 17:17:01
3300000,330000001320200004,2020-08-26,,영업/정상,,,,,,,47837,엔도테크,I,000,2026-05-05 22:31:43,"부산광역시 동래구 아시아드대로 ***, 오피스텔동 **층 ****호 (온천동, 온천동반도보라스카이뷰)",정상,0000,01,,388310.527062597    ,191440.874252025    ,부산광역시 동래구 온천동 ****-* 온천동반도보라스카이뷰 ,2020-08-26 14:23:57
3300000,330000001320200003,2020-05-25,,영업/정상,,,,,,,47832,신광의료기기,I,000,2026-05-05 22:31:43,부산광역시 동래구 중앙대로****번길 ** (사직동),정상,0000,01,0515063517,389005.963024172    ,191073.736445776    ,부산광역시 동래구 사직동 ***-** ,2020-05-25 11:40:44
3300000,330000001320200002,2020-04-14,,영업/정상,,,,,,,47870,팔이합성,I,000,2026-05-05 22:31:42,"부산광역시 동래구 쇠미로***번길 ** (온천동, 온천대륙코리아나아파트)",정상,0000,01,0515054604,387375.168087065    ,191472.120146392    ,부산광역시 동래구 온천동 **** 온천대륙코리아나아파트 ,2020-04-14 15:50:56
3300000,330000001320200001,2020-04-02,,영업/정상,,,,,,,47900,화인디앤티,I,000,2026-05-05 22:31:42,부산광역시 동래구 온천천로***번가길 ** (안락동),정상,0000,01,0518920070,391549.45512784     ,190115.321860083    ,부산광역시 동래구 안락동 ***-** ,2020-04-02 08:54:31
3300000,330000001320190001,2019-03-05,,영업/정상,,,,,82.36,,47905,주식회사 대진과학,I,000,2026-05-05 22:31:42,"부산광역시 동래구 온천천로 ***, *층 (안락동)",정상,0000,01,0515322673,392115.506949839    ,189982.935614282    ,부산광역시 동래구 안락동 ***-** ,2019-03-05 11:08:21
3300000,330000001320150001,2018-01-15,,영업/정상,,,,,,,47791,주식회사 디에이알,I,L00,2026-05-05 22:31:42,부산광역시 동래구 충렬대로***번길 ** (안락동),정상,0000,01,0515218226,391845.517142741    ,190739.244977142    ,부산광역시 동래구 안락동 ***-** ,2021-03-19 21:39:50
3310000,331000001320240002,2024-12-09,,영업/정상,,,,,,,48539,블루사이언스,I,000,2026-05-11 22:41:39,부산광역시 남구 석포로**번길 ** (감만동),정상,0000,01,0517571199,390237.928745843    ,182242.745181964    ,부산광역시 남구 감만동 **-*** ,2024-12-09 10:46:59
3310000,331000001320220002,2022-10-31,,영업/정상,,,,,,,48537,부경메디랩,I,000,2026-05-11 22:41:39,"부산광역시 남구 홍곡로***번길 ***, 상가동 **호 (용당동, 신대연코오롱하늘채아파트)",정상,0000,01,0517563191,390765.454534115    ,182448.406739858    ,부산광역시 남구 용당동 ***-* 신대연코오롱하늘채아파트 ,2022-10-31 10:00:44
3310000,331000001320240001,2024-08-28,,영업/정상,,,,,,,48485,누리과학,I,000,2026-05-11 22:41:39,부산광역시 남구 석포로**번길 ** (대연동),정상,0000,01,,390508.407507292    ,183144.25304759     ,부산광역시 남구 대연동 **** ,2024-08-28 17:51:22
3310000,331000001320140001,2014-04-14,,영업/정상,,,,,,,48513,(주)케이아이웍스,I,L00,2026-05-11 22:41:39,부산광역시 남구 용소로 ** (대연동),정상,0000,01,0516277010,391740.445352653    ,183300.505021436    ,,2014-04-14 10:22:54
3310000,331000001320210001,2021-05-21,,영업/정상,,,,,,,48537,플러스메디텍,I,000,2026-05-11 22:41:39,"부산광역시 남구 홍곡로***번길 ***, 상가동 *호 (용당동, 신대연코오롱하늘채아파트)",정상,0000,01,0517563192,390765.454534115    ,182448.406739858    ,부산광역시 남구 용당동 ***-* 신대연코오롱하늘채아파트 ,2021-05-21 10:02:20
3310000,331000001320220001,2022-05-17,,휴업,,2026-02-12,2036-02-12,,,,48542,홈플러스 부산감만점(주),I,L00,2026-05-11 22:41:39,"부산광역시 남구 우암로 ***, 홈플러스감만동판매시설 (감만동)",휴업,0001,02,0516098000,389751.844562041    ,182245.608330959    ,서울특별시 강서구 등촌동 * 홈플러스감만동판매시설 ,2026-02-06 17:19:32
3320000,332000001320210002,2021-11-19,,폐업,2022-11-15,,,,,,46560,동일과학상사,I,000,2026-05-01 22:40:03,"부산광역시 북구 만덕*로 **, 뉴리더빌딩 *층 ***호 (만덕동)",폐업,0002,03,0512571010,384914.377397197    ,192436.857639105    ,부산광역시 북구 만덕동 ***-** 뉴리더빌딩 ***호,2022-11-15 14:44:53
3320000,332000001320210003,2021-12-06,,폐업,2022-08-09,,,,,,46560,에닐트(Hennilt),I,000,2026-05-01 22:40:03,"부산광역시 북구 만덕*로 **, 뉴리더빌딩 ***호 (만덕동)",폐업,0002,03,0517113134,384914.377397197    ,192436.857639105    ,부산광역시 북구 만덕동 ***-** 뉴리더빌딩 ***호,2022-08-09 15:20:17
3320000,332000001320220003,2022-05-23,,폐업,2023-11-15,,,,,,46644,(주)이마트에브리데이부산구포점,I,000,2026-05-01 22:40:03,"부산광역시 북구 시랑로 ***, 이마트에브리데이부산구포점 (구포동)",폐업,0002,03,0517145565,382928.381611324    ,190314.586373577    ,부산광역시 북구 구포동 ****-* 탑세일마트 ,2023-11-15 16:19:22
3320000,332000001320210001,2021-05-12,,폐업,2023-11-13,,,,,,46596,세븐일레븐,I,000,2026-05-01 22:40:03,"부산광역시 북구 모분재로**번길 **, ***호 (구포동, 선경하이츠빌라)",폐업,0002,03,,382981.556729947    ,191530.263155286    ,부산광역시 북구 구포동 ****-** 선경하이츠빌라 ,2023-11-13 14:47:09
3320000,332000001320220001,2022-05-23,,영업/정상,,,,,,,46644,(주)이마트에브리데이부산구포점,I,L00,2026-05-01 22:40:03,"부산광역시 북구 시랑로 ***, 이마트에브리데이부산구포점 (구포동)",정상,0000,01,0517145565,382928.381611324    ,190314.586373577    ,부산광역시 북구 구포동 ****-* 이마트에브리데이부산구포점 ,2022-05-23 09:42:51
3320000,332000001320220002,2022-05-23,,영업/정상,,,,,,,46644,(주)이마트에브리데이부산구포점,I,000,2026-05-01 22:40:03,"부산광역시 북구 시랑로 ***, 이마트에브리데이부산구포점 (구포동)",정상,0000,01,0517145565,382928.381611324    ,190314.586373577    ,부산광역시 북구 구포동 ****-* 이마트에브리데이부산구포점 ,2022-05-23 09:43:15
3320000,332000001320240001,2024-11-18,,영업/정상,,,,,,,46594,케이바이오,I,000,2026-05-01 22:40:03,"부산광역시 북구 모분재로**번길 **, K-BIO *층 (덕천동)",정상,0000,01,0519218385,383017.036993093    ,191604.519269453    ,부산광역시 북구 덕천동 ***-** K-BIO ,2024-11-18 10:42:12
3320000,332000001320230001,2023-11-22,,폐업,2025-05-29,,,,,,46552,네이비에이트,I,000,2026-05-01 22:40:03,"부산광역시 북구 의성로**번길 **, ***호 (덕천동)",폐업,0002,03,,382987.898865084    ,192398.985374306    ,부산광역시 북구 덕천동 ***-* ,2025-05-29 14:39:02
3330000,333000001320200001,2020-01-16,,영업/정상,,,,,,,48059,(주)진바이오사이언스,I,000,2026-05-07 22:36:49,"부산광역시 해운대구 센텀동로 **, 벽산이센텀클래스원 ***호 (재송동)",정상,0000,01,0519268885,393607.260373715    ,188408.076687691    ,부산광역시 해운대구 재송동 **** 벽산이센텀클래스원 ***호,2020-01-16 16:56:03
3330000,333000001320200002,2020-01-16,,영업/정상,,,,,,,48059,(주)진바이오사이언스,I,000,2026-05-07 22:36:49,"부산광역시 해운대구 센텀동로 **, 벽산이센텀클래스원 ***호 (재송동)",정상,0000,01,0519268885,393607.260373715    ,188408.076687691    ,부산광역시 해운대구 재송동 **** 벽산이센텀클래스원 ***호,2020-01-16 17:26:32
3330000,333000001320200004,2020-06-11,,영업/정상,,,,,,,48054,(주)스티커스코퍼레이션,I,000,2026-05-07 22:36:49,"부산광역시 해운대구 재반로***번길 **, 스티커스빌딩 (재송동)",정상,0000,01,07041098200,393384.295224619    ,189867.205635724    ,부산광역시 해운대구 재송동 ****-** 스티커스빌딩 ,2020-06-11 16:24:16
3330000,333000001320220004,2022-05-16,,휴업,,2026-05-10,2026-07-03,,,,48059,홈플러스(주) 센텀시티점,U,L00,2026-05-23 03:03:03,"부산광역시 해운대구 센텀동로 *, 홈플러스 센텀시티점 (우동)",휴업,0001,02,0516098109,394314.881157365    ,187833.00164775     ,서울특별시 강서구 등촌동 **** 홈플러스 센텀시티점 ,2026-05-22 14:56:21
3330000,333000001320220005,2022-05-16,,휴업,,2026-05-10,2026-07-03,,,,48043,홈플러스(주) 부산반여점,U,L00,2026-05-23 03:03:03,"부산광역시 해운대구 선수촌로**번길 **, 홈플러스 부산반여점 (반여동)",휴업,0001,02,0516098029,392614.443269229    ,190638.920919108    ,서울특별시 강서구 등촌동 ****-* 홈플러스 부산반여점 ,2026-05-22 14:55:07
3330000,333000001320130001,2013-10-14,,폐업,2021-07-30,,,,18,,48039,스마일동물병원,I,000,2026-05-07 22:36:49,부산광역시 해운대구 반여로 ** (반여동),폐업,0002,03,,393127.433890718    ,190601.039517542    ,부산광역시 해운대구 반여동 ****-** ,2021-08-02 10:22:22
3330000,333000001320260002,2026-02-19,,영업/정상,,,,,,,48057,주식회사 하임팜,I,L00,2026-05-07 22:36:49,"부산광역시 해운대구 재반로 **, 지정빌딩 *층 비호 (재송동)",정상,0000,01,,393659.964317147    ,189008.081546711    ,부산광역시 해운대구 재송동 ***-* 지정빌딩 ,2026-02-19 15:52:06
3330000,333000001320260001,2026-02-19,,영업/정상,,,,,,,48057,하람푸드,I,000,2026-05-07 22:36:49,"부산광역시 해운대구 재반로 **, 지정빌딩 *층 에이호 (재송동)",정상,0000,01,,393659.964317147    ,189008.081546711    ,부산광역시 해운대구 재송동 ***-* 지정빌딩 ,2026-02-19 15:46:36
3330000,333000001320260004,2026-06-15,,영업/정상,,,,,,,48091,주식회사 지브이 에이치 코리아,I,L00,2026-06-16 22:02:20,"부산광역시 해운대구 해운대해변로 ***, ***동 ***호 (우동, 대우마리나*차아파트)",정상,0000,01,,395512.736663758    ,186647.018022464    ,부산광역시 해운대구 우동 ****-* 대우마리나*차아파트 ,2026-06-15 11:40:31
3330000,333000001320260003,2026-03-24,,영업/정상,,,,,,,48060,주식회사 에스아이홀딩스,I,L00,2026-05-07 22:36:49,"부산광역시 해운대구 센텀*로 *, 롯데갤러리움센텀 S동 ***호 (우동)",정상,0000,01,0517119963,394085.659790124    ,187458.456044384    ,부산광역시 해운대구 우동 **** 롯데갤러리움센텀 ,2026-03-24 10:35:55
3330000,333000001320250002,2025-06-12,,폐업,2026-01-20,,,,60,,48115,제이원메디칼 주식회사,I,L00,2026-05-07 22:36:49,"부산광역시 해운대구 달맞이길***번나길 ***, 소공하이츠빌 ***호 (중동)",폐업,0002,03,0517155541,399001.124578235    ,187130.664386654    ,부산광역시 해운대구 중동 ****-** 소공하이츠빌 ,2026-01-20 16:05:21
3330000,333000001320250003,2025-06-30,,영업/정상,,,,,,,48091,글로벌밸류홀딩스(부산),I,000,2026-05-07 22:36:49,"부산광역시 해운대구 해운대해변로 ***, ***동 ***호 (우동, 대우마리나*차아파트)",정상,0000,01,0516357959,395512.736663758    ,186647.018022464    ,부산광역시 해운대구 우동 ****-* 대우마리나*차아파트 ,2025-06-30 15:18:01
3330000,333000001320180001,2018-11-27,,영업/정상,,,,,,,48079,폴리파크 좌동점,I,000,2026-05-07 22:36:49,"부산광역시 해운대구 세실로 **, *층 (좌동)",정상,0000,01,0517010625,398169.407760773    ,188156.70274544     ,부산광역시 해운대구 좌동 ***-* ,2018-11-27 12:05:50
3330000,333000001320250001,2025-04-22,,영업/정상,,,,,,,48056,이강메디케어,I,000,2026-05-07 22:36:49,"부산광역시 해운대구 재반로 **, 웰리스빌딩 *층 (재송동)",정상,0000,01,0519167061,393592.624390611    ,189287.068963181    ,부산광역시 해운대구 재송동 ***-* ,2025-04-22 13:26:45
3330000,333000001320240003,2024-11-22,,영업/정상,,,,,,,48001,주식회사 신밧드코리아,I,000,2026-05-07 22:36:49,"부산광역시 해운대구 반송로 ***, *층 ***호 (석대동)",정상,0000,01,,393901.300898761    ,193297.301474509    ,부산광역시 해운대구 석대동 *** ,2024-11-22 14:01:18
3330000,333000001320240002,2024-03-28,,영업/정상,,,,,,,48054,비에스랩,I,000,2026-05-07 22:36:49,"부산광역시 해운대구 재반로***번길 *, 돼지가 *층 ***호 (재송동)",정상,0000,01,,393581.599887052    ,189883.39619509     ,부산광역시 해운대구 재송동 ****-** 돼지가 ,2024-03-28 09:08:16
3330000,333000001320240001,2024-03-22,,영업/정상,,,,,,,48057,아부엘로,I,000,2026-05-07 22:36:49,"부산광역시 해운대구 재반로**번가길 **, *층 (재송동)",정상,0000,01,0518650045,393824.562132536    ,189177.462433413    ,부산광역시 해운대구 재송동 ***-** ,2024-03-22 12:35:06
3330000,333000001320230001,2023-05-18,,영업/정상,,,,,,,48068,진양메디 주식회사,I,000,2026-05-07 22:36:49,부산광역시 해운대구 송정*로*번길 **-** (송정동),정상,0000,01,0517415096,400240.230588641    ,189309.435079868    ,부산광역시 해운대구 송정동 ***-* ,2023-05-18 13:13:04
3330000,333000001320220009,2022-11-21,,영업/정상,,,,,,,48054,동일과학상사,I,000,2026-05-07 22:36:49,"부산광역시 해운대구 재반로***번길 *, 돼지가 *층 **호 (재송동)",정상,0000,01,0512571010,393581.599887052    ,189883.39619509     ,부산광역시 해운대구 재송동 ****-** 돼지가 ,2022-11-21 13:36:28
3330000,333000001320220007,2022-08-23,,폐업,2026-05-19,,,,,,48092,(주)와이펫,U,000,2026-06-19 03:03:03,"부산광역시 해운대구 마린시티*로 *, ***호 (우동, 선프라자)",폐업,0002,03,07088558277,395615.201853958    ,186406.750870936    ,부산광역시 해운대구 우동 **** 선프라자 ,2026-06-18 16:39:45
3330000,333000001320220006,2022-08-11,,영업/정상,,,,,,,48054,에닐트(HENNILT),I,000,2026-05-07 22:36:49,"부산광역시 해운대구 재반로***번길 *, 돼지가 *층 *호 (재송동)",정상,0000,01,0517113134,393581.599887052    ,189883.39619509     ,부산광역시 해운대구 재송동 ****-** 돼지가 ,2022-08-11 09:29:56
3330000,333000001320220008,2022-10-07,,폐업,2025-05-16,,,,,,48096,(주)이마트 해운대점 몰리스펫샵,I,L00,2026-05-07 22:36:49,"부산광역시 해운대구 좌동순환로 ***, 이마트해운대점 *층 (중동)",폐업,0002,03,0516081250,397397.832766508    ,187354.835259297    ,서울특별시 중구 순화동 **** 이마트해운대점 ,2025-05-16 17:48:50
3330000,333000001320220003,2022-05-16,,폐업,2023-10-11,,,,,,48092,홈플러스(주) 해운대점,I,000,2026-05-07 22:36:49,"부산광역시 해운대구 해운대해변로 ***, 해운대홈플러스 (우동)",폐업,0002,03,0516098203,395506.531175571    ,186442.190386792    ,부산광역시 해운대구 우동 ****-* 해운대홈플러스 ,2023-10-11 13:19:21
3330000,333000001320220001,2022-02-16,,폐업,2023-11-10,,,,,,48034,이마트24 반여우성점,I,000,2026-05-07 22:36:49,부산광역시 해운대구 반여로***번길 **(반여동),폐업,0002,03,0515222980,393358.123210562    ,191721.880187949    ,부산광역시 해운대구 반여동 ****-* ,2023-11-10 09:50:00
3330000,333000001320220002,2022-02-22,,취소/말소/만료/정지/중지,2022-02-22,,,,,,48081,주공 세븐일레븐,I,000,2026-05-07 22:36:49,"부산광역시 해운대구 좌동순환로 ***(좌동, 해운대센트럴파크아파트)",말소,0004,04,0517031336,397661.822989154    ,188423.581082306    ,부산광역시 해운대구 좌동 **** 해운대센트럴파크아파트 ,2025-03-31 10:26:25
3330000,333000001320200003,2020-01-30,,폐업,2024-09-04,,,,,,48060,(주)진바이오사이언스,I,000,2026-05-07 22:36:49,"부산광역시 해운대구 APEC로 **, 센텀리더스마크 ****호 (우동)",폐업,0002,03,0519268885,394209.294344881    ,187280.207931335    ,부산광역시 해운대구 우동 **** 센텀리더스마크 ,2024-09-05 14:04:56
3330000,333000001320200005,2020-09-24,,폐업,2023-12-18,,,,,,48000,루시드라인(LUCID LINE),I,000,2026-05-07 22:36:49,"부산광역시 해운대구 반송로***번길 **, 해운대 창조 비즈니스센터 (반송동)",폐업,0002,03,0519040837,395803.424089828    ,194717.207744519    ,부산광역시 해운대구 반송동 ***-* 해운대 창조 비즈니스센터 ,2023-12-18 10:20:48
3340000,334000001320220001,2022-05-23,,영업/정상,,,,,,,49458,홈플러스,I,000,2026-05-07 22:35:17,"부산광역시 사하구 다대로 ***, *층 (장림동)",정상,0000,01,0518908132,380356.697150584    ,177733.129142587    ,서울특별시 강남구 압구정동 *** ,2024-02-27 15:09:50
3340000,334000001320240001,2024-07-05,,영업/정상,,,,,,,49303,이티투바이오,I,000,2026-05-07 22:35:17,"부산광역시 사하구 낙동대로 ***, 상일빌딩 *층 ***호 (하단동)",정상,0000,01,,378818.519301675    ,181230.465816647    ,부산광역시 사하구 하단동 ***-* 상일빌딩 ,2024-07-05 13:24:40
3340000,334000001320260001,2026-06-11,,영업/정상,,,,,,,49468,(주)리한,I,000,2026-06-12 22:02:20,"부산광역시 사하구 장평로***번길 **-*, *층 (장림동)",정상,0000,01,,379939.337229896    ,177034.950977546    ,부산광역시 사하구 장림동 *** ,2026-06-11 15:59:45
3340000,334000001320190001,2019-06-14,,영업/정상,,,,,111,,49301,(주)에스엔에스,I,L00,2026-05-07 22:35:17,"부산광역시 사하구 하신번영로 ***, ***호 (하단동)",정상,0000,01,0512083663,378644.397589143    ,181572.854733243    ,부산광역시 사하구 하단동 ****-** ,2019-06-14 14:09:27
3340000,334000001320190002,2019-06-14,,영업/정상,,,,,111,,49301,(주)에스엔에스,I,000,2026-05-07 22:35:17,"부산광역시 사하구 하신번영로 ***, ***호 (하단동)",정상,0000,01,0512083663,378644.397589143    ,181572.854733243    ,부산광역시 사하구 하단동 ****-** ,2019-06-14 14:10:23
3340000,334000001320190003,2019-06-19,,영업/정상,,,,,,,49301,(주)에스앤에스,I,L00,2026-05-07 22:35:17,"부산광역시 사하구 하신번영로 ***, ***호 (하단동)",정상,0000,01,0512083663,378644.397589143    ,181572.854733243    ,부산광역시 사하구 하단동 ****-** ***호,2019-06-19 11:46:15
3340000,334000001320210001,2021-06-28,,영업/정상,,,,,,,49401,케미코리아,I,000,2026-05-07 22:35:17,부산광역시 사하구 낙동대로***번길 ** (괴정동),정상,0000,01,,380856.354686623    ,179487.407456706    ,부산광역시 사하구 괴정동 ***-** ,2021-06-28 16:25:05
3350000,335000001320150001,2015-01-02,,폐업,2019-02-14,,,,,,46279,킹동물병원,I,000,2026-05-07 22:36:33,부산광역시 금정구 중앙대로 ****-** (부곡동),폐업,0002,03,,390221.575485059    ,194263.188438189    ,부산광역시 금정구 부곡동 ***-* ,2019-02-14 19:05:25
3350000,335000001320220002,2022-02-23,,영업/정상,,,,,,,46269,동성메디칼,I,000,2026-05-07 22:36:33,"부산광역시 금정구 부곡로 ***, 행복한빌딩 *층 (부곡동)",정상,0000,01,,390375.2841253      ,194559.570608673    ,부산광역시 금정구 부곡동 ***-* 행복한빌딩 ,2022-02-23 20:44:01
3350000,335000001320180001,2018-08-16,,폐업,2025-09-25,,,,,,46241,선바이오연구소(주),I,L00,2026-05-07 22:36:33,"부산광역시 금정구 부산대학로**번길 *, 부산대학교 삼성산학협동관 ***호 (장전동)",폐업,0002,03,0515168117,389314.662086382    ,194669.898821674    ,부산광역시 금정구 장전동 ** 부산대학교 ,2025-09-25 12:11:36
3350000,335000001320150002,2015-07-31,,폐업,2020-06-12,,,,,,46328,브릿지메디컬,I,000,2026-05-07 22:36:33,부산광역시 금정구 서동로***번길 ** (서동),폐업,0002,03,,391629.724450015    ,192497.046144994    ,부산광역시 금정구 서동 ***-* ,2020-06-15 10:27:35
3350000,335000001320220001,2022-02-08,,영업/정상,,,,,,,46214,(주)앨버트코리아,I,000,2026-05-07 22:36:33,"부산광역시 금정구 중앙대로 ****-*, ***호 (남산동, 신화하니엘)",정상,0000,01,0515221980,390387.45939423     ,198950.286677639    ,부산광역시 금정구 남산동 **-* 신화하니엘 ,2022-02-08 08:56:38
3350000,335000001320210001,2021-12-07,,영업/정상,,,,,,,46283,바이올,I,000,2026-05-07 22:36:33,"부산광역시 금정구 금정로 ***, ***호 (장전동, 우남이채롬)",정상,0000,01,0515122637,389959.272682869    ,195337.160267899    ,부산광역시 금정구 장전동 ***-* 우남이채롬 ,2024-12-12 16:36:37
3350000,335000001320170001,2017-12-28,,영업/정상,,,,,,,46218,(주)비케이메디텍,U,000,2026-05-28 03:03:03,"부산광역시 금정구 금강로 ***, ***호 (청룡동, 남화기수타워)",정상,0000,01,07086831093,390031.22990161     ,199298.672890002    ,부산광역시 사하구 다대동 **-* 남화기수타워 ,2026-05-27 16:44:13
3350000,335000001320250001,2025-05-01,,영업/정상,,,,,,,46249,(주)피오피바이오테크,I,000,2026-05-07 22:36:33,"부산광역시 금정구 중앙대로 ****, ***호 (구서동, 성원맨투로빌)",정상,0000,01,0515151219,390318.349094188    ,197227.468859802    ,부산광역시 금정구 구서동 ***-** 성원맨투로빌 ,2025-05-01 02:08:17
3350000,335000001320260001,2026-01-21,,영업/정상,,,,,,,46217,제이원메디칼 주식회사,I,L00,2026-05-07 22:36:33,"부산광역시 금정구 청룡로 **, 금샘빌딩 *층 (남산동)",정상,0000,01,,389735.381133749    ,199310.568208837    ,부산광역시 금정구 남산동 ***-* 금샘빌딩 ,2026-01-21 16:05:29
3360000,336000001320220002,2022-06-16,,영업/정상,,,,,,,46726,이원,I,000,2026-05-01 22:38:28,"부산광역시 강서구 명지국제*로 **, *층 **호 (명지동, e편한세상 명지)",정상,0000,01,0517107795,374032.128682348    ,179398.782293129    ,부산광역시 강서구 명지동 ****-* e편한세상 명지 ,2022-06-16 12:52:19
3360000,336000001320230001,2023-06-30,,영업/정상,,,,,,,46744,(주)우영물산,I,000,2026-05-01 22:38:29,"부산광역시 강서구 미음산단로***번길 *, ***호 (구랑동)",정상,0000,01,0557141127,369313.935027115    ,183586.228322801    ,부산광역시 강서구 구랑동 ****-* ,2024-03-21 15:52:48
3360000,336000001320230002,2023-06-30,,영업/정상,,,,,,,46744,(주)태촌실업,I,000,2026-05-01 22:38:29,"부산광역시 강서구 미음산단로***번길 *, ***호 (구랑동)",정상,0000,01,0557141117,369313.935027115    ,183586.228322801    ,부산광역시 강서구 구랑동 ****-* ,2024-03-21 15:52:38
3360000,336000001320210001,2021-11-23,,영업/정상,,,,,,,46720,주식회사케어포인트,I,000,2026-05-01 22:38:28,"부산광역시 강서구 공항앞길***번길 **, *층 (대저*동)",정상,0000,01,0512933770,377787.747071402    ,187784.365462324    ,부산광역시 강서구 대저*동 ****-* ,2021-11-23 10:56:25
3360000,336000001320190001,2019-08-28,,영업/정상,,,,,,,46722,피앤이바이오,I,000,2026-05-01 22:38:28,부산광역시 강서구 울만로 ***-* (대저*동),정상,0000,01,,377106.28398885     ,186995.321148149    ,부산광역시 강서구 대저*동 ****-* ,2019-08-28 16:03:12
3360000,336000001320220001,2022-05-23,,폐업,2023-11-15,,,,,,46765,(주)이마트에브리데이 오션시티점,I,L00,2026-05-01 22:38:28,부산광역시 강서구 명지오션시티*로 **(명지동),폐업,0002,03,0512710388,373508.184426923    ,177653.439241063    ,부산광역시 강서구 명지동 ****-** ,2023-11-16 14:46:18
3360000,336000001320240002,2024-04-01,,영업/정상,,,,,,,46744,주식회사 부영상사,I,L00,2026-05-01 22:38:29,"부산광역시 강서구 미음산단로***번길 *, ***호 (구랑동)",정상,0000,01,0557141117,369313.935027115    ,183586.228322801    ,부산광역시 강서구 구랑동 ****-* ***호,2025-11-06 18:54:54
3360000,336000001320240001,2024-03-26,,영업/정상,,,,,,,46744,더펜상사(주),I,000,2026-05-01 22:38:29,부산광역시 강서구 미음산단로***번길 * (구랑동),정상,0000,01,0518320067,369313.935027115    ,183586.228322801    ,부산광역시 강서구 구랑동 ****-* ,2024-03-26 09:04:57
3360000,336000001320200001,2020-04-10,,영업/정상,,,,,,,46721,케이바이오,I,000,2026-05-01 22:38:28,"부산광역시 강서구 유통단지*로 **, 부산티플렉스 ***동 ***호 (대저*동)",정상,0000,01,,377988.039931223    ,187305.367579404    ,부산광역시 강서구 대저*동 ****-* ,2020-04-10 17:10:02
3370000,337000001320250001,2025-12-22,,영업/정상,,,,,,,47501,오늘바이오텍,I,000,2026-05-07 22:34:18,"부산광역시 연제구 종합운동장로**번길 *, ***동 ***호 (거제동, 부산 아시아드 코오롱 하늘채 아파트)",정상,0000,01,,388021.519767978    ,190216.088058859    ,부산광역시 연제구 거제동 **** 부산 아시아드 코오롱 하늘채 아파트 ,2025-12-22 13:10:44
3370000,337000001320240002,2024-08-14,,영업/정상,,,,,,,47557,(주)진바이오사이언스,I,L00,2026-05-07 22:34:18,부산광역시 연제구 과정로 ***-* (연산동),정상,0000,01,0519268885,391236.576629134    ,189610.92773559     ,부산광역시 연제구 연산동 ***-* ,2024-08-14 13:28:11
3370000,337000001320240001,2024-05-22,,영업/정상,,,,,,,47580,주식회사 잇츠어반,I,L00,2026-05-07 22:34:18,"부산광역시 연제구 대리로*번길 *, *층 (연산동)",정상,0000,01,,389818.906505592    ,188890.63969812     ,부산광역시 연제구 연산동 **** ,2024-05-22 13:27:34
3370000,337000001320220001,2022-05-19,,영업/정상,,,,,,,47500,홈플러스 아시아드점,I,L00,2026-05-07 22:34:18,부산광역시 연제구 종합운동장로 *(거제동),정상,0000,01,,387686.194940483    ,189911.430545728    ,서울특별시 강서구 등촌동 **** ,2024-02-23 14:26:48
3370000,337000001320210001,2021-01-13,,영업/정상,,,,,,,47519,폴리파크 연산점,I,000,2026-05-07 22:34:18,부산광역시 연제구 중앙대로 **** (연산동),정상,0000,01,0518625678,389451.336267551    ,189936.478243213    ,부산광역시 연제구 연산동 ***-* ,2021-01-13 11:18:06
3370000,337000001320180001,2018-04-05,,영업/정상,,,,,,,47594,주식회사 앨버트코리아,I,000,2026-05-07 22:34:18,부산광역시 연제구 연수로***번길 ** (연산동),정상,0000,01,0515221980,390813.19349068     ,188143.408066842    ,부산광역시 연제구 연산동 ****-** ,2018-04-05 18:18:52
3370000,337000001320140001,2014-12-24,,영업/정상,,,,,70,,47558,다우메디랩,I,000,2026-05-07 22:34:17,부산광역시 연제구 과정로 *** (연산동),정상,0000,01,,391831.872113392    ,189612.838836521    ,부산광역시 연제구 연산동 ***-* ,2014-12-24 14:24:58
3370000,337000001320230001,2023-05-15,,영업/정상,,,,,,,47509,(주)다우진유전자연구소,I,L00,2026-05-07 22:34:18,"부산광역시 연제구 법원로 *, *층 (거제동)",정상,0000,01,07051800185,388696.559201761    ,189826.932404007    ,부산광역시 연제구 거제동 ****-* ,2023-05-15 15:47:26
3370000,337000001320230002,2023-10-18,,폐업,2025-04-07,,,,,,47567,메디엠텍,I,000,2026-05-07 22:34:18,"부산광역시 연제구 연안로**번길 **, *층 ***호 (연산동)",폐업,0002,03,0515064493,391633.504423963    ,189766.818212213    ,부산광역시 연제구 연산동 ***-* ,2025-04-07 16:19:34
3370000,337000001320220002,2022-05-27,,폐업,2023-06-16,,,,,,47552,홈플러스 부산연산점,I,L00,2026-05-07 22:34:18,"부산광역시 연제구 반송로 **, 홈플러스 부산연산점 (연산동)",폐업,0002,03,0518508000,390220.95452402     ,189976.508572936    ,부산광역시 연제구 연산동 ***-* 홈플러스 부산연산점 ,2023-06-21 15:38:48
3370000,337000001320210002,2021-09-07,,폐업,2023-01-31,,,,,,47596,제이몰샵,I,000,2026-05-07 22:34:18,"부산광역시 연제구 중앙대로 ****, 진도사옥 **층 (연산동)",폐업,0002,03,,389473.281486449    ,189228.061082038    ,부산광역시 연제구 연산동 ***-** 진도사옥 ,2023-01-31 18:09:48
3380000,338000001320210002,2021-09-07,,폐업,2025-02-03,,,,162.21,,48282,레이바이오,I,000,2026-05-07 22:31:57,"부산광역시 수영구 광안해변로 ***, *층 (민락동)",폐업,0002,03,,393908.912066681    ,186219.357059403    ,부산광역시 수영구 민락동 ***-** ,2025-02-03 15:14:05
3380000,338000001320240001,2024-06-11,,영업/정상,,,,,,,48300,단리앙,I,000,2026-05-07 22:31:58,"부산광역시 수영구 수영로***번길 **, ***호 (광안동, 광안파크)",정상,0000,01,,392557.26999574     ,185926.184599068    ,부산광역시 수영구 광안동 ***-* 광안파크 ***호 ,2024-06-11 10:09:20
3390000,339000001320090001,2009-09-14,,영업/정상,,,,,0,,,쿨펫동물병원,I,000,2026-05-05 22:31:37,부산광역시 사상구 광장로 ** (괘법동),정상,0000,01,,380225.635402132    ,186791.51940672     ,부산광역시 사상구 괘법동 ***-* ,2013-07-02 17:02:10
3390000,339000001320230001,2023-08-02,,영업/정상,,,,,,,46945,다온메디,I,000,2026-05-05 22:31:37,"부산광역시 사상구 사상로***번길 ** (덕포동, 덕포동벽산블루밍아파트)",정상,0000,01,0513033364,380962.181142235    ,188045.502588511    ,부산광역시 사상구 덕포동 ***-* 상가동 ***호,2023-08-02 11:06:14
3390000,339000001320220002,2022-05-23,,휴업,,2026-05-10,2026-12-31,,,,46970,홈플러스(주)서부산점,U,L00,2026-05-20 03:03:03,부산광역시 사상구 광장로 *(괘법동),휴업,0001,02,0516098094,380128.339808992    ,186803.363627799    ,부산광역시 사상구 괘법동 ***-* 르네시떼 ,2026-05-19 09:12:22
3390000,339000001320260001,2026-03-12,,영업/정상,,,,,,,47021,동일과학상사,I,000,2026-05-05 22:31:37,"부산광역시 사상구 학장로 ***-**, *층 (학장동)",정상,0000,01,0512571010,381183.448154636    ,184595.776797119    ,부산광역시 사상구 학장동 *** ,2026-03-12 08:51:04
3390000,339000001320250001,2025-05-26,,영업/정상,,,,,,,46981,제네스젠,I,000,2026-05-05 22:31:37,"부산광역시 사상구 대동로 ***, 부산디지털밸리아파트형공장 ***호 (감전동)",정상,0000,01,0515239658,380909.178507556    ,185739.851127297    ,부산광역시 사상구 감전동 ***-* 부산디지털밸리아파트형공장 ,2025-05-26 17:46:37
3390000,339000001320220001,2022-05-23,,영업/정상,,,,,,,46970,홈플러스(주)서부산점,I,L00,2026-05-05 22:31:37,부산광역시 사상구 광장로 *(괘법동),정상,0000,01,0516098094,380128.339808992    ,186803.363627799    ,부산광역시 사상구 괘법동 ***-* 르네시떼 ,2022-05-23 10:46:57
3390000,339000001320260002,2026-03-12,,영업/정상,,,,,,,47021,에닐트(Hennilt),I,000,2026-05-05 22:31:37,"부산광역시 사상구 학장로 ***-**, *층 (학장동)",정상,0000,01,0517113134,381183.448154636    ,184595.776797119    ,부산광역시 사상구 학장동 *** ,2026-03-12 08:54:58
3400000,340000001320220006,2022-11-30,,폐업,2026-04-22,,,,,,46034,성원테크,I,000,2026-05-01 22:36:58,부산광역시 기장군 장안읍 장안산단*로 **-*,폐업,0002,03,,405725.54465492     ,206149.505903244    ,부산광역시 기장군 장안읍 반룡리 ***-** ,2026-04-22 15:55:51
3400000,340000001320220001,2022-05-18,,영업/정상,,,,,,,46015,홈플러스(주) 부산정관점,I,L00,2026-05-01 22:36:54,"부산광역시 기장군 정관읍 정관*로 **, 정관 홈플러스",정상,0000,01,0517244501,397835.275062345    ,204802.042928644    ,부산광역시 기장군 정관읍 매학리 ***-* 정관 홈플러스 ,2024-03-11 15:27:46
3400000,340000001320220004,2022-05-31,,폐업,2023-11-23,,,,,,46048,이마트에브리데이 일광삼성점,I,L00,2026-05-01 22:36:56,부산광역시 기장군 일광읍 해빛*로 **-*,폐업,0002,03,,402096.616207492    ,197999.895993165    ,부산광역시 기장군 일광읍 삼성리 *** ,2023-11-23 10:24:26
3400000,340000001320220003,2022-05-25,,폐업,2023-11-23,,,,,,46021,이마트에브리데이(부산정관점),I,L00,2026-05-01 22:36:55,부산광역시 기장군 정관읍 정관로 ***-**,폐업,0002,03,,399083.984603466    ,204565.506306973    ,부산광역시 기장군 정관읍 달산리 ****-* ,2023-11-23 10:26:12
3400000,340000001320220002,2022-05-25,,폐업,2023-11-23,,,,,,46048,이마트에브리데이(부산일광점),I,L00,2026-05-01 22:36:55,부산광역시 기장군 일광읍 해빛로 **-**,폐업,0002,03,,402187.626249677    ,198655.710177333    ,부산광역시 기장군 일광읍 삼성리 *** ,2023-11-23 10:14:56
3400000,340000001320220005,2022-09-20,,폐업,,,,,,,46013,정관씨유풀리페점,I,000,2026-05-01 22:36:57,부산광역시 기장군 정관읍 가동*로 *,폐업,0002,03,,398069.726704004    ,205428.701616317    ,부산광역시 기장군 정관읍 용수리 ****-* ,2022-09-20 17:11:01
3400000,340000001320230002,2023-09-05,,영업/정상,,,,,,,46051,아부엘로,I,000,2026-05-01 22:36:59,"부산광역시 기장군 철마면 고촌로**번길 **, ***동 ***호 (고촌휴먼시아*)",정상,0000,01,,397292.412749362    ,195740.305066251    ,부산광역시 기장군 철마면 고촌리 *** 고촌휴먼시아* ***동 ***호,2023-09-05 17:28:01
3400000,340000001320230001,2023-08-22,,영업/정상,,,,,,,46007,견생냥품무인24시부산정관모전점,I,000,2026-05-01 22:36:59,"부산광역시 기장군 정관읍 정관*로 *, ***동 b***호 (이지 더원 *차 아파트)",정상,0000,01,,396661.136707393    ,205995.904169189    ,부산광역시 기장군 정관읍 모전리 *** 이지 더원 *차 아파트 ***동 b***호,2023-08-22 16:41:37
3400000,340000001320240001,2024-04-22,,영업/정상,,,,,,,46034,성원테크,I,000,2026-05-01 22:36:59,부산광역시 기장군 장안읍 장안산단*로 **-*,정상,0000,01,,405725.54465492     ,206149.505903244    ,부산광역시 기장군 장안읍 반룡리 ***-** ,2024-04-22 17:21:13
3400000,340000001320200001,2020-09-08,,폐업,2026-04-23,,,,,,46020,(주)효심로얄,I,000,2026-05-01 22:36:54,부산광역시 기장군 정관읍 예림*로 **,폐업,0002,03,0517282960,400334.676529861    ,205187.783131474    ,부산광역시 기장군 정관읍 예림리 ***-* ,2026-04-23 18:07:01
3400000,340000001320210001,2021-12-06,,영업/정상,,,,,,,46083,코코스퀘어,I,L00,2026-05-01 22:36:54,"부산광역시 기장군 기장읍 동부산관광로 *, 롯데메종동부산 *층",정상,0000,01,0519011977,401648.172377821    ,190623.521052889    ,부산광역시 기장군 기장읍 시랑리 산 ** ,2021-12-06 10:13:03
3410000,341000001320250001,2025-05-23,,영업/정상,,,,,,,41957,블랑드보떼,I,000,2026-05-02 22:39:47,"대구광역시 중구 명륜로**길 **, 상가동 *층 (남산동)",정상,0000,01,,343993.108833648    ,263575.392753404    ,대구광역시 중구 남산동 ***-** ,2025-05-23 15:02:02
3410000,341000001320250002,2025-05-23,,영업/정상,,,,,,,41959,영인,I,000,2026-05-02 22:39:47,"대구광역시 중구 봉산문화길 **, 은성빌딩 ***호 (봉산동)",정상,0000,01,,344321.442813182    ,263452.989773565    ,대구광역시 중구 봉산동 ***-* ,2025-05-23 15:04:28
3410000,341000001320210001,2021-01-13,,폐업,2023-05-19,,,,,,41913,삼아유통,I,000,2026-05-02 22:39:47,"대구광역시 중구 동성로 **-*, *층 (동성로*가)",폐업,0002,03,,344053.360694424    ,264627.116979796    ,대구광역시 중구 동성로*가 **-* ,2023-05-19 11:46:18
3410000,341000001320210002,2021-08-05,,영업/정상,,,,,,,41946,대왕메디칼,I,000,2026-05-02 22:39:47,대구광역시 중구 동덕로**길 ***-*(동인동*가),정상,0000,01,,345388.270201843    ,264100.025758822    ,대구광역시 중구 동인동*가 ***-* ,2021-08-05 11:03:39
3410000,341000001320180002,2018-05-29,,영업/정상,,,,,,,41941,폴리파크(POLYPARK),I,000,2026-05-02 22:39:47,대구광역시 중구 동성로*길 ** (공평동),정상,0000,01,,344309.71561975     ,264309.215110644    ,대구광역시 중구 공평동 **-* ,2018-05-29 17:06:07
3410000,341000001320250003,2025-05-23,,영업/정상,,,,,,,41938,차이,I,000,2026-05-02 22:39:47,"대구광역시 중구 공평로 **, 우원빌딩 *층 (공평동)",정상,0000,01,,344417.802132034    ,264430.537921817    ,대구광역시 중구 공평동 **-** 우원빌딩 ,2025-05-23 15:10:05
3410000,341000001319790001,1979-04-11,,폐업,2016-09-30,,,,0,,41950,주식회사 대구축산,I,000,2026-05-02 22:39:47,대구광역시 중구 대봉로 *** (대봉동),폐업,0002,03,,344432.563323862    ,263763.687866673    ,대구광역시 중구 대봉동 ***-** ,2016-09-30 13:57:08
3410000,341000001320240001,2024-01-05,,폐업,2025-12-31,,,,,,41966,제국무역,I,000,2026-05-02 22:39:47,"대구광역시 중구 명륜로 **, 신한빌딩 *층 ***호 (남산동)",폐업,0002,03,,343548.185836398    ,263714.998192307    ,대구광역시 중구 남산동 ***-* ,2026-02-04 15:09:00
3410000,341000001320120001,2012-08-28,,영업/정상,,,,,438,,41921,(주)한국교통정보,I,L00,2026-05-02 22:39:47,"대구광역시 중구 국채보상로 ***, *층 (동산동)",정상,0000,01,0534240042,342983.980987061    ,264559.497124783    ,대구광역시 중구 동산동 **-* *층 ,2012-08-28 09:43:12
3410000,341000001320150001,2015-07-21,,영업/정상,,,,,,,41940,컴패니언,I,000,2026-05-02 22:39:47,"대구광역시 중구 동덕로 *** (삼덕동*가, 진석타워 *층 ***호)",정상,0000,01,,344686.25933796     ,263958.880864104    ,대구광역시 중구 삼덕동*가 ***-* 진석타워 *층 ***호 ,2015-07-21 15:07:16
3410000,341000001320160001,2016-04-19,,영업/정상,,,,,211.3,,41906,(주)태영엘에스,I,L00,2026-05-02 22:39:47,"대구광역시 중구 태평로 ***-* (동인동*가, 현대문화일보)",정상,0000,01,,345337.355563601    ,264851.279982635    ,대구광역시 중구 동인동*가 ***-* ,2016-04-19 10:47:57
3410000,341000001320200001,2020-12-24,,폐업,2022-12-23,,,,,,41937,에스엠진단,I,000,2026-05-02 22:39:47,"대구광역시 중구 국채보상로 ***, ****호 (동성로*가)",폐업,0002,03,,343959.823762185    ,264529.393559855    ,대구광역시 중구 동성로*가 **-** ****호,2022-12-23 16:29:32
3410000,341000001320150002,2015-07-21,,영업/정상,,,,,,,41940,컴패니언,I,000,2026-05-02 22:39:47,"대구광역시 중구 동덕로 *** (삼덕동*가, 진석타워 *층 ***호)",정상,0000,01,,344686.25933796     ,263958.880864104    ,대구광역시 중구 삼덕동*가 ***-* 진석타워 *층 ***호 ,2015-07-21 15:17:47
3420000,342000001320220008,2022-10-28,,폐업,2025-08-05,,,,,,41263,주식회사 신텍스헬스케어,I,000,2026-05-11 22:41:27,"대구광역시 동구 동부로 **, *,*층 (신천동)",폐업,0002,03,,345916.213446649    ,265018.028886355    ,"대구광역시 수성구 범어동 *** *,*층 ",2025-08-06 16:54:46
3420000,342000001320220004,2022-05-18,,폐업,2023-11-14,,,,,,41145,(주)이마트에브리데이 방촌동점,I,L00,2026-05-11 22:41:27,"대구광역시 동구 동촌로**길 *, 방촌동마트 (방촌동)",폐업,0002,03,0539858661,350282.049754039    ,265973.967993354    ,대구광역시 동구 방촌동 ***-* 방촌동마트 ,2023-11-14 16:21:49
3420000,342000001320200002,2020-03-04,,폐업,2022-06-15,,,,,,41238,폴리파크(미오미아 효목점),I,000,2026-05-11 22:41:26,대구광역시 동구 화랑로 *** (효목동),폐업,0002,03,,347890.19745764     ,264911.383894135    ,대구광역시 동구 효목동 ***-* ,2022-07-11 11:07:52
3420000,342000001320130001,2013-03-21,,폐업,2021-02-01,,,,258.18,,41267,대진기술정보(주),I,000,2026-05-11 22:41:26,"대구광역시 동구 국채보상로***길 **, ***동  층 ***호 (신천동, 우방푸른타운 상가)",폐업,0002,03,,345793.311978229    ,264564.232699088    ,대구광역시 동구 신천동 ***-* 우방푸른타운상가 ***동 ***호,2021-02-03 14:19:27
3420000,342000001320260001,2026-06-26,,영업/정상,,,,,,,41161,두산동물약품,I,000,2026-06-27 22:02:20,"대구광역시 동구 화랑로 ***, *층 (방촌동)",정상,0000,01,,350205.757727794    ,265450.169196728    ,대구광역시 동구 방촌동 ****-*** ,2026-06-26 14:22:05
3420000,342000001320230003,2023-11-28,,영업/정상,,,,,,,41241,주식회사 대경엠에스,I,L00,2026-05-11 22:41:27,"대구광역시 동구 화랑로 ***, *층 (효목동)",정상,0000,01,0532947370,348227.26205988     ,265137.822043098    ,대구광역시 동구 효목동 ***-** ,2023-11-28 16:21:17
3420000,342000001320230002,2023-11-09,,영업/정상,,,,,,,41183,주식회사 포파코 동구청지점,I,L00,2026-05-11 22:41:27,대구광역시 동구 동북로 *** (신암동),정상,0000,01,0537104317,347123.8597693      ,266537.581353207    ,대구광역시 동구 신암동 *** ,2023-11-09 17:01:29
3420000,342000001320230001,2023-08-17,,영업/정상,,,,,,,41106,주식회사 그린아이에스,I,L00,2026-05-11 22:41:27,"대구광역시 동구 안심로**길 **, 율하동 타임스퀘어 *층 ***호 (율하동)",정상,0000,01,,352915.098010084    ,263911.217548179    ,대구광역시 동구 율하동 **** 율하동 타임스퀘어 ,2023-08-17 09:30:02
3420000,342000001320220007,2022-08-25,,영업/정상,,,,,,,41067,인코아 글로벌,I,000,2026-05-11 22:41:27,"대구광역시 동구 이노밸리로**길 **, ***호 (각산동)",정상,0000,01,,354858.65039992     ,265550.11355051     ,대구광역시 동구 각산동 ****-* ***호,2022-08-25 15:44:34
3420000,342000001320220006,2022-05-27,,영업/정상,,,,,,,41126,워크앤런,I,000,2026-05-11 22:41:27,"대구광역시 동구 반야월북로 ***, ***호 (각산동)",정상,0000,01,,354567.84178709     ,265019.923234085    ,대구광역시 동구 각산동 ***-** ***호,2022-05-27 09:38:38
3420000,342000001320220005,2022-05-19,,영업/정상,,,,,,,41106,(주)이마트에브리데이 율하점,I,L00,2026-05-11 22:41:27,대구광역시 동구 안심로**길 **-**(율하동),정상,0000,01,0539469000,352986.591397707    ,263876.474625126    ,대구광역시 동구 율하동 **** ,2022-05-19 09:41:25
3420000,342000001320220003,2022-05-13,,휴업,,2026-02-01,2027-01-31,,,,41144,홈플러스(주)동촌점,I,L00,2026-05-11 22:41:27,"대구광역시 동구 동촌로 ***, 홈플러스 (검사동)",휴업,0001,02,0536648055,349426.805402323    ,266377.854783573    ,서울특별시 강서구 등촌동 ***-* 홈플러스 ,2026-01-29 17:50:13
3420000,342000001320220002,2022-04-14,,영업/정상,,,,,,,41125,애니랩 알파,I,000,2026-05-11 22:41:27,대구광역시 동구 반야월북로 **(율암동),정상,0000,01,,354003.244560961    ,265528.94394059     ,대구광역시 동구 율암동 ***-** ,2022-12-15 09:16:15
3420000,342000001320200001,2020-02-03,,영업/정상,,,,,,,41256,그리닉스(GREENICS),I,000,2026-05-11 22:41:26,"대구광역시 동구 동대구로 ***, 삼양사빌딩 *층 (신천동)",정상,0000,01,0537520454,346673.033086778    ,265048.996777752    ,대구광역시 동구 신천동 **-* ,2020-02-03 18:48:42
3420000,342000001320200003,2020-09-14,,영업/정상,,,,,,,41077,나뚜라동물의료기기판매,I,L00,2026-05-11 22:41:27,대구광역시 동구 반야월북로 *** (괴전동),정상,0000,01,0539650945,356611.471345368    ,265191.280265076    ,대구광역시 동구 괴전동 *** ,2020-11-04 17:51:54
3420000,342000001320220001,2022-04-08,,영업/정상,,,,,,,41084,폴리파크 반야월점,I,000,2026-05-11 22:41:27,대구광역시 동구 안심로 ***(신서동),정상,0000,01,,356060.590271566    ,264693.096375429    ,대구광역시 동구 신서동 ***-* ,2022-04-08 09:51:36
3420000,342000001320190001,2019-03-29,,영업/정상,,,,,,,41215,인투시아(INTOSIA),I,000,2026-05-11 22:41:26,대구광역시 동구 신암남로 **-* (신암동),정상,0000,01,0532177147,346573.793062116    ,265561.515922341    ,대구광역시 동구 신암동 ***-** ,2019-03-29 11:46:28
3420000,342000001320180003,2018-06-08,,영업/정상,,,,,,,41164,폴리파크 방촌점,I,000,2026-05-11 22:41:26,"대구광역시 동구 동촌로 ***, 방촌미진코아 (방촌동)",정상,0000,01,0539811544,350685.592286676    ,265654.938855712    ,대구광역시 동구 방촌동 ****-* 방촌미진코아 ,2018-06-08 11:34:46
3420000,342000001320180002,2018-06-08,,영업/정상,,,,,,,41206,폴리파크 신암점,I,000,2026-05-11 22:41:26,대구광역시 동구 아양로 **-* (신암동),정상,0000,01,0539434313,345879.43440057     ,265760.100438644    ,대구광역시 동구 신암동 ***-** ,2018-06-08 11:13:58
3420000,342000001320180001,2018-03-29,,영업/정상,,,,,,,41036,오즈메디칼,I,000,2026-05-11 22:41:26,대구광역시 동구 팔공로**길 ** (도동),정상,0000,01,0537565033,348301.667570295    ,268922.318187476    ,대구광역시 동구 도동 ***-** ,2018-03-29 16:38:12
3420000,342000001320140001,2014-01-06,,영업/정상,,,,,66.12,,41267,펫키퍼,I,000,2026-05-11 22:41:26,"대구광역시 동구 국채보상로***길 **, ***동 ***호 (신천동, 우방푸른타운상가)",정상,0000,01,0537595668,345793.311978229    ,264564.232699088    ,대구광역시 동구 신천동 ***-* 우방푸른타운상가 ***동 ***호,2014-01-06 10:47:04
3420000,342000001320120001,2012-06-14,,영업/정상,,,,,113.74,,41249,코메드,I,000,2026-05-11 22:41:26,대구광역시 동구 동부로**길 ** (신천동),정상,0000,01,,347000.037691334    ,264810.782236722    ,대구광역시 동구 신천동 ***-** ,2012-06-14 13:11:52
3430000,343000001320180002,2018-06-20,,영업/정상,,,,,,,41857,(주)포파코 광장지점,I,L00,2026-05-07 22:34:16,"대구광역시 서구 달구벌대로 ****, *층 (내당동)",정상,0000,01,0535674317,340459.095257292    ,263050.977287616    ,대구광역시 달서구 신당동 ***-* ,2025-06-05 14:12:57
3430000,343000001320180001,2018-06-08,,영업/정상,,,,,262.03,,41803,폴리파크 비산점,I,000,2026-05-07 22:34:16,"대구광역시 서구 국채보상로 ***-*, *층 (비산동)",정상,0000,01,0535234313,341937.880214128    ,264672.472143977    ,대구광역시 서구 비산동 ***-* ,2018-06-08 14:17:56
3430000,343000001320220002,2022-08-17,,영업/정상,,,,,,,41824,(주)진성메디랩,I,000,2026-05-07 22:34:17,"대구광역시 서구 국채보상로**길 *, *층 (평리동)",정상,0000,01,0535510931,340562.286174235    ,264459.243352276    ,대구광역시 서구 평리동 ****-** ,2023-06-27 10:37:39
3430000,343000001320230001,2023-06-27,,영업/정상,,,,,,,41824,수성메디칼,I,000,2026-05-07 22:34:17,"대구광역시 서구 국채보상로**길 *, 지하*층 (평리동)",정상,0000,01,,340562.286174235    ,264459.243352276    ,대구광역시 서구 평리동 ****-** ,2023-06-27 10:38:03
3430000,343000001320220001,2022-05-17,,폐업,2025-08-13,,,,,,41863,홈플러스(주)내당점,I,L00,2026-05-07 22:34:17,대구광역시 서구 달구벌대로 ****(내당동),폐업,0002,03,0535672080,341135.203416023    ,263386.395150789    ,대구광역시 서구 내당동 **-* ,2025-08-22 22:53:28
3430000,343000001320250001,2025-08-26,,영업/정상,,,,,,,41824,케어메디텍,I,000,2026-05-07 22:34:17,"대구광역시 서구 국채보상로**길 *, B*호 (평리동)",정상,0000,01,,340562.286174235    ,264459.243352276    ,대구광역시 서구 평리동 ****-** B*호,2025-08-26 13:30:10
3430000,343000001320260001,2026-05-14,,영업/정상,,,,,,,41758,주식회사 대창,I,L00,2026-05-15 22:02:20,대구광역시 서구 문화로**길 ** (이현동),정상,0000,01,,339383.270901301    ,265132.980630499    ,대구광역시 서구 이현동 **-** ,2026-05-14 09:09:32
3430000,343000001320130001,2013-11-27,,폐업,2019-01-09,,,,,,41716,다우종합동물병원,I,000,2026-05-07 22:34:16,대구광역시 서구 팔달로 *** (원대동*가),폐업,0002,03,0533577580,342037.156016794    ,266425.25019424     ,대구광역시 서구 원대동*가 ****-* ,2019-01-09 10:54:14
3430000,343000001320240001,2024-06-04,,영업/정상,,,,,,,41824,폴리파크 평리점,I,000,2026-05-07 22:34:17,대구광역시 서구 국채보상로 *** (평리동),정상,0000,01,0537930279,340450.143241857    ,264469.019641653    ,대구광역시 서구 평리동 ****-* ,2024-06-04 16:22:32
3440000,344000001320220001,2022-05-20,,영업/정상,,,,,,,42485,홈플러스 남대구점,I,L00,2026-05-04 22:38:44,"대구광역시 남구 대명로 ***, 홈플러스 남대구점 (대명동)",정상,0000,01,0536598000,341799.016824881    ,261012.250978533    ,서울특별시 강서구 등촌동 ***-* 홈플러스 남대구점 ,2024-02-22 10:35:23
3440000,344000001320250001,2025-04-15,,영업/정상,,,,,201,,42488,드림메디칼,I,000,2026-05-04 22:38:44,"대구광역시 남구 현충로**길 **, *층 (대명동)",정상,0000,01,07086913791,342522.676410129    ,260942.067900773    ,대구광역시 남구 대명동 ***-** ,2025-04-15 15:16:19
3440000,344000001320250002,2025-05-16,,영업/정상,,,,,40,,42490,(주)서원아이엔,I,L00,2026-05-04 22:38:44,"대구광역시 남구 현충로*길 ***-*, *층 (대명동)",정상,0000,01,,342117.290085808    ,260474.895076468    ,대구광역시 남구 대명동 ***-** ,2025-05-16 16:56:37
3440000,344000001320260001,2026-03-05,,영업/정상,,,,,30,,42499,예원아이엔티,I,000,2026-05-04 22:38:44,대구광역시 남구 골안길 ***-* (대명동),정상,0000,01,,341141.788382193    ,260421.416383881    ,대구광역시 남구 대명동 ****-* ,2026-03-05 09:23:16
3440000,344000001320120001,2012-10-16,,폐업,2022-05-03,,,,996.42,,42465,주식회사 제이원상사,I,L00,2026-05-04 22:38:44,대구광역시 남구 현충로 *** (대명동),폐업,0002,03,,342647.265074306    ,261433.316797314    ,대구광역시 남구 대명동 ****-* 앞산클래식명가 ***호,2022-05-03 13:09:37
3440000,344000001320180001,2018-05-29,,폐업,2022-04-13,,,,,,42448,삼아유통,I,000,2026-05-04 22:38:44,대구광역시 남구 대명로 ***-* (대명동),폐업,0002,03,0536262036,343220.239904392    ,261466.283932696    ,대구광역시 남구 대명동 ***-* ,2022-04-13 14:14:22
3440000,344000001320180002,2018-06-07,,폐업,2021-09-01,,,,441.2,,42405,(주)포파코 두류지점,I,L00,2026-05-04 22:38:44,대구광역시 남구 성당로 *** (대명동),폐업,0002,03,0536262605,342148.918219149    ,262782.01184369     ,대구광역시 남구 대명동 ****-** ,2021-09-01 10:24:14
3440000,344000001320180003,2018-06-07,,폐업,2021-09-01,,,,441.2,,42405,주식회사 포파코,I,L00,2026-05-04 22:38:44,대구광역시 남구 성당로 *** (대명동),폐업,0002,03,0536262605,342148.918219149    ,262782.01184369     ,대구광역시 남구 대명동 ****-** ,2021-09-01 10:23:25
3440000,344000001320210001,2021-12-20,,폐업,2022-11-11,,,,89.1,,42446,헤이펫,I,000,2026-05-04 22:38:44,"대구광역시 남구 이천로*길 **-*, *층 (봉덕동)",폐업,0002,03,,344242.922992109    ,261578.639341556    ,대구광역시 남구 봉덕동 ***-** ,2022-11-11 15:57:40
3450000,345000001320230004,2023-10-05,,취소/말소/만료/정지/중지,2023-10-05,,,,,,41516,주식회사 준바이오텍,I,L00,2026-05-07 22:35:21,대구광역시 북구 유통단지로*길 ***-* (산격동),말소,0004,04,0533840152,345972.277012198    ,268635.935594294    ,대구광역시 북구 산격동 **** ,2024-01-16 14:05:58
3450000,345000001320260001,2026-04-09,,영업/정상,,,,,,,41422,동우메디칼,I,000,2026-05-07 22:35:21,"대구광역시 북구 동암로**길 **, *층 (동천동)",정상,0000,01,0539515199,340340.037075623    ,272526.511063188    ,대구광역시 북구 동천동 ***-* ,2026-04-09 09:00:47
3450000,345000001320170001,2017-11-08,,영업/정상,,,,,1127.63,,41518,제이 앤 제이 사이언스,I,000,2026-05-07 22:35:20,"대구광역시 북구 유통단지로 **, *동 *층 **호 (산격동)",정상,0000,01,0533812285,344912.358902194    ,268253.830252935    ,대구광역시 북구 산격동 **** 유통단지산업용재관 *동 **호,2017-11-08 16:54:39
3450000,345000001320170002,2017-12-21,,영업/정상,,,,,75,,41477,코메드,I,000,2026-05-07 22:35:20,"대구광역시 북구 서변로 **, *층 (서변동)",정상,0000,01,0537442825,344026.656982431    ,270352.090359897    ,대구광역시 북구 서변동 ****-* *층 ,2021-03-25 09:10:45
3450000,345000001320180001,2018-02-26,,영업/정상,,,,,48,,41499,주식회사 라이브텍,I,L00,2026-05-07 22:35:20,"대구광역시 북구 팔달북로*길 *, *층 (노원동*가)",정상,0000,01,0533561117,341094.574633931    ,266771.823922209    ,대구광역시 북구 노원동*가 *** ,2018-02-26 09:02:47
3450000,345000001320180002,2018-06-14,,영업/정상,,,,,,,41562,폴리파크 복현점,I,000,2026-05-07 22:35:20,대구광역시 북구 대학로 *** (복현동),정상,0000,01,,345660.992342365    ,267409.574785194    ,대구광역시 북구 복현동 ***-* ,2018-06-14 17:31:11
3450000,345000001320180003,2018-06-14,,영업/정상,,,,,,,41461,폴리파크 칠곡점,I,000,2026-05-07 22:35:20,대구광역시 북구 칠곡중앙대로 *** (태전동),정상,0000,01,0533244313,339628.760657925    ,270836.56470119     ,대구광역시 북구 태전동 ****-* ,2018-06-14 17:38:23
3450000,345000001320180004,2018-06-14,,영업/정상,,,,,,,41578,주식회사 포파코 침산지점,I,L00,2026-05-07 22:35:20,대구광역시 북구 중앙대로 *** (침산동),정상,0000,01,0532554317,344198.297602786    ,266008.335728123    ,대구광역시 북구 침산동 ***-** ,2018-06-14 17:41:17
3450000,345000001320180005,2018-06-14,,영업/정상,,,,,,,41552,코리아메디 주식회사,I,L00,2026-05-07 22:35:20,대구광역시 북구 오봉로 ** (노원동*가),정상,0000,01,,342362.442020484    ,266778.003770867    ,대구광역시 북구 노원동*가 ***-* ,2018-06-14 17:43:52
3450000,345000001320180006,2018-08-16,,영업/정상,,,,,,,41516,주식회사 준바이오텍,I,L00,2026-05-07 22:35:20,대구광역시 북구 유통단지로*길 ***-* (산격동),정상,0000,01,0533840152,345972.277012198    ,268635.935594294    ,대구광역시 북구 산격동 **** ,2024-01-16 13:34:07
3450000,345000001320180007,2018-10-22,,영업/정상,,,,,,,41515,대명과학상사,I,000,2026-05-07 22:35:20,대구광역시 북구 유통단지로*길 ***-* (산격동),정상,0000,01,,345870.989303289    ,268737.493191492    ,대구광역시 북구 산격동 **** ,2018-10-22 17:49:52
3450000,345000001320190001,2019-06-05,,영업/정상,,,,,,,41516,주식회사랩가이드,I,000,2026-05-07 22:35:20,"대구광역시 북구 유통단지로**길 **, 고흥빌딩 *층 (산격동)",정상,0000,01,0532924574,345944.042951757    ,268573.519630544    ,대구광역시 북구 산격동 **** ,2019-06-05 10:20:54
3450000,345000001320190002,2019-08-30,,영업/정상,,,,,,,41520,아이엠바이오,I,000,2026-05-07 22:35:20,"대구광역시 북구 대불서길 **, *층 (산격동)",정상,0000,01,0532477020,345686.768968634    ,267902.748868354    ,대구광역시 북구 산격동 ***-** ,2019-08-30 09:31:14
3450000,345000001320190003,2019-11-12,,영업/정상,,,,,,,41516,대구랩서비스,I,000,2026-05-07 22:35:20,대구광역시 북구 유통단지로*길 ***-* (산격동),정상,0000,01,0533838822,345947.42674315     ,268678.066447784    ,대구광역시 북구 산격동 **** ,2019-11-12 09:32:51
3450000,345000001320190004,2019-11-29,,영업/정상,,,,,,,41522,성창과학상사,I,000,2026-05-07 22:35:20,대구광역시 북구 복현로**길 ** (복현동),정상,0000,01,0533824897,346246.80582523     ,268375.212246841    ,대구광역시 북구 복현동 **-* ,2019-11-29 11:37:55
3450000,345000001320200002,2020-01-13,,영업/정상,,,,,,,41536,지디랩,I,000,2026-05-07 22:35:20,대구광역시 북구 산격로**길 * (산격동),정상,0000,01,0533820316,344910.447351631    ,267358.565536736    ,대구광역시 북구 산격동 ****-* ,2020-01-13 09:03:15
3450000,345000001320250002,2025-03-25,,영업/정상,,,,,,,41515,뉴힐바이오텍,I,000,2026-05-07 22:35:21,대구광역시 북구 유통단지로*길 ***-* (산격동),정상,0000,01,0533832335,345870.989303289    ,268737.493191492    ,대구광역시 북구 산격동 **** ,2025-03-25 11:43:08
3450000,345000001320250003,2025-05-22,,영업/정상,,,,,,,41536,이윤현,I,000,2026-05-07 22:35:21,대구광역시 북구 산격로**길 ** (산격동),정상,0000,01,,345123.451171545    ,267264.772283939    ,대구광역시 북구 산격동 ****-** ,2025-05-22 20:00:33
3450000,345000001320200003,2020-04-20,,영업/정상,,,,,,,41416,폴리파크 학정점,I,000,2026-05-07 22:35:20,대구광역시 북구 학정로 *** (학정동),정상,0000,01,0533251550,341143.032667166    ,273217.030061446    ,대구광역시 북구 학정동 ***-* ,2020-04-20 10:35:10
3450000,345000001320200004,2020-09-01,,영업/정상,,,,,,,41505,대덕과학,I,000,2026-05-07 22:35:20,"대구광역시 북구 유통단지로 **, 전자상가 *동 *층 ***호 (산격동)",정상,0000,01,0533844758,344879.421493561    ,268476.874902975    ,대구광역시 북구 산격동 **** 전자상가 *동 *층 ***호 ,2020-09-01 09:09:53
3450000,345000001320210001,2021-03-08,,영업/정상,,,,,,,41504,홍인사이언스,I,000,2026-05-07 22:35:20,"대구광역시 북구 유통단지로 ***, 복합건축자재관 ***호 (산격동)",정상,0000,01,0533839661,345575.460989658    ,268870.659507124    ,대구광역시 북구 산격동 **** ,2021-03-08 10:47:52
3450000,345000001320210002,2021-03-18,,영업/정상,,,,,,,41517,아이디 사이언스,I,000,2026-05-07 22:35:21,대구광역시 북구 대불서길 **-* (산격동),정상,0000,01,0537634010,345482.861502737    ,268236.463298053    ,대구광역시 북구 산격동 *** ,2021-03-18 15:15:11
3450000,345000001320210003,2021-07-27,,영업/정상,,,,,,,41519,영우사이언스,I,000,2026-05-07 22:35:21,"대구광역시 북구 동북로 ***, 소프트웨어벤처타워 ****호 (산격동)",정상,0000,01,07078253636,345000.80458905     ,268051.856327351    ,대구광역시 북구 산격동 ***-* ,2021-07-27 16:20:11
3450000,345000001320220001,2022-04-01,,취소/말소/만료/정지/중지,,,,,,,41504,홍인사이언스,I,000,2026-05-07 22:35:21,"대구광역시 북구 유통단지로 ***, 건축자재관  *층 *호 (산격동)",말소,0004,04,0533839661,345575.460989658    ,268870.659507124    ,대구광역시 북구 산격동 **** 건축자재관 *층 *호 ,2022-04-01 17:09:11
3450000,345000001320220002,2022-04-01,,영업/정상,,,,,,,41518,랩컴퍼니,I,000,2026-05-07 22:35:21,"대구광역시 북구 유통단지로 **, 유통단지산업용재관 **동 *층 **호 (산격동)",정상,0000,01,0532642201,344912.358902194    ,268253.830252935    ,대구광역시 북구 산격동 **** 유통단지산업용재관 ,2025-05-09 11:35:58
3450000,345000001320220003,2022-04-21,,영업/정상,,,,,,,41516,국제티에스과학,I,000,2026-05-07 22:35:21,대구광역시 북구 유통단지로**길 **(산격동),정상,0000,01,0533830551,345898.82833751     ,268649.816647732    ,대구광역시 북구 산격동 **** ,2022-04-21 11:06:25
3450000,345000001320220004,2022-05-23,,영업/정상,,,,,,,41422,홈플러스(주) 칠곡점,I,L00,2026-05-07 22:35:21,"대구광역시 북구 동암로**길 *, 칠곡홈플러스 (동천동)",정상,0000,01,0536078000,340320.722709596    ,272735.675659876    ,대구광역시 북구 동천동 *** 칠곡홈플러스 ,2024-02-23 10:03:53
3450000,345000001320220005,2022-06-15,,영업/정상,,,,,,,41515,랩올,I,000,2026-05-07 22:35:21,대구광역시 북구 유통단지로*길 ***-*(산격동),정상,0000,01,0533826070,345870.989303289    ,268737.493191492    ,대구광역시 북구 산격동 **** ,2022-06-15 14:07:28
3450000,345000001320220006,2022-07-29,,영업/정상,,,,,,,41516,(주)대한과학대구경북지사,I,L00,2026-05-07 22:35:21,"대구광역시 북구 유통단지로*길 ***-*, *층 (산격동)",정상,0000,01,0533818445,345908.405581631    ,268674.140817846    ,대구광역시 북구 산격동 **** *층 ,2022-07-29 10:20:19
3450000,345000001320220007,2022-07-29,,영업/정상,,,,,,,41513,주식회사 이지랩,I,L00,2026-05-07 22:35:21,"대구광역시 북구 검단로 ***, ***동 *층 ***호 (검단동)",정상,0000,01,,346306.145630637    ,268913.137449925    ,대구광역시 북구 검단동 ***-* ***동 *층 ***호 ,2022-07-29 10:23:55
3450000,345000001320220008,2022-09-26,,영업/정상,,,,,,,41418,퍼펙트바이트,I,000,2026-05-07 22:35:21,"대구광역시 북구 구리로 ***, ***동 ***호 (국우동, 칠곡현대아파트)",정상,0000,01,07076011068,342336.414226814    ,273097.828373072    ,대구광역시 북구 국우동 ****-* 칠곡현대아파트 ***동 ***호,2022-09-26 09:47:09
3450000,345000001320230001,2023-02-21,,영업/정상,,,,,269,,41540,협진약품,I,000,2026-05-07 22:35:21,"대구광역시 북구 연암로 **-*, *층 (산격동)",정상,0000,01,,343959.531589326    ,266991.315806622    ,대구광역시 달서구 유천동 *** ,2023-04-14 10:05:33
3450000,345000001320230002,2023-09-20,,영업/정상,,,,,,,41549,(주)메디너스코리아,I,L00,2026-05-07 22:35:21,대구광역시 북구 침산로 ***-* (침산동),정상,0000,01,,343512.646243623    ,266932.505111341    ,대구광역시 북구 침산동 ***-** ,2023-09-20 15:21:03
3450000,345000001320230003,2023-09-20,,영업/정상,,,,,,,41549,(주)메디너스코리아,I,L00,2026-05-07 22:35:21,대구광역시 북구 침산로 ***-* (침산동),정상,0000,01,,343512.646243623    ,266932.505111341    ,대구광역시 북구 침산동 ***-** ,2023-09-20 16:18:10
3450000,345000001320230005,2023-11-06,,영업/정상,,,,,,,41515,대일바이오사이언스,I,000,2026-05-07 22:35:21,대구광역시 북구 유통단지로*길 ***-* (산격동),정상,0000,01,,345870.989303289    ,268737.493191492    ,대구광역시 북구 산격동 **** ,2023-11-06 15:32:02
3450000,345000001320230006,2023-11-29,,영업/정상,,,,,,,41549,(주)아이비전네트웍스,I,L00,2026-05-07 22:35:21,"대구광역시 북구 성북로**길 **, *층 (침산동)",정상,0000,01,,343559.639785924    ,267467.256114492    ,대구광역시 북구 침산동 ***-* ,2023-11-29 15:40:32
3450000,345000001320230007,2023-12-18,,영업/정상,,,,,66,,41513,주식회사이지랩,I,000,2026-05-07 22:35:21,"대구광역시 북구 검단로 ***, ***동 *층 ***호 (검단동)",정상,0000,01,,346306.145630637    ,268913.137449925    ,대구광역시 북구 검단동 ***-* ,2023-12-18 09:57:32
3450000,345000001320240001,2024-02-23,,영업/정상,,,,,,,41422,홈플러스(주)칠곡점,I,L00,2026-05-07 22:35:21,"대구광역시 북구 동암로**길 *, 칠곡홈플러스 (동천동)",정상,0000,01,0536078121,340320.722709596    ,272735.675659876    ,대구광역시 북구 동천동 *** 칠곡홈플러스 ,2024-02-23 10:57:10
3450000,345000001320240002,2024-06-19,,영업/정상,,,,,,,41504,가온테크,I,000,2026-05-07 22:35:21,"대구광역시 북구 유통단지로 ***, *층 **호 (산격동)",정상,0000,01,0537218088,345575.460989658    ,268870.659507124    ,대구광역시 북구 산격동 **** **호,2024-06-19 15:03:44
3450000,345000001320250001,2025-01-23,,영업/정상,,,,,,,41529,(주)한주약품,I,L00,2026-05-07 22:35:21,"대구광역시 북구 동북로 ***, *층 (복현동)",정상,0000,01,0536286550,346361.653327015    ,267069.785730797    ,대구광역시 북구 복현동 ***-** ,2025-01-23 15:14:36
3450000,345000001320200001,2020-01-02,,폐업,2021-02-10,,,,,,41457,에이치엔에스(H&amp;S),I,000,2026-05-07 22:35:20,대구광역시 북구 칠곡중앙대로 *** (태전동),폐업,0002,03,,339514.103486064    ,270241.487522723    ,대구광역시 북구 태전동 ***-* ,2021-02-10 16:04:02
3450000,345000001320160001,2016-03-23,,영업/정상,,,,,49,,41518,주식회사 광림,I,L00,2026-05-07 22:35:20,"대구광역시 북구 유통단지로 **, *동 *호 (산격동, 유통단지산업용재관)",정상,0000,01,0536045640,344912.358902194    ,268253.830252935    ,대구광역시 북구 산격동 **** 유통단지산업용재관 *동 *호,2022-10-27 10:30:23
3460000,346000001320180005,2018-06-05,,영업/정상,,,,,,,42169,(주)포파크 두산지점,I,L00,2026-05-08 22:38:40,대구광역시 수성구 청수로 *** (두산동),정상,0000,01,0537674317,346333.703805192    ,261178.396103989    ,대구광역시 수성구 두산동 **-* ,2018-06-05 16:50:58
3460000,346000001320230002,2023-05-17,,폐업,2024-08-01,,,,,,42036,폴리파크 만촌점,I,000,2026-05-08 22:38:42,"대구광역시 수성구 화랑로 ***, *층 (만촌동)",폐업,0002,03,,348196.855234177    ,265060.604836049    ,대구광역시 수성구 만촌동 ****-* *층 ,2024-08-01 14:07:22
3460000,346000001320180007,2018-06-11,,영업/정상,,,,,,,42223,폴리파크 파동점,I,000,2026-05-08 22:38:41,대구광역시 수성구 파동로 *** (파동),정상,0000,01,0537675657,345439.046806575    ,259460.119324605    ,대구광역시 수성구 파동 **-* ,2018-06-11 10:54:16
3460000,346000001320180008,2018-06-11,,영업/정상,,,,,,,42007,폴리파크 수성교점,I,000,2026-05-08 22:38:41,대구광역시 수성구 달구벌대로 ****-* (수성동*가),정상,0000,01,0537520907,345644.175864202    ,263421.544399674    ,대구광역시 수성구 수성동*가 ****-** ,2018-06-11 11:04:14
3460000,346000001320190001,2019-03-04,,영업/정상,,,,,,,42261,바이오엔,I,000,2026-05-08 22:38:42,"대구광역시 수성구 천을로 **, ***동 ***호 (시지동, 시지미래하이츠)",정상,0000,01,,353019.137710448    ,261926.16291801     ,대구광역시 수성구 시지동 ***-* 시지미래하이츠 ***동 ***호,2019-03-18 17:30:24
3460000,346000001320190002,2019-10-18,,영업/정상,,,,,,,42261,BION,I,000,2026-05-08 22:38:42,"대구광역시 수성구 천을로 **, 상가 ***동 ***호 (시지동, 제림은탑맨션)",정상,0000,01,,353171.444006062    ,261941.550848483    ,대구광역시 수성구 시지동 ** 제림은탑맨션 ,2019-10-18 17:25:27
3460000,346000001320200001,2020-04-24,,영업/정상,,,,,,,42262,주식회사 그린에코,I,000,2026-05-08 22:38:42,대구광역시 수성구 달구벌대로 **** (시지동),정상,0000,01,,353212.634984674    ,261709.941270133    ,대구광역시 수성구 시지동 **-* ,2020-04-24 15:25:44
3460000,346000001320210001,2021-04-05,,영업/정상,,,,,,,42020,덕파사이언스,I,000,2026-05-08 22:38:42,"대구광역시 수성구 동대구로**길 **, 수 빌딩 *층 (범어동)",정상,0000,01,0537569938,347050.587440527    ,263878.102020613    ,대구광역시 수성구 범어동 **-* 수 빌딩 *층 ,2021-04-05 15:14:08
3460000,346000001320220001,2022-01-18,,영업/정상,,,,,,,42013,엘앤케이랩,I,000,2026-05-08 22:38:42,"대구광역시 수성구 동대구로 ***, *층 *-***호 (범어동, 범어역우방유쉘)",정상,0000,01,,346775.263240837    ,263615.244800156    ,대구광역시 수성구 범어동 **-* 범어역우방유쉘 *층 *-***호,2022-01-18 09:28:37
3460000,346000001320220002,2022-05-16,,영업/정상,,,,,,,42170,홈플러스(주) 대구수성점,I,L00,2026-05-08 22:38:42,"대구광역시 수성구 동대구로 **, 지하*층 (두산동, 수성 SK리더스뷰)",정상,0000,01,0537608124,346586.097961164    ,261066.09520777     ,대구광역시 수성구 두산동 *** 수성 SK리더스뷰 지하*층 ,2024-02-20 17:01:27
3460000,346000001320230001,2023-04-24,,영업/정상,,,,,,,42012,인투시아,I,000,2026-05-08 22:38:42,"대구광역시 수성구 상록로**길 **, ***호 (범어동)",정상,0000,01,0532177147,346794.524206205    ,264078.502491414    ,대구광역시 수성구 범어동 *-* ***호,2024-02-26 16:46:16
3460000,346000001320230003,2023-11-06,,영업/정상,,,,,,,42164,(유)알파엠앤씨,I,L00,2026-05-08 22:38:42,대구광역시 수성구 수성로**길 ** (상동),정상,0000,01,0537822177,345597.46735426     ,260475.640564891    ,대구광역시 수성구 상동 ***-* ,2023-11-06 14:27:59
3460000,346000001320240001,2024-04-16,,영업/정상,,,,,,,42184,(주)엔케이어드벤스,I,L00,2026-05-08 22:38:42,"대구광역시 수성구 무학로**길 **, *층 (지산동)",정상,0000,01,07077880136,347017.917990507    ,260473.166164767    ,대구광역시 수성구 지산동 ****-** *층 ,2024-04-16 16:33:55
3460000,346000001320250001,2025-09-16,,영업/정상,,,,,,,42250,(주)에스앤에스연구소,I,000,2026-05-08 22:38:42,"대구광역시 수성구 알파시티*로 ***, 대구스포츠산업지원센터 *층 ***호 (대흥동)",정상,0000,01,,351903.446000405    ,260910.219782467    ,대구광역시 수성구 대흥동 *** ,2025-09-16 15:54:44
3460000,346000001320250003,2025-11-06,,영업/정상,,,,,,,42271,주식회사 이노파마,I,000,2026-05-08 22:38:42,"대구광역시 수성구 달구벌대로***길 *, *층 (신매동)",정상,0000,01,,354733.405317423    ,261192.595733387    ,대구광역시 수성구 신매동 ***-* ,2025-11-06 11:51:04
3460000,346000001320250004,2025-12-24,,영업/정상,,,,,,,42250,주식회사 네트로,I,L00,2026-05-08 22:38:42,"대구광역시 수성구 알파시티*로**길 **, ***호 (대흥동)",정상,0000,01,,352029.766745041    ,261161.690893884    ,대구광역시 수성구 대흥동 ***-* ,2025-12-24 10:12:36
3460000,346000001320170001,2017-07-03,,영업/정상,,,,,,,42218,대양시앤디,I,000,2026-05-08 22:38:40,"대구광역시 수성구 용학로**길 **, ***동 ***호 (지산동, 지산대우로얄하이츠)",정상,0000,01,0537810368,347040.840981241    ,259111.444544112    ,대구광역시 수성구 지산동 **** ,2017-07-03 15:36:03
3460000,346000001320180001,2018-05-28,,영업/정상,,,,,,,42187,폴리파크지산점,I,000,2026-05-08 22:38:40,대구광역시 수성구 지범로 **-* (지산동),정상,0000,01,0537832458,347032.489320951    ,259790.219749286    ,대구광역시 수성구 지산동 ****-* ,2018-05-28 16:25:37
3460000,346000001320180002,2018-06-05,,영업/정상,,,,,,,42158,한국동물혈액은행바이오주식회사,I,000,2026-05-08 22:38:40,"대구광역시 수성구 신천동로 ***, 대구한의대, 대구한방병원,대구TP한방센터 ***호 (상동)",정상,0000,01,0537638866,345206.578526472    ,260875.577524489    ,"대구광역시 수성구 상동 ***-* 대구한의대, 대구한방병원,대구TP한방센터 ",2018-06-05 17:53:51
3460000,346000001320180003,2018-06-05,,영업/정상,,,,,,,42036,폴리파크 시지점,I,000,2026-05-08 22:38:40,"대구광역시 수성구 화랑로 ***, *층 (만촌동)",정상,0000,01,0534282020,348196.855234177    ,265060.604836049    ,대구광역시 수성구 만촌동 ****-* *층 ,2024-08-14 16:16:30
3460000,346000001320180004,2018-06-05,,영업/정상,,,,,,,42031,(주)포파코 범어지점,I,L00,2026-05-08 22:38:40,대구광역시 수성구 동원로 * (범어동),정상,0000,01,0537534313,348073.107864104    ,263418.219195608    ,대구광역시 수성구 범어동 ***-* ,2018-06-05 16:47:52
3460000,346000001320250002,2025-10-23,,폐업,2025-12-23,,,,,,42250,주식회사 구독연구소,I,L00,2026-05-08 22:38:42,"대구광역시 수성구 알파시티*로**길 **, ***호 (대흥동)",폐업,0002,03,,352029.766745041    ,261161.690893884    ,대구광역시 수성구 대흥동 ***-* ,2025-12-23 10:17:57
3460000,346000001320260001,2026-03-11,,영업/정상,,,,,,,42080,바이오업,I,000,2026-05-08 22:38:42,"대구광역시 수성구 청호로**길 *, *층 ***호 (범어동)",정상,0000,01,,348413.512498647    ,263162.767682424    ,대구광역시 수성구 범어동 **-* ,2026-03-11 16:32:01
3460000,346000001320160001,2016-01-25,,폐업,2023-07-14,,,,,,42052,디에스팜,I,000,2026-05-08 22:38:39,대구광역시 수성구 충의로*길 ** (만촌동),폐업,0002,03,,348749.74895132     ,264167.639534765    ,대구광역시 수성구 만촌동 ***-* ,2023-07-14 13:07:24
3460000,346000001320160002,2016-05-11,,폐업,2018-03-30,,,,,,42038,영신메디칼,I,000,2026-05-08 22:38:40,"대구광역시 수성구 화랑로**길 * (만촌동, 메트로월드)",폐업,0002,03,,347528.255691233    ,264678.857682834    ,,2018-04-02 09:47:01
3460000,346000001320160003,2016-09-12,,폐업,2019-03-04,,,,,,42261,BIO-N,I,000,2026-05-08 22:38:40,"대구광역시 수성구 천을로 **, ***동 *층 ***호 (시지동, 시지미래하이츠)",폐업,0002,03,,353019.137710448    ,261926.16291801     ,,2019-03-04 16:21:27
3460000,346000001320180006,2018-06-11,,영업/정상,,,,,,,42216,폴리파크 목련시장점,I,000,2026-05-08 22:38:40,대구광역시 수성구 용학로 ***-* (지산동),정상,0000,01,0537833566,346988.501145338    ,259330.525762777    ,대구광역시 수성구 지산동 ****-* ,2018-06-11 10:51:47
3470000,347000001320180001,2018-05-29,,영업/정상,,,,,207.75,,42818,폴리파크 송현점,I,000,2026-05-05 22:31:37,대구광역시 달서구 월배로 *** (송현동),정상,0000,01,0536354313,340200.706850391    ,260134.448701064    ,대구광역시 달서구 송현동 ***-** ,2018-05-29 14:38:24
3470000,347000001320230002,2023-08-24,,폐업,2025-01-24,,,,,,42751,견생냥품 무인24시 대구 월성동점,I,000,2026-05-05 22:31:38,"대구광역시 달서구 월성로 ***, ***동 ***호 (월성동, 월성 삼정그린코아 에듀파크)",폐업,0002,03,,337668.155531145    ,259973.032583626    ,대구광역시 달서구 월성동 **** 월성 삼정그린코아 에듀파크 ,2025-01-24 15:48:09
3470000,347000001320180003,2018-06-07,,영업/정상,,,,,,,42796,폴리파크 상인점,I,000,2026-05-05 22:31:38,대구광역시 달서구 상화로 *** (상인동),정상,0000,01,0536370279,339373.134791286    ,257618.088477792    ,대구광역시 달서구 상인동 ****-*** ,2018-06-07 10:12:41
3470000,347000001320210001,2021-03-17,,영업/정상,,,,,,,42829,한국씨엔에스,I,000,2026-05-05 22:31:38,"대구광역시 달서구 한실로*길 ***-**, *층 (대곡동)",정상,0000,01,,338109.996055752    ,256213.693334278    ,대구광역시 달서구 대곡동 ****-* ,2021-03-17 16:33:12
3470000,347000001320210002,2021-06-02,,영업/정상,,,,,1685.1,,42702,(주)포파코,I,L00,2026-05-05 22:31:38,대구광역시 달서구 성서공단북로**길 ** (신당동),정상,0000,01,0536262605,335042.486906519    ,261782.193227486    ,대구광역시 달서구 신당동 **** ,2021-06-02 10:09:11
3470000,347000001320220001,2022-04-07,,영업/정상,,,,,,,42639,대진통상,I,000,2026-05-05 22:31:38,"대구광역시 달서구 와룡로**길 *, *층 (죽전동)",정상,0000,01,0532466330,338835.781174184    ,262573.59392727     ,대구광역시 달서구 죽전동 ***-** ,2022-04-07 10:47:59
3470000,347000001320220002,2022-05-18,,영업/정상,,,,,,,42637,홈플러스 성서점,I,L00,2026-05-05 22:31:38,"대구광역시 달서구 달구벌대로 ****, 지하*층 (용산동)",정상,0000,01,0535508000,337916.079938251    ,262111.061697986    ,대구광역시 달서구 용산동 ***-** ,2024-02-21 10:43:50
3470000,347000001320220003,2022-05-18,,휴업,,2026-05-21,2026-07-03,,,,42781,홈플러스 상인점,U,L00,2026-05-22 03:03:03,"대구광역시 달서구 월배로 ***, 지하*층 (상인동, 상인 대성 스카이렉스)",휴업,0001,02,0533808000,338508.039690504    ,258645.860959228    ,대구광역시 달서구 상인동 ***-* 상인 대성 스카이렉스 ,2026-05-21 11:39:45
3470000,347000001320220005,2022-08-09,,영업/정상,,,,,,,42617,태양통상,I,000,2026-05-05 22:31:38,"대구광역시 달서구 새동네로 **, *층 (용산동)",정상,0000,01,,337370.952097794    ,262556.017754121    ,대구광역시 달서구 용산동 ***-** ,2022-08-09 09:58:52
3470000,347000001320250001,2025-05-21,,영업/정상,,,,,,,42614,레오,I,000,2026-05-05 22:31:38,"대구광역시 달서구 서당로*길 *, *층 (신당동)",정상,0000,01,,334978.539056498    ,262671.667368582    ,대구광역시 달서구 신당동 ****-** ,2025-05-21 15:53:41
3470000,347000001320250002,2025-09-18,,영업/정상,,,,,,,42755,(주)랩디자인,I,L00,2026-05-05 22:31:38,"대구광역시 달서구 월암로*길 **, 진타워 ***호 (월성동)",정상,0000,01,,337322.129645487    ,258966.299253163    ,대구광역시 달서구 월성동 **** ,2025-09-18 08:21:50
3470000,347000001320250003,2025-10-17,,영업/정상,,,,,,,42679,포바이오,I,000,2026-05-05 22:31:38,"대구광역시 달서구 대명천로*길 **, *층 (성당동)",정상,0000,01,,340584.769658473    ,261123.377197466    ,대구광역시 달서구 성당동 ***-* ,2025-10-17 13:17:18
3470000,347000001320260001,2026-04-08,,영업/정상,,,,,,,42690,필코리아,I,000,2026-05-05 22:31:38,"대구광역시 달서구 장기로 ***, *층 ***호 (장기동)",정상,0000,01,0539519005,338681.109004217    ,261436.344908228    ,대구광역시 달서구 장기동 ***-* ,2026-04-08 09:46:52
3470000,347000001320220004,2022-06-10,,폐업,2023-11-24,,,,,,42759,(주)이마트에브리데이 대구대천점,I,L00,2026-05-05 22:31:38,"대구광역시 달서구 조암남로**길 **, *층 ***,***,***,***,***호 (대천동, 월배삼정그린코아포레스트)",폐업,0002,03,0537104797,336876.464696313    ,258882.959711369    ,대구광역시 달서구 대천동 **** 월배삼정그린코아포레스트 ,2023-11-24 09:22:44
3470000,347000001320230001,2023-04-20,,폐업,2024-05-17,,,,,,42612,케이에이비비 바이오(주),I,L00,2026-05-05 22:31:38,"대구광역시 달서구 이곡서로 **, 디에스 비즈니스센터 *층 ***호 (이곡동)",폐업,0002,03,,335813.054930664    ,262605.982519333    ,대구광역시 달서구 이곡동 ****-** ,2024-05-17 10:00:23
3470000,347000001320180002,2018-06-07,,영업/정상,,,,,,,42609,폴리파크 신당점,I,000,2026-05-05 22:31:37,대구광역시 달서구 계대동문로 ** (신당동),정상,0000,01,0535874317,335095.041372721    ,262745.863584529    ,대구광역시 달서구 신당동 ****-** ,2018-06-07 09:45:43
3480000,348000001320180001,2018-06-28,,영업/정상,,,,,,,43018,폴리파크 테크노폴리스점,I,000,2026-05-11 22:40:59,"대구광역시 달성군 유가읍 테크노상업로 ***, 테크노폴리스 M스퀘어+ ***호",정상,0000,01,,332209.678232161    ,244660.404545869    ,대구광역시 달성군 유가읍 봉리 *** 테크노폴리스 M스퀘어+ ,2018-06-28 14:24:30
3480000,348000001320180002,2018-07-06,,영업/정상,,,,,,,42915,폴리파크 다사점,I,000,2026-05-11 22:40:59,대구광역시 달성군 다사읍 달구벌대로 ***,정상,0000,01,0535860466,331994.266957273    ,263271.649551931    ,대구광역시 달성군 다사읍 죽곡리 **-* ,2018-07-06 13:16:53
3480000,348000001320200001,2020-03-31,,영업/정상,,,,,330,,42955,홍익메디케어 주식회사,I,L00,2026-05-11 22:41:00,"대구광역시 달성군 화원읍 화원로*길 *, *층",정상,0000,01,,335559.179281654    ,257163.326287088    ,대구광역시 달성군 화원읍 천내리 **-* ,2023-08-23 10:16:36
3480000,348000001320220004,2022-05-19,,폐업,2023-11-21,,,,862.5,,42925,(주)이마트에브리데이 대구서재점,I,L00,2026-05-11 22:41:00,대구광역시 달성군 다사읍 서재로 ***,폐업,0002,03,0537216424,335186.778585713    ,265044.867746833    ,대구광역시 달성군 다사읍 서재리 ***-* ,2023-11-22 09:40:10
3480000,348000001320230001,2023-08-31,,영업/정상,,,,,,,42920,견생냥품 무인24시 대구 죽곡점,I,000,2026-05-11 22:41:00,"대구광역시 달성군 다사읍 대실역남로*길 **, ***호",정상,0000,01,,332497.476208414    ,262303.989687289    ,대구광역시 달성군 다사읍 죽곡리 ***-* ***호,2023-08-31 09:14:04
3480000,348000001320220002,2022-05-17,,폐업,2023-11-14,,,,759,,42974,(주)이마트에브리데이 대구옥포점,I,L00,2026-05-11 22:41:00,"대구광역시 달성군 옥포읍 돌미상업로*길 **, *층",폐업,0002,03,0537216771,330172.717858702    ,254433.745591585    ,대구광역시 달성군 옥포읍 교항리 **** *층 ,2023-11-14 15:18:21
3480000,348000001320220003,2022-05-17,,폐업,2023-11-23,,,,970.2,,42918,(주)이마트에브리데이 대구죽곡점,I,L00,2026-05-11 22:41:00,대구광역시 달성군 다사읍 대실역남로 **,폐업,0002,03,0537190144,332211.021477461    ,262783.711757587    ,대구광역시 달성군 다사읍 죽곡리 ***-* ,2023-11-23 15:30:56
3480000,348000001320220001,2022-04-28,,영업/정상,,,,,,,42930,장보는 강아지와 고양이(세천점),I,000,2026-05-11 22:41:00,대구광역시 달성군 다사읍 세천로 ***,정상,0000,01,,333039.054273592    ,264704.139034119    ,대구광역시 달성군 다사읍 세천리 ****-* ,2022-04-28 09:10:56
3490000,349000001320220001,2022-08-01,,폐업,2024-01-17,,,,,,22359,냠냠독스,I,000,2026-05-11 22:32:35,"인천광역시 중구 전소로*번길 **-**, *호 (운남동)",폐업,0002,03,,158959.511652221    ,443835.809179497    ,인천광역시 중구 운남동 ***-* ,2024-01-17 10:41:30
3490000,349000001320220002,2022-08-30,,폐업,2023-11-23,,,,,,22376,(주)이마트에브리데이 인천영종점,I,L00,2026-05-11 22:32:35,"인천광역시 중구 흰바위로 ***, 디딤돌프라자 (운남동)",폐업,0002,03,,156266.45920116     ,441777.293728801    ,인천광역시 중구 운남동 ****-** 디딤돌프라자 ,2023-11-23 16:34:21
3491000,349100001320220001,2022-08-01,,폐업,2024-01-17,,,,,,22359,냠냠독스,I,000,2026-07-01 09:19:29,"인천광역시 영종구 전소로*번길 **-**, *호 (운남동)",폐업,0002,03,,158959.511652221    ,443835.809179497    ,인천광역시 영종구 운남동 ***-* ,2024-01-17 10:41:30
3491000,349100001320220002,2022-08-30,,폐업,2023-11-23,,,,,,22376,(주)이마트에브리데이 인천영종점,I,L00,2026-07-01 09:19:29,"인천광역시 영종구 흰바위로 ***, 디딤돌프라자 (운남동)",폐업,0002,03,,156266.45920116     ,441777.293728801    ,인천광역시 영종구 운남동 ****-** 디딤돌프라자 ,2023-11-23 16:34:21
3500000,350000001320160001,2016-02-16,,영업/정상,,,,,,,22526,메디트라(Meditra),I,000,2026-05-11 22:32:33,"인천광역시 동구 염전로 *, J동 ***호 (송현동)",정상,0000,01,,168692.227217218    ,442802.810875056    ,인천광역시 동구 송현동 *-*** J동 ***호,2016-02-16 10:26:15
3500000,350000001320160002,2016-06-23,,영업/정상,,,,,,,22530,(주)진스텍,I,000,2026-05-11 22:32:34,"인천광역시 동구 방축로**번길 **, 인천산업용품유통단지 **동 ***,***호 (송림동)",정상,0000,01,0322249307,169424.109924844    ,442692.722669138    ,인천광역시 동구 송림동 *** 인천산업용품유통단지 ,2019-11-07 16:13:57
3501000,350100001320160001,2016-02-16,,영업/정상,,,,,,,22526,메디트라(Meditra),I,000,2026-07-01 09:37:57,"인천광역시 제물포구 염전로 *, J동 ***호 (송현동)",정상,0000,01,,168692.227217218    ,442802.810875056    ,인천광역시 제물포구 송현동 *-*** J동 ***호,2016-02-16 10:26:15
3501000,350100001320160002,2016-06-23,,영업/정상,,,,,,,22530,(주)진스텍,I,000,2026-07-01 09:37:57,"인천광역시 제물포구 방축로**번길 **, 인천산업용품유통단지 **동 ***,***호 (송림동)",정상,0000,01,0322249307,169424.109924844    ,442692.722669138    ,인천광역시 제물포구 송림동 *** 인천산업용품유통단지 ,2019-11-07 16:13:57
3510500,351050001320210001,2021-02-23,,영업/정상,,,,,,,22118,써드킷몰,I,000,2026-05-07 22:32:30,"인천광역시 미추홀구 석정로 ***, LG전자프라자 (도화동)",정상,0000,01,,170740.340600915    ,440668.299211481    ,인천광역시 미추홀구 도화동 ***-* LG전자프라자 ,2021-02-23 13:06:38
3510500,351050001320220001,2022-05-18,,영업/정상,,,,,,,22201,홈플러스(주) 인하점,I,L00,2026-05-07 22:32:30,"인천광역시 미추홀구 소성로 *, 홈플러스 (학익동)",정상,0000,01,0327632080,169028.062637712    ,438450.444079289    ,인천광역시 미추홀구 학익동 ***-** 홈플러스 ,2025-01-15 13:18:05
3510500,351050001320220002,2022-05-18,,휴업,,2026-05-11,2026-07-03,,,,22160,홈플러스(주)인천숭의점,U,L00,2026-05-15 03:03:03,"인천광역시 미추홀구 석정로 **, 컨벤션,홈플러스 (숭의동)",휴업,0001,02,0327192020,,,"인천광역시 미추홀구 숭의동 ***-* 컨벤션,홈플러스 ",2026-05-14 16:10:58
3510500,351050001320220004,2022-05-26,,영업/정상,,,,,,,22175,다이아나,I,000,2026-05-07 22:32:30,"인천광역시 미추홀구 능해길 **, *동 ****호 (용현동, 동아아파트)",정상,0000,01,,168006.222543694    ,439638.78116151     ,인천광역시 미추홀구 용현동 ***-* 동아아파트 ,2022-07-26 09:52:40
3510500,351050001320240001,2024-05-10,,영업/정상,,,,,,,22192,아이스헌터용현15호점,I,000,2026-05-07 22:32:30,"인천광역시 미추홀구 매소홀로 **, 용현*단지금호타운 상가동 ***,***호 (용현동)",정상,0000,01,,167493.283392533    ,438534.535957701    ,인천광역시 미추홀구 용현동 *** 용현*단지금호타운 ,2024-05-10 10:44:59
3510500,351050001320220006,2022-11-25,,폐업,2024-05-22,,,,,,22213,비온 하이텍,I,000,2026-05-07 22:32:30,인천광역시 미추홀구 인주대로***번길 *(주안동),폐업,0002,03,,170986.895267692    ,438860.87724519     ,인천광역시 미추홀구 주안동 ****-** ,2024-05-22 11:28:48
3510500,351050001320250002,2025-09-12,,영업/정상,,,,,,,22147,스타컴퍼니,I,000,2026-05-07 22:32:31,인천광역시 미추홀구 구월남로 * (주안동),정상,0000,01,,172531.8385         ,439211.5605         ,인천광역시 미추홀구 주안동 ****-* ,2025-09-12 09:41:12
3510500,351050001320260001,2026-03-20,,영업/정상,,,,,,,22103,김가유통,I,000,2026-05-07 22:32:31,인천광역시 미추홀구 석정로***번길 ** (도화동),정상,0000,01,07086930123,169460.539931188    ,440604.271364832    ,인천광역시 미추홀구 도화동 **-*** ,2026-03-20 10:18:34
3510500,351050001320220003,2022-05-24,,폐업,2023-11-14,,,,,,22101,(주)이마트에브리데이 인천도화점,I,L00,2026-05-07 22:32:30,"인천광역시 미추홀구 숙골로**번길 **, B*층 **호 (도화동, 더샵 인천스카이타워 *단지)",폐업,0002,03,0327107699,170309.660233767    ,440927.748196756    ,인천광역시 미추홀구 도화동 **** 더샵 인천스카이타워 *단지 ,2023-11-15 11:58:45
3510500,351050001320210002,2021-09-06,,폐업,2025-12-03,,,,,,22147,펫클럽 승기사거리점,I,L00,2026-05-07 22:32:30,인천광역시 미추홀구 인주대로 ***(주안동),폐업,0002,03,07077070212,172610.589609626    ,438797.426823345    ,인천광역시 미추홀구 주안동 ****-** ,2025-12-04 09:09:40
3510500,351050001320220005,2022-08-09,,폐업,2024-05-21,,,,,,22110,주식회사 펫플,I,L00,2026-05-07 22:32:30,"인천광역시 미추홀구 염전로 ***, 신일아이에스단지 에이동 *층 (도화동)",폐업,0002,03,,169451.980952078    ,442005.729860964    ,인천광역시 미추홀구 도화동 *** ,2024-05-21 17:38:26
3510500,351050001320250001,2025-04-15,,영업/정상,,,,,,,22183,썬재메드,I,000,2026-05-07 22:32:30,"인천광역시 미추홀구 경인북길 **, *동 ***호 (용현동, 지산탑스빌)",정상,0000,01,,169170.825498175    ,438996.242397779    ,인천광역시 미추홀구 용현동 ***-* 지산탑스빌 *동 ***호,2025-04-15 09:21:58
3520000,352000001320260001,2026-04-28,,영업/정상,,,,,0,,21990,(주)진스텍,I,L00,2026-05-11 22:33:59,"인천광역시 연수구 송도미래로 **, 송도 BRC 스마트밸리 지식산업센터 E동 ****호 (송도동)",정상,0000,01,0322249306,168781.930908815    ,429455.977053908    ,인천광역시 연수구 송도동 *** 송도 BRC 스마트밸리 지식산업센터 E동 ****호,2026-04-29 12:21:34
3520000,352000001320220005,2022-05-19,,폐업,2023-12-05,,,,,,22020,(주)이마트에브리데이 인천송도점,I,L00,2026-05-11 22:33:58,"인천광역시 연수구 센트럴로 ***, 힐스테이트 송도 더테라스 *층 ***호 (송도동)",폐업,0002,03,0327105540,166870.887070091    ,434329.255701773    ,인천광역시 연수구 송도동 *** 힐스테이트 송도 더테라스 *층 ***호,2023-12-06 09:22:36
3520000,352000001320200001,2020-08-07,,영업/정상,,,,,0,,21999,(주) 이라디아,I,000,2026-05-11 22:33:58,"인천광역시 연수구 갯벌로 **, 갯벌타워 ****호 (송도동)",정상,0000,01,0322601000,169347.622511638    ,431201.100992673    ,인천광역시 연수구 송도동 *-** 갯벌타워 ****호,2020-08-07 10:47:20
3520000,352000001320210001,2021-06-01,,영업/정상,,,,,69,,21948,(주)성창사이언스,I,L00,2026-05-11 22:33:58,"인천광역시 연수구 한진로 **, ***동 ***호 (옥련동, 현대*차아파트)",정상,0000,01,0327770114,168847.618119769    ,436142.356969895    ,인천광역시 연수구 옥련동 ***-* 현대*차아파트 ***동 ***호,2023-07-18 13:39:09
3520000,352000001320220001,2022-05-18,,영업/정상,,,,,,,21984,인천송도점홈플러스,U,L00,2026-05-16 03:03:03,"인천광역시 연수구 송도국제대로 ***, 홈플러스 복합쇼핑몰(송도점) (송도동)",정상,0000,01,0322208000,169499.618663809    ,430950.250482797    ,인천광역시 연수구 송도동 ***-* 홈플러스 복합쇼핑몰(송도점) ,2026-05-15 15:51:22
3520000,352000001320220002,2022-05-18,,휴업,,2026-05-14,2026-07-03,,,,21975,홈플러스 인천 연수점,U,L00,2026-05-16 03:03:03,"인천광역시 연수구 청능대로 ***, 스퀘어원 지하*층 (동춘동)",휴업,0001,02,0324308123,171926.076708191    ,433811.136423145    ,인천광역시 연수구 동춘동 *** 스퀘어원 지하*층 ,2026-05-15 09:21:05
3520000,352000001320220007,2022-09-23,,영업/정상,,,,,,,21975,(주)이마트 연수점,I,L00,2026-05-11 22:33:58,"인천광역시 연수구 경원대로 ***, 이마트 (동춘동)",정상,0000,01,0328201290,171698.988312684    ,433623.667155133    ,인천광역시 연수구 동춘동 ***-* 이마트 ,2024-04-15 13:07:17
3520000,352000001320220008,2022-12-29,,영업/정상,,,,,,,21990,인터젠,I,000,2026-05-11 22:33:58,"인천광역시 연수구 송도미래로 **, 송도 BRC 스마트밸리 지식산업센터 E동 ***-*호 (송도동)",정상,0000,01,,168781.930908815    ,429455.977053908    ,인천광역시 연수구 송도동 *** 송도 BRC 스마트밸리 지식산업센터 E동 ***-*호,2022-12-29 13:57:29
3520000,352000001320230001,2023-06-28,,영업/정상,,,,,,,22006,주식회사 카디오메디컬,I,L00,2026-05-11 22:33:58,"인천광역시 연수구 센트럴로 ***, C동 ****호 (송도동)",정상,0000,01,,167306.809226746    ,433346.288587482    ,인천광역시 연수구 송도동 **-* C동 ****호,2025-01-14 12:58:15
3520000,352000001320240001,2024-06-18,,영업/정상,,,,,,,22006,주식회사 다인피아이디,I,L00,2026-05-11 22:33:58,"인천광역시 연수구 센트럴로 ***, 송도씨워크인테라스한라 씨동 ****호 (송도동)",정상,0000,01,07080805140,167306.809226746    ,433346.288587482    ,인천광역시 연수구 송도동 **-* 송도씨워크인테라스한라 ,2024-06-18 09:23:42
3520000,352000001320240002,2024-06-27,,영업/정상,,,,,,,21972,파트너,I,000,2026-05-11 22:33:58,"인천광역시 연수구 앵고개로 ***, 연수메디칼빌딩 ***호 (동춘동)",정상,0000,01,,170840.910015966    ,434066.85033732     ,인천광역시 연수구 동춘동 ***-* 연수메디칼빌딩 ,2024-06-27 17:26:26
3520000,352000001320220006,2022-05-23,,폐업,2022-12-23,,,,3433.48,,21916,(주)이마트에브리데이 연수점,I,L00,2026-05-11 22:33:58,"인천광역시 연수구 용담로 **, 시대아파트 지하*층 (청학동)",폐업,0002,03,0328105000,170681.89889168     ,435649.139531741    ,인천광역시 연수구 청학동 *** 시대아파트 지하*층 ,2022-12-23 16:46:05
3520000,352000001320220003,2022-05-19,,폐업,2023-12-05,,,,,,21986,(주)이마트에브리데이 송도호반점,I,L00,2026-05-11 22:33:58,"인천광역시 연수구 송도문화로**번길 **, *동 ***-***, ***호 (송도동, 베르디움 더퍼스트)",폐업,0002,03,0327154665,169422.743171571    ,429839.914714576    ,"인천광역시 연수구 송도동 ***-* 베르디움 더퍼스트 *동 ***-***, ***호 ",2023-12-05 15:32:12
3520000,352000001320220004,2022-05-19,,폐업,2023-11-30,,,,,,22011,(주)이마트에브리데이 인천대입구역점,I,L00,2026-05-11 22:33:58,"인천광역시 연수구 벤처로 **, B동 ***-***호 (송도동)",폐업,0002,03,0327134606,167769.693076356    ,431221.03438664     ,인천광역시 연수구 송도동 **-** B동 ***-***호 ,2023-11-30 17:47:59
3520000,352000001320190001,2019-06-20,,영업/정상,,,,,,,21999,에이비아이 주식회사,I,000,2026-05-11 22:33:58,"인천광역시 연수구 갯벌로 ***, 에이티아이연구소 (송도동)",정상,0000,01,0328315007,168741.977669164    ,431696.018328006    ,인천광역시 연수구 송도동 *-* 에이티아이연구소 ,2019-06-20 18:04:43
3530000,353000001320200001,2020-02-13,,영업/정상,,,,,,,21551,(주)에이플러스,I,L00,2026-05-08 22:34:16,"인천광역시 남동구 예술로***번길 *, 상가 ***호 (간석동, 덕산아파트)",정상,0000,01,0324273579,173614.523800307    ,439532.430618736    ,인천광역시 남동구 간석동 *** 덕산아파트 상가 ***호,2020-02-13 09:11:21
3530000,353000001320220002,2022-05-18,,폐업,2023-12-07,,,,,,21679,(주)이마트에브리데이 인천논현점,I,L00,2026-05-08 22:34:16,"인천광역시 남동구 앵고개로***번길 **, 미르프라자 *층 (논현동)",폐업,0002,03,0327103317,175601.963557102    ,432975.191629733    ,인천광역시 남동구 논현동 ***-* 미르프라자 *층 ,2023-12-07 16:38:17
3530000,353000001320220003,2022-08-22,,영업/정상,,,,,,,21677,주식회사 패나,I,000,2026-05-08 22:34:16,인천광역시 남동구 앵고개로***번길 ***(고잔동),정상,0000,01,,174794.821912512    ,432502.540580743    ,인천광역시 남동구 고잔동 ***-* ,2022-08-22 17:06:01
3530000,353000001320230001,2023-02-02,,영업/정상,,,,,,,21673,와이엠바이오,I,000,2026-05-08 22:34:16,"인천광역시 남동구 앵고개로 ***, DA프라자 *층 B-***호 (논현동)",정상,0000,01,,176373.246167274    ,433332.066819728    ,인천광역시 남동구 논현동 ***-* DA프라자 *층 B-***호,2023-02-02 13:15:06
3530000,353000001320230002,2023-04-04,,영업/정상,,,,,,,21550,주식회사 온힐펫 간석점,I,L00,2026-05-08 22:34:16,"인천광역시 남동구 남동대로 ***, *층 (간석동)",정상,0000,01,,174091.546774266    ,440124.612343183    ,인천광역시 남동구 간석동 ***-* *층 ,2023-04-04 09:48:35
3530000,353000001320230003,2023-04-04,,영업/정상,,,,,,,21617,주식회사 온힐펫 서창점,I,L00,2026-05-08 22:34:16,"인천광역시 남동구 서창방산로 **, 서창비젼프라자 ***,***,***,***호 (서창동)",정상,0000,01,,177863.591228474    ,435622.561615145    ,"인천광역시 남동구 서창동 ***-* 서창비젼프라자 ***,***,***,***호 ",2023-04-04 09:58:28
3530000,353000001320230004,2023-07-05,,영업/정상,,,,,,,21504,엘바이오,I,000,2026-05-08 22:34:16,"인천광역시 남동구 백범로 ***, ***호 (간석동)",정상,0000,01,,173528.038475321    ,440664.964460516    ,인천광역시 남동구 간석동 ***-** ***호,2023-07-05 16:17:54
3530000,353000001320240001,2024-02-27,,영업/정상,,,,,,,21686,대한이화학,I,000,2026-05-08 22:34:16,"인천광역시 남동구 논현고잔로***번길 **-**, *층 (고잔동)",정상,0000,01,0325828550,174173.410710973    ,432607.874691676    ,인천광역시 남동구 고잔동 ***-** *층 ,2024-02-27 09:29:21
3530000,353000001320240002,2024-09-06,,영업/정상,,,,,,,21653,골드투어스,I,000,2026-05-08 22:34:16,"인천광역시 남동구 청능대로 ***, 광성프라자 ***-***호 (논현동)",정상,0000,01,,175457.249689901    ,433279.105185572    ,인천광역시 남동구 논현동 ***-* 광성프라자 ***-***호 ,2025-12-29 10:32:56
3530000,353000001320260001,2026-01-08,,영업/정상,,,,,,,21544,와이에스드림,I,000,2026-05-08 22:34:16,"인천광역시 남동구 용천로***번길 **, 태광빌딩 ***호 (간석동)",정상,0000,01,,174542.094685721    ,440218.745835512    ,인천광역시 남동구 간석동 ***-** 태광빌딩 ,2026-01-08 12:17:55
3530000,353000001320260002,2026-01-28,,영업/정상,,,,,,,21670,아큐벳,I,000,2026-05-08 22:34:16,"인천광역시 남동구 청능대로***번길 *, ***동 ***호 (논현동, 소래마을풍림아파트)",정상,0000,01,,176779.378271033    ,433746.546098375    ,인천광역시 남동구 논현동 *** 소래마을풍림아파트 ,2026-01-28 17:23:15
3530000,353000001320260003,2026-02-07,,영업/정상,,,,,,,21695,주식회사 블루엘,I,L00,2026-05-08 22:34:16,인천광역시 남동구 남동서로 *** (고잔동),정상,0000,01,,172190.580063065    ,433258.662955016    ,인천광역시 남동구 고잔동 ***-* ,2026-02-07 11:30:26
3530000,353000001320260004,2026-03-13,,영업/정상,,,,,,,21633,인터네셔널메드파마홀딩스 주식회사,I,L00,2026-05-08 22:34:16,"인천광역시 남동구 은청로 **, (주)남동상공센타 ***동 B**호 (고잔동)",정상,0000,01,,172904.26594345     ,433874.827139882    ,인천광역시 남동구 고잔동 ***-* (주)남동상공센타 ,2026-03-13 10:38:46
3530000,353000001320190001,2019-11-25,,폐업,2020-03-19,,,,,,21524,투캣포독,I,000,2026-05-08 22:34:16,인천광역시 남동구 만수로**번길 *-* (만수동),폐업,0002,03,07043885361,176237.545420623    ,439820.279175784    ,인천광역시 남동구 만수동 **-** ,2020-03-18 16:06:22
3530000,353000001320220001,2022-05-18,,폐업,2023-12-01,,,,,,21607,(주)이마트에브리데이 서창동점,I,L00,2026-05-08 22:34:16,"인천광역시 남동구 독곡로 **, *층 (서창동)",폐업,0002,03,,177762.843176744    ,436953.816165026    ,인천광역시 남동구 서창동 ***-* ,2023-12-01 15:09:31
3530000,353000001320210001,2021-06-04,,영업/정상,,,,,,,21623,다산과학,I,000,2026-05-08 22:34:16,"인천광역시 남동구 남촌로***번길 **, ***호 (남촌동)",정상,0000,01,,174653.690995001    ,436800.74421389     ,인천광역시 남동구 남촌동 ***-** ,2021-06-04 17:39:02
3540000,354000001320050001,2005-11-01,,영업/정상,,,,,276,,21457,(주)제이에스메디텍,I,L00,2026-05-06 22:32:32,"인천광역시 부평구 일신로 **, *층 (일신동)",정상,0000,01,0325061937,177575.764854311    ,441924.974286508    ,인천광역시 부평구 일신동 **-** ,2015-08-31 16:43:17
3540000,354000001320180001,2018-06-28,,영업/정상,,,,,,,21355,제이엠무역,I,000,2026-05-06 22:32:32,"인천광역시 부평구 길주남로**번길 **, *층 (부평동)",정상,0000,01,07040361225,176042.493745752    ,444783.394281366    ,인천광역시 부평구 부평동 **-*** ,2018-06-28 12:31:14
3540000,354000001320190001,2019-10-08,,취소/말소/만료/정지/중지,,,,,,,21415,신규신청,I,000,2026-05-06 22:32:32,"인천광역시 부평구 수변로*번길 **, ***호 (부개동, 리노빌아파트)",말소,0004,04,,176835.025701018    ,442880.289820499    ,인천광역시 부평구 부개동 ***-* 리노빌아파트 ,2019-10-18 13:09:38
3540000,354000001320210001,2021-01-29,,영업/정상,,,,,,,21403,마켓제이앤제이,I,000,2026-05-06 22:32:32,"인천광역시 부평구 동수천로 **-*, 메트로시티 ***동 ***호 (부평동)",정상,0000,01,05056633663,176169.754865378    ,443067.225534949    ,인천광역시 부평구 부평동 ***-* 메트로시티 ***동 ***호,2021-01-29 09:56:01
3540000,354000001320050002,2005-11-15,,폐업,2010-06-09,,,,0,,21425,녹십자의료기,I,000,2026-05-06 22:32:32,"인천광역시 부평구 동수로 **-* (부평동, 남부빌딩)",폐업,0002,03,0325157177,175611.907297718    ,442626.266511078    ,인천광역시 부평구 부평동 ***-** ,2015-08-02 14:20:30
3540000,354000001320240001,2024-04-26,,영업/정상,,,,,,,21313,이루다 솔루션,I,000,2026-05-06 22:32:32,"인천광역시 부평구 마장로***번길 *, A동 ***호 (청천동, 청천아트빌)",정상,0000,01,,173793.793957568    ,445562.12441368     ,인천광역시 부평구 청천동 ***-** 청천아트빌 A동 ***호,2024-04-26 09:53:01
3540000,354000001320240002,2024-07-09,,영업/정상,,,,,,,21438,포플(4pple),I,000,2026-05-06 22:32:33,"인천광역시 부평구 동암남로*번길 **, ***호 (십정동)",정상,0000,01,,173823.705903226    ,441129.238991084    ,인천광역시 부평구 십정동 ***-* ,2024-07-09 17:46:45
3540000,354000001320240003,2024-09-13,,영업/정상,,,,,,,21379,주식회사 유니스 폴리파크 부평지점,I,000,2026-05-06 22:32:33,인천광역시 부평구 부평대로 ** (부평동),정상,0000,01,0327165779,175318.2805889      ,444248.26633941     ,인천광역시 부평구 부평동 ***-* ,2024-09-13 11:19:38
3540000,354000001320260001,2026-03-20,,영업/정상,,,,,,,21315,주식회사 에스아이코리아,I,000,2026-05-06 22:32:33,"인천광역시 부평구 부평대로 ***, 부평 제이타워*차 지식산업센터 *층 *-**,*-**호 (청천동)",정상,0000,01,07088347765,175285.39719887     ,446652.103596373    ,"인천광역시 부평구 청천동 ***-* 부평 제이타워*차 지식산업센터 *층 *-**,호",2026-03-20 14:48:29
3540000,354000001320230001,2023-08-25,,영업/정상,,,,,,,21329,견생냥품 무인24시 부평갈산점,I,000,2026-05-06 22:32:32,"인천광역시 부평구 주부토로***번길 **, 상가동 *층 ***호 (갈산동, 부평지웰에스테이트)",정상,0000,01,,175692.267024162    ,446088.959564706    ,인천광역시 부평구 갈산동 *** 부평지웰에스테이트 상가동 *층 ***호,2023-08-25 09:02:42
3550000,355000001320260001,2026-06-05,,영업/정상,,,,,,,21090,행복한보일러,I,000,2026-06-06 22:32:20,"인천광역시 계양구 봉오대로***번길 **, B동 *층 ***호 (작전동)",정상,0000,01,,175723.863149869    ,447962.928272083    ,인천광역시 계양구 작전동 ***-* ,2026-06-05 15:25:27
3550000,355000001320030001,2003-11-19,,영업/정상,,,,,0,,,건화펫트팜,I,000,2026-05-03 22:32:32,인천광역시 계양구 용종로**번길 * (용종동),정상,0000,01,,177230.729825801    ,448929.404005134    ,인천광역시 계양구 계산동 ***-* ,2026-02-25 15:51:07
3550000,355000001320170001,2017-04-26,,영업/정상,,,,,39,,21124,유진엠코,I,000,2026-05-03 22:32:32,"인천광역시 계양구 효서로 *** (작전동, 지하*층)",정상,0000,01,,176484.105104726    ,447353.152659287    ,인천광역시 계양구 작전동 *** 지하*층 ***호,2017-04-26 16:52:57
3550000,355000001320180001,2018-11-21,,영업/정상,,,,,51.23,,21049,인천동물약국,I,000,2026-05-03 22:32:32,인천광역시 계양구 계양대로 *** (계산동),정상,0000,01,07040458275,175454.280719155    ,448938.461103971    ,인천광역시 계양구 계산동 ***-** ,2018-11-21 11:12:33
3550000,355000001320190001,2019-01-08,,영업/정상,,,,,34.87,,21040,댕댕이샵,I,000,2026-05-03 22:32:32,"인천광역시 계양구 하느재로**번길 *, *층 (계산동)",정상,0000,01,0325437141,175694.687649847    ,449276.237550569    ,인천광역시 계양구 계산동 ***-* ,2019-01-08 10:43:44
3550000,355000001320220001,2022-05-17,,영업/정상,,,,,,,21111,홈플러스(주)작전점,I,L00,2026-05-03 22:32:32,"인천광역시 계양구 계양대로 **, HOME PLUS 작전점 (작전동)",정상,0000,01,0325408000,175291.982296046    ,447141.041163927    ,인천광역시 계양구 작전동 ***-* HOME PLUS 작전점 ,2024-02-23 16:44:16
3550000,355000001320220004,2022-05-19,,폐업,2023-12-06,,,,,,21127,(주)이마트에브리데이 작전점,I,L00,2026-05-03 22:32:32,인천광역시 계양구 효서로 ***-*(작전동),폐업,0002,03,0325442100,176503.549136687    ,447291.218565441    ,인천광역시 계양구 작전동 ***-* ,2023-12-07 16:35:39
3550000,355000001320230001,2023-04-17,,영업/정상,,,,,,,21115,주식회사 온힐펫,I,L00,2026-05-03 22:32:32,"인천광역시 계양구 계양대로 **, ***호 (작전동)",정상,0000,01,0325641100,175500.322067332    ,447422.822416933    ,인천광역시 계양구 작전동 ***-** ***호,2023-04-17 17:49:01
3550000,355000001320240001,2024-06-21,,영업/정상,,,,,,,21065,와이피무역주식회사,I,L00,2026-05-03 22:32:32,"인천광역시 계양구 오조산로**번길 *, 에메랄드빌딩 *층 ***호 (용종동)",정상,0000,01,0325540734,176791.769781114    ,448567.985184262    ,인천광역시 계양구 용종동 ***-* 에메랄드빌딩 ,2024-06-21 17:03:27
3550000,355000001320250001,2025-06-30,,영업/정상,,,,,,,21060,포빌리언,I,000,2026-05-03 22:32:32,"인천광역시 계양구 계산새로 **, 하이베라스 D동 **층 ****호 (계산동)",정상,0000,01,,176607.326609066    ,448516.12033842     ,인천광역시 계양구 계산동 **** 하이베라스 D동 ****호,2025-06-30 14:08:11
3550000,355000001320210001,2021-09-09,,폐업,2025-12-08,,,,,,21042,펫클럽 계양점,I,L00,2026-05-03 22:32:32,인천광역시 계양구 경명대로***번길 *(계산동),폐업,0002,03,07046752221,174670.679135281    ,449192.093596456    ,인천광역시 계양구 계산동 ***-** ,2025-12-08 17:01:16
3550000,355000001320210002,2021-10-21,,폐업,2022-11-11,,,,,,21049,케이씨엠 컴퍼니,I,000,2026-05-03 22:32:32,"인천광역시 계양구 경명대로 ****, *층 *호 (계산동)",폐업,0002,03,,175580.130764869    ,449023.210582272    ,인천광역시 계양구 계산동 ***-** *호,2022-11-11 13:29:59
3550000,355000001320220003,2022-05-18,,폐업,2023-12-06,,,,,,21012,(주)이마트에브리데이 동양점,I,L00,2026-05-03 22:32:32,"인천광역시 계양구 당미길 **, 이마트에브리데이 (동양동)",폐업,0002,03,0325558989,178521.354851485    ,451014.233068564    ,인천광역시 계양구 동양동 ***-* 이마트에브리데이 ,2023-12-07 16:37:10
3550000,355000001320220002,2022-05-18,,휴업,,2026-02-01,2027-01-31,,,,21060,홈플러스(주)계산점,I,L00,2026-05-03 22:32:32,"인천광역시 계양구 오조산공원로 **, 홈플러스계산점 (계산동)",휴업,0001,02,0325512080,176616.682613356    ,448616.432509265    ,인천광역시 계양구 계산동 **** 홈플러스계산점 ,2026-01-20 17:35:20
3560000,356000001320180004,2018-10-23,,영업/정상,,,,,,,22847,아리랑몰,I,000,2026-05-08 22:32:30,인천광역시 서구 보도진로**번길 ** (가좌동),정상,0000,01,0328582580,169297.984388029    ,443543.624247735    ,인천광역시 서구 가좌동 ***-*** ,2018-10-23 10:13:53
3560000,356000001320200001,2020-04-10,,영업/정상,,,,,,,22643,호텔펫코리아,I,000,2026-05-08 22:32:30,"인천광역시 서구 원당대로 ***, 신성빌딩 ***동 (마전동)",정상,0000,01,0325644984,171403.959664923    ,454684.959146656    ,인천광역시 서구 마전동 ****-* 신성빌딩 ,2020-04-10 17:38:32
3560000,356000001320210001,2021-01-25,,취소/말소/만료/정지/중지,,,,,,,22608,홈인쇼핑,I,000,2026-05-08 22:32:30,"인천광역시 서구 가현로 *, ***동 ****호 (마전동, 마전*차 풍림아이원아파트)",말소,0004,04,,169640.936966001    ,456946.793794488    ,인천광역시 서구 마전동 ** 마전*차 풍림아이원아파트 ,2021-01-26 10:15:40
3560000,356000001320210002,2021-04-29,,영업/정상,,,,,,,22734,꿀미,I,000,2026-05-08 22:32:30,"인천광역시 서구 청라라임로 ***, ***동 ***호 (청라동, 중흥에스클래스)",정상,0000,01,,169156.800932693    ,448596.42599485     ,인천광역시 서구 청라동 ***-* 중흥에스클래스 ,2021-04-29 18:11:10
3560000,356000001320210003,2021-06-10,,영업/정상,,,,,,,22647,주식회사 호텔펫코리아,I,L00,2026-05-08 22:32:30,"인천광역시 서구 원당대로 ***, 대산프라자 ***호 (원당동)",정상,0000,01,,173236.898635277    ,454662.428022687    ,인천광역시 서구 원당동 ***-** 대산프라자 ***호,2021-06-10 16:46:37
3560000,356000001320210004,2021-08-11,,영업/정상,,,,,,,22766,Story pet,I,000,2026-05-08 22:32:30,"인천광역시 서구 보석로**번안길 **, *층 (청라동)",정상,0000,01,,166733.37051453     ,446509.186273429    ,인천광역시 서구 청라동 ***-** *층 ,2021-08-11 09:49:26
3560000,356000001320210006,2021-12-16,,영업/정상,,,,,184,,22612,마리펫,I,000,2026-05-08 22:32:30,"인천광역시 서구 완정로***번길 **, *동 (마전동)",정상,0000,01,0325647741,169525.228390541    ,455883.829715767    ,인천광역시 서구 마전동 ***-** *동 ,2021-12-16 10:46:17
3560000,356000001320220001,2022-05-16,,영업/정상,,,,,,,22762,홈플러스 인천청라점,I,L00,2026-05-08 22:32:30,"인천광역시 서구 중봉대로 ***, 홈플러스 인천청라점 (청라동)",정상,0000,01,0327238921,168873.669817217    ,447844.121764937    ,서울특별시 강남구 역삼동 ***-** 홈플러스 인천청라점 ,2024-02-23 15:35:01
3560000,356000001320220002,2022-05-17,,휴업,,2026-05-20,2027-05-19,,,,22832,홈플러스 가좌점,U,L00,2026-05-21 03:03:03,"인천광역시 서구 가정로***번길 **, 홈플러스 가좌점 (가좌동)",휴업,0001,02,,170813.26483128     ,443985.945396357    ,서울특별시 강남구 역삼동 *** 홈플러스 가좌점 ,2026-05-20 13:16:10
3560000,356000001320230001,2023-04-19,,영업/정상,,,,,594.04,,22675,주식회사 온힐펫 당하점,I,L00,2026-05-08 22:32:30,인천광역시 서구 서곶로 *** (당하동),정상,0000,01,0325641100,171047.727899145    ,454290.19135688     ,인천광역시 서구 당하동 ****-** ,2023-04-19 11:10:46
3560000,356000001320230002,2023-04-19,,영업/정상,,,,,500.82,,22790,주식회사 온힐펫 석남점,I,L00,2026-05-08 22:32:30,"인천광역시 서구 가정로 ***, *층 (석남동)",정상,0000,01,0325825955,170986.031761326    ,445182.554037164    ,인천광역시 서구 석남동 ***-** ,2023-04-19 11:44:39
3560000,356000001320230004,2023-12-26,,영업/정상,,,,,,,22635,프라우스,I,000,2026-05-08 22:32:30,"인천광역시 서구 완정로 ***, 프라임타워 제****호(내 ****)호 (마전동)",정상,0000,01,,169915.001021534    ,455495.508050559    ,인천광역시 서구 마전동 ***-* 프라임타워 ,2023-12-26 14:55:00
3560000,356000001320240001,2024-02-29,,영업/정상,,,,,,,22620,나나봉봉,I,000,2026-05-08 22:32:30,"인천광역시 서구 검단로***번안길 *-*, ***호 (불로동)",정상,0000,01,,171990.358487575    ,456851.14163144     ,인천광역시 서구 불로동 ***-* ,2024-02-29 09:20:18
3560000,356000001320240002,2024-06-05,,영업/정상,,,,,,,22663,주식회사 동행비드,I,L00,2026-05-08 22:32:30,"인천광역시 서구 원당대로***번길 **-*, *층 (오류동)",정상,0000,01,,166670.17457766     ,454661.748290663    ,인천광역시 서구 오류동 ***-*** ,2026-01-09 16:52:45
3560000,356000001320240003,2024-06-18,,영업/정상,,,,,,,22787,세종와이에이치,I,000,2026-05-08 22:32:31,"인천광역시 서구 율도로**번길 **-**, *층 (석남동)",정상,0000,01,,170303.589870953    ,445638.038456102    ,인천광역시 서구 석남동 ***-** ,2024-06-18 13:46:19
3560000,356000001320240004,2024-06-18,,영업/정상,,,,,,,22616,비오비,I,000,2026-05-08 22:32:31,"인천광역시 서구 완정로 ***, 제이원검단메디컬프라자 ***-***호 (왕길동)",정상,0000,01,,169589.976023258    ,455611.117427815    ,인천광역시 서구 왕길동 ***-* 제이원검단메디컬프라자 ,2024-06-18 13:48:47
3560000,356000001320240005,2024-06-21,,영업/정상,,,,,,,22618,다온,I,000,2026-05-08 22:32:31,"인천광역시 서구 완정로***번길 **, *동 ***호 (마전동, 목화아파트)",정상,0000,01,,169763.489166228    ,455859.546178791    ,인천광역시 서구 마전동 *** 목화아파트 ,2024-06-21 09:04:39
3560000,356000001320240006,2024-09-24,,영업/정상,,,,,,,22616,주식회사 아베마리아,I,L00,2026-05-08 22:32:31,"인천광역시 서구 완정로 ***, 제이원검단메디컬프라자 *층 ***-***호 (왕길동)",정상,0000,01,07077701617,169589.976023258    ,455611.117427815    ,인천광역시 서구 왕길동 ***-* 제이원검단메디컬프라자 ,2024-09-24 11:28:51
3560000,356000001320240007,2024-11-13,,영업/정상,,,,,,,22647,더바이커머스,I,000,2026-05-08 22:32:31,"인천광역시 서구 원당대로 ***, 대산프라자 ***호 (원당동)",정상,0000,01,,173236.898635277    ,454662.428022687    ,인천광역시 서구 원당동 ***-** 대산프라자 ,2024-11-13 09:33:35
3560000,356000001320250001,2025-06-23,,영업/정상,,,,,,,22647,주식회사 쓰리에이치코리아,I,L00,2026-05-08 22:32:31,"인천광역시 서구 원당대로 ***, 대산프라자 ***-*호 (원당동)",정상,0000,01,,173236.898635277    ,454662.428022687    ,인천광역시 서구 원당동 ***-** 대산프라자 ,2025-06-23 14:34:23
3560000,356000001320260001,2026-01-08,,영업/정상,,,,,,,22616,올메디케어,I,000,2026-05-08 22:32:31,"인천광역시 서구 완정로 ***, 제이원검단메디컬프라자 ***동 **호 (왕길동)",정상,0000,01,,169589.976023258    ,455611.117427815    ,인천광역시 서구 왕길동 ***-* 제이원검단메디컬프라자 ***동 **호,2026-01-23 15:17:40
3560000,356000001320220003,2022-05-17,,폐업,2023-11-27,,,,,,22765,이마트에브리데이 경서점,I,L00,2026-05-08 22:32:30,"인천광역시 서구 푸른로*번안길 *, 이마트 에브리데이 경서점 (청라동)",폐업,0002,03,,167246.99923726     ,447055.432449995    ,인천광역시 서구 청라동 ***-** 이마트 에브리데이 경서점 ,2023-11-27 16:49:28
3560000,356000001320220004,2022-05-17,,폐업,2022-07-15,,,,,,22643,이마트에브리데이 마전점,I,L00,2026-05-08 22:32:30,인천광역시 서구 서곶로 ***(마전동),폐업,0002,03,,171259.344862786    ,454894.045622319    ,인천광역시 서구 마전동 ****-* ,2022-07-18 09:20:58
3560000,356000001320220005,2022-05-17,,폐업,2022-10-14,,,,,,22696,이마트에브리데이 검암점,I,L00,2026-05-08 22:32:30,인천광역시 서구 승학로 ***(검암동),폐업,0002,03,,171276.021953394    ,451475.646441613    ,인천광역시 서구 검암동 ***-* ,2022-10-14 16:30:34
3560000,356000001320220006,2022-05-25,,폐업,2023-11-17,,,,,,22775,이마트에브리데이 SK리더스뷰점,I,L00,2026-05-08 22:32:30,"인천광역시 서구 가정로 ***, ***동 지*층 B***~B***호 (가정동, 루원시티 SK Leaders' VIEW)",폐업,0002,03,,,,인천광역시 서구 가정동 * 루원시티 SK Leaders' VIEW ***동 B***~호,2023-11-20 10:15:30
3560000,356000001320220007,2022-07-21,,폐업,2024-06-07,,,,,,22636,이앤이,I,000,2026-05-08 22:32:30,"인천광역시 서구 완정로***번안길 *, 검단e편한 프라자 ***호 (왕길동)",폐업,0002,03,0323240720,169723.085991782    ,455476.540334929    ,인천광역시 서구 왕길동 ***-* 검단e편한 프라자 ,2024-06-07 11:10:34
3560000,356000001320220008,2022-11-04,,폐업,2023-03-23,,,,,,22790,주식회사 노터스 석남지점,I,L00,2026-05-08 22:32:30,"인천광역시 서구 가정로 ***, *층 (석남동)",폐업,0002,03,0325825955,170986.031761326    ,445182.554037164    ,인천광역시 서구 석남동 ***-** ,2023-03-23 10:28:35
3560000,356000001320230003,2023-10-17,,폐업,2024-03-04,,,,,,22860,연무역,I,000,2026-05-08 22:32:30,"인천광역시 서구 서로*로 ***, ****동 ****호 (원당동, 검단신도시 디에트르 더 힐)",폐업,0002,03,,,,인천광역시 서구 원당동 ***-* 검단신도시 디에트르 더 힐 ,2024-03-05 11:48:17
3560000,356000001320130001,2013-02-28,,영업/정상,,,,,,,22621,주식회사 더 키코,I,L00,2026-05-08 22:32:30,인천광역시 서구 검단로 *** (불로동),정상,0000,01,,,,,2013-02-28 09:17:57
3560000,356000001320160001,2016-05-25,,영업/정상,,,,,,,22786,(주)엠제이엘티디,I,L00,2026-05-08 22:32:30,인천광역시 서구 염곡로 *** (석남동),정상,0000,01,0220260077,170606.422727899    ,445571.480681188    ,인천광역시 서구 석남동 *** ,2016-05-25 13:48:30
3560000,356000001320180001,2018-07-04,,영업/정상,,,,,102.4,,22736,제노텍,I,000,2026-05-08 22:32:30,"인천광역시 서구 중봉대로***번길 **-**, 청라프라자 ***호 (청라동)",정상,0000,01,,169173.79           ,447961.405          ,인천광역시 서구 청라동 ***-* 청라프라자 ,2018-07-04 10:41:02
3560000,356000001320180002,2018-09-05,,영업/정상,,,,,,,22812,냥과함개,I,000,2026-05-08 22:32:30,"인천광역시 서구 여우재로**번길 **-**, ***호 (가좌동)",정상,0000,01,07077583276,172446.81379084     ,442882.505668234    ,인천광역시 서구 가좌동 ***-** ,2018-09-05 09:38:01
3560000,356000001320180003,2018-09-21,,영업/정상,,,,,,,22636,하베,I,000,2026-05-08 22:32:30,"인천광역시 서구 완정로***번길 *-* (왕길동, 블리스타운)",정상,0000,01,,170043.58325636     ,455246.081276161    ,인천광역시 서구 왕길동 ***-* 블리스타운 ,2018-09-21 09:14:40
3560000,356000001320140001,2014-06-03,,폐업,2019-02-18,,,,,,22664,영신메디칼,I,000,2026-05-08 22:32:30,"인천광역시 서구 보듬로 *** (오류동, 블루텍)",폐업,0002,03,,165916.984438499    ,454908.677529318    ,인천광역시 서구 오류동 ****-* ,2019-02-19 10:43:27
3560000,356000001320190001,2019-03-05,,폐업,2020-04-10,,,,,,22643,미주메디칼,I,000,2026-05-08 22:32:30,"인천광역시 서구 원당대로 ***, ***호 (마전동)",폐업,0002,03,,171403.959664923    ,454684.959146656    ,인천광역시 서구 마전동 ****-* ,2020-04-10 17:12:30
3560000,356000001320190002,2019-10-10,,폐업,2020-12-21,,,,,,22674,씨스토어,I,000,2026-05-08 22:32:30,"인천광역시 서구 원당대로***번안길 *-**, ***호 (당하동)",폐업,0002,03,0325624944,170449.876734791    ,454213.117637255    ,인천광역시 서구 당하동 ***-** ,2020-12-21 10:36:38
3560000,356000001320200002,2020-11-05,,폐업,2024-02-19,,,,,,22736,제노텍코리아,I,000,2026-05-08 22:32:30,"인천광역시 서구 중봉대로***번길 **-**, 청라프라자 *층 ***호 (청라동)",폐업,0002,03,,169173.79           ,447961.405          ,인천광역시 서구 청라동 ***-* 청라프라자 ,2024-02-19 15:43:55
3560000,356000001320210005,2021-09-07,,폐업,2025-12-31,,,,4780.4,,22721,펫클럽 연희점,I,L00,2026-05-08 22:32:30,"인천광역시 서구 서곶로 ***, *층 (연희동)",폐업,0002,03,,171351.214730991    ,449818.509441026    ,인천광역시 서구 연희동 ***-* *층 ,2025-12-04 11:40:18
3561000,356100001320200002,2020-11-05,,폐업,2024-02-19,,,,,,22736,제노텍코리아,I,000,2026-07-01 13:15:42,"인천광역시 서해구 중봉대로***번길 **-**, 청라프라자 *층 ***호 (청라동)",폐업,0002,03,,169173.79           ,447961.405          ,인천광역시 서해구 청라동 ***-* 청라프라자 ,2024-02-19 15:43:55
3561000,356100001320220008,2022-11-04,,폐업,2023-03-23,,,,,,22790,주식회사 노터스 석남지점,I,L00,2026-07-01 13:15:42,"인천광역시 서해구 가정로 ***, *층 (석남동)",폐업,0002,03,0325825955,170986.031761326    ,445182.554037164    ,인천광역시 서해구 석남동 ***-** ,2023-03-23 10:28:35
3561000,356100001320180002,2018-09-05,,영업/정상,,,,,,,22812,냥과함개,I,000,2026-07-01 13:15:42,"인천광역시 서해구 여우재로**번길 **-**, ***호 (가좌동)",정상,0000,01,07077583276,172446.81379084     ,442882.505668234    ,인천광역시 서해구 가좌동 ***-** ,2018-09-05 09:38:01
3561000,356100001320180001,2018-07-04,,영업/정상,,,,,102.4,,22736,제노텍,I,000,2026-07-01 13:15:42,"인천광역시 서해구 중봉대로***번길 **-**, 청라프라자 ***호 (청라동)",정상,0000,01,,169173.79           ,447961.405          ,인천광역시 서해구 청라동 ***-* 청라프라자 ,2018-07-04 10:41:02
3561000,356100001320160001,2016-05-25,,영업/정상,,,,,,,22786,(주)엠제이엘티디,I,L00,2026-07-01 13:15:42,인천광역시 서해구 염곡로 *** (석남동),정상,0000,01,0220260077,170606.422727899    ,445571.480681188    ,인천광역시 서해구 석남동 *** ,2016-05-25 13:48:30
3561000,356100001320230002,2023-04-19,,영업/정상,,,,,500.82,,22790,주식회사 온힐펫 석남점,I,L00,2026-07-01 13:15:42,"인천광역시 서해구 가정로 ***, *층 (석남동)",정상,0000,01,0325825955,170986.031761326    ,445182.554037164    ,인천광역시 서해구 석남동 ***-** ,2023-04-19 11:44:39
3561000,356100001320210002,2021-04-29,,영업/정상,,,,,,,22734,꿀미,I,000,2026-07-01 13:15:42,"인천광역시 서해구 청라라임로 ***, ***동 ***호 (청라동, 중흥에스클래스)",정상,0000,01,,169156.800932693    ,448596.42599485     ,인천광역시 서해구 청라동 ***-* 중흥에스클래스 ,2021-04-29 18:11:10
3561000,356100001320210004,2021-08-11,,영업/정상,,,,,,,22766,Story pet,I,000,2026-07-01 13:15:42,"인천광역시 서해구 보석로**번안길 **, *층 (청라동)",정상,0000,01,,166733.37051453     ,446509.186273429    ,인천광역시 서해구 청라동 ***-** *층 ,2021-08-11 09:49:26
3561000,356100001320210005,2021-09-07,,폐업,2025-12-31,,,,4780.4,,22721,펫클럽 연희점,I,L00,2026-07-01 13:15:42,"인천광역시 서해구 서곶로 ***, *층 (연희동)",폐업,0002,03,,171351.214730991    ,449818.509441026    ,인천광역시 서해구 연희동 ***-* *층 ,2025-12-04 11:40:18
3561000,356100001320220001,2022-05-16,,영업/정상,,,,,,,22762,홈플러스 인천청라점,I,L00,2026-07-01 13:15:42,"인천광역시 서해구 중봉대로 ***, 홈플러스 인천청라점 (청라동)",정상,0000,01,0327238921,168873.669817217    ,447844.121764937    ,인천광역시 서해구 청라동 ***-** 홈플러스 인천청라점 ,2024-02-23 15:35:01
3561000,356100001320220002,2022-05-17,,휴업,,2026-05-20,2027-05-19,,,,22832,홈플러스 가좌점,I,L00,2026-07-01 13:15:42,"인천광역시 서해구 가정로***번길 **, 홈플러스 가좌점 (가좌동)",휴업,0001,02,,170813.26483128     ,443985.945396357    ,인천광역시 서해구 가좌동 *** 홈플러스 가좌점 ,2026-05-20 13:16:10
3561000,356100001320220003,2022-05-17,,폐업,2023-11-27,,,,,,22765,이마트에브리데이 경서점,I,L00,2026-07-01 13:15:42,"인천광역시 서해구 푸른로*번안길 *, 이마트 에브리데이 경서점 (청라동)",폐업,0002,03,,167246.99923726     ,447055.432449995    ,인천광역시 서해구 청라동 ***-** 이마트 에브리데이 경서점 ,2023-11-27 16:49:28
3561000,356100001320220005,2022-05-17,,폐업,2022-10-14,,,,,,22696,이마트에브리데이 검암점,I,L00,2026-07-01 13:15:42,인천광역시 서해구 승학로 ***(검암동),폐업,0002,03,,171276.021953394    ,451475.646441613    ,인천광역시 서해구 검암동 ***-* ,2022-10-14 16:30:34
3561000,356100001320240003,2024-06-18,,영업/정상,,,,,,,22787,세종와이에이치,I,000,2026-07-01 13:15:42,"인천광역시 서해구 율도로**번길 **-**, *층 (석남동)",정상,0000,01,,170303.589870953    ,445638.038456102    ,인천광역시 서해구 석남동 ***-** ,2024-06-18 13:46:19
3561000,356100001320220006,2022-05-25,,폐업,2023-11-17,,,,,,22775,이마트에브리데이 SK리더스뷰점,I,L00,2026-07-01 13:15:42,"인천광역시 서해구 가정로 ***, ***동 지*층 B***~B***호 (가정동, 루원시티 SK Leaders' VIEW)",폐업,0002,03,,,,인천광역시 서해구 가정동 * 루원시티 SK Leaders' VIEW ***동 B***~호,2023-11-20 10:15:30
3561000,356100001320180004,2018-10-23,,영업/정상,,,,,,,22847,아리랑몰,I,000,2026-07-01 13:15:42,인천광역시 서해구 보도진로**번길 ** (가좌동),정상,0000,01,0328582580,169297.984388029    ,443543.624247735    ,인천광역시 서해구 가좌동 ***-*** ,2018-10-23 10:13:53
3565000,356500001320240005,2024-06-21,,영업/정상,,,,,,,22618,다온,I,000,2026-07-01 10:04:25,"인천광역시 검단구 완정로***번길 **, *동 ***호 (마전동, 목화아파트)",정상,0000,01,,169763.489166228    ,455859.546178791    ,인천광역시 검단구 마전동 *** 목화아파트 ,2024-06-21 09:04:39
3565000,356500001320240006,2024-09-24,,영업/정상,,,,,,,22616,주식회사 아베마리아,I,L00,2026-07-01 10:04:25,"인천광역시 검단구 완정로 ***, 제이원검단메디컬프라자 *층 ***-***호 (왕길동)",정상,0000,01,07077701617,169589.976023258    ,455611.117427815    ,인천광역시 검단구 왕길동 ***-* 제이원검단메디컬프라자 ,2024-09-24 11:28:51
3565000,356500001320240007,2024-11-13,,영업/정상,,,,,,,22647,더바이커머스,I,000,2026-07-01 10:04:25,"인천광역시 검단구 원당대로 ***, 대산프라자 ***호 (원당동)",정상,0000,01,,173236.898635277    ,454662.428022687    ,인천광역시 검단구 원당동 ***-** 대산프라자 ,2024-11-13 09:33:35
3565000,356500001320250001,2025-06-23,,영업/정상,,,,,,,22647,주식회사 쓰리에이치코리아,I,L00,2026-07-01 10:04:25,"인천광역시 검단구 원당대로 ***, 대산프라자 ***-*호 (원당동)",정상,0000,01,,173236.898635277    ,454662.428022687    ,인천광역시 검단구 원당동 ***-** 대산프라자 ,2025-06-23 14:34:23
3565000,356500001320260001,2026-01-08,,영업/정상,,,,,,,22616,올메디케어,I,000,2026-07-01 10:04:25,"인천광역시 검단구 완정로 ***, 제이원검단메디컬프라자 ***동 **호 (왕길동)",정상,0000,01,,169589.976023258    ,455611.117427815    ,인천광역시 검단구 왕길동 ***-* 제이원검단메디컬프라자 ***동 **호,2026-01-23 15:17:40
3565000,356500001320240004,2024-06-18,,영업/정상,,,,,,,22616,비오비,I,000,2026-07-01 10:04:25,"인천광역시 검단구 완정로 ***, 제이원검단메디컬프라자 ***-***호 (왕길동)",정상,0000,01,,169589.976023258    ,455611.117427815    ,인천광역시 검단구 왕길동 ***-* 제이원검단메디컬프라자 ,2024-06-18 13:48:47
3565000,356500001320240002,2024-06-05,,영업/정상,,,,,,,22663,주식회사 동행비드,I,L00,2026-07-01 10:04:25,"인천광역시 검단구 원당대로***번길 **-*, *층 (오류동)",정상,0000,01,,166670.17457766     ,454661.748290663    ,인천광역시 검단구 오류동 ***-*** ,2026-01-09 16:52:45
3565000,356500001320240001,2024-02-29,,영업/정상,,,,,,,22620,나나봉봉,I,000,2026-07-01 10:04:25,"인천광역시 검단구 검단로***번안길 *-*, ***호 (불로동)",정상,0000,01,,171990.358487575    ,456851.14163144     ,인천광역시 검단구 불로동 ***-* ,2024-02-29 09:20:18
3565000,356500001320230003,2023-10-17,,폐업,2024-03-04,,,,,,22860,연무역,I,000,2026-07-01 10:04:25,"인천광역시 검단구 서로*로 ***, ****동 ****호 (원당동, 검단신도시 디에트르 더 힐)",폐업,0002,03,,,,인천광역시 검단구 원당동 ***-* 검단신도시 디에트르 더 힐 ,2024-03-05 11:48:17
3565000,356500001320230001,2023-04-19,,영업/정상,,,,,594.04,,22675,주식회사 온힐펫 당하점,I,L00,2026-07-01 10:04:25,인천광역시 검단구 서곶로 *** (당하동),정상,0000,01,0325641100,171047.727899145    ,454290.19135688     ,인천광역시 검단구 당하동 ****-** ,2023-04-19 11:10:46
3565000,356500001320220007,2022-07-21,,폐업,2024-06-07,,,,,,22636,이앤이,I,000,2026-07-01 10:04:25,"인천광역시 검단구 완정로***번안길 *, 검단e편한 프라자 ***호 (왕길동)",폐업,0002,03,0323240720,169723.085991782    ,455476.540334929    ,인천광역시 검단구 왕길동 ***-* 검단e편한 프라자 ,2024-06-07 11:10:34
3565000,356500001320220004,2022-05-17,,폐업,2022-07-15,,,,,,22643,이마트에브리데이 마전점,I,L00,2026-07-01 10:04:25,인천광역시 검단구 서곶로 ***(마전동),폐업,0002,03,,171259.344862786    ,454894.045622319    ,인천광역시 검단구 마전동 ****-* ,2022-07-18 09:20:58
3565000,356500001320210006,2021-12-16,,영업/정상,,,,,184,,22612,마리펫,I,000,2026-07-01 10:04:25,"인천광역시 검단구 완정로***번길 **, *동 (마전동)",정상,0000,01,0325647741,169525.228390541    ,455883.829715767    ,인천광역시 검단구 마전동 ***-** *동 ,2021-12-16 10:46:17
3565000,356500001320210003,2021-06-10,,영업/정상,,,,,,,22647,주식회사 호텔펫코리아,I,L00,2026-07-01 10:04:25,"인천광역시 검단구 원당대로 ***, 대산프라자 ***호 (원당동)",정상,0000,01,,173236.898635277    ,454662.428022687    ,인천광역시 검단구 원당동 ***-** 대산프라자 ***호,2021-06-10 16:46:37
3565000,356500001320210001,2021-01-25,,취소/말소/만료/정지/중지,,,,,,,22608,홈인쇼핑,I,000,2026-07-01 10:04:25,"인천광역시 검단구 가현로 *, ***동 ****호 (마전동, 마전*차 풍림아이원아파트)",말소,0004,04,,169640.936966001    ,456946.793794488    ,인천광역시 검단구 마전동 ** 마전*차 풍림아이원아파트 ,2021-01-26 10:15:40
3565000,356500001320200001,2020-04-10,,영업/정상,,,,,,,22643,호텔펫코리아,I,000,2026-07-01 10:04:25,"인천광역시 검단구 원당대로 ***, 신성빌딩 ***동 (마전동)",정상,0000,01,0325644984,171403.959664923    ,454684.959146656    ,인천광역시 검단구 마전동 ****-* 신성빌딩 ,2020-04-10 17:38:32
3565000,356500001320190002,2019-10-10,,폐업,2020-12-21,,,,,,22674,씨스토어,I,000,2026-07-01 10:04:25,"인천광역시 검단구 원당대로***번안길 *-**, ***호 (당하동)",폐업,0002,03,0325624944,170449.876734791    ,454213.117637255    ,인천광역시 검단구 당하동 ***-** ,2020-12-21 10:36:38
3565000,356500001320190001,2019-03-05,,폐업,2020-04-10,,,,,,22643,미주메디칼,I,000,2026-07-01 10:04:25,"인천광역시 검단구 원당대로 ***, ***호 (마전동)",폐업,0002,03,,171403.959664923    ,454684.959146656    ,인천광역시 검단구 마전동 ****-* ,2020-04-10 17:12:30
3565000,356500001320180003,2018-09-21,,영업/정상,,,,,,,22636,하베,I,000,2026-07-01 10:04:25,"인천광역시 검단구 완정로***번길 *-* (왕길동, 블리스타운)",정상,0000,01,,170043.58325636     ,455246.081276161    ,인천광역시 검단구 왕길동 ***-* 블리스타운 ,2018-09-21 09:14:40
3565000,356500001320140001,2014-06-03,,폐업,2019-02-18,,,,,,22664,영신메디칼,I,000,2026-07-01 10:04:25,"인천광역시 검단구 보듬로 *** (오류동, 블루텍)",폐업,0002,03,,165916.984438499    ,454908.677529318    ,인천광역시 검단구 오류동 ****-* ,2019-02-19 10:43:27
3565000,356500001320130001,2013-02-28,,영업/정상,,,,,,,22621,주식회사 더 키코,I,L00,2026-07-01 10:04:25,인천광역시 검단구 검단로 *** (불로동),정상,0000,01,,,,인천광역시 검단구 불로동 ,2013-02-28 09:17:57
3565000,356500001320230004,2023-12-26,,영업/정상,,,,,,,22635,프라우스,I,000,2026-07-01 10:04:25,"인천광역시 검단구 완정로 ***, 프라임타워 제****호(내 ****)호 (마전동)",정상,0000,01,,169915.001021534    ,455495.508050559    ,인천광역시 검단구 마전동 ***-* 프라임타워 ,2023-12-26 14:55:00
3590000,359000001320200001,2020-08-03,,폐업,2022-08-03,,,,,,61478,벨로젠,I,000,2026-05-09 22:44:52,"광주광역시 동구 천변우로 ***, 제일오피스텔빌딩 ***호 (수기동)",폐업,0002,03,0624161515,191696.411285266    ,183475.407796163    ,광주광역시 동구 수기동 **-* 제일오피스텔빌딩 ,2022-08-04 09:16:54
3590000,359000001320240003,2024-06-11,,영업/정상,,,,,33,,61487,나우프린팅,I,000,2026-05-09 22:44:52,광주광역시 동구 문화전당로**번길 * (남동),정상,0000,01,,192523.984333333    ,182777.070333333    ,광주광역시 동구 남동 ***-* ,2025-12-04 14:07:03
3590000,359000001320240002,2024-06-10,,영업/정상,,,,,10,,61446,엠제이컴퍼니,I,000,2026-05-09 22:44:52,"광주광역시 동구 무등로 ***, *층 ***호 (산수동, 무등파크맨션)",정상,0000,01,,194428.547005557    ,184134.749840728    ,광주광역시 동구 산수동 **-* 무등파크맨션 ,2024-06-10 16:22:37
3590000,359000001320240001,2024-06-10,,영업/정상,,,,,10,,61446,유진컴퍼니,I,000,2026-05-09 22:44:52,"광주광역시 동구 무등로 ***, *층 ***호 (산수동, 무등파크맨션)",정상,0000,01,,194428.547005557    ,184134.749840728    ,광주광역시 동구 산수동 **-* 무등파크맨션 ,2024-06-10 16:18:44
3590000,359000001320220001,2022-05-16,,폐업,2024-12-07,,,,,,61419,홈플러스 광주계림점,I,L00,2026-05-09 22:44:52,"광주광역시 동구 무등로 ***, 홈플러스 광주계림점 (계림동)",폐업,0002,03,0626168048,192333.816487533    ,184703.518867664    ,서울특별시 강서구 등촌동 ***-*** 홈플러스 광주계림점 ,2024-12-24 08:59:29
3590000,359000001320220002,2022-05-25,,영업/정상,,,,,65.41,,61506,에스제이 엠텍,I,000,2026-05-09 22:44:52,광주광역시 동구 천변좌로***번길 **-*(소태동),정상,0000,01,,193378.197668068    ,181004.065307039    ,광주광역시 동구 소태동 *** ,2022-05-25 08:54:16
3590000,359000001320210002,2021-04-29,,영업/정상,,,,,0,,61405,(주)동아하이-택,I,L00,2026-05-09 22:44:52,광주광역시 동구 필문대로 ***(계림동),정상,0000,01,0625312701,193532.30608951     ,184667.366885163    ,광주광역시 동구 계림동 **** ,2022-05-17 14:06:00
3590000,359000001320210001,2021-03-03,,영업/정상,,,,,,,61473,(주)프로진,I,000,2026-05-09 22:44:52,광주광역시 동구 제봉로 *** (대인동),정상,0000,01,0623627766,192228.020838871    ,183819.432060541    ,광주광역시 동구 대인동 **-* ,2021-03-03 14:24:43
3590000,359000001320200002,2020-12-09,,취소/말소/만료/정지/중지,,,,,,,61436,주식회사 알파도,I,L00,2026-05-09 22:44:52,"광주광역시 동구 동계천로 ***, I-PLEX 광주 *층 ***호 (동명동)",행정처분,0003,04,,193161.301078       ,183235.530800219    ,광주광역시 동구 동명동 ***-** I-PLEX 광주 ,2026-01-14 16:02:28
3590000,359000001320220003,2022-07-27,,영업/정상,,,,,198,,61418,주식회사진성에스엠알,I,L00,2026-05-09 22:44:52,광주광역시 동구 무등로 ***(산수동),정상,0000,01,0626727631,193551.090994909    ,184118.98724439     ,광주광역시 동구 산수동 ***-* ,2022-07-27 18:54:34
3600000,360000001320140001,2014-02-03,,영업/정상,,,,,,,62022,주식회사 모드셀,I,L00,2026-04-30 22:33:32,광주광역시 서구 풍금로 ** (금호동),정상,0000,01,,187122.391728883    ,180571.87692423     ,광주광역시 서구 금호동 ***-* ,2014-02-03 11:54:11
3600000,360000001320190001,2019-05-10,,영업/정상,,,,,145.01,,61911,(주)제노필,I,L00,2026-04-30 22:33:32,"광주광역시 서구 상무버들로**번길 *, *층 (유촌동)",정상,0000,01,0623835816,186926.642027766    ,185019.665726938    ,광주광역시 서구 유촌동 ***-* *층 ,2019-05-10 10:55:37
3600000,360000001320190002,2019-05-10,,영업/정상,,,,,145.01,,61944,(주)제노필,I,L00,2026-04-30 22:33:32,광주광역시 서구 시청서편로**번길 ** (치평동),정상,0000,01,0623835816,186007.702126962    ,184552.543826852    ,광주광역시 서구 치평동 ****-** ,2021-05-03 17:43:25
3600000,360000001320200001,2020-01-31,,영업/정상,,,,,99.17,,62048,롯데쇼핑(주)롯데마트 광주점,I,L00,2026-04-30 22:33:32,"광주광역시 서구 금화로 ***, 롯데마트 월드컵점 *층 (풍암동)",정상,0000,01,0626102500,188791.275961965    ,181590.099672513    ,"광주광역시 서구 풍암동 ***-* 롯데마트 월드컵점, *층 ",2020-01-31 15:04:46
3600000,360000001320200002,2020-01-31,,영업/정상,,,,,99.17,,62048,롯데쇼핑(주)롯데마트 광주점,I,000,2026-04-30 22:33:32,"광주광역시 서구 금화로 ***, 롯데마트 월드컵점 *층 (풍암동)",정상,0000,01,0626102500,188791.275961965    ,181590.099672513    ,"광주광역시 서구 풍암동 ***-* 롯데마트 월드컵점, *층 ",2020-01-31 15:06:33
3600000,360000001320240003,2024-08-01,,영업/정상,,,,,,,61901,삼성메디칼,I,000,2026-04-30 22:33:32,"광주광역시 서구 유덕로*번길 **, *층 (유촌동)",정상,0000,01,0623726770,186655.829213168    ,185186.787304158    ,광주광역시 서구 유촌동 ***-* ,2024-08-01 13:56:20
3600000,360000001320220001,2022-04-04,,영업/정상,,,,,95,,61992,제국리버티 주식회사,I,L00,2026-04-30 22:33:32,"광주광역시 서구 쌍촌로 **, *층 (쌍촌동)",정상,0000,01,,187592.582697934    ,183307.532939488    ,광주광역시 서구 쌍촌동 ***-** ,2022-04-04 10:27:09
3600000,360000001320220002,2022-07-22,,영업/정상,,,,,98,,61927,비티랩,U,000,2026-05-14 03:03:03,광주광역시 서구 대남대로 ***-*(농성동),정상,0000,01,,189652.395397227    ,183454.34846027     ,광주광역시 서구 농성동 ***-** ,2026-05-13 10:01:47
3600000,360000001320240001,2024-01-31,,영업/정상,,,,,,,61905,클리어하우스,I,000,2026-04-30 22:33:32,"광주광역시 서구 유림로**번길 **, *층 (쌍촌동)",정상,0000,01,,187308.591579574    ,185331.12897051     ,광주광역시 서구 쌍촌동 **** ,2024-01-31 15:19:17
3600000,360000001320240002,2024-07-19,,영업/정상,,,,,,,61901,주식회사 삼일티엔씨,I,L00,2026-04-30 22:33:32,광주광역시 서구 유덕로*번길 ** (유촌동),정상,0000,01,0625226770,186655.829213168    ,185186.787304158    ,광주광역시 서구 유촌동 ***-* ,2024-07-19 14:08:14
3600000,360000001320200003,2020-01-31,,영업/정상,,,,,99.17,,62048,롯데쇼핑(주)롯데마트 광주점,U,L00,2026-04-30 03:03:03,"광주광역시 서구 금화로 ***, 롯데마트 월드컵점 *층 (풍암동)",정상,0000,01,0626102500,188791.275961965    ,181590.099672513    ,"광주광역시 서구 치평동 ***-* 롯데마트 월드컵점, *층 ",2026-04-29 09:20:58
3610000,361000001320210002,2021-04-27,,영업/정상,,,,,,,61665,씨앤디메디텍,I,000,2026-05-11 22:41:12,"광주광역시 남구 봉선중앙로***번길 **, *층 (방림동)",정상,0000,01,,192023.368802116    ,181477.450490352    ,광주광역시 남구 방림동 ***-** ,2021-04-27 15:36:13
3610000,361000001320220001,2022-05-19,,영업/정상,,,,,,,61729,이룸바이오,I,000,2026-05-11 22:41:12,"광주광역시 남구 회재로 ****-*, 호반베르디움*차아파트 상가동 ***호 (주월동)",정상,0000,01,,189882.933497392    ,181229.782366193    ,광주광역시 남구 주월동 *** 호반베르디움*차아파트 ,2022-05-19 15:26:20
3610000,361000001320230001,2023-07-05,,영업/정상,,,,,258.78,,61660,한걸음 더 보조기,I,000,2026-05-11 22:41:12,"광주광역시 남구 백양로 **, *층 (백운동)",정상,0000,01,,191100.442872996    ,181641.124104003    ,광주광역시 남구 백운동 ***-** *층 ,2026-01-09 15:43:20
3610000,361000001320210003,2021-11-19,,폐업,2022-04-29,,,,,,61742,주식회사 지케이정보통신,I,L00,2026-05-11 22:41:12,"광주광역시 남구 서문대로***번길 *, 상가비동 *층 ***호 (송하동, 삼익아파트)",폐업,0002,03,0626722777,190287.406535711    ,178879.872954722    ,광주광역시 남구 송하동 **-* 삼익아파트 ,2022-04-29 14:49:19
3610000,361000001320210001,2021-01-20,,폐업,2021-01-21,,,,,,61626,주식회사 프로진,I,000,2026-05-11 22:41:12,"광주광역시 남구 월산로 ***, RXOtower *층 (월산동)",폐업,0002,03,07051800751,190446.01602381     ,183598.313662785    ,광주광역시 남구 월산동 ***-* *층 ,2021-01-21 17:33:01
3620000,362000001320260001,2026-04-20,,영업/정상,,,,,,,61250,선률사이언스,I,000,2026-05-08 22:45:25,"광주광역시 북구 중흥로**번길 *-*, ***호 (신안동)",정상,0000,01,,191084.349421373    ,185022.51827133     ,광주광역시 북구 신안동 ***-* ,2026-04-20 11:24:05
3620000,362000001320250003,2025-11-28,,영업/정상,,,,,,,61109,광주 반려동물용품 위글리 펫 용봉점,I,000,2026-05-08 22:45:25,"광주광역시 북구 비엔날레로 **, 용봉동 금호아파트 ***동 *층 (용봉동)",정상,0000,01,,189943.672458477    ,186831.775183374    ,광주광역시 북구 용봉동 ****-* 용봉동 금호아파트 ,2025-11-28 16:46:10
3620000,362000001320130001,2013-03-29,,폐업,2014-03-26,,,,105.53,,61120,(주)모드셀,I,L00,2026-05-08 22:45:25,"광주광역시 북구 우치로 ***, *층 (오치동)",폐업,0002,03,07074328001,191268.611858413    ,187489.31356922     ,광주광역시 북구 오치동 ***-** ,2014-03-27 18:14:00
3620000,362000001320220006,2022-05-19,,폐업,2023-12-08,,,,,,61096,(주)이마트에브리데이 동림동점,I,L00,2026-05-08 22:45:25,광주광역시 북구 북문대로***번길 *(동림동),폐업,0002,03,0625126884,187678.757472164    ,187635.34611608     ,광주광역시 북구 동림동 ****-* ,2023-12-08 17:06:32
3620000,362000001320220007,2022-05-23,,폐업,2023-11-21,,,,,,61040,(주)이마트에브리데이 일곡동점,I,L00,2026-05-08 22:45:25,광주광역시 북구 설죽로 ***-*(일곡동),폐업,0002,03,0625747632,190564.274075557    ,189486.404366359    ,광주광역시 북구 일곡동 ***-* ,2023-11-21 09:29:49
3620000,362000001320140001,2014-11-26,,영업/정상,,,,,,,61244,(유) 금강티에스,I,L00,2026-05-08 22:45:25,광주광역시 북구 태봉로 **-* (임동),정상,0000,01,0625147224,191120.420030082    ,184715.866146267    ,광주광역시 북구 임동 *-** ,2014-11-26 11:13:07
3620000,362000001320160001,2016-11-09,,영업/정상,,,,,0,,61224,무등헬스케어,I,000,2026-05-08 22:45:25,광주광역시 북구 서암대로***번길 ** (신안동),정상,0000,01,,190934.089365746    ,185518.57137554     ,,2017-07-04 13:28:11
3620000,362000001320190001,2019-04-05,,영업/정상,,,,,99,,61273,(주)영재과학,I,L00,2026-05-08 22:45:25,"광주광역시 북구 하남대로 ***, C동 *층 (동림동)",정상,0000,01,0622610973,187736.940454861    ,185931.93030756     ,광주광역시 북구 동림동 ***-* ,2019-04-05 17:17:06
3620000,362000001320190002,2019-04-10,,영업/정상,,,,,258,,61234,(주)광주과학,I,L00,2026-05-08 22:45:25,"광주광역시 북구 무등로***번길 **, *층 (중흥동)",정상,0000,01,0625251155,191863.611072039    ,184862.567049285    ,광주광역시 북구 중흥동 ***-* ,2019-04-10 12:45:21
3620000,362000001320190003,2019-04-29,,영업/정상,,,,,,,61228,(주)엘비텍,I,L00,2026-05-08 22:45:25,광주광역시 북구 독립로***번길 ** (중흥동),정상,0000,01,,192180.757787027    ,185006.012313531    ,광주광역시 북구 중흥동 ***-* ,2019-04-29 09:32:36
3620000,362000001320190004,2019-08-02,,영업/정상,,,,,108,,61156,무진과학,I,000,2026-05-08 22:45:25,"광주광역시 북구 참판로 ***, *층 (두암동)",정상,0000,01,0625278635,193872.393374834    ,185735.34150781     ,광주광역시 북구 두암동 ***-** ,2019-08-02 18:08:20
3620000,362000001320190005,2019-08-19,,영업/정상,,,,,0,,61155,(주)서린사이언스,I,L00,2026-05-08 22:45:25,광주광역시 북구 삼정로***번길 ** (두암동),정상,0000,01,0622650071,194058.84029439     ,186007.696052848    ,광주광역시 북구 두암동 ** ,2023-09-12 10:06:33
3620000,362000001320210001,2021-03-02,,영업/정상,,,,,,,61228,휴랩,I,000,2026-05-08 22:45:25,"광주광역시 북구 독립로***번길 **, ***호 (중흥동)",정상,0000,01,,192180.757787027    ,185006.012313531    ,광주광역시 북구 중흥동 ***-* ,2021-03-02 16:00:21
3620000,362000001320210002,2021-04-16,,영업/정상,,,,,,,61228,지미테크,I,000,2026-05-08 22:45:25,"광주광역시 북구 독립로***번길 **, ***호 (중흥동)",정상,0000,01,,192180.757787027    ,185006.012313531    ,광주광역시 북구 중흥동 ***-* ,2023-12-15 11:17:20
3620000,362000001320210003,2021-05-03,,영업/정상,,,,,,,61234,케이비젠,I,000,2026-05-08 22:45:25,"광주광역시 북구 무등로***번길 **, ***호 (중흥동)",정상,0000,01,,191863.611072039    ,184862.567049285    ,광주광역시 북구 중흥동 ***-* ,2021-05-17 14:34:53
3620000,362000001320210004,2021-09-09,,영업/정상,,,,,,,61050,야옹아 멍멍해봐 삼각점,I,000,2026-05-08 22:45:25,광주광역시 북구 설죽로 ***-*(삼각동),정상,0000,01,0624008665,190849.666718823    ,188651.777432123    ,광주광역시 북구 삼각동 ***-* ,2021-09-09 08:52:10
3620000,362000001320210005,2021-12-23,,영업/정상,,,,,,,61050,주식회사 이코랩,I,000,2026-05-08 22:45:25,광주광역시 북구 우치로***번길 *(삼각동),정상,0000,01,,191058.053344485    ,188816.289104367    ,광주광역시 북구 삼각동 ***-* ,2021-12-23 13:02:41
3620000,362000001320220001,2022-05-04,,영업/정상,,,,,,,61270,주식회사 지케이정보통신,I,000,2026-05-08 22:45:25,"광주광역시 북구 동운로 **-*, *층 (동림동)",정상,0000,01,,187084.923719513    ,186388.650503134    ,광주광역시 북구 동림동 ***-* ,2022-05-04 20:22:49
3620000,362000001320220002,2022-05-04,,영업/정상,,,,,,,61270,주식회사 지케이정보통신,I,L00,2026-05-08 22:45:25,"광주광역시 북구 동운로 **-*, *층 (동림동)",정상,0000,01,,187084.923719513    ,186388.650503134    ,광주광역시 북구 동림동 ***-* ,2022-05-04 20:07:11
3620000,362000001320220003,2022-05-04,,영업/정상,,,,,,,61270,주식회사 지케이정보통신,I,000,2026-05-08 22:45:25,"광주광역시 북구 동운로 **-*, *층 (동림동)",정상,0000,01,,187084.923719513    ,186388.650503134    ,광주광역시 북구 동림동 ***-* ,2022-05-04 20:07:23
3620000,362000001320220004,2022-05-04,,영업/정상,,,,,,,61270,주식회사 지케이정보통신,I,000,2026-05-08 22:45:25,"광주광역시 북구 동운로 **-*, *층 (동림동)",정상,0000,01,,187084.923719513    ,186388.650503134    ,광주광역시 북구 동림동 ***-* ,2022-05-04 20:07:30
3620000,362000001320220005,2022-05-13,,영업/정상,,,,,,,61165,홈플러스 동광주점,I,L00,2026-05-08 22:45:25,"광주광역시 북구 동문대로 ***, 홈플러스 동광주점 지하*층 (두암동)",정상,0000,01,0626168015,193592.366836384    ,186709.260367801    ,광주광역시 북구 두암동 ***-* 삼성홈플러스 ,2024-02-21 18:05:35
3620000,362000001320220008,2022-05-30,,영업/정상,,,,,,,61089,첨단의지제작소,I,000,2026-05-08 22:45:25,"광주광역시 북구 첨단연신로 **, ***호 (연제동)",정상,0000,01,,187459.108435329    ,189007.471876615    ,광주광역시 북구 연제동 **** ,2022-05-30 13:32:33
3620000,362000001320230001,2023-04-24,,영업/정상,,,,,,,61273,폴리파크 광주 동림점,I,000,2026-05-08 22:45:25,"광주광역시 북구 하남대로 ***, *층 (동림동)",정상,0000,01,0625222700,187708.711339768    ,185906.234444767    ,광주광역시 북구 동림동 ***-* ,2023-04-24 17:19:12
3620000,362000001320230002,2023-10-27,,영업/정상,,,,,0,,61127,(주) 유노테크,I,000,2026-05-08 22:45:25,광주광역시 북구 부남길**번길 ** (문흥동),정상,0000,01,0622662825,193195.479150061    ,187688.548782274    ,광주광역시 북구 문흥동 ***-** ,2023-10-30 12:20:18
3620000,362000001320240001,2024-01-09,,영업/정상,,,,,0,,61011,헬로댕구르,I,000,2026-05-08 22:45:25,"광주광역시 북구 첨단과기로***번길 **-**, 애플지식센타 (오룡동)",정상,0000,01,,186439.275891372    ,191697.485253996    ,광주광역시 북구 오룡동 ****-** 애플지식센타 그린A동 *호,2024-01-09 10:06:06
3620000,362000001320240002,2024-02-06,,영업/정상,,,,,,,61127,테피티,I,000,2026-05-08 22:45:25,"광주광역시 북구 부남길**번길 **, *층 ***호 (문흥동)",정상,0000,01,0627194232,193195.479150061    ,187688.548782274    ,광주광역시 북구 문흥동 ***-** *층 ***호,2024-02-15 10:01:56
3620000,362000001320240003,2024-06-10,,영업/정상,,,,,60,,61020,한수과학,I,000,2026-05-08 22:45:25,"광주광역시 북구 본촌택지로**번길 **, ***호 (본촌동)",정상,0000,01,0625275945,188938.659663354    ,190868.409527684    ,광주광역시 북구 본촌동 **** ***호,2024-06-10 09:51:02
3620000,362000001320240004,2024-07-26,,영업/정상,,,,,115,,61057,(주)한독사이언스,I,L00,2026-05-08 22:45:25,"광주광역시 북구 설죽로***번길 **-*, *층 (삼각동)",정상,0000,01,0625731887,190670.821109358    ,188970.93688948     ,광주광역시 북구 삼각동 ***-* ,2024-07-26 13:07:55
3620000,362000001320250001,2025-06-25,,영업/정상,,,,,,,61181,삼우,I,000,2026-05-08 22:45:25,"광주광역시 북구 반룡로*번길 **, *층 (용봉동)",정상,0000,01,,190897.945997803    ,186888.05479487     ,광주광역시 북구 용봉동 ****-** ,2025-06-25 10:57:22
3620000,362000001320250002,2025-10-10,,영업/정상,,,,,0,,61022,(주)우수헬스케어,I,L00,2026-05-08 22:45:25,"광주광역시 북구 상촌로**번길 **-*, *층 (양산동)",정상,0000,01,0625763945,188860.037210577    ,190343.926366196    ,광주광역시 북구 양산동 ***-** ,2025-10-10 19:55:40
3620000,362000001320120001,2012-01-18,,폐업,2021-12-30,,,,50,,61207,(주)천우의료기상사,I,L00,2026-05-08 22:45:25,광주광역시 북구 향토문화로 **-* (중흥동),폐업,0002,03,,192146.340318347    ,185868.938745212    ,광주광역시 북구 중흥동 ***-** ,2021-12-30 15:42:29
3630000,363000001320100001,2010-11-25,,영업/정상,,,,,0,,62293,(주)젬스메디컬(호남지점),I,L00,2026-05-09 22:55:20,"광주광역시 광산구 신창로 **, *층 ***호 (신창동)",정상,0000,01,0629627321,185108.012090814    ,187750.782099009    ,광주광역시 광산구 신창동 ****-* ,2017-12-26 17:56:03
3630000,363000001320210001,2021-01-21,,폐업,2022-01-10,,,,,,62300,뉴바이오텍,I,000,2026-05-09 22:55:21,"광주광역시 광산구 목련로***번길 **-**, *층 (신가동)",폐업,0002,03,0629551901,184781.764261237    ,187268.065815982    ,광주광역시 광산구 신가동 ****-* ,2022-01-10 13:51:52
3630000,363000001320210002,2021-04-14,,영업/정상,,,,,,,62428,유원상사,I,000,2026-05-09 22:55:21,광주광역시 광산구 광산로 **-* (송정동),정상,0000,01,,181415.705585085    ,182390.46656122     ,광주광역시 광산구 송정동 ***-* ,2021-04-14 16:13:11
3630000,363000001320210003,2021-05-10,,영업/정상,,,,,,,62428,씨스텍,I,000,2026-05-09 22:55:22,"광주광역시 광산구 광산로 **-*, ***호 (송정동)",정상,0000,01,07044898912,181415.705585085    ,182390.46656122     ,광주광역시 광산구 송정동 ***-* ,2023-12-15 11:20:45
3630000,363000001320220001,2022-01-10,,영업/정상,,,,,,,62300,유한회사 뉴바이오텍,I,L00,2026-05-09 22:55:22,"광주광역시 광산구 목련로***번길 **-**, *층 (신가동)",정상,0000,01,0629551901,184781.764261237    ,187268.065815982    ,광주광역시 광산구 신가동 ****-* ,2022-01-10 13:13:07
3630000,363000001320220002,2022-01-24,,영업/정상,,,,,,,62308,유한회사 셀랙트,I,L00,2026-05-09 22:55:22,"광주광역시 광산구 수완로*번길 **-**, 해오름 *층 (신가동)",정상,0000,01,,184179.698923743    ,187403.92633475     ,광주광역시 광산구 신가동 **** 해오름 ,2022-01-24 17:50:12
3630000,363000001320220003,2022-05-16,,영업/정상,,,,,,,62331,홈플러스(주)광주하남점,I,L00,2026-05-09 22:55:22,광주광역시 광산구 용아로 ***(하남동),정상,0000,01,,182200.812320705    ,186547.650146985    ,서울특별시 강서구 등촌동 *** ,2024-03-04 09:52:06
3630000,363000001320220004,2022-08-10,,영업/정상,,,,,,,62216,벨로젠,I,000,2026-05-09 22:55:23,"광주광역시 광산구 하남산단*번로 **, KBI 하남지식센터 지식동동 *층 ***호 (오선동)",정상,0000,01,,181832.761026024    ,189340.776358565    ,광주광역시 남구 백운동 ***-*** ,2023-09-21 17:00:20
3630000,363000001320230001,2023-02-10,,영업/정상,,,,,92,,62220,씨엔에스 주식회사,I,000,2026-05-09 22:55:23,"광주광역시 광산구 장덕로**번길 *-*, ***호 (장덕동)",정상,0000,01,0624308150,182997.602417866    ,188477.629405994    ,광주광역시 광산구 장덕동 **** ,2023-06-20 14:37:00
3630000,363000001320230002,2023-04-05,,폐업,2026-04-23,,,,33,,62434,선률사이언스,I,000,2026-05-09 22:55:23,"광주광역시 광산구 송정로 **, *층 (송정동)",폐업,0002,03,,181767.882774753    ,181557.14133607     ,광주광역시 광산구 송정동 ***-* ,2026-04-23 16:42:16
3630000,363000001320230003,2023-07-12,,영업/정상,,,,,179,,62275,주식회사 지바이오,I,L00,2026-05-09 22:55:23,"광주광역시 광산구 첨단중앙로***번길 **, *층 ***호 (쌍암동)",정상,0000,01,0622680851,186105.167632744    ,191387.570717488    ,광주광역시 광산구 쌍암동 ***-** ,2023-07-24 14:17:10
3630000,363000001320240001,2024-04-12,,영업/정상,,,,,21,,62428,에스앤디,I,000,2026-05-09 22:55:23,"광주광역시 광산구 광산로 **-*, *층 ***호 (송정동)",정상,0000,01,,181415.705585085    ,182390.46656122     ,광주광역시 광산구 송정동 ***-* ,2024-04-12 13:09:28
3630000,363000001320240002,2024-04-12,,영업/정상,,,,,24,,62428,우성사이언스,I,000,2026-05-09 22:55:24,"광주광역시 광산구 광산로 **-*, *층 ***호 (송정동)",정상,0000,01,0625145012,181415.705585085    ,182390.46656122     ,광주광역시 광산구 송정동 ***-* ,2024-04-12 13:13:45
3630000,363000001320240003,2024-04-18,,영업/정상,,,,,66,,62267,멍냥창고,I,000,2026-05-09 22:55:24,광주광역시 광산구 첨단내촌로**번길 **-* (월계동),정상,0000,01,,185488.01           ,190424.955          ,광주광역시 광산구 월계동 ***-** ,2024-04-18 09:14:05
3630000,363000001320260002,2026-05-20,,영업/정상,,,,,,,62244,성호테크,I,000,2026-05-21 22:02:20,"광주광역시 광산구 도천남길 **, 다동 (도천동)",정상,0000,01,0629549548,183494.946567441    ,190058.343780319    ,광주광역시 광산구 도천동 ***-* ,2026-05-20 15:50:52
3630000,363000001320230004,2023-08-23,,폐업,2025-09-01,,,,32,,62401,견생냥품 광주선운점,I,000,2026-05-09 22:55:23,"광주광역시 광산구 선운중앙로 **, ***동 B***호 (선암동, 광주 선운지구 EG the* *단지)",폐업,0002,03,,179537.663948415    ,183367.548036053    ,광주광역시 광산구 선암동 *** 광주 선운지구 EG the* *단지 ,2026-01-30 13:31:54
3630000,363000001320260001,2026-03-25,,영업/정상,,,,,,,62265,리베온펫,I,000,2026-05-09 22:55:25,"광주광역시 광산구 첨단내촌로 **-**, *층 (월계동)",정상,0000,01,,185000.654334415    ,190227.472695393    ,광주광역시 광산구 월계동 ***-* ,2026-03-27 16:16:36
3630000,363000001320180002,2018-07-26,,폐업,2020-06-15,,,,,,62298,뉴메딕스,I,000,2026-05-09 22:55:21,"광주광역시 광산구 수등로***번길 **, *층 ***호 (신가동)",폐업,0002,03,0629538704,184924.675869902    ,187457.907592536    ,광주광역시 광산구 신가동 ***-* ,2020-06-15 11:04:16
3630000,363000001320180001,2018-06-26,,영업/정상,,,,,,,62267,두리바이오텍,I,000,2026-05-09 22:55:20,"광주광역시 광산구 첨단중앙로**번길 **, *층 (월계동)",정상,0000,01,0629715500,185409.340966465    ,190273.845588796    ,광주광역시 광산구 월계동 ***-* ,2018-06-26 17:19:00
3640000,364000001320200001,2020-10-13,,영업/정상,,,,,70,,34522,주식회사씨앤비,I,L00,2026-05-08 22:37:53,"대전광역시 동구 새울로 **, 동일목공소 (용운동)",정상,0000,01,,241462.004270054    ,313798.328783094    ,대전광역시 동구 용운동 ***-* ,2020-10-13 14:40:35
3640000,364000001320210001,2021-06-25,,영업/정상,,,,,0,,34706,제일상사,I,000,2026-05-08 22:37:54,"대전광역시 동구 석천로 **-*, *층 (낭월동)",정상,0000,01,,242046.412828943    ,308393.927675448    ,대전광역시 동구 낭월동 *** ,2021-06-25 11:19:02
3640000,364000001320220001,2022-05-13,,영업/정상,,,,,,,34681,홈플러스 대전가오점,I,L00,2026-05-08 22:37:54,"대전광역시 동구 은어송로 **, 패션아일랜드 지하*층 (가오동)",정상,0000,01,0422818100,241064.767614979    ,311893.45796323     ,대전광역시 동구 가오동 *** 패션아일랜드 ,2022-05-13 15:10:24
3640000,364000001320240001,2024-05-24,,폐업,2025-05-09,,,,20,,34703,TSA,I,000,2026-05-08 22:37:55,대전광역시 동구 산내로 ****-** (낭월동),폐업,0002,03,,242040.256385368    ,309029.682455382    ,대전광역시 동구 낭월동 **-* ,2025-05-09 15:47:33
3640000,364000001320220002,2022-05-16,,폐업,2022-10-25,,,,,,34549,홈플러스 동대전점,I,L00,2026-05-08 22:37:54,"대전광역시 동구 한밭대로 ****, (주)홈플러스 (주)동대전점 지하 *층 (용전동)",폐업,0002,03,0426088122,239185.900858619    ,317088.412646934    ,대전광역시 동구 용전동 **-* (주)홈플러스 (주)동대전점 ,2022-10-25 10:52:46
3640000,364000001320220003,2022-05-19,,폐업,2023-11-17,,,,757,,34526,(주)이마트에브리데이 용방점,I,L00,2026-05-08 22:37:54,"대전광역시 동구 계족로***번길 ***, 덕림코아빌딩 *층 ***호,***호 (용운동)",폐업,0002,03,0427162661,240750.46513665     ,314288.284698506    ,대전광역시 동구 용운동 *** 덕림코아빌딩 ,2023-11-17 08:40:44
3640000,364000001320220004,2022-10-07,,영업/정상,,,,,,,34551,(주)이마트 대전터미널점 몰리스샵,I,L00,2026-05-08 22:37:55,"대전광역시 동구 동서대로 ****, 대전복합터미널(서관) *층 (용전동)",정상,0000,01,0426151234,239122.638390937    ,316705.693668735    ,서울특별시 중구 순화동 **-* 대전복합터미널(서관) ,2024-04-14 10:17:14
3650000,365000001320210001,2021-04-15,,영업/정상,,,,,,,34973,랩 아이디,I,000,2026-05-10 22:59:07,"대전광역시 중구 계백로****번길 *, 프린스빌 ***호 (유천동)",정상,0000,01,0423457150,235555.464477231    ,313030.946492811    ,대전광역시 중구 유천동 ***-* ***호,2023-01-10 10:17:06
3650000,365000001320220001,2022-05-18,,휴업,,2026-02-12,2027-02-12,,,,34956,홈플러스 문화점,I,L00,2026-05-10 22:59:07,"대전광역시 중구 계백로 ****, 홈플러스데스콤㈜문화점 (문화동)",휴업,0001,02,0426088014,236541.282086201    ,313349.96682002     ,서울특별시 강서구 등촌동 *-** 홈플러스데스콤㈜문화점 ,2026-02-12 10:22:49
3650000,365000001320230001,2023-12-05,,영업/정상,,,,,,,35041,송림메디칼 주식회사,I,L00,2026-05-10 22:59:07,"대전광역시 중구 충무로 **, *층 (대흥동)",정상,0000,01,0422558080,237581.700839388    ,313112.42913469     ,대전광역시 중구 대흥동 ***-** ,2023-12-05 16:05:20
3650000,365000001320230002,2023-12-05,,영업/정상,,,,,,,35041,성강의료기,I,000,2026-05-10 22:59:07,"대전광역시 중구 충무로 **, *층 (대흥동)",정상,0000,01,0422558087,237581.700839388    ,313112.42913469     ,대전광역시 중구 대흥동 ***-** ,2023-12-05 16:06:03
3650000,365000001320240001,2024-01-12,,영업/정상,,,,,,,35041,에스에이메디칼,I,000,2026-05-10 22:59:07,"대전광역시 중구 충무로 **, *층 (대흥동)",정상,0000,01,0422556008,237581.700839388    ,313112.42913469     ,대전광역시 중구 대흥동 ***-** ,2024-01-12 16:02:35
3650000,365000001320260001,2026-04-09,,영업/정상,,,,,,,34941,백제동물약품 주식회사,I,L00,2026-05-10 22:59:07,"대전광역시 중구 보문로 ***, *층 (대흥동)",정상,0000,01,0423318008,237851.06156774     ,313781.005215225    ,대전광역시 중구 대흥동 ***-** ,2026-04-10 11:31:17
3650000,365000001320130001,2013-02-21,,폐업,2023-12-26,,,,112.53,,34925,(주)퀀텀마이크로칩,I,L00,2026-05-10 22:59:07,대전광역시 중구 대종로 *** (대흥동),폐업,0002,03,0425364600,238348.920150034    ,313967.871535327    ,대전광역시 중구 대흥동 ***-* ,2023-12-26 16:11:11
3650000,365000001320240002,2024-07-22,,폐업,2025-02-27,,,,,,34827,주식회사 맥스바이오텍,I,000,2026-05-10 22:59:07,"대전광역시 중구 계룡로 ***, *층 (용두동)",폐업,0002,03,0422558288,236229.014270335    ,314395.04309264     ,대전광역시 중구 용두동 ***-* ,2025-02-28 17:24:39
3660000,366000001320190003,2019-10-10,,폐업,2020-01-23,,,,,,35360,(주)웰펫컴퍼니,I,L00,2026-05-07 22:35:41,"대전광역시 서구 도안남로 ***, ***호 (관저동)",폐업,0002,03,,230158.095945346    ,311623.234378138    ,대전광역시 서구 관저동 **** ***호,2020-01-23 17:46:09
3660000,366000001320190002,2019-05-02,,폐업,2024-01-02,,,,,,35269,청운메디칼,I,000,2026-05-07 22:35:41,"대전광역시 서구 괴정로 **-**, *층 (괴정동)",폐업,0002,03,0425228781,234469.175876698    ,315524.852741281    ,대전광역시 서구 괴정동 **-* ,2024-01-02 16:33:47
3660000,366000001320240002,2024-03-15,,영업/정상,,,,,,,35389,한암사이언스,I,000,2026-05-07 22:35:41,대전광역시 서구 벌곡로****번길 ** (가수원동),정상,0000,01,0425510145,231535.991128744    ,311195.890756618    ,대전광역시 서구 가수원동 ***-* ,2024-03-19 10:05:20
3660000,366000001320220001,2022-02-08,,폐업,2024-03-19,,,,,,35382,지에스25관저마치점,I,000,2026-05-07 22:35:41,"대전광역시 서구 구봉로***번길 **, ***호 (관저동)",폐업,0002,03,0425424316,230216.210510012    ,310761.939906107    ,대전광역시 서구 관저동 **** ,2024-03-20 09:11:05
3660000,366000001320220002,2022-05-20,,폐업,2023-03-13,,,,,,35384,(주)이마트에브리데이 관저효성점,I,L00,2026-05-07 22:35:41,"대전광역시 서구 관저동로 **, 상가동 ***, ***, ***, ***, ***호 (관저동, 관저지구 효성해링턴 플레이스)",폐업,0002,03,0427101141,230612.9550918      ,310313.882756221    ,대전광역시 서구 관저동 **** 관저지구 효성해링턴 플레이스 ,2023-03-13 12:53:53
3660000,366000001320220003,2022-05-23,,폐업,2023-11-09,,,,,,35245,(주)이마트에브리데이대전둔산점,I,L00,2026-05-07 22:35:41,"대전광역시 서구 둔산로 ***, 유치원동 (둔산동, 국화아파트)",폐업,0002,03,,235601.966296401    ,317086.727396939    ,대전광역시 서구 둔산동 **** 국화아파트 ,2023-11-09 14:35:23
3660000,366000001320240003,2024-04-17,,폐업,2025-03-14,,,,,,35322,365변동매일약국,I,000,2026-05-07 22:35:41,"대전광역시 서구 도산로 ***, *층 (변동)",폐업,0002,03,,233918.901081737    ,313842.90527272     ,대전광역시 서구 변동 **-* ,2025-03-14 17:46:56
3660000,366000001320240001,2024-01-10,,영업/정상,,,,,,,35269,제국유통,I,000,2026-05-07 22:35:41,대전광역시 서구 계룡로 *** (괴정동),정상,0000,01,,234598.879648004    ,315773.839429919    ,대전광역시 서구 괴정동 *-* ,2024-01-10 11:16:58
3660000,366000001320230001,2023-07-25,,영업/정상,,,,,,,35229,(주)휴로믹스,I,L00,2026-05-07 22:35:41,"대전광역시 서구 대덕대로***번길 **, 대전둔산빌딩 ***-*호 (둔산동)",정상,0000,01,,233881.870161201    ,317140.287699436    ,대전광역시 서구 둔산동 **** 대전둔산빌딩 ,2024-01-02 16:19:54
3660000,366000001320220004,2022-09-29,,영업/정상,,,,,,,35229,(주)이마트 둔산점,I,L00,2026-05-07 22:35:41,"대전광역시 서구 둔산북로 **, 대전둔산이마트 (둔산동)",정상,0000,01,,233873.025973088    ,317345.757178114    ,서울특별시 강남구 역삼동 ***-* 대전둔산이마트 ,2024-05-03 13:29:56
3660000,366000001320200001,2020-01-29,,폐업,2026-04-13,,,,,,35360,개냥이아울렛,I,000,2026-05-07 22:35:41,"대전광역시 서구 도안남로 ***, *층 (관저동)",폐업,0002,03,,230158.095945346    ,311623.234378138    ,대전광역시 서구 관저동 **** ,2026-04-14 13:48:54
3660000,366000001320170001,2017-02-23,,영업/정상,,,,,,,35257,메디벳,I,000,2026-05-07 22:35:41,"대전광역시 서구 탄방로 **-**, *층 ***호 (탄방동, 그린빌리지)",정상,0000,01,05052770075,235162.740928861    ,315905.146292184    ,대전광역시 서구 탄방동 **-* ***호,2017-02-23 17:20:15
3660000,366000001320150001,2015-03-02,,영업/정상,,,,,46.98,,35393,(주)중문티에스엘,I,L00,2026-05-07 22:35:41,"대전광역시 서구 정림서로 ***, ***호 (정림동)",정상,0000,01,,232502.335822562    ,311755.266598595    ,대전광역시 서구 정림동 ,2015-03-02 14:12:49
3660000,366000001320260001,2026-01-21,,영업/정상,,,,,,,35263,엑시토(EXITO),I,000,2026-05-07 22:35:41,"대전광역시 서구 문정로**번길 **, *동 ***-***호 (탄방동)",정상,0000,01,,234821.704261868    ,315967.139177779    ,대전광역시 서구 탄방동 *** ,2026-01-21 17:19:56
3660000,366000001320240004,2024-08-07,,영업/정상,,,,,,,35213,리드독,I,000,2026-05-07 22:35:41,"대전광역시 서구 대덕대로***번길 **, *층 (월평동)",정상,0000,01,,233883.000923798    ,318056.900890581    ,대전광역시 서구 월평동 *** ,2024-08-07 09:33:30
3660000,366000001320260003,2026-04-14,,영업/정상,,,,,,,35233,예보니,I,000,2026-05-07 22:35:41,"대전광역시 서구 둔산로 **, ***동 ***호 (둔산동)",정상,0000,01,,234126.024020597    ,316816.452916963    ,대전광역시 서구 둔산동 **** ,2026-04-14 16:01:10
3660000,366000001320260002,2026-04-02,,영업/정상,,,,,,,35233,닥터하루,I,000,2026-05-07 22:35:41,"대전광역시 서구 대덕대로***번길 **, 둔산의아침 *동 *층 ***호 (둔산동)",정상,0000,01,,234091.006281684    ,317140.384577535    ,대전광역시 서구 둔산동 **** 둔산의아침 ,2026-04-02 14:03:30
3660000,366000001320040001,2004-01-30,,폐업,2005-10-28,,,,11.9,,,애니메드(ANIMED),I,000,2026-05-07 22:35:41,,폐업,0002,03,,,,대전광역시 서구 괴정동 ***-**번지 ,2005-10-28 13:49:14
3660000,366000001320190001,2019-01-14,,폐업,2021-05-06,,,,9.03,,35248,비오케이 인터네셔널,I,000,2026-05-07 22:35:41,"대전광역시 서구 둔산로 ***, B**호 (둔산동, 크로바아파트)",폐업,0002,03,,235181.384287654    ,316915.300561674    ,대전광역시 서구 둔산동 **** 크로바아파트 B**호,2021-05-07 09:31:25
3670000,367000001320210002,2021-11-25,,영업/정상,,,,,33,,34156,(주)이백과학,I,000,2026-05-08 22:48:34,대전광역시 유성구 박산로 **(구암동),정상,0000,01,,228552.468078117    ,317060.388737732    ,대전광역시 유성구 구암동 ***-* ,2021-11-25 12:21:44
3670000,367000001320260001,2026-03-20,,영업/정상,,,,,,,34186,바이오소네트,I,000,2026-05-08 22:48:36,"대전광역시 유성구 대학로 **, 홍인오피스텔 **층 ****호 (봉명동)",정상,0000,01,0428252603,230708.971028793    ,317316.975838667    ,대전광역시 유성구 봉명동 ***-* 홍인오피스텔 ,2026-03-20 17:06:13
3670000,367000001320220003,2022-06-02,,영업/정상,,,,,25.75,,34135,병현바이오텍,I,000,2026-05-08 22:48:35,"대전광역시 유성구 유성대로***번길 **, 하늘마당 *동 (장대동)",정상,0000,01,0424871801,230234.344524236    ,318297.763683421    ,대전광역시 유성구 장대동 ***-* 하늘마당 ,2022-06-02 13:55:51
3670000,367000001320220004,2022-10-07,,영업/정상,,,,,,,34016,(주)인트론바이오테크놀로지,I,L00,2026-05-08 22:48:35,"대전광역시 유성구 테크노*로 **, 한신에스메카 ***호 (관평동)",정상,0000,01,0423300917,234968.933701246    ,325442.543051499    ,대전광역시 유성구 관평동 **** 한신에스메카 ,2022-10-07 13:07:31
3670000,367000001320230001,2023-05-18,,영업/정상,,,,,,,34184,홈플러스 유성점,I,L00,2026-05-08 22:48:35,"대전광역시 유성구 한밭대로 ***, 홈플러스유성점 (봉명동)",정상,0000,01,,185988.805480524    ,450711.502393824    ,서울특별시 강서구 등촌동 *** 홈플러스유성점 ,2024-02-28 13:05:46
3670000,367000001320230002,2023-11-21,,영업/정상,,,,,138.35,,34046,펫케아,I,000,2026-05-08 22:48:35,"대전광역시 유성구 유성대로****번길 **, *층 (전민동)",정상,0000,01,05014868867,235558.095477071    ,322264.734985377    ,대전광역시 유성구 전민동 ***-** ,2023-11-21 09:32:29
3670000,367000001320210001,2021-05-13,,영업/정상,,,,,,,34167,주식회사 블루젠,I,000,2026-05-08 22:48:34,대전광역시 유성구 대학로**번길 ** (궁동),정상,0000,01,,230549.575756087    ,317784.413876236    ,대전광역시 유성구 궁동 ***-* ,2021-05-13 16:37:27
3670000,367000001320200004,2020-11-04,,영업/정상,,,,,,,34210,주식회사 록산,I,L00,2026-05-08 22:48:33,대전광역시 유성구 학하복용서로 ** (학하동),정상,0000,01,,227734.507111728    ,315621.175187925    ,대전광역시 유성구 학하동 ***-* ,2020-11-04 13:41:45
3670000,367000001320200003,2020-10-05,,영업/정상,,,,,160.68,,34025,닥터아이앤비(주),I,L00,2026-05-08 22:48:32,"대전광역시 유성구 테크노*로 ***, 미건테크노월드 (용산동)",정상,0000,01,,236442.177286356    ,324782.275906114    ,대전광역시 유성구 용산동 *** 미건테크노월드*차 ***호 ,2020-10-05 16:58:02
3670000,367000001320200002,2020-06-18,,영업/정상,,,,,,,34025,닥터아이앤비(주),I,L00,2026-05-08 22:48:32,"대전광역시 유성구 테크노*로 ***, 미건테크노월드 (용산동)",정상,0000,01,,236442.177286356    ,324782.275906114    ,대전광역시 유성구 용산동 *** 미건테크노월드 *차 ***호 ,2020-06-18 09:37:00
3670000,367000001320200001,2020-01-08,,영업/정상,,,,,15.66,,34183,프라임메디텍,I,000,2026-05-08 22:48:32,"대전광역시 유성구 대학로**번길 **, 성지빌딩 *층 (궁동)",정상,0000,01,0428267873,231190.825316873    ,317737.461674703    ,대전광역시 유성구 궁동 ***-* 성지빌딩 *층 ,2020-01-08 11:14:55
3670000,367000001320190002,2019-07-12,,영업/정상,,,,,3.15,,34167,고마바이오텍 대전지점,I,L00,2026-05-08 22:48:32,"대전광역시 유성구 대학로**번길 **, ***호 (궁동)",정상,0000,01,0428287745,230702.969988167    ,317958.586551119    ,대전광역시 유성구 궁동 ***-* ,2022-03-25 17:43:42
3670000,367000001320190001,2019-02-13,,영업/정상,,,,,16.84,,34025,바이메딕,I,000,2026-05-08 22:48:32,"대전광역시 유성구 테크노*로 ***, 미건테크노월드 ***호 (용산동)",정상,0000,01,0427165119,236354.204034123    ,324857.758709961    ,대전광역시 유성구 용산동 ***-* 미건테크노월드 ***호,2019-02-13 16:13:11
3670000,367000001320140001,2014-02-03,,영업/정상,,,,,7.16,,34016,다스림코퍼레이션,I,000,2026-05-08 22:48:31,"대전광역시 유성구 테크노*로 **, 대덕테크노벨리 디티비안더블유 오피스텔 ***호 (관평동)",정상,0000,01,0428226763,234849.327938227    ,325514.760371605    ,대전광역시 유성구 관평동 **** 대덕테크노벨리 디티비안더블유 오피스텔 ***호,2019-04-22 12:58:32
3670000,367000001320120001,2012-11-07,,영업/정상,,,,,22.09,,34025,이지건테크,I,000,2026-05-08 22:48:31,"대전광역시 유성구 테크노*로 ***, ***호 (용산동, 미건테크노월드 *차)",정상,0000,01,,236354.204034123    ,324857.758709961    ,대전광역시 유성구 용산동 ***-* 미건테크노월드 *차 ***호,2012-11-07 13:00:24
3670000,367000001320050002,2005-08-11,,영업/정상,,,,,20,,34218,애니메드(ANIMED),I,000,2026-05-08 22:48:31,"대전광역시 유성구 용계로 ***-**, *동 ***호 (용계동, 해송빌라)",정상,0000,01,,229098.422268122    ,313944.129879007    ,대전광역시 유성구 용계동 ***-* 해송빌라 *동 ***호,2014-12-23 19:01:58
3670000,367000001320050001,2005-07-25,,폐업,2014-01-16,,,,37.1,,,다스림,I,000,2026-05-08 22:48:31,,폐업,0002,03,,231813.822654446    ,317930.80635951     ,대전광역시 유성구 어은동 ***-** ,2014-01-17 13:04:41
3670000,367000001320220002,2022-05-18,,폐업,2024-08-21,,,,,,34219,홈플러스(주)서대전점,I,L00,2026-05-08 22:48:35,"대전광역시 유성구 대정로 **, 홈플러스서대전점 *층 (대정동)",폐업,0002,03,0425408000,228575.260565526    ,312601.12043091     ,서울특별시 강서구 등촌동 ***-* 홈플러스서대전점 ,2024-08-21 16:44:54
3670000,367000001320250002,2025-09-24,,영업/정상,,,,,,,34068,한마음,I,000,2026-05-08 22:48:36,"대전광역시 유성구 반석로 *, 애니빌프라자 *층 ***-A**호 (반석동)",정상,0000,01,04282533568,228088.009976584    ,321234.470706361    ,대전광역시 유성구 반석동 ***-* 애니빌프라자 ,2025-10-28 09:55:31
3670000,367000001320250001,2025-01-22,,영업/정상,,,,,,,34127,주식회사 케이바이오랩스 대전지점,I,L00,2026-05-08 22:48:36,"대전광역시 유성구 죽동로***번길 **, ***호 (죽동)",정상,0000,01,,230341.372087081    ,318936.25344544     ,서울특별시 강동구 암사동 ***-* ,2026-04-20 09:45:33
3670000,367000001320260002,2026-06-24,,영업/정상,,,,,,,34183,비드메디,I,000,2026-06-25 22:02:20,"대전광역시 유성구 대학로 **, *층 ***호 (궁동)",정상,0000,01,07089497487,230860.821978306    ,317814.881361424    ,대전광역시 유성구 궁동 ***-* ,2026-06-24 11:30:12
3670000,367000001320240002,2024-07-09,,영업/정상,,,,,2.7,,34037,디케이에스에이치코리아(주) 중부지점,I,L00,2026-05-08 22:48:36,"대전광역시 유성구 갑천로 ***-**, ***호 (탑립동)",정상,0000,01,0429315990,,,서울특별시 서초구 서초동 ***-* ,2026-04-07 10:20:32
3670000,367000001320240001,2024-07-03,,영업/정상,,,,,3.3,,34086,박상 주식회사,I,L00,2026-05-08 22:48:35,"대전광역시 유성구 은구비남로**번길 **-*, 양지빌딩 ****호 (지족동)",정상,0000,01,0707701617,228544.008863506    ,319177.997217091    ,대전광역시 유성구 지족동 ***-* 양지빌딩 ,2024-08-29 09:37:57
3670000,367000001320220001,2022-02-25,,영업/정상,,,,,,,34073,(주)미래에스티씨,I,L00,2026-05-08 22:48:34,"대전광역시 유성구 지족로 ***, 대풍빌딩 *층 (지족동)",정상,0000,01,0428229801,227685.704313843    ,320786.924027175    ,대전광역시 유성구 지족동 ****-* 대풍빌딩 ,2022-02-25 09:35:53
3680000,368000001320260001,2026-04-16,,영업/정상,,,,,22.85,,34368,주식회사 대한랩서비스,I,L00,2026-05-11 22:40:04,"대전광역시 대덕구 대화로 ***, 산업용재유통상가 (대화동)",정상,0000,01,07050201580,236019.893489066    ,318423.179224484    ,대전광역시 대덕구 대화동 ***-* 산업용재유통상가 *동 ***호,2026-04-16 11:59:45
3680000,368000001320240001,2024-12-02,,영업/정상,,,,,,,34324,주식회사 지노랩,I,L00,2026-05-11 22:40:04,"대전광역시 대덕구 신일동로**번길 *, 테크노시티 *층 ***호 (신일동)",정상,0000,01,0429313339,236331.687820294    ,327091.022447783    ,대전광역시 대덕구 신일동 ****-** 테크노시티 ,2024-12-02 09:40:44
3680000,368000001320230001,2023-04-06,,영업/정상,,,,,,,34406,(주)티에스글로벌 대덕지점,I,L00,2026-05-11 22:40:04,"대전광역시 대덕구 계족로***번길 *-*, 대덕지점 ***호 (법동)",정상,0000,01,,238642.455          ,318374.88           ,대전광역시 대덕구 법동 ***-* ,2023-04-06 16:23:59
3680000,368000001320210001,2021-12-14,,영업/정상,,,,,1155,,34369,(주)팀삼층,I,L00,2026-05-11 22:40:03,"대전광역시 대덕구 대화로***번길 **, 엘지이아이 *동 *층 (대화동)",정상,0000,01,0428640308,236329.463717192    ,318182.970216163    ,대전광역시 대덕구 대화동 ***-* 엘지이아이 ,2021-12-15 17:23:14
3680000,368000001320190002,2019-05-09,,영업/정상,,,,,59.07,,34368,유니온과학,I,000,2026-05-11 22:40:03,"대전광역시 대덕구 대화로 ***, 산업용재유통상가 *동 ***호 (대화동)",정상,0000,01,0426706223,236019.893489066    ,318423.179224484    ,대전광역시 대덕구 대화동 ***-* 산업용재유통상가 ,2019-05-09 13:45:32
3680000,368000001320190001,2019-05-09,,영업/정상,,,,,23,,34368,주식회사 에스에이치진,I,000,2026-05-11 22:40:03,"대전광역시 대덕구 대화로 ***, 산업용재유통상가 **동 ***호 (대화동)",정상,0000,01,,236019.893489066    ,318423.179224484    ,대전광역시 대덕구 대화동 ***-* 산업용재유통상가 ,2019-05-09 13:33:14
3680000,368000001320220002,2022-05-20,,폐업,2023-11-15,,,,3843.94,,34308,(주)이마트에브리데이신탄진점,I,L00,2026-05-11 22:40:03,"대전광역시 대덕구 대청로 **, L마트 (신탄진동)",폐업,0002,03,0427162341,238937.068223097    ,328061.553195894    ,대전광역시 대덕구 신탄진동 **-* L마트 ,2023-11-15 11:32:13
3680000,368000001320170001,2017-07-13,,영업/정상,,,,,72,,34419,피엠아이,I,000,2026-05-11 22:40:03,"대전광역시 대덕구 동서대로****번길 ** (비래동, 동부맨션아파트)",정상,0000,01,,239880.913511985    ,316804.0120025      ,대전광역시 대덕구 비래동 ***-* ,2017-07-13 15:23:03
3680000,368000001320220001,2022-05-20,,폐업,2023-11-09,,,,,,34398,(주)이마트에브리데이 법동점,I,L00,2026-05-11 22:40:03,"대전광역시 대덕구 동춘당로 ***, 상가동 지하*층층 **호 (법동, 보람아파트)",폐업,0002,03,0426393001,238615.460305821    ,318775.123985077    ,대전광역시 대덕구 법동 ***-* 보람아파트 ,2023-11-09 10:38:09
3680000,368000001320180001,2018-04-19,,폐업,2024-02-23,,,,25.11,,34368,비엠티,I,000,2026-05-11 22:40:03,"대전광역시 대덕구 대화로 ***, 산업용재유통상가 지원*동 ***호 (대화동)",폐업,0002,03,,236019.893489066    ,318423.179224484    ,대전광역시 대덕구 대화동 ***-* 산업용재유통상가 ,2024-02-23 14:19:46
3690000,369000001320230001,2023-06-13,,영업/정상,,,,,,,44401,주식회사 미래디앤씨,I,L00,2026-05-11 22:32:36,"울산광역시 중구 다운로 ***, ***동 *층 *호 (다운동, 다운 동아 큰마을아파트)",정상,0000,01,0522582890,405344.051338259    ,232265.268145692    ,울산광역시 중구 다운동 *** 다운 동아 큰마을아파트 ,2023-06-13 10:08:52
3690000,369000001320220002,2022-05-19,,영업/정상,,,,,,,44478,홈플러스 울산점,I,L00,2026-05-11 22:32:36,"울산광역시 중구 번영로 ***, 홈플러스울산점 (복산동)",정상,0000,01,0527028180,411601.338446216    ,231915.243733168    ,울산광역시 중구 복산동 *** 홈플러스울산점 ,2024-02-26 10:16:29
3690000,369000001320220001,2022-02-22,,영업/정상,,,,,,,44422,이마트24,I,000,2026-05-11 22:32:35,울산광역시 중구 함월**길 **(성안동),정상,0000,01,,409443.258038434    ,233134.372037295    ,울산광역시 중구 성안동 ***-* ,2022-02-22 14:04:09
3690000,369000001320230002,2023-11-30,,영업/정상,,,,,,,44489,(주)대흥케미칼,I,L00,2026-05-11 22:32:37,"울산광역시 중구 고복수길 *-*, 대흥케미칼 (서동)",정상,0000,01,0522696868,412568.785443157    ,232915.448604179    ,울산광역시 중구 서동 *** ,2023-12-05 11:17:37
3690000,369000001320240001,2024-02-27,,영업/정상,,,,,167,,44489,케미 큐,I,000,2026-05-11 22:32:37,"울산광역시 중구 고복수길 *-*, *호 (서동)",정상,0000,01,0522755060,412568.785443157    ,232915.448604179    ,울산광역시 중구 서동 *** ,2024-03-12 09:11:47
3690000,369000001320250001,2025-02-19,,영업/정상,,,,,60,,44481,이레상사,I,000,2026-05-11 22:32:37,"울산광역시 중구 북부순환도로 ***, *동 (서동)",정상,0000,01,,412300.897640418    ,233689.28925299     ,울산광역시 중구 서동 **-* ,2025-02-19 09:05:55
3700000,370000001320230001,2023-01-06,,폐업,2026-02-03,,,,,,44717,태현기업,I,000,2026-05-06 22:32:33,"울산광역시 남구 갈밭로 **, 울산산업공구월드 ***호 (삼산동)",폐업,0002,03,,412441.258419848    ,228752.950654464    ,울산광역시 남구 삼산동 ****-* 울산산업공구월드 ,2026-02-04 10:16:41
3700000,370000001320220003,2022-04-06,,폐업,2023-12-27,,,,,,44632,지비솔루션(GbSolution),I,000,2026-05-06 22:32:32,"울산광역시 남구 북부순환도로 **, 남운프라자 (무거동)",폐업,0002,03,,405350.026689644    ,230358.13650598     ,울산광역시 남구 무거동 ***-** 남운프라자 ,2024-01-05 15:04:57
3700000,370000001320250001,2025-10-29,,영업/정상,,,,,72.7,,44715,텐텐(1010),I,000,2026-05-06 22:32:33,"울산광역시 남구 화합로***번길 *, *층 (삼산동)",정상,0000,01,,412264.590741721    ,228837.207827779    ,울산광역시 남구 삼산동 ****-* ,2025-10-29 15:45:06
3700000,370000001320240001,2024-06-11,,영업/정상,,,,,,,44715,원테크,I,000,2026-05-06 22:32:33,울산광역시 남구 화합로***번길 * (삼산동),정상,0000,01,,412264.590741721    ,228837.207827779    ,울산광역시 남구 삼산동 ****-* ,2024-06-11 09:44:37
3700000,370000001320220005,2022-05-12,,휴업,,2026-02-11,2026-12-31,,,,44750,홈플러스(주) 울산남구점,I,L00,2026-05-06 22:32:32,"울산광역시 남구 수암로 ***, 삼성테스코홈플러스 울산남구점 (야음동)",휴업,0001,02,0527028005,410624.959296763    ,227668.041604165    ,서울특별시 강서구 등촌동 ***-** 삼성테스코홈플러스 울산남구점 ,2026-02-11 14:12:31
3700000,370000001320220002,2022-02-16,,영업/정상,,,,,,,44763,CU울산야음캐슬점,I,000,2026-05-06 22:32:32,"울산광역시 남구 신선로 **, ***호 (야음동, 롯데캐슬*단지아파트)",정상,0000,01,,410251.452468544    ,227045.406436382    ,울산광역시 남구 야음동 *** 롯데캐슬*단지아파트 ,2022-02-16 09:06:33
3700000,370000001320220001,2022-02-10,,영업/정상,,,,,,,44603,GS25 무거스카이점,I,000,2026-05-06 22:32:32,울산광역시 남구 장검*길 **-**(무거동),정상,0000,01,,404617.198800132    ,230445.597698378    ,울산광역시 남구 무거동 ****-* ,2022-02-10 14:06:00
3700000,370000001320210001,2021-05-02,,영업/정상,,,,,,,44713,그린메디랩,I,000,2026-05-06 22:32:32,"울산광역시 남구 화합로***번길 **, ***호 (삼산동)",정상,0000,01,0522462810,412392.240085651    ,229398.881196079    ,울산광역시 남구 삼산동 ****-* ,2021-05-10 15:16:12
3700000,370000001320200001,2020-02-04,,영업/정상,,,,,129.44,,44603,신성랩테크,I,000,2026-05-06 22:32:32,울산광역시 남구 신복로**번길 **-* (무거동),정상,0000,01,0522497570,404404.085177018    ,230284.769236475    ,울산광역시 남구 무거동 ***-** ,2020-02-04 11:43:56
3700000,370000001320190001,2019-10-25,,영업/정상,,,,,,,44736,대명과학상사,I,000,2026-05-06 22:32:32,울산광역시 남구 수암로 ***-* (야음동),정상,0000,01,0522693956,411035.125526879    ,227748.083530917    ,울산광역시 남구 야음동 ***-** ,2019-10-29 16:15:41
3700000,370000001320180003,2018-11-21,,영업/정상,,,,,,,44721,BOK애견용품,I,000,2026-05-06 22:32:31,울산광역시 남구 꽃대나리로 ** (달동),정상,0000,01,0522719207,411386.625378317    ,228437.074738113    ,울산광역시 남구 달동 ****-** ,2018-11-21 13:15:44
3700000,370000001320180002,2018-05-23,,영업/정상,,,,,,,44762,주식회사 한백기업,I,L00,2026-05-06 22:32:31,"울산광역시 남구 산업로***번길 **-*, *층 (여천동)",정상,0000,01,0522277424,412584.373828267    ,227922.116445709    ,울산광역시 남구 여천동 **** ,2021-01-19 16:16:03
3700000,370000001320220004,2022-04-27,,폐업,2023-12-28,,,,,,44603,중앙과학,I,000,2026-05-06 22:32:32,울산광역시 남구 신복로**번길 **-*(무거동),폐업,0002,03,,404404.085177018    ,230284.769236475    ,울산광역시 남구 무거동 ***-** ,2023-12-28 13:47:57
3700000,370000001320220006,2022-05-18,,폐업,2023-11-07,,,,,,44600,(주)이마트에브리데이 울산무거점,I,L00,2026-05-06 22:32:32,"울산광역시 남구 신복로**번길 **-*, *층 (무거동)",폐업,0002,03,0527072600,404402.098894167    ,230368.574525896    ,울산광역시 남구 무거동 ****-* ,2023-11-07 18:06:05
3700000,370000001320220007,2022-05-18,,폐업,2023-11-10,,,,,,44733,(주)이마트에브리데이 울산야음점,I,L00,2026-05-06 22:32:33,"울산광역시 남구 대암로 **, 신정현대프라자 ***동 B층 ***호 (야음동)",폐업,0002,03,0527160005,410714.093301743    ,228155.503271096    ,울산광역시 남구 야음동 ***-* 신정현대프라자 ,2023-11-10 16:48:20
3700000,370000001320220008,2022-06-14,,폐업,2023-11-29,,,,,,44739,(주)대흥케미칼,I,000,2026-05-06 22:32:33,울산광역시 남구 수암로***번길 **-**(신정동),폐업,0002,03,,410434.619700667    ,228037.115619298    ,울산광역시 남구 신정동 ***-*** ,2023-11-29 16:51:57
3700000,370000001320180001,2018-05-23,,영업/정상,,,,,,,44762,(주)부경럭키,I,L00,2026-05-06 22:32:31,울산광역시 남구 산업로***번길 **-* (여천동),정상,0000,01,0522683342,412584.373828267    ,227922.116445709    ,울산광역시 남구 여천동 **** ,2018-05-23 10:01:08
3710000,371000001320250001,2025-03-25,,영업/정상,,,,,,,44079,메디세이프,I,000,2026-05-11 22:32:33,"울산광역시 동구 월봉*길 *, *층 (화정동)",정상,0000,01,,419582.716407673    ,224321.8842032      ,울산광역시 동구 화정동 ***-** ,2025-03-25 17:02:55
3710000,371000001320220001,2022-05-18,,영업/정상,,,,,,,44068,홈플러스주식회사 울산동구점,I,L00,2026-05-11 22:32:33,"울산광역시 동구 방어진순환도로 ***, 홈플러스 (일산동)",정상,0000,01,0527028066,420194.506233977    ,224850.32369301     ,울산광역시 동구 일산동 ***-* 홈플러스 ,2024-02-27 11:48:55
3710000,371000001320210001,2021-05-17,,영업/정상,,,,,,,44059,폴리파크 울산 동구점,I,000,2026-05-11 22:32:33,"울산광역시 동구 등대로 **, ***호 (방어동)",정상,0000,01,0522011600,420224.377280092    ,224071.633619497    ,울산광역시 동구 방어동 **-* ,2021-05-17 14:32:22
3720000,372000001320220001,2022-05-17,,휴업,,2025-12-28,2035-12-27,,,,44209,홈플러스(주) 울산북구점,I,L00,2026-05-07 22:32:35,"울산광역시 북구 신답로 **, 홈플러스 (상안동)",휴업,0001,02,0522932080,412349.300490111    ,239222.450142668    ,울산광역시 북구 상안동 ***-* 홈플러스 ,2025-12-24 16:20:51
3720000,372000001320230001,2023-08-25,,영업/정상,,,,,40,,44223,견생냥품 무인 24시 울산 매곡점,I,000,2026-05-07 22:32:35,"울산광역시 북구 괴정*길 ***-*, *층 ***호 (매곡동)",정상,0000,01,,413464.344738402    ,240712.116099345    ,울산광역시 북구 매곡동 ***-** ,2023-08-25 11:30:28
3720000,372000001320240001,2024-03-25,,영업/정상,,,,,,,44248,오일테크,I,000,2026-05-07 22:32:35,"울산광역시 북구 진장유통로 **, 진장디플렉스 *층 ****호 (진장동)",정상,0000,01,,413726.417438045    ,232770.876692856    ,울산광역시 북구 진장동 ***-* 진장디플렉스 ,2024-03-25 15:56:57
3730000,373000001320200001,2020-02-10,,영업/정상,,,,,,,44985,(주)동신화공,I,L00,2026-05-11 22:32:35,"울산광역시 울주군 청량읍 상남*길 **-**, (주)현대시스템",정상,0000,01,0522743325,409329.432882127    ,222790.233589745    ,울산광역시 울주군 청량읍 상남리 ***-* (주)현대시스템 ,2020-02-10 16:34:47
3730000,373000001320250001,2025-03-20,,영업/정상,,,,,20.7,,44945,로움상사,I,000,2026-05-11 22:32:37,"울산광역시 울주군 언양읍 방천*길 **, *층",정상,0000,01,,391681.792557245    ,231699.325700291    ,울산광역시 울주군 언양읍 서부리 ***-* ,2025-03-20 16:19:50
3730000,373000001320210001,2021-12-01,,취소/말소/만료/정지/중지,,,,,,,44923,라온제이,I,000,2026-05-11 22:32:35,울산광역시 울주군 범서읍 점촌*길 **,말소,0004,04,,403156.454286046    ,232352.38437737     ,울산광역시 울주군 범서읍 구영리 ***-* ,2021-12-05 10:55:42
3730000,373000001320240001,2024-06-14,,영업/정상,,,,,,,44951,(주)호가,I,000,2026-05-11 22:32:36,"울산광역시 울주군 삼남읍 도호*길 **, 울산골드테라스타워",정상,0000,01,0522642555,394185.009848601    ,229709.461630345    ,울산광역시 울주군 삼남읍 신화리 ****-* 울산골드테라스타워 ,2024-06-14 10:18:10
3730000,373000001320220001,2022-05-19,,폐업,2023-11-15,,,,,,44930,(주)이마트에브리데이 울산천상점,I,L00,2026-05-11 22:32:36,울산광역시 울주군 범서읍 천상중앙길 ***,폐업,0002,03,0527161112,401686.737941685    ,231440.104789167    ,울산광역시 울주군 범서읍 천상리 ***-* ,2023-11-15 20:28:04
3740000,374000001320210001,2021-01-20,,영업/정상,,,,,,,16570,더좋은,I,000,2025-12-15 16:15:28,"경기도 수원시 권선구 경수대로***번길 *-* (권선동, 수원캐슬)",정상,0000,01,,202005.792852056    ,417647.206104691    ,경기도 수원시 권선구 권선동 ***-* 수원캐슬 ***일부호,2021-01-20 09:14:53
3740000,374000001320220006,2022-05-23,,영업/정상,,,,,83.2,,16704,홈플러스 영통점,I,L00,2025-12-15 16:15:28,"경기도 수원시 영통구 봉영로 ****, 영통홈플러스 *층 중 일부층 (영통동)",정상,0000,01,0312018095,206365.525651714    ,416652.30156114     ,경기도 수원시 영통구 영통동 ***-* 영통홈플러스 *층 중 일부 ,2022-05-23 10:56:56
3740000,374000001320220008,2022-05-24,,영업/정상,,,,,15,,16393,홈플러스 서수원점,I,L00,2025-12-15 16:15:28,"경기도 수원시 권선구 금곡로 ***, 홈플러스 *층 중 일부층 (금곡동)",정상,0000,01,03180191000,195965.406968544    ,419154.489182672    ,경기도 수원시 권선구 금곡동 **** 홈플러스 *층 중 일부 ,2022-05-24 14:19:42
3740000,374000001320220013,2022-05-27,,영업/정상,,,,,15.5,,16463,허브 원,I,000,2025-12-15 16:15:28,"경기도 수원시 팔달구 팔달산로 *, *층 중 일부층 (교동)",정상,0000,01,0312353377,200995.763675845    ,418799.537964818    ,경기도 수원시 팔달구 교동 **-* *층 중 일부 ,2022-05-27 17:47:09
3740000,374000001320220015,2022-07-28,,영업/정상,,,,,152.64,,16607,주식회사 디에스씨알,I,L00,2025-12-15 16:15:28,"경기도 수원시 권선구 하탑로**번길 **, *층 (탑동)",정상,0000,01,0312962560,197934.319666311    ,418688.135640402    ,경기도 수원시 권선구 탑동 ***-* ,2022-07-28 14:00:41
3740000,374000001320220016,2022-09-21,,영업/정상,,,,,21.28,,16295,미소크린플러스,I,000,2025-12-15 16:15:28,"경기도 수원시 장안구 경수대로 ***, 아울렛쇼핑타운 ***호 (조원동)",정상,0000,01,,200590.511692153    ,422392.384620274    ,경기도 수원시 장안구 조원동 *** 아울렛쇼핑타운 ***호,2022-09-21 09:15:18
3740000,374000001320220017,2022-09-27,,영업/정상,,,,,119,,16226,이마트 광교점 몰리스펫샵,U,L00,2026-05-29 03:03:03,"경기도 수원시 영통구 광교로 ***, *(일부)층 (이의동)",정상,0000,01,0313289131,204159.790041271    ,421622.575799907    ,경기도 수원시 영통구 이의동 **** *(일부)층 ,2026-05-28 09:09:06
3740000,374000001320230001,2023-03-17,,영업/정상,,,,,112.84,,16408,주식회사 한결과학,I,000,2025-12-15 16:15:28,"경기도 수원시 권선구 구운중로**번길 **, *층 (구운동)",정상,0000,01,0312989004,197419.300286574    ,419325.341827121    ,경기도 수원시 권선구 구운동 ***-* ,2023-03-17 16:02:35
3740000,374000001320230002,2023-05-10,,영업/정상,,,,,22.45,,16456,GM메디칼,I,000,2026-03-12 21:32:22,"경기도 수원시 팔달구 매산로 **, 삼호골든프라자 ***호 (매산로*가)",정상,0000,01,,200456.863755217    ,418548.319004314    ,경기도 수원시 팔달구 매산로*가 **-* 삼호골든프라자 ***호,2026-03-11 09:15:55
3740000,374000001320230003,2023-05-23,,영업/정상,,,,,32.74,,16417,주식회사 라이프지노믹스,I,L00,2025-12-15 16:15:28,"경기도 수원시 장안구 서부로****번길 **-**, ***호 (율전동)",정상,0000,01,0312782643,197544.815590512    ,421729.937478433    ,경기도 수원시 장안구 율전동 ***-* ,2023-05-23 09:31:14
3740000,374000001320240001,2024-01-24,,영업/정상,,,,,64.71,,16603,(주)셀네이처,I,L00,2025-12-15 16:15:28,"경기도 수원시 권선구 탑동로**번길 **-*, ***호 (탑동, 영림빌라*차 가동)",정상,0000,01,07050146398,197461.427824345    ,418847.523289793    ,경기도 수원시 권선구 탑동 ***-* 영림빌라*차 가동 ***호,2024-08-26 17:07:47
3740000,374000001320240002,2024-11-12,,영업/정상,,,,,57.35,,16650,시온바이오,I,000,2025-12-15 16:15:28,"경기도 수원시 권선구 매송고색로 ***, *층 (고색동)",정상,0000,01,,198174.359001066    ,416500.889653696    ,경기도 수원시 권선구 고색동 ***-** ,2024-11-12 09:10:45
3740000,374000001320250001,2025-02-05,,영업/정상,,,,,5.83,,16705,유성메디칼케어,I,000,2025-12-15 16:15:28,"경기도 수원시 영통구 청명로**번길 **, 탑빌딩 *층 ***호 (영통동)",정상,0000,01,,206933.778579183    ,416452.868514752    ,경기도 수원시 영통구 영통동 ****-* 탑빌딩 ***호,2025-02-05 09:16:57
3740000,374000001320250002,2025-02-21,,영업/정상,,,,,3.4,,16479,주식회사 지메디헬스,I,L00,2025-12-15 16:15:28,"경기도 수원시 팔달구 장다리로 ***, 현대콤비타운 ***호 오피스밸리 내 **호 (인계동)",정상,0000,01,,202074.573654606    ,418228.80990094     ,경기도 수원시 팔달구 인계동 *** 현대콤비타운 ***호 오피스밸리 내 **호 ,2025-02-21 16:36:39
3740000,374000001320250003,2025-05-23,,영업/정상,,,,,,,16648,뮨라이트(Munelight),I,000,2025-12-15 16:15:28,"경기도 수원시 권선구 산업로***번길 ***-**, 수원벤처밸리∥B동 *인창조기업센터 (고색동)",정상,0000,01,,198724.168895627    ,415170.760979998    ,경기도 수원시 권선구 고색동 **** 수원벤처밸리∥B동 *인창조기업센터 ,2025-05-23 17:06:21
3740000,374000001320210002,2021-01-28,,영업/정상,,,,,,,16570,주식회사 마카롱소프트,I,L00,2025-12-15 16:15:28,"경기도 수원시 권선구 경수대로***번길 *-*, 수원캐슬 ***호 (권선동, 수원캐슬)",정상,0000,01,,202005.792852056    ,417647.206104691    ,경기도 수원시 권선구 권선동 ***-* 수원캐슬 ***호,2021-01-29 09:56:13
3740000,374000001320210004,2021-10-27,,영업/정상,,,,,152.79,,16305,유한회사 본바이오메드,I,L00,2025-12-15 16:15:28,"경기도 수원시 장안구 경수대로 ***, *층 ***호 (송죽동, 동양파라곤)",정상,0000,01,,200624.509401463    ,422215.296918572    ,경기도 수원시 장안구 송죽동 ***-* 동양파라곤 ***호,2025-07-10 16:47:52
3740000,374000001320210005,2021-11-17,,영업/정상,,,,,,,16349,주식회사 브레인테크,I,L00,2025-12-15 16:15:28,"경기도 수원시 장안구 파장로**번길 **, 동영빌딩 *층 (파장동)",정상,0000,01,,199272.205022876    ,422797.030362714    ,경기도 수원시 장안구 파장동 *** 동영빌딩 ,2021-11-17 13:52:37
3740000,374000001320220001,2022-05-20,,영업/정상,,,,,2,,16513,홈플러스 원천점,I,L00,2025-12-15 16:15:28,"경기도 수원시 영통구 중부대로 ***, 홈플러스테스코주식회사 지하*층 중 일부층 (원천동)",정상,0000,01,0312522080,205572.586871555    ,418683.704929064    ,경기도 수원시 영통구 원천동 ***-* 홈플러스테스코주식회사 지하*층 중 일부 ,2022-05-20 10:56:05
3740000,374000001320220002,2022-05-20,,영업/정상,,,,,50,,16295,홈플러스 북수원점,I,L00,2025-12-15 16:15:28,"경기도 수원시 장안구 경수대로 ***, 삼성홈플러스 *층 중 일부층 (조원동)",정상,0000,01,0312598000,200709.882380059    ,422304.072402192    ,경기도 수원시 장안구 조원동 *** 삼성홈플러스 *층 중 일부 ,2022-05-20 11:10:17
3740000,374000001320220005,2022-05-23,,휴업,,2026-05-10,2026-07-03,,85,,16490,홈플러스 동수원점,U,L00,2026-05-16 03:03:03,"경기도 수원시 팔달구 효원로 ***, 홈플러스동수원점 *층 중 일부층 (인계동)",휴업,0001,02,0312318000,202602.629959972    ,417869.723857315    ,경기도 수원시 팔달구 인계동 **** 홈플러스동수원점 *층 중 일부 ,2026-05-15 09:37:45
3740000,374000001320250004,2025-10-14,,영업/정상,,,,,,,16475,피앤티스튜디오(P&T STUDIO),I,000,2025-12-15 16:15:28,"경기도 수원시 팔달구 세지로 ***, ***동 ***호 (인계동, 인계 파밀리에)",정상,0000,01,,201942.305670572    ,418720.35220815     ,경기도 수원시 팔달구 인계동 ***-** 인계 파밀리에 ***동 ***호,2025-10-14 10:04:41
3740000,374000001320250005,2025-11-10,,영업/정상,,,,,6.26,,16334,빛나메드,U,000,2026-04-18 03:03:03,"경기도 수원시 장안구 대평로 **, 정연메이져*동 ***호 (정자동)",정상,0000,01,0315462804,199363.753036764    ,421508.111841259    ,경기도 수원시 장안구 정자동 ***-* 정연메이져*동 ***호,2026-04-17 15:23:19
3740000,374000001320250006,2025-11-13,,영업/정상,,,,,,,16705,세본,I,000,2025-12-15 16:15:28,"경기도 수원시 영통구 청명남로 **, 거성빌딩 ***,***호 (영통동)",정상,0000,01,,206621.473848068    ,416699.17507388     ,"경기도 수원시 영통구 영통동 ****-** 거성빌딩, ***,***호 ",2025-11-13 13:39:25
3740000,374000001320250007,2025-12-08,,영업/정상,,,,,,,16226,주식회사 웰스케어,I,L00,2025-12-15 16:15:28,"경기도 수원시 영통구 대학로 **, 코코프라자 *층 ***호 (이의동)",정상,0000,01,,203695.306029245    ,421778.273451131    ,경기도 수원시 영통구 이의동 ****-* 코코프라자 ***호,2025-12-08 13:29:18
3740000,374000001320250008,2025-12-11,,영업/정상,,,,,,,16406,제이원텍,I,000,2025-12-15 16:15:28,"경기도 수원시 권선구 구운로**번길 **-**, *층 (구운동)",정상,0000,01,0312784839,197351.684545589    ,419863.100323034    ,경기도 수원시 권선구 구운동 ***-* *층 ,2025-12-11 16:09:00
3740000,374000001320260001,2026-01-07,,영업/정상,,,,,,,16417,테리캔디,I,000,2026-01-08 21:32:20,"경기도 수원시 장안구 화산로***번길 **, ***-B**호 (율전동)",정상,0000,01,07080288619,197513.304767573    ,421878.549474535    ,경기도 수원시 장안구 율전동 ***-** ***-B**호 ,2026-01-07 16:01:28
3740000,374000001320260002,2026-05-27,,영업/정상,,,,,25.97,,16245,벳가이드,I,L00,2026-05-28 21:32:20,"경기도 수원시 팔달구 세지로 ***-*, ***호 (지동, 포레스트)",정상,0000,01,,201991.594122296    ,419337.584933663    ,경기도 수원시 팔달구 지동 ***-** 포레스트 ***호,2026-05-27 14:47:49
3740000,374000001320260003,2026-06-09,,영업/정상,,,,,33.7,,16593,탑시스템,U,000,2026-06-18 03:03:03,"경기도 수원시 권선구 권선로 ***, *(일부)층 (세류동)",정상,0000,01,,200785.489090355    ,417911.020483304    ,경기도 하남시 선동 **-* ,2026-06-17 11:11:05
3740000,374000001320020001,2002-10-08,,폐업,2003-12-09,,,,47.2,,,프러스벳,I,000,2025-12-15 16:15:28,,폐업,0002,03,,,,경기도 수원시 장안구 파장동 ***-*    ,2003-12-09 11:25:04
3740000,374000001320090001,2009-07-08,,폐업,2019-11-11,,,,110,,16614,(주)프로챌코리아,I,000,2025-12-15 16:15:28,경기도 수원시 권선구 서호로 ** (서둔동),폐업,0002,03,,198726.317027219    ,418381.34484942     ,경기도 수원시 권선구 서둔동 ***-* *동 ***호,2019-11-11 09:38:40
3740000,374000001320130001,2013-03-11,,폐업,2015-06-30,,,,,,16413,이지솔루션,I,000,2025-12-15 16:15:28,경기도 수원시 권선구 일월천로*번길 ** (구운동),폐업,0002,03,,197684.893083228    ,420041.197503785    ,경기도 수원시 권선구 구운동 ***-* ,2015-07-07 17:42:12
3740000,374000001320140001,2014-07-03,,폐업,2022-08-11,,,,,,16489,국제씨엘에스(주),I,L00,2025-12-15 16:15:28,"경기도 수원시 팔달구 인계로**번길 **, ***호 (인계동, 수일빌딩)",폐업,0002,03,0312358852,202380.387575564    ,418350.592999343    ,경기도 수원시 팔달구 인계동 ****-* 수일빌딩 ***호,2022-08-11 09:04:01
3740000,374000001320170001,2017-01-20,,폐업,2017-12-29,,,,24.8,,16524,다올펫,I,000,2025-12-15 16:15:28,경기도 수원시 영통구 매여울로 ** (매탄동),폐업,0002,03,,204057.680501307    ,418789.578457644    ,경기도 수원시 영통구 매탄동 ***-** ,2017-12-29 14:17:21
3740000,374000001320180002,2018-01-04,,폐업,2021-12-31,,,,118.35,,16667,버드앤비,I,000,2025-12-15 16:15:28,"경기도 수원시 권선구 동수원로***번길 **, *층 (곡반정동)",폐업,0002,03,,202760.795156638    ,415886.21781936     ,경기도 수원시 권선구 곡반정동 ***-* ,2021-12-31 17:37:01
3740000,374000001320210003,2021-08-10,,폐업,2022-05-10,,,,,,16226,(주)엠모니터,I,L00,2025-12-15 16:15:28,"경기도 수원시 영통구 대학로 **, 리치프라자* *층 ***-*호 (이의동)",폐업,0002,03,07046186500,203939.95637886     ,422092.505028437    ,경기도 수원시 영통구 이의동 **** ,2022-05-10 15:33:13
3740000,374000001320220003,2022-05-20,,폐업,2023-11-28,,,,1,,16512,(주)이마트에브리데이 광교하동점,I,L00,2025-12-15 16:15:28,"경기도 수원시 영통구 법조로***번길 ***, *층 중 일부층 (하동)",폐업,0002,03,0315484934,206150.557883782    ,421272.351661535    ,경기도 수원시 영통구 하동 ***-* *층 중 일부 ,2023-11-28 15:48:11
3740000,374000001320220004,2022-05-20,,폐업,2023-11-22,,,,1,,16685,(주)이마트에브리데이 수원태장점,I,L00,2025-12-15 16:15:28,"경기도 수원시 영통구 동탄지성로 ***-**, 영통 플래티넘베이스 비 *층 중 일부층 (망포동)",폐업,0002,03,0318956676,204310.744716092    ,415445.778671026    ,경기도 수원시 영통구 망포동 **-** 영통 플래티넘베이스 비 *층 중 일부 ,2023-11-23 09:09:25
3740000,374000001320220007,2022-05-23,,폐업,2023-11-16,,,,2.7,,16508,(주)이마트에브리데이 광교점,I,L00,2025-12-15 16:15:28,"경기도 수원시 영통구 센트럴타운로 **, 아이플렉스 *층 중 일부층 (이의동, 아이플렉스)",폐업,0002,03,0312165386,205021.861974461    ,420685.357031087    ,경기도 수원시 영통구 이의동 **** 아이플렉스 *층 중 일부 ,2023-11-16 15:55:07
3740000,374000001320220009,2022-05-24,,폐업,2023-12-04,,,,.4,,16691,(주)이마트에브리데이 망포점,I,L00,2025-12-15 16:15:28,"경기도 수원시 영통구 영통로***번길 **, *층 중 일부층 (망포동)",폐업,0002,03,0312737476,205172.415479908    ,415483.032834347    ,경기도 수원시 영통구 망포동 ***-* *층 중 일부 ,2023-12-04 16:24:12
3740000,374000001320220010,2022-05-24,,폐업,2023-11-20,,,,.1,,16537,(주)이마트에브리데이 매탄동점,I,L00,2025-12-15 16:15:28,"경기도 수원시 영통구 인계로 ***, 지하*층 중 일부층 (매탄동, 삼성*차아파트)",폐업,0002,03,0312132587,203654.140907291    ,418212.585267662    ,경기도 수원시 영통구 매탄동 ***-* 삼성*차아파트 지하*층 중 일부 ,2023-11-21 09:32:42
3740000,374000001320220011,2022-05-26,,폐업,2023-11-20,,,,.02,,16362,(주)이마트에브리데이 성대점,I,L00,2025-12-15 16:15:28,"경기도 수원시 장안구 율전로 **, *층 중 일부층 (율전동)",폐업,0002,03,0315480151,197110.634011212    ,421621.807518044    ,경기도 수원시 장안구 율전동 ***-* *층 중 일부 ,2023-11-21 09:35:44
3740000,374000001320220012,2022-05-26,,폐업,2023-03-15,,,,.2,,16357,(주)이마트에브리데이 율전점,I,L00,2025-12-15 16:15:28,"경기도 수원시 장안구 덕영대로***번길 **, *층 중 일부층 (율전동)",폐업,0002,03,0312698380,197411.362631039    ,422452.755563668    ,경기도 수원시 장안구 율전동 ***-* *층 중 일부 ,2023-03-15 09:47:43
3740000,374000001320220014,2022-06-29,,폐업,2025-03-18,,,,34.66,,16409,케이디코퍼레이션,I,000,2025-12-15 16:15:28,"경기도 수원시 권선구 구운로*번길 **-**, *층 중 일부층 (구운동)",폐업,0002,03,,197863.271417706    ,419493.667711267    ,경기도 수원시 권선구 구운동 ***-* *층 중 일부 ,2025-03-18 14:24:02
3740000,374000001320010001,2001-01-20,,영업/정상,,,,,26.01,,16298,유정상사,I,000,2025-12-15 16:15:28,"경기도 수원시 장안구 만석로 ***-*, *층 ***호 (송죽동, 영광상가)",정상,0000,01,,200291.711498318    ,422887.117842652    ,경기도 수원시 장안구 송죽동 ** 영광상가 *-*** ,2011-10-30 17:21:11
3740000,374000001320120001,2012-10-23,,영업/정상,,,,,0,,16299,(주)메딕셀,I,L00,2025-12-15 16:15:28,경기도 수원시 장안구 파장천로**번길 ***-* (송죽동),정상,0000,01,,200088.35719667     ,422765.885223646    ,경기도 수원시 장안구 송죽동 ***-* ,2015-11-11 16:25:48
3740000,374000001320160001,2016-04-05,,영업/정상,,,,,155,,16304,(주)대일바이오텍,I,L00,2025-12-15 16:15:28,"경기도 수원시 장안구 송원로**번길 ** (송죽동, 대일바이오텍)",정상,0000,01,0312526421,200452.473830917    ,422257.802812419    ,경기도 수원시 장안구 송죽동 ***-** ,2025-03-20 09:58:17
3740000,374000001320160002,2016-08-11,,영업/정상,,,,,,,16253,컴패니언,I,000,2025-12-15 16:15:28,"경기도 수원시 팔달구 정조로 ***, 지하*층 (북수동)",정상,0000,01,,201355.090510452    ,420297.641590132    ,경기도 수원시 팔달구 북수동 ***-* ,2016-08-11 16:42:21
3740000,374000001320160003,2016-12-06,,영업/정상,,,,,10,,16705,대한랩테크,I,000,2025-12-15 16:15:28,"경기도 수원시 영통구 청명로**번길 **, 탑빌딩 ***호 (영통동)",정상,0000,01,0312263943,206933.778579183    ,416452.868514752    ,경기도 수원시 영통구 영통동 ****-* 탑빌딩 ,2021-10-19 16:58:28
3740000,374000001320170002,2017-03-17,,영업/정상,,,,,72,,16637,(주)엔터젠,I,L00,2025-12-15 16:15:28,"경기도 수원시 권선구 오목천로 **, *층 ***호 (오목천동, 한양빌딩)",정상,0000,01,0312913189,197060.63162085     ,415327.412923224    ,경기도 수원시 권선구 오목천동 ***-* ***호,2017-03-17 17:27:25
3740000,374000001320180001,2018-01-04,,영업/정상,,,,,,,16395,주식회사 기가제이,I,L00,2025-12-15 16:15:28,경기도 수원시 권선구 칠보로***번길 ** (호매실동),정상,0000,01,0312928677,196148.501206921    ,418432.485021154    ,경기도 수원시 권선구 호매실동 ***-* ,2024-06-18 10:52:06
3740000,374000001320180003,2018-06-04,,영업/정상,,,,,114.66,,16671,폴리파크곡반정점,I,000,2025-12-15 16:15:28,경기도 수원시 권선구 곡선로 ** (곡반정동),정상,0000,01,0312234313,202455.936027006    ,415236.617554265    ,경기도 수원시 권선구 곡반정동 ***-* ,2018-06-04 09:57:43
3740000,374000001320190001,2019-01-08,,영업/정상,,,,,72.01,,16325,모나트리,I,000,2025-12-15 16:15:28,"경기도 수원시 장안구 덕영대로***번길 *-**, *층 (천천동)",정상,0000,01,,198034.204890234    ,421883.434280201    ,경기도 수원시 장안구 천천동 ***-* ,2021-06-22 14:16:12
3740000,374000001320190002,2019-03-22,,영업/정상,,,,,28.25,,16705,(주) 아이담테크,I,L00,2025-12-15 16:15:28,"경기도 수원시 영통구 청명로**번길 **, ***호 (영통동)",정상,0000,01,0312731650,206966.007593189    ,416495.180362904    ,경기도 수원시 영통구 영통동 ****-* ,2019-03-22 13:36:50
3740000,374000001320190003,2019-11-28,,영업/정상,,,,,163.08,,16610,(주)에이텍바이오,I,000,2025-12-15 16:15:28,"경기도 수원시 권선구 효탑로**번길 **, 양지빌딩 *층 ***호 (탑동)",정상,0000,01,0312948982,197912.306462636    ,418291.126822692    ,경기도 수원시 권선구 탑동 ***-* ,2019-11-28 15:37:50
3740000,374000001320200001,2020-02-18,,영업/정상,,,,,46.8,,16410,바울기획,I,000,2025-12-15 16:15:28,"경기도 수원시 권선구 구운중로**번길 **, *층 (구운동)",정상,0000,01,,197777.089812413    ,419373.23604889     ,경기도 수원시 권선구 구운동 ***-* ,2020-02-18 08:16:39
3740000,374000001320200002,2020-03-03,,영업/정상,,,,,15.78,,16304,하나누리,I,000,2025-12-15 16:15:28,"경기도 수원시 장안구 송원로**번길 **, 대일바이오텍 *층 (송죽동)",정상,0000,01,07086674315,200452.473830917    ,422257.802812419    ,경기도 수원시 장안구 송죽동 ***-** 대일바이오텍 ,2020-03-03 11:46:58
3740000,374000001320200003,2020-03-13,,영업/정상,,,,,60.28,,16605,지그리서치코리아,I,000,2025-12-15 16:15:28,"경기도 수원시 권선구 서둔로***번길 **, *층 ***호 (탑동, 계림빌라)",정상,0000,01,,197946.763057917    ,419082.330020604    ,경기도 수원시 권선구 탑동 **-** 계림빌라 ,2020-03-13 18:58:11
3740000,374000001320200004,2020-03-13,,영업/정상,,,,,11.52,,16263,주식회사 청려원,I,L00,2025-12-15 16:15:28,"경기도 수원시 팔달구 정조로 ***-*, *층 중 일부층 (중동)",정상,0000,01,0312422078,201349.555455064    ,419240.491644183    ,경기도 수원시 팔달구 중동 *-* *층 중 일부 ,2022-09-21 09:06:40
3740000,374000001320200005,2020-06-05,,영업/정상,,,,,9.33,,16261,잇사갈,I,000,2025-12-15 16:15:28,"경기도 수원시 팔달구 정조로***번길 *-*, ABC빌딩 *층 ***호 (팔달로*가)",정상,0000,01,0312142004,201373.646170616    ,419603.46601317     ,경기도 수원시 팔달구 팔달로*가 **-* ABC빌딩 ,2020-06-05 09:58:49
3740000,374000001320200007,2020-07-30,,영업/정상,,,,,,,16439,호크마기획,I,000,2025-12-15 16:15:28,"경기도 수원시 팔달구 팔달로 ***, 덕구빌딩 *층 (화서동)",정상,0000,01,,200495.674597343    ,420155.897588144    ,경기도 수원시 팔달구 화서동 **-** 덕구빌딩 ,2020-07-30 11:27:17
3740000,374000001320200008,2020-12-08,,영업/정상,,,,,65.5,,16201,(주)바이오라인,I,L00,2025-12-15 16:15:28,"경기도 수원시 장안구 경수대로****번길 **-*, *층 (파장동)",정상,0000,01,0312687960,198971.809010209    ,424287.269611351    ,경기도 수원시 장안구 파장동 *** ,2020-12-08 09:23:01
3740000,374000001320200009,2020-12-11,,영업/정상,,,,,1190,,16381,포썬,I,000,2025-12-15 16:15:28,"경기도 수원시 권선구 금곡로 **, 지하*층 (금곡동)",정상,0000,01,,194440.0347713      ,418662.915477981    ,경기도 수원시 권선구 금곡동 ***-* 지하*층 ,2025-02-17 09:30:57
3780000,378000001320260004,2026-06-04,,영업/정상,,,,,,,13636,온메디케어,I,000,2026-06-05 21:32:21,"경기도 성남시 분당구 성남대로 **, 분당포스빌오피스텔 제지*층 비***호 (구미동)",정상,0000,01,,209507.949102502    ,426499.956841716    ,경기도 성남시 분당구 구미동 *** 분당포스빌오피스텔 ,2026-06-04 14:02:16
3780000,378000001320260005,2026-06-19,,영업/정상,,,,,,,13597,시온코리아,I,000,2026-06-20 21:32:23,"경기도 성남시 분당구 내정로***번길 **, 지하*층 B**호 (수내동, 양지마을)",정상,0000,01,,210421.232418185    ,430307.058659489    ,경기도 성남시 분당구 수내동 ** 양지마을 ,2026-06-19 15:03:10
3780000,378000001320210005,2021-03-05,,폐업,2025-12-26,,,,,,13523,제이에스앤,I,000,2026-03-26 22:42:02,"경기도 성남시 분당구 판교로 ***, ***동 *층 ***호 (이매동, 아름마을건영한성태영아파트)",폐업,0002,03,,210682.332944226    ,433529.550651555    ,경기도 성남시 분당구 이매동 *** 아름마을건영한성태영아파트 ,2025-12-26 16:39:07
3780000,378000001320210011,2021-03-05,,폐업,2025-12-26,,,,,,13506,아이앤케이,I,000,2026-03-26 22:42:02,"경기도 성남시 분당구 성남대로***번길 **, *층 R***호 (야탑동)",폐업,0002,03,,211425.628652813    ,434503.101066178    ,경기도 성남시 분당구 야탑동 ***-* ,2025-12-26 16:38:07
3780000,378000001320220005,2022-02-21,,폐업,2026-01-30,,,,0,,13627,주식회사 비에네스소프트,I,L00,2026-03-26 22:42:03,"경기도 성남시 분당구 미금일로**번길 **, 웰파크 빌딩 ***호 (구미동)",폐업,0002,03,,209717.597753564    ,427437.271199733    ,경기도 성남시 분당구 구미동 ** 웰파크 빌딩 ***호,2026-02-02 10:34:58
3780000,378000001320260003,2026-03-11,,영업/정상,,,,,,,13201,주식회사 메드콘,I,L00,2026-03-26 22:42:05,"경기도 성남시 중원구 갈마치로***번길 **, 성남 SK V* tower B동 **층 **호 (상대원동)",정상,0000,01,,215296.634934355    ,437492.166694164    ,경기도 성남시 중원구 상대원동 **** 성남 SK V* tower B동 ****호,2026-03-11 08:41:46
3780000,378000001319970001,1997-03-17,,폐업,2004-07-16,,,,0,,13610,(주)송강,I,000,2026-03-26 22:42:00,경기도 성남시 분당구 느티로 ** (정자동),폐업,0002,03,,209919.125          ,429643.019999999    ,경기도 성남시 분당구 정자동 **-* ,2011-10-30 12:58:45
3780000,378000001320000001,2000-02-10,,폐업,2014-01-20,,,,0,,,(주) 해마루,I,L00,2026-03-26 22:42:00,,폐업,0002,03,,210654.986591999    ,431519.970467175    ,경기도 성남시 분당구 서현동 ***-* ,2014-01-23 10:45:12
3780000,378000001320000002,2000-06-14,,폐업,2022-10-25,,,,0,,13601,(주)해마루티에스,I,000,2026-03-26 22:42:00,경기도 성남시 분당구 발이봉남로*번길 * (수내동),폐업,0002,03,,211126.815258258    ,429300.401599908    ,경기도 성남시 분당구 수내동 **-* ,2022-10-26 09:06:14
3780000,378000001320020001,2002-12-06,,폐업,2009-06-26,,,,0,,,한국엔씨엘메티칼,I,000,2026-03-26 22:42:00,,폐업,0002,03,,209271.991810963    ,426903.175177001    ,경기도 성남시 분당구 구미동 ** 시그마오피스텔 A동 ***호,2009-06-29 16:20:06
3780000,378000001320040002,2004-07-20,,폐업,2007-05-09,,,,0,,,송강지엘씨,I,L00,2026-03-26 22:42:00,,폐업,0002,03,,,,경기도 성남시 분당구 정자동 **-*    현대빌딩 ***호,2007-05-09 09:32:55
3780000,378000001320060001,2006-11-20,,폐업,2007-05-07,,,,0,,,마이크로메딕스,I,000,2026-03-26 22:42:00,,폐업,0002,03,,213381.961775978    ,433674.103730183    ,경기도 성남시 분당구 야탑동 ***-** 테크노프라자  ***호,2007-05-07 16:08:07
3780000,378000001320070001,2007-05-09,,폐업,2009-08-04,,,,0,,,(주)베스코,I,L00,2026-03-26 22:42:00,,폐업,0002,03,,,,경기도 성남시 분당구 야탑동 ***-**   테크노프라자 ***호,2009-08-04 15:05:25
3780000,378000001320080002,2008-11-07,,폐업,2010-01-28,,,,0,,,(주)아트라인,I,000,2026-03-26 22:42:00,,폐업,0002,03,16887515,,,경기도 성남시 중원구 상대원동 ***-**   시콕스타워 ****호,2010-01-28 16:41:37
3780000,378000001320090001,2009-04-07,,폐업,2011-07-26,,,,0,,,한국동물병원,I,000,2026-03-26 22:42:00,,폐업,0002,03,0317468990,213947.104128821    ,437308.524059164    ,경기도 성남시 중원구 상대원동 ****-** ,2011-07-26 13:36:08
3780000,378000001320130001,2013-04-23,,폐업,2017-03-02,,,,,,13516,(주)코리아젠,I,L00,2026-03-26 22:42:00,"경기도 성남시 분당구 판교로 ***, ***호 (야탑동, 분당테크노파크상가동)",폐업,0002,03,0317059595,213284.742417906    ,433565.737288175    ,경기도 성남시 분당구 야탑동 *** 분당테크노파크상가동 ***호,2017-03-03 10:49:05
3780000,378000001320170001,2017-03-28,,폐업,2017-10-12,,,,,,13506,라온메디텍,I,000,2026-03-26 22:42:01,"경기도 성남시 분당구 성남대로***번길 **, *층 *-*호 (야탑동, 글라스타워)",폐업,0002,03,,211425.052548627    ,434313.239466121    ,경기도 성남시 분당구 야탑동 ***-* ,2017-10-12 17:03:09
3780000,378000001320170002,2017-04-11,,폐업,2020-02-21,,,,,,13516,(주)바이오메드,I,L00,2026-03-26 22:42:01,"경기도 성남시 분당구 판교로 ***, 상가동 *층 ***호 (야탑동, 분당테크노파크)",폐업,0002,03,,213284.742417906    ,433565.737288175    ,경기도 성남시 분당구 야탑동 *** ,2020-02-21 17:02:27
3780000,378000001320170003,2017-09-21,,폐업,2024-12-31,,,,,,13522,랩메이트,I,000,2026-03-26 22:42:01,"경기도 성남시 분당구 판교로 ***, ***호 (야탑동, 남서울프라자)",폐업,0002,03,0317088551,210789.061268795    ,433746.282479353    ,경기도 성남시 분당구 야탑동 ***-* ,2025-01-16 15:25:02
3780000,378000001320190001,2019-03-08,,폐업,2019-12-26,,,,2208.2,,13494,㈜카카오메이커스,I,L00,2026-03-26 22:42:01,"경기도 성남시 분당구 대왕판교로 ***, 유스페이스* A동 *층 (삼평동)",폐업,0002,03,0316079505,209403.184110554    ,433182.472092071    ,경기도 성남시 분당구 삼평동 *** 유스페이스* A동 ,2020-01-15 09:30:27
3780000,378000001320190004,2019-08-20,,폐업,2022-05-25,,,,,,13647,에스티케어,I,000,2026-03-26 22:42:01,"경기도 성남시 수정구 위례서일로 **, 라크리움 ****호 (창곡동)",폐업,0002,03,0317787815,212198.053587878    ,440297.172489993    ,경기도 성남시 수정구 창곡동 ***-* 라크리움 ****호,2022-05-25 17:43:47
3780000,378000001320190007,2019-12-17,,폐업,2021-09-09,,,,10.79,,13494,㈜카카오커머스,I,L00,2026-03-26 22:42:01,"경기도 성남시 분당구 대왕판교로 ***, 유스페이스* A동 *층 (삼평동)",폐업,0002,03,0316222602,209403.184110554    ,433182.472092071    ,경기도 성남시 분당구 삼평동 *** 유스페이스* A동 ,2021-09-09 18:48:25
3780000,378000001320210004,2021-03-03,,폐업,2021-12-29,,,,,,13568,유셀러스,I,000,2026-03-26 22:42:02,"경기도 성남시 분당구 서현로 ***, ***동 *층 ***호 (이매동, 이매촌)",폐업,0002,03,,211082.201921591    ,431842.115597824    ,경기도 성남시 분당구 이매동 *** 이매촌 ,2021-12-30 09:54:43
3780000,378000001320210010,2021-03-05,,폐업,2022-07-26,,,,,,13506,더블에이치,I,000,2026-03-26 22:42:02,"경기도 성남시 분당구 성남대로***번길 **, *층 R***호 (야탑동)",폐업,0002,03,,211425.628652813    ,434503.101066178    ,경기도 성남시 분당구 야탑동 ***-* ,2022-07-26 10:22:01
3780000,378000001320210016,2021-08-23,,폐업,2023-12-27,,,,,,13350,휘바,I,000,2026-03-26 22:42:03,"경기도 성남시 수정구 산성대로***번길 **, ***호 (신흥동)",폐업,0002,03,,213017.417001607    ,437991.896503824    ,경기도 성남시 수정구 신흥동 **** ***호,2023-12-27 18:46:24
3780000,378000001320210017,2021-08-27,,폐업,2025-04-07,,,,,,13595,주식회사 한국히프라,I,L00,2026-03-26 22:42:03,"경기도 성남시 분당구 황새울로 ***, 성옥빌딩 *층 (수내동)",폐업,0002,03,0316983057,210240.561197239    ,431033.278810863    ,경기도 성남시 분당구 수내동 *-* 성옥빌딩 *층 ,2025-04-07 15:13:13
3780000,378000001320210019,2021-10-12,,폐업,2023-12-31,,,,,,13590,주식회사 디엔에이이노베이션,I,L00,2026-03-26 22:42:03,"경기도 성남시 분당구 황새울로***번길 *, 퍼스트비즈니스센터 *층 ***호 (서현동)",폐업,0002,03,0317049808,210745.282176248    ,431619.243032612    ,경기도 성남시 분당구 서현동 ***-* 퍼스트비즈니스센터 ***호,2024-11-27 14:30:48
3780000,378000001320220010,2022-05-18,,폐업,2023-11-15,,,,,,13568,(주)이마트에브리데이이매동점,I,L00,2026-03-26 22:42:03,"경기도 성남시 분당구 양현로**번길 **, B동 ***호 (이매동, 이매촌)",폐업,0002,03,0317030074,211174.949647003    ,432260.868907152    ,경기도 성남시 분당구 이매동 *** 이매촌 B동 ***호,2023-11-16 12:41:22
3780000,378000001320220012,2022-05-20,,폐업,2023-11-20,,,,,,13555,(주)이마트에브리데이 분당정자점,I,L00,2026-03-26 22:42:03,경기도 성남시 분당구 정자일로 ***(정자동),폐업,0002,03,0317861756,209342.437491359    ,429988.405833184    ,경기도 성남시 분당구 정자동 *-* ,2023-11-21 13:44:16
3780000,378000001320220013,2022-05-20,,폐업,2023-11-14,,,,,,13477,(주)이마트에브리데이 서판교점,I,L00,2026-03-26 22:42:03,경기도 성남시 분당구 판교공원로*길 **(판교동),폐업,0002,03,0317244933,207918.494508034    ,432023.520601764    ,경기도 성남시 분당구 판교동 *** ,2023-11-15 09:13:04
3780000,378000001320220014,2022-05-20,,폐업,2023-11-20,,,,,,13559,(주)이마트에브리데이 분당정자2점,I,L00,2026-03-26 22:42:03,"경기도 성남시 분당구 정자일로 ***(정자동, 삼성아데나루체)",폐업,0002,03,0317861171,209368.718414303    ,428760.477145736    ,경기도 성남시 분당구 정자동 ***-* 삼성아데나루체 ,2023-11-21 13:37:36
3780000,378000001320230002,2023-03-10,,폐업,2025-04-30,,,,,,13642,빅그라운드,I,000,2026-03-26 22:42:04,"경기도 성남시 수정구 위례순환로 ***, 워니스파크 B**호 (창곡동)",폐업,0002,03,,213049.39826931     ,440835.826867831    ,경기도 성남시 수정구 창곡동 *** 워니스파크 B**호,2025-05-12 13:47:09
3780000,378000001320230004,2023-04-10,,폐업,2023-11-10,,,,,,13229,(주)넥스원바이오,I,000,2026-03-26 22:42:04,"경기도 성남시 중원구 둔촌대로 ***, 선텍시티* ***호 (상대원동)",폐업,0002,03,07041111234,214904.031785824    ,436586.21920325     ,경기도 성남시 중원구 상대원동 ***-** 선텍시티* ***호,2023-11-10 18:56:28
3780000,378000001320210003,2021-02-23,,영업/정상,,,,,,,13385,드림케어,I,000,2026-03-26 22:42:02,"경기도 성남시 중원구 제일로 **, *층 ***호 (하대원동)",정상,0000,01,,212060.716859299    ,436341.924485376    ,경기도 성남시 중원구 하대원동 ***-* ,2021-02-23 15:28:36
3780000,378000001320210006,2021-03-05,,영업/정상,,,,,,,13503,비앤제이,I,000,2026-03-26 22:42:02,"경기도 성남시 분당구 벌말로**번길 **, FOREST HOUSE *층 ***호 (야탑동)",정상,0000,01,,212577.729074522    ,434157.606126209    ,경기도 성남시 분당구 야탑동 ***-* FOREST HOUSE ,2021-03-05 10:30:28
3780000,378000001320210007,2021-03-05,,영업/정상,,,,,,,13506,더비앤제이,I,000,2026-03-26 22:42:02,"경기도 성남시 분당구 성남대로***번길 **, *층 R***호 (야탑동)",정상,0000,01,,211425.628652813    ,434503.101066178    ,경기도 성남시 분당구 야탑동 ***-* ,2021-03-05 10:34:03
3780000,378000001320210008,2021-03-05,,영업/정상,,,,,,,13503,모던리빙,I,000,2026-03-26 22:42:02,"경기도 성남시 분당구 벌말로**번길 **, FOREST HOUSE ***호 (야탑동)",정상,0000,01,,212577.729074522    ,434157.606126209    ,경기도 성남시 분당구 야탑동 ***-* FOREST HOUSE ,2021-03-05 10:49:38
3780000,378000001320210009,2021-03-05,,영업/정상,,,,,,,13506,레인보우,I,000,2026-03-26 22:42:02,"경기도 성남시 분당구 성남대로***번길 **, *층 R***호 (야탑동)",정상,0000,01,,211425.628652813    ,434503.101066178    ,경기도 성남시 분당구 야탑동 ***-* ,2021-03-05 10:53:09
3780000,378000001320210012,2021-06-07,,영업/정상,,,,,,,13590,웰바이오,I,000,2026-03-26 22:42:02,"경기도 성남시 분당구 황새울로***번길 *, 덕산빌딩 *-**호 (서현동)",정상,0000,01,,210745.282176248    ,431619.243032612    ,경기도 성남시 분당구 서현동 ***-* 덕산빌딩 *-**호,2021-06-07 11:18:31
3780000,378000001320210013,2021-06-09,,영업/정상,,,,,,,13608,웰스,I,000,2026-03-26 22:42:02,"경기도 성남시 분당구 불정로 ***, 한솔청구상가동 ***호 (정자동, 한솔마을청구아파트)",정상,0000,01,0317121265,210770.18438043     ,429207.932813903    ,경기도 성남시 분당구 정자동 *** 한솔청구상가 ***호,2021-06-09 14:20:17
3780000,378000001320210014,2021-06-09,,영업/정상,,,,,,,13557,유스,I,000,2026-03-26 22:42:02,"경기도 성남시 분당구 정자일로 ***, 인텔리지Ⅱ C동 ****호 (정자동)",정상,0000,01,0317123052,209266.32947403     ,429348.924404431    ,경기도 성남시 분당구 정자동 ** 인텔리지Ⅱ ****호,2021-06-09 13:18:31
3780000,378000001320210015,2021-06-10,,영업/정상,,,,,,,13636,하나과학(주),I,000,2026-03-26 22:42:03,"경기도 성남시 분당구 성남대로 **, 로드랜드EZ타워 ***호 (구미동)",정상,0000,01,0316027900,209525.101691839    ,426681.891264912    ,경기도 성남시 분당구 구미동 *** 로드랜드EZ타워 ***호,2021-06-10 14:41:52
3780000,378000001320210018,2021-09-10,,영업/정상,,,,,,,13529,(주)카카오,I,L00,2026-03-26 22:42:03,"경기도 성남시 분당구 판교역로 ***, 카카오 판교 아지트 *층 일부호 (백현동)",정상,0000,01,0316222602,209702.768121414    ,432605.785114832    ,제주특별자치도 제주시 영평동 *** 카카오 판교 아지트 *층 일부호 ,2024-04-23 15:20:55
3780000,378000001320220001,2022-02-16,,영업/정상,,,,,,,13627,(주)비에네스소프트,I,L00,2026-03-26 22:42:03,"경기도 성남시 분당구 미금일로**번길 **, 웰파크 빌딩 ***호 (구미동)",정상,0000,01,,209717.597753564    ,427437.271199733    ,경기도 성남시 분당구 구미동 ** 웰파크 빌딩 ***호,2022-02-16 15:12:49
3780000,378000001320220002,2022-02-21,,영업/정상,,,,,,,13627,주식회사 비에네스소프트,I,L00,2026-03-26 22:42:03,"경기도 성남시 분당구 미금일로**번길 **, 웰파크 빌딩 ***호 (구미동)",정상,0000,01,,209717.597753564    ,427437.271199733    ,경기도 성남시 분당구 구미동 ** 웰파크 빌딩 ***호,2022-02-21 10:04:30
3780000,378000001320220003,2022-02-21,,영업/정상,,,,,,,13627,주식회사 비에네스소프트,I,000,2026-03-26 22:42:03,"경기도 성남시 분당구 미금일로**번길 **, 웰파크 빌딩 ***호 (구미동)",정상,0000,01,,209717.597753564    ,427437.271199733    ,경기도 성남시 분당구 구미동 ** 웰파크 빌딩 ***호,2022-02-21 10:04:51
3780000,378000001320220004,2022-02-21,,영업/정상,,,,,,,13627,주식회사 비에네스소프트,I,000,2026-03-26 22:42:03,"경기도 성남시 분당구 미금일로**번길 **, 웰파크 빌딩 ***호 (구미동)",정상,0000,01,,209717.597753564    ,427437.271199733    ,경기도 성남시 분당구 구미동 ** 웰파크 빌딩 ***호,2022-02-21 10:05:57
3780000,378000001320220006,2022-05-06,,영업/정상,,,,,,,13426,지앤바이오,I,000,2026-03-26 22:42:03,"경기도 성남시 중원구 도촌로*번길 **, 쌍용오피스텔 ***호 (도촌동)",정상,0000,01,0317576744,213354.924496958    ,434829.360878284    ,경기도 성남시 중원구 도촌동 *** 쌍용오피스텔 ***호,2022-05-06 15:39:33
3780000,378000001320220007,2022-05-16,,휴업,,2026-05-10,2026-07-08,,,,13636,홈플러스(주)분당오리점,U,L00,2026-05-22 03:03:03,"경기도 성남시 분당구 탄천상로***번길 **, 월드쇼핑(CGV Square) 지하*층 (구미동)",휴업,0001,02,0318842080,209409.160207927    ,426451.358939753    ,경기도 성남시 분당구 구미동 *** 월드쇼핑(CGV Square) 지하*층 ,2026-05-21 17:09:03
3780000,378000001320220008,2022-05-16,,영업/정상,,,,,,,13497,홈플러스 야탑점,I,L00,2026-03-26 22:42:03,"경기도 성남시 분당구 성남대로***번길 **, 성남(분당)여객자동차터미널 *층 (야탑동)",정상,0000,01,0317052080,211202.148849893    ,434560.911834998    ,경기도 성남시 분당구 야탑동 *** 성남(분당)여객자동차터미널 *층 ,2022-05-16 17:35:28
3780000,378000001320220011,2022-05-19,,영업/정상,,,,,,,13497,홈플러스 야탑점,I,L00,2026-03-26 22:42:03,"경기도 성남시 분당구 성남대로***번길 **, 성남(분당)여객자동차터미널 *층 (야탑동)",정상,0000,01,,211202.148849893    ,434560.911834998    ,경기도 성남시 분당구 야탑동 *** 성남(분당)여객자동차터미널 *층 ,2024-02-23 09:36:41
3780000,378000001320220015,2022-06-27,,영업/정상,,,,,,,13505,세컨드하프(Second Half),I,000,2026-03-26 22:42:04,"경기도 성남시 분당구 매화로 **, 로즈프라자 ***동 ***호 (야탑동)",정상,0000,01,,211756.476844719    ,434453.92782686     ,경기도 성남시 분당구 야탑동 ***-* 로즈프라자 ***동 ***호,2022-06-27 18:01:29
3780000,378000001320220016,2022-07-28,,영업/정상,,,,,,,13558,나인코리아 주식회사,I,L00,2026-03-26 22:42:04,"경기도 성남시 분당구 성남대로***번길 *, 킨스타워 ****호 (정자동)",정상,0000,01,07088646112,209375.8659558      ,429348.149274214    ,경기도 성남시 분당구 정자동 **-* 킨스타워 ****호,2022-07-29 09:12:54
3780000,378000001320220017,2022-08-22,,영업/정상,,,,,,,13640,주식회사 제이웍스인터내셔널,I,000,2026-03-26 22:42:04,"경기도 성남시 수정구 위례광장로 ***, 우성위례타워 ***호 (창곡동)",정상,0000,01,,212560.960312092    ,441023.737503288    ,경기도 성남시 수정구 창곡동 ***-* 우성위례타워 ***호,2022-08-22 19:22:02
3780000,378000001320220018,2022-09-28,,영업/정상,,,,,,,13605,몰리스,I,L00,2026-03-26 22:42:04,"경기도 성남시 분당구 불정로 ***, 이마트 *층 (정자동)",정상,0000,01,,210542.529800466    ,428535.664844133    ,서울특별시 중구 순화동 *** 이마트 *층 ,2024-04-16 09:25:18
3780000,378000001320220019,2022-11-22,,영업/정상,,,,,,,13449,주식회사 페터스,I,L00,2026-03-26 22:42:04,"경기도 성남시 수정구 대왕판교로 ***, 기업지원허브 창업존 ***호 (시흥동)",정상,0000,01,,208772.883394285    ,434630.825135175    ,경기도 성남시 수정구 시흥동 ***-* 기업지원허브 창업존 ***호,2022-11-22 17:00:44
3780000,378000001320220020,2022-11-22,,영업/정상,,,,,,,13449,주식회사 페터스,I,L00,2026-03-26 22:42:04,"경기도 성남시 수정구 대왕판교로 ***, 기업지원허브 창업존 ***호 (시흥동)",정상,0000,01,,208772.883394285    ,434630.825135175    ,경기도 성남시 수정구 시흥동 ***-* 기업지원허브 창업존 ***호,2022-11-22 17:04:46
3780000,378000001320230001,2023-01-26,,영업/정상,,,,,,,13640,엑스팡,I,000,2026-03-26 22:42:04,"경기도 성남시 수정구 위례광장로 ***, 위례 한화 오벨리스크 센트럴스퀘어 ****호 (창곡동)",정상,0000,01,0317946344,212425.560064934    ,441216.370400153    ,경기도 성남시 수정구 창곡동 *** 위례 한화 오벨리스크 센트럴스퀘어 ****호,2023-01-26 21:01:01
3780000,378000001320230003,2023-03-17,,영업/정상,,,,,,,13211,툴라스,I,000,2026-03-26 22:42:04,"경기도 성남시 중원구 사기막골로**번길 **, 센터엠F동 ***호 (상대원동)",정상,0000,01,0317362135,215437.434416183    ,437027.119985202    ,경기도 성남시 중원구 상대원동 ***-** 센터엠F동 ***호,2023-03-17 15:53:00
3780000,378000001320230005,2023-05-19,,영업/정상,,,,,,,13595,서준 코퍼레이션,I,000,2026-03-26 22:42:04,"경기도 성남시 분당구 수내로 **, 삼성보보스쉐르빌 ****호 (수내동)",정상,0000,01,,210361.936101939    ,430896.43137114     ,경기도 성남시 분당구 수내동 *-* 삼성보보스쉐르빌 ****호,2023-05-19 08:29:07
3780000,378000001320230006,2023-07-06,,영업/정상,,,,,,,13226,주식회사 에이앤디메디케어,I,L00,2026-03-26 22:42:04,"경기도 성남시 중원구 박석로**번길 **, *층 (상대원동)",정상,0000,01,,214276.04621145     ,436903.685100546    ,경기도 성남시 중원구 상대원동 **** ,2023-07-06 09:00:21
3780000,378000001320230007,2023-08-25,,영업/정상,,,,,,,13466,(주)메덱스,I,L00,2026-03-26 22:42:04,"경기도 성남시 분당구 운중로 ***, 메트로골드 ***-*호 (운중동)",정상,0000,01,,206884.630773582    ,432130.979892323    ,경기도 성남시 분당구 운중동 *** 메트로골드 ***-*호,2023-08-25 17:42:20
3780000,378000001320230008,2023-10-16,,영업/정상,,,,,,,13496,동우메디칼,I,000,2026-03-26 22:42:04,"경기도 성남시 분당구 장미로 **, 야탑리더스 ***호 (야탑동)",정상,0000,01,,211040.846753897    ,434603.550688462    ,경기도 성남시 분당구 야탑동 ***-* 야탑리더스 ***호,2023-10-16 19:38:51
3780000,378000001320230009,2023-10-20,,영업/정상,,,,,,,13647,참메디랩주식회사,I,L00,2026-03-26 22:42:04,"경기도 성남시 수정구 위례광장로 **-**, 위례드림시티 ***,***호 (창곡동)",정상,0000,01,,212253.764432273    ,440363.447456167    ,경기도 성남시 수정구 창곡동 ***-** 위례드림시티 ***호,2023-10-25 15:02:05
3780000,378000001320240001,2024-01-18,,영업/정상,,,,,3.3,,13591,버디랩스,I,000,2026-03-26 22:42:04,"경기도 성남시 분당구 서현로***번길 *, 보람코아*층 ***동 나**호 (서현동)",정상,0000,01,07080981773,211080.60836251     ,431604.759204645    ,경기도 성남시 분당구 서현동 ***-* 보람코아 ,2024-01-18 09:25:17
3780000,378000001320240002,2024-04-30,,영업/정상,,,,,,,13505,노아의 방주,I,000,2026-03-26 22:42:04,경기도 성남시 분당구 매화로**번길 * (야탑동),정상,0000,01,07075029552,211691.487941292    ,434340.432954062    ,경기도 성남시 분당구 야탑동 ***-* *층 *-*호,2024-04-30 10:49:26
3780000,378000001320240003,2024-06-19,,영업/정상,,,,,,,13590,주식회사 안다,I,000,2026-03-26 22:42:05,"경기도 성남시 분당구 황새울로***번길 **, 여암빌딩 ***-에스**호 (서현동)",정상,0000,01,,210834.307532665    ,431738.329161906    ,경기도 성남시 분당구 서현동 ***-* 여암빌딩 ,2024-06-19 15:15:11
3780000,378000001320240004,2024-06-28,,영업/정상,,,,,,,13207,피앤지메드텍,I,000,2026-03-26 22:42:05,"경기도 성남시 중원구 사기막골로 ***, *층 (상대원동)",정상,0000,01,,215494.940150754    ,437401.27233467     ,경기도 성남시 중원구 상대원동 ***-* ,2024-08-06 16:51:40
3780000,378000001320240005,2024-08-01,,영업/정상,,,,,,,13365,씨엘에스메디칼,I,000,2026-03-26 22:42:05,"경기도 성남시 중원구 둔촌대로***번길 **, 엠타워 *층 C***호 (성남동)",정상,0000,01,,211417.043903036    ,436672.966110785    ,경기도 성남시 중원구 성남동 **** 엠타워 ,2024-08-01 09:30:03
3780000,378000001320240006,2024-09-09,,영업/정상,,,,,,,13506,주식회사 브레인유,I,000,2026-03-26 22:42:05,"경기도 성남시 분당구 야탑로***번길 *, 한주빌딩 *층 (야탑동)",정상,0000,01,,211459.610824545    ,434273.093915645    ,경기도 성남시 분당구 야탑동 ***-* 한주빌딩 ,2024-09-09 16:12:03
3780000,378000001320240007,2024-11-12,,영업/정상,,,,,,,13599,타피오,I,000,2026-03-26 22:42:05,"경기도 성남시 분당구 내정로***번길 **, ***동 ***호 (수내동, 파크타운)",정상,0000,01,,210640.326409214    ,429813.727230372    ,경기도 성남시 분당구 수내동 ** 파크타운 ,2024-11-12 09:47:46
3780000,378000001320250001,2025-02-17,,영업/정상,,,,,,,13590,주식회사 해마루,I,L00,2026-03-26 22:42:05,"경기도 성남시 분당구 황새울로***번길 *-*, *,*,*층 (서현동)",정상,0000,01,,210640.195321759    ,431506.636572613    ,경기도 성남시 분당구 서현동 ***-* ,2025-02-17 15:29:35
3780000,378000001320250002,2025-02-20,,영업/정상,,,,,,,13522,케이지메디텍 주식회사,I,L00,2026-03-26 22:42:05,"경기도 성남시 분당구 야탑로 **, 우당프라자 비*층 ***호 (야탑동)",정상,0000,01,,210741.134531552    ,434066.816799948    ,경기도 성남시 분당구 야탑동 ***-* 우당프라자 ,2025-02-20 09:13:28
3780000,378000001320250003,2025-02-26,,영업/정상,,,,,,,13591,푸마시 주식회사,I,L00,2026-03-26 22:42:05,"경기도 성남시 분당구 황새울로***번길 **, 분당서현신영팰리스타워 **층 ****-**호 (서현동)",정상,0000,01,,211062.652375892    ,431520.433354292    ,경기도 성남시 분당구 서현동 ***-* 분당서현신영팰리스타워 ,2025-02-26 09:59:04
3780000,378000001320250004,2025-04-24,,영업/정상,,,,,,,13640,엔비메드 주식회사,I,000,2026-03-26 22:42:05,"경기도 성남시 수정구 위례광장로 ***, 창곡동 ***번지 ***호 (창곡동)",정상,0000,01,,212556.476317272    ,441263.937106941    ,경기도 성남시 수정구 창곡동 *** 창곡동 ***번지 ,2025-04-24 09:25:49
3780000,378000001320250005,2025-10-23,,영업/정상,,,,,,,13439,디에이치팜,I,000,2026-03-26 22:42:05,"경기도 성남시 중원구 양현로***번길 *, 신야탑푸르지오시티 * ***호 (여수동)",정상,0000,01,,211162.515413291    ,435024.300090444    ,경기도 성남시 중원구 여수동 *** 신야탑푸르지오시티 * ,2025-10-23 10:03:24
3780000,378000001320250006,2025-10-31,,영업/정상,,,,,,,13595,지바이오텍,I,000,2026-03-26 22:42:05,"경기도 성남시 분당구 수내로**번길 *, 경동빌딩 *층 (수내동)",정상,0000,01,,210297.816494185    ,430969.78556637     ,경기도 성남시 분당구 수내동 *-* 경동빌딩 ,2025-10-31 08:42:11
3780000,378000001320260001,2026-01-14,,영업/정상,,,,,,,13522,메디프라임,I,000,2026-03-26 22:42:05,"경기도 성남시 분당구 야탑로 **, 우당프라자 B*층 ***호 (야탑동)",정상,0000,01,,210741.134531552    ,434066.816799948    ,경기도 성남시 분당구 야탑동 ***-* 우당프라자 ,2026-01-14 16:07:04
3780000,378000001320260002,2026-01-14,,영업/정상,,,,,,,13522,(주)웅비,I,L00,2026-03-26 22:42:05,"경기도 성남시 분당구 야탑로 **, 우당프라자 B*층 ***호 (야탑동)",정상,0000,01,,210741.134531552    ,434066.816799948    ,경기도 성남시 분당구 야탑동 ***-* 우당프라자 ,2026-01-14 16:12:03
3780000,378000001320030002,2003-02-20,,영업/정상,,,,,0,,,(주) 써텍,I,L00,2026-03-26 22:42:00,,정상,0000,01,,,,경기도 성남시 분당구 수내동 **-*    로지트벤처빌딩 *층 ,2003-03-10 14:46:47
3780000,378000001320030003,2003-10-06,,영업/정상,,,,,49.6,,13590,한수약품(주),U,L00,2026-05-05 03:03:03,경기도 성남시 분당구 황새울로***번길 *-* (서현동),정상,0000,01,,210654.986591999    ,431519.970467175    ,경기도 성남시 분당구 서현동 ***-* ,2026-05-04 09:31:36
3780000,378000001320040001,2004-07-07,,영업/정상,,,,,0,,,닥터게이트,I,000,2026-03-26 22:42:00,,정상,0000,01,,210640.195321759    ,431506.636572613    ,경기도 성남시 분당구 서현동 ***-* 지하*호,2004-07-07 15:10:10
3780000,378000001320050001,2005-12-13,,영업/정상,,,,,0,,,HNP 코퍼레이션,I,000,2026-03-26 22:42:00,,정상,0000,01,,,,경기도 성남시 분당구 서현동 ***-*    엘지분당에클라트 *차 ***호,2005-12-13 11:53:41
3780000,378000001320070002,2007-05-09,,영업/정상,,,,,0,,13207,(주)송강지엘씨,I,000,2026-03-26 22:42:00,"경기도 성남시 중원구 사기막골로 ***, SKn테크노파크 (상대원동)",정상,0000,01,,215657.504440664    ,437557.61664539     ,경기도 성남시 중원구 상대원동 ***-* SKn테크노파크 ***호,2024-02-14 13:35:20
3780000,378000001320080001,2008-07-25,,영업/정상,,,,,0,,,DMC(도그파파),I,000,2026-03-26 22:42:00,,정상,0000,01,,,,경기도 성남시 중원구 성남동 **** ,2008-07-25 13:19:05
3780000,378000001320100001,2010-11-25,,영업/정상,,,,,0,,,㈜메덱스,I,L00,2026-03-26 22:42:00,,정상,0000,01,,213284.742417906    ,433565.737288175    ,경기도 성남시 분당구 야탑동 *** 분당테크노파크 상가 ***호,2010-11-25 09:26:27
3780000,378000001320110001,2011-01-13,,영업/정상,,,,,0,,,리더스 메디칼,I,000,2026-03-26 22:42:00,,정상,0000,01,,213352.693422137    ,434909.857019104    ,경기도 성남시 중원구 도촌동 *** ***호,2011-01-13 16:12:22
3780000,378000001320110002,2011-10-31,,영업/정상,,,,,,,13209,㈜케어사이드,I,L00,2026-03-26 22:42:00,"경기도 성남시 중원구 사기막골로**번길 **, 성남 우림 라이온스밸리 B***호 (상대원동)",정상,0000,01,03180182123,214983.338171288    ,437154.00905322     ,경기도 성남시 중원구 상대원동 ***-* 성남 우림 라이온스밸리 B***호,2022-10-18 09:11:43
3780000,378000001320120001,2012-03-19,,영업/정상,,,,,,,13403,㈜유티비,I,L00,2026-03-26 22:42:00,"경기도 성남시 중원구 둔촌대로***번길 **, ****-*호 (상대원동, 우림라이온스밸리 *차)",정상,0000,01,,214027.429994751    ,436552.928320894    ,경기도 성남시 중원구 상대원동 **** 우림라이온스밸리 *차 ****-*호,2013-07-09 17:12:43
3780000,378000001320120002,2012-09-04,,영업/정상,,,,,126,,13207,주식회사 코리아제네틱스,I,L00,2026-03-26 22:42:00,"경기도 성남시 중원구 사기막골로 ***, ***호 (상대원동, 에스케이테크노파크 비즈센터동)",정상,0000,01,0317760718,215657.504440664    ,437557.61664539     ,경기도 성남시 중원구 상대원동 ***-* 에스케이테크노파크 비즈센터동 ***호,2012-09-04 17:00:51
3780000,378000001320150001,2015-04-23,,영업/정상,,,,,,,13206,㈜엘앤씨바이오,I,L00,2026-03-26 22:42:00,"경기도 성남시 중원구 순환로 ***, ***호 (상대원동)",정상,0000,01,0317762975,215770.025636761    ,437429.65388656     ,경기도 성남시 중원구 상대원동 ***-* ***호,2015-04-24 10:32:07
3780000,378000001320150002,2015-11-26,,영업/정상,,,,,,,13511,㈜동원파마,I,L00,2026-03-26 22:42:00,"경기도 성남시 분당구 판교로 ***, B동 ***호 (야탑동, 분당테크노파크)",정상,0000,01,,213480.895122329    ,433732.459050304    ,경기도 성남시 분당구 야탑동 *** ,2015-11-26 11:27:45
3780000,378000001320160001,2016-01-21,,영업/정상,,,,,,,13438,㈜바이오클라우드,I,L00,2026-03-26 22:42:00,"경기도 성남시 중원구 양현로 ***, ***호 (여수동, 시티오피스타워)",정상,0000,01,0316983368,211241.817448572    ,435008.979573601    ,경기도 성남시 중원구 여수동 *** ,2016-01-21 14:50:22
3780000,378000001320160002,2016-03-03,,영업/정상,,,,,,,13258,기가제이,I,000,2026-03-26 22:42:01,"경기도 성남시 중원구 시민로 **, 상가동 ***호 (중앙동, 중앙동힐스테이트*차)",정상,0000,01,,213053.607011833    ,437122.802629155    ,경기도 성남시 중원구 중앙동 *** 상가동 ***호,2016-03-03 15:21:12
3780000,378000001320180001,2018-01-05,,영업/정상,,,,,181.56,,13201,(주)테라시온바이오메디칼,I,000,2026-03-26 22:42:01,"경기도 성남시 중원구 사기막골로***번길 **, 중앙인더스피아*아파트형공장 ***호 (상대원동)",정상,0000,01,07044173663,215290.24309391     ,437602.880935543    ,경기도 성남시 중원구 상대원동 ***-* 중앙인더스피아*아파트형공장 ***호,2018-01-05 08:45:54
3780000,378000001320180002,2018-01-18,,영업/정상,,,,,,,13112,(주)웅비애니벳,I,000,2026-03-26 22:42:01,"경기도 성남시 수정구 성남대로****번길 **, ***호 (복정동)",정상,0000,01,0317598874,211284.982947954    ,439993.142780801    ,경기도 성남시 수정구 복정동 ***-* ***호,2018-01-18 20:06:04
3780000,378000001320180003,2018-06-11,,영업/정상,,,,,,,13305,나래기업,I,000,2026-03-26 22:42:01,경기도 성남시 수정구 수정로***번길 *-* (태평동),정상,0000,01,,211674.761922616    ,437754.985636155    ,경기도 성남시 수정구 태평동 **** ,2018-06-11 08:50:29
3780000,378000001320180004,2018-06-15,,영업/정상,,,,,,,13362,파이안메디,I,000,2026-03-26 22:42:01,경기도 성남시 중원구 광명로**번길 ** (성남동),정상,0000,01,0317599912,212310.220522007    ,436894.740886614    ,경기도 성남시 중원구 성남동 **** ,2018-06-15 10:30:34
3780000,378000001320180005,2018-06-18,,영업/정상,,,,,,,13176,엠투어스,I,000,2026-03-26 22:42:01,경기도 성남시 중원구 금빛로 ** (금광동),정상,0000,01,,214701.42048535     ,438360.118302196    ,경기도 성남시 중원구 금광동 **** ,2018-06-18 13:59:27
3780000,378000001320180006,2018-09-12,,영업/정상,,,,,,,13527,에듀벳,I,000,2026-03-26 22:42:01,"경기도 성남시 분당구 동판교로 ***, 나상가동 ***호 (백현동, 백현마을*단지아파트)",정상,0000,01,,210456.926501159    ,432348.048301864    ,경기도 성남시 분당구 백현동 *** 백현마을*단지아파트 나상가동 ***호,2018-09-12 15:29:06
3780000,378000001320180007,2018-09-12,,영업/정상,,,,,,,13356,(주)한국비임상기술지원센터,I,L00,2026-03-26 22:42:01,"경기도 성남시 중원구 광명로 **, 상산빌딩 ***호 (성남동)",정상,0000,01,0317599934,212127.21626458     ,436965.305692408    ,경기도 성남시 중원구 성남동 **** 상산빌딩 ***호,2018-09-12 15:49:49
3780000,378000001320180008,2018-09-12,,영업/정상,,,,,,,13403,(주)영바이오,I,L00,2026-03-26 22:42:01,"경기도 성남시 중원구 둔촌대로 ***, 크란츠 테크노 *층 ***-*호 (상대원동)",정상,0000,01,0317599931,214017.029812623    ,436734.115630983    ,경기도 성남시 중원구 상대원동 ****-* 크란츠 테크노 ,2021-01-25 10:48:52
3780000,378000001320180009,2018-10-12,,영업/정상,,,,,,,13503,주식회사 동원비티,I,L00,2026-03-26 22:42:01,"경기도 성남시 분당구 벌말로**번길 **, ***호 (야탑동, 매화마을건영빌라)",정상,0000,01,,212422.319411196    ,434155.779810085    ,경기도 성남시 분당구 야탑동 *** 매화마을건영빌라 ,2021-03-29 10:52:58
3780000,378000001320180010,2018-11-21,,영업/정상,,,,,57.4,,13449,(주)와플,I,000,2026-03-26 22:42:01,"경기도 성남시 수정구 대왕판교로 ***, 판교창조경제밸리 기업지원허브 *층 P***호 (시흥동)",정상,0000,01,07077763182,208772.883394285    ,434630.825135175    ,경기도 성남시 수정구 시흥동 ***-* 판교창조경제밸리 기업지원허브 P***호,2018-11-21 13:55:17
3780000,378000001320190002,2019-03-17,,영업/정상,,,,,,,13630,㈜카길애그리퓨리나,I,L00,2026-03-26 22:42:01,"경기도 성남시 분당구 돌마로 **, 한국과학기술한림원회관 (구미동)",정상,0000,01,0317106000,209375.96046119     ,427522.300939807    ,경기도 성남시 분당구 구미동 *-* 한국과학기술한림원회관 ,2019-03-18 13:35:24
3780000,378000001320190003,2019-06-05,,영업/정상,,,,,19.44,,13162,브라운스프링,I,000,2026-03-26 22:42:01,"경기도 성남시 중원구 자혜로**번길 **, **동 ***호 (은행동, 현대아파트)",정상,0000,01,0317328430,214392.541407974    ,438875.85178913     ,경기도 성남시 중원구 은행동 ****-* 현대아파트 **동 ***호,2019-06-05 18:49:25
3780000,378000001320190005,2019-10-10,,영업/정상,,,,,98.67,,13496,㈜동우메디칼시스템,I,L00,2026-03-26 22:42:01,"경기도 성남시 분당구 장미로 **, 야탑리더스 *층 ***호 (야탑동)",정상,0000,01,07040481383,211040.846753897    ,434603.550688462    ,경기도 성남시 분당구 야탑동 ***-* 야탑리더스 ***호,2019-10-10 15:32:46
3780000,378000001320190006,2019-11-06,,영업/정상,,,,,201.87,,13202,㈜인트론바이오테크놀로지,I,L00,2026-03-26 22:42:01,"경기도 성남시 중원구 사기막골로 ***, 중앙인더스피아*차 *층 ***호 (상대원동)",정상,0000,01,0317395678,215547.152331231    ,437733.021708351    ,경기도 성남시 중원구 상대원동 ***-* 중앙인더스피아*차 ***호,2019-11-06 19:30:38
3780000,378000001320200001,2020-01-06,,영업/정상,,,,,,,13337,흰둥이네,I,000,2026-03-26 22:42:02,"경기도 성남시 중원구 산성대로 지하 ***-*, 성남중앙지하도상가 D동 가열**-*호 (성남동)",정상,0000,01,,212347.015693468    ,437237.638713697    ,경기도 성남시 중원구 성남동 **** D동 **-*호,2020-01-06 18:54:37
3780000,378000001320200002,2020-02-02,,영업/정상,,,,,,,13595,제이세니터리시스템(주),I,L00,2026-03-26 22:42:02,"경기도 성남시 분당구 황새울로 ***, ***호 (수내동, 청구블루빌)",정상,0000,01,025295392,209950.624298695    ,430768.686520908    ,경기도 성남시 분당구 수내동 **-* 청구블루빌 ,2020-02-02 09:23:18
3780000,378000001320200003,2020-03-26,,영업/정상,,,,,,,13403,메드웨이,I,000,2026-03-26 22:42:02,"경기도 성남시 중원구 둔촌대로***번길 **, 성남 우림라이온스밸리*차 ****호 (상대원동)",정상,0000,01,0317205000,214027.429994751    ,436552.928320894    ,경기도 성남시 중원구 상대원동 **** 성남 우림라이온스밸리*차 ,2025-12-12 14:27:58
3780000,378000001320200004,2020-08-14,,영업/정상,,,,,,,13640,(주)명인바이오,I,000,2026-03-26 22:42:02,"경기도 성남시 수정구 위례광장로 ***, 아이에스센트럴타워 *층 ***호 (창곡동)",정상,0000,01,,212550.019739517    ,441129.066663059    ,경기도 성남시 수정구 창곡동 ***-* 아이에스센트럴타워 ,2021-04-15 09:02:18
3780000,378000001320200005,2020-10-07,,영업/정상,,,,,,,13403,메디게이션,I,000,2026-03-26 22:42:02,"경기도 성남시 중원구 둔촌대로 ***, 크란츠 테크노 *층 ***호 (상대원동)",정상,0000,01,,214017.029812623    ,436734.115630983    ,경기도 성남시 중원구 상대원동 ****-* 크란츠 테크노 ***호,2022-01-17 13:11:24
3780000,378000001320200006,2021-05-17,,영업/정상,,,,,,,13640,(주)그랜드바이오,I,L00,2026-03-26 22:42:02,"경기도 성남시 수정구 위례광장로 ***, 우성위례타워 *층 ***호 (창곡동)",정상,0000,01,0317580611,212560.960312092    ,441023.737503288    ,경기도 성남시 수정구 창곡동 ***-* 우성위례타워 ***호,2021-05-17 14:06:39
3780000,378000001320200007,2020-12-03,,영업/정상,,,,,,,13590,인투엠텍,I,000,2026-03-26 22:42:02,"경기도 성남시 분당구 황새울로***번길 *, 덕산빌딩 *층 *-**호 (서현동)",정상,0000,01,,210745.282176248    ,431619.243032612    ,경기도 성남시 분당구 서현동 ***-* 덕산빌딩 ,2020-12-03 17:41:15
3780000,378000001320210001,2021-01-19,,영업/정상,,,,,,,13344,러블리펫스,I,000,2026-03-26 22:42:02,"경기도 성남시 수정구 시민로***번길 **, *층 ***호 (신흥동)",정상,0000,01,,212614.73089547     ,437543.290414568    ,경기도 성남시 수정구 신흥동 **** ,2021-01-19 20:01:05
3780000,378000001320210002,2021-01-26,,영업/정상,,,,,,,13516,(주)바이오벳,I,L00,2026-03-26 22:42:02,"경기도 성남시 분당구 판교로 ***, 분당테크노파크 상가동 *층 ***호 (야탑동)",정상,0000,01,0317099415,213284.742417906    ,433565.737288175    ,경기도 성남시 분당구 야탑동 *** 분당테크노파크 ,2021-01-26 13:29:18
3820000,382000001320190002,2019-04-26,,폐업,2019-12-31,,,,,,11616,현준유통,I,000,2026-03-26 22:35:41,"경기도 의정부시 녹양로**번길 **-**, *층 (가능동)",폐업,0002,03,,202832.71858166     ,472381.038597116    ,경기도 의정부시 가능동 ***-** ,2020-01-07 09:09:30
3820000,382000001320260002,2026-04-30,,영업/정상,,,,,,,11700,24시 해든동물의료센터 의정부점,I,000,2026-05-01 21:32:28,경기도 의정부시 평화로 *** (의정부동),정상,0000,01,0319519499,204186.385          ,469943.775          ,경기도 의정부시 의정부동 *** ,2026-04-30 13:14:04
3820000,382000001320200005,2020-05-04,,폐업,2022-06-13,,,,,,11673,서울유통,I,000,2026-03-26 22:35:41,"경기도 의정부시 둔야로**번길 *, 덕암오피스텔 B*층 A-**호 (의정부동)",폐업,0002,03,,203375.359918311    ,470705.969510801    ,경기도 의정부시 의정부동 ***-* 덕암오피스텔 ,2022-10-26 17:28:36
3820000,382000001320200006,2020-05-04,,폐업,2022-06-13,,,,,,11673,서울유통,I,000,2026-03-26 22:35:41,"경기도 의정부시 둔야로**번길 *, 덕암오피스텔 B*층 A-**호 (의정부동)",폐업,0002,03,,203375.359918311    ,470705.969510801    ,경기도 의정부시 의정부동 ***-* 덕암오피스텔 ,2022-10-27 15:25:10
3820000,382000001320200011,2020-06-01,,폐업,2024-11-26,,,,,,11616,(JN)글로벌,I,000,2026-03-26 22:35:41,"경기도 의정부시 녹양로**번길 **-**, 지층 *호 (가능동)",폐업,0002,03,,202832.71858166     ,472381.038597116    ,경기도 의정부시 가능동 ***-** ,2024-11-27 17:11:21
3820000,382000001320200014,2020-06-05,,폐업,2020-07-09,,,,,,11676,황소코리아,I,000,2026-03-26 22:35:41,경기도 의정부시 신촌로**번길 **-** (가능동),폐업,0002,03,,203212.078548678    ,472169.582275489    ,경기도 의정부시 가능동 ***-* ,2020-07-09 15:21:07
3820000,382000001320200021,2020-07-09,,폐업,2024-11-26,,,,,,11720,제이예스,I,000,2026-03-26 22:35:41,"경기도 의정부시 회룡로 ***, ***동 ***호 (장암동, 장암주공*단지)",폐업,0002,03,,205360.712277247    ,469287.725535414    ,경기도 의정부시 장암동 **-** 장암주공*단지 ,2024-11-27 17:08:27
3820000,382000001320210002,2021-09-05,,폐업,2025-12-11,,,,,,11723,(주)펫클럽 장암점,I,L00,2026-03-26 22:35:41,경기도 의정부시 동일로 ***(장암동),폐업,0002,03,07046752230,204977.028743775    ,467149.17301393     ,경기도 의정부시 장암동 **-** ,2025-12-12 16:18:22
3820000,382000001320210003,2021-12-28,,폐업,2023-04-05,,,,,,11703,듀펫도소매할인매장,I,000,2026-03-26 22:35:41,"경기도 의정부시 평화로 ***-*, 호원행복주택상가동 ***호 (호원동, 의정부호원행복주택)",폐업,0002,03,0318558715,204135.506879373    ,469565.225758894    ,경기도 의정부시 호원동 *** 의정부호원행복주택 ***호,2023-04-06 16:16:21
3820000,382000001320220002,2022-05-11,,폐업,2025-05-15,,,,,,11813,아뮤고나,I,000,2026-03-26 22:35:41,"경기도 의정부시 오목로 ***, 민락*지구 제일풍경채 센텀-애비뉴모나코 *층 ***호 (민락동)",폐업,0002,03,07077184455,208627.776413231    ,471251.468626339    ,경기도 의정부시 민락동 *** 민락*지구 제일풍경채 센텀-애비뉴모나코 ,2025-05-16 15:06:10
3820000,382000001320220004,2022-05-18,,폐업,2023-05-12,,,,,,11782,(주)이마트에브리데이 신곡점,I,L00,2026-03-26 22:35:42,경기도 의정부시 시민로***번길 **(신곡동),폐업,0002,03,0318440377,206263.267617054    ,470518.574502411    ,경기도 의정부시 신곡동 ***-* ,2023-05-18 16:46:30
3820000,382000001320220005,2022-05-18,,폐업,2023-11-20,,,,,,11718,(주)이마트에브리데이 의정부장암점,I,L00,2026-03-26 22:35:42,경기도 의정부시 회룡로 ***(장암동),폐업,0002,03,0318799501,204643.312850085    ,469326.420564459    ,경기도 의정부시 장암동 **-** ,2023-11-22 17:44:39
3820000,382000001320220006,2022-05-18,,폐업,2023-11-23,,,,,,11739,(주)이마트에브리데이 신곡풍림점,I,L00,2026-03-26 22:35:42,"경기도 의정부시 회룡로 ***, 풍림,한국아파트 (신곡동)",폐업,0002,03,0319285889,205347.661328898    ,469458.006798778    ,"경기도 의정부시 신곡동 ***-* 풍림,한국아파트 ",2023-11-23 17:31:53
3820000,382000001320220007,2022-05-18,,폐업,2023-11-21,,,,,,11808,(주)이마트에브리데이 의정부민락점,I,L00,2026-03-26 22:35:42,"경기도 의정부시 승지로 **, 하나마트 (민락동)",폐업,0002,03,0318523473,208070.309965929    ,470568.570313772    ,경기도 의정부시 민락동 ***-* 하나마트 ,2023-11-22 17:48:33
3820000,382000001320220008,2022-05-20,,폐업,2023-11-22,,,,1092.96,,11789,(주)이마트에브리데이 용현동점,I,L00,2026-03-26 22:35:42,경기도 의정부시 오목로**번길 **(용현동),폐업,0002,03,0318402100,207540.744138663    ,470199.757026992    ,경기도 의정부시 용현동 **-* ,2023-11-23 15:57:40
3820000,382000001320220009,2022-05-20,,폐업,2023-11-22,,,,841.08,,11608,(주)이마트에브리데이 녹양동점,I,L00,2026-03-26 22:35:42,경기도 의정부시 비우로 **(녹양동),폐업,0002,03,0318779941,202825.828028672    ,472872.375880979    ,경기도 의정부시 녹양동 ***-** ,2023-11-23 16:01:09
3820000,382000001320220011,2022-07-20,,폐업,2022-08-03,,,,,,11706,GS25의정평화로점,I,000,2026-03-26 22:35:42,"경기도 의정부시 평화로***번길 **, 한주*차아파트 상가동 (호원동)",폐업,0002,03,0318785343,204174.706704508    ,468782.142676575    ,경기도 의정부시 호원동 ***-* 한주*차아파트 ,2022-08-03 16:38:48
3820000,382000001320200013,2020-06-05,,영업/정상,,,,,,,11629,에이앤이글로벌,I,000,2026-03-26 22:35:41,"경기도 의정부시 범골로**번길 **, ***동 ****호 (의정부동, 의정부 롯데캐슬 골드파크 *단지)",정상,0000,01,,203192.962927507    ,469636.12801121     ,경기도 의정부시 의정부동 *** 의정부 롯데캐슬 골드파크 *단지 ,2020-06-05 15:21:12
3820000,382000001320200015,2020-06-05,,영업/정상,,,,,,,11810,한라컴퍼니,I,000,2026-03-26 22:35:41,"경기도 의정부시 오목로 **, ***동 ****호 (민락동, 한라비발디아파트)",정상,0000,01,,207816.233474838    ,470366.642744502    ,경기도 의정부시 민락동 ***-* 한라비발디아파트 ,2020-06-05 15:34:13
3820000,382000001320200016,2020-07-02,,영업/정상,,,,,,,11626,천지코리아 주식회사,I,L00,2026-03-26 22:35:41,"경기도 의정부시 범골로**번길 **, ***동 ***호 (의정부동, 의정부 롯데캐슬 골드파크 *단지)",정상,0000,01,,203085.231378031    ,469876.481157409    ,경기도 의정부시 의정부동 *** 의정부 롯데캐슬 골드파크 *단지 ,2020-07-02 14:20:18
3820000,382000001320200018,2020-07-02,,영업/정상,,,,,,,11631,코리아캐슬,I,000,2026-03-26 22:35:41,"경기도 의정부시 호동로 **, ***동 ***호 (호원동, 호원가든*차아파트)",정상,0000,01,,203662.530960596    ,469446.326370081    ,경기도 의정부시 호원동 ***-* 호원가든*차아파트 ,2020-07-02 14:24:08
3820000,382000001320200019,2020-07-02,,영업/정상,,,,,,,11626,천지코리아 주식회사,I,L00,2026-03-26 22:35:41,"경기도 의정부시 범골로**번길 **, ***동 ***호 (의정부동, 의정부 롯데캐슬 골드파크 *단지)",정상,0000,01,,203085.231378031    ,469876.481157409    ,경기도 의정부시 의정부동 *** 의정부 롯데캐슬 골드파크 *단지 ,2020-07-02 16:57:19
3820000,382000001320200020,2020-07-02,,영업/정상,,,,,,,11626,천지코리아 주식회사,I,L00,2026-03-26 22:35:41,"경기도 의정부시 범골로**번길 **, ***동 ***호 (의정부동, 의정부 롯데캐슬 골드파크 *단지)",정상,0000,01,,203085.231378031    ,469876.481157409    ,경기도 의정부시 의정부동 *** 의정부 롯데캐슬 골드파크 *단지 ,2020-07-02 17:12:57
3820000,382000001320200022,2020-10-21,,영업/정상,,,,,,,11732,루아리,I,000,2026-03-26 22:35:41,"경기도 의정부시 신곡로 **, ***동 ****호 (신곡동, 동신아파트)",정상,0000,01,07088704487,204822.147190628    ,469690.742476917    ,경기도 의정부시 신곡동 ***-* 동신아파트 ,2020-10-21 14:00:58
3820000,382000001320200023,2022-07-06,,영업/정상,,,,,,,11784,미코드,I,000,2026-03-26 22:35:41,"경기도 의정부시 용민로*번길 **, ***동 ****호 (용현동, 건영아파트)",정상,0000,01,0318789952,206913.899655633    ,470484.702396727    ,경기도 의정부시 용현동 ***-** 건영아파트 ,2022-07-06 13:29:37
3820000,382000001320210001,2021-01-07,,영업/정상,,,,,,,11694,포천쌀상회,I,000,2026-03-26 22:35:41,경기도 의정부시 태평로 ** (의정부동),정상,0000,01,,204508.989785662    ,470625.331030961    ,경기도 의정부시 의정부동 ***-* ,2021-01-07 13:25:19
3820000,382000001320220001,2022-02-14,,영업/정상,,,,,,,11746,CU의정부행운점,I,000,2026-03-26 22:35:41,"경기도 의정부시 장금로 **, ***동 ***호 (신곡동, 삼도세라믹아파트)",정상,0000,01,,205267.55061908     ,471038.890188745    ,경기도 의정부시 신곡동 *** 삼도세라믹아파트 ***동 ***호,2022-02-14 19:36:46
3820000,382000001320220003,2022-05-13,,영업/정상,,,,,,,11757,홈플러스 의정부점,I,L00,2026-03-26 22:35:42,"경기도 의정부시 청사로 **, 홈플러스 의정부점 (금오동)",정상,0000,01,,206192.090833323    ,472186.18249487     ,경기도 의정부시 금오동 ***-* 홈플러스 의정부점 ,2024-02-23 16:47:07
3820000,382000001320220010,2022-06-10,,영업/정상,,,,,,,11615,장보는 강아지와 고양이 의정부서부점,I,000,2026-03-26 22:35:42,"경기도 의정부시 서부로 ***, *층 (가능동)",정상,0000,01,,203298.575240781    ,472585.255889236    ,경기도 의정부시 가능동 ***-** ,2022-06-10 15:40:45
3820000,382000001320230001,2023-08-23,,영업/정상,,,,,,,11800,견생냥품 무인24시 의정부 고산점,I,000,2026-03-26 22:35:42,"경기도 의정부시 서광로 ***, 상가동 ***호 (산곡동, 대광로제비앙 더 퍼스트)",정상,0000,01,,209676.003551954    ,469821.862238267    ,경기도 의정부시 산곡동 *** 대광로제비앙 더 퍼스트 ,2023-08-23 13:06:03
3820000,382000001320230002,2023-08-23,,영업/정상,,,,,,,11813,견생냥품 무인24시 의정부 민락동점,I,000,2026-03-26 22:35:42,"경기도 의정부시 천보로 **, *층 ***호 (민락동)",정상,0000,01,,208466.012554783    ,471290.775246775    ,경기도 의정부시 민락동 ***-* ,2023-08-23 13:12:58
3820000,382000001320240001,2024-09-12,,영업/정상,,,,,,,11754,모두다잇소,I,000,2026-03-26 22:35:42,"경기도 의정부시 금오로**번길 *, ***호 (금오동, 성도아트빌)",정상,0000,01,,206492.35824028     ,472564.543034773    ,경기도 의정부시 금오동 ***-* 성도아트빌 ,2024-09-12 16:30:48
3820000,382000001320250001,2025-03-28,,영업/정상,,,,,,,11806,진레드,I,000,2026-03-26 22:35:42,"경기도 의정부시 오목로 ***, 산들마을 아파트 ***동 ***호 (민락동)",정상,0000,01,07075250268,208581.215964553    ,470981.645417466    ,경기도 의정부시 민락동 *** 산들마을 아파트 ,2025-03-28 14:44:09
3820000,382000001320250002,2025-05-16,,영업/정상,,,,,,,11813,아뮤펫,I,000,2026-03-26 22:35:42,"경기도 의정부시 오목로 ***, 민락*지구 제일풍경채 센텀-애비뉴모나코 *층 **호 (민락동)",정상,0000,01,0318520418,208627.776413231    ,471251.468626339    ,경기도 의정부시 민락동 *** 민락*지구 제일풍경채 센텀-애비뉴모나코 ,2025-05-16 14:33:49
3820000,382000001320260001,2026-01-20,,영업/정상,,,,,,,11703,세인,I,000,2026-03-26 22:35:42,"경기도 의정부시 회룡로 ***, *층 ***-a-*호 (호원동)",정상,0000,01,,204341.300014048    ,469327.920190826    ,경기도 의정부시 호원동 ***-* ***-a호,2026-01-20 17:04:13
3820000,382000001320060001,2006-01-19,,영업/정상,,,,,0,,11644,(주)에이엘코리아,I,000,2026-03-26 22:35:41,"경기도 의정부시 호암로 **, ***호 (호원동)",정상,0000,01,,204111.967742715    ,467440.907784338    ,경기도 의정부시 호원동 ***-** ,2013-12-31 14:23:56
3820000,382000001320190001,2019-04-26,,영업/정상,,,,,,,11676,명준유통,I,000,2026-03-26 22:35:41,"경기도 의정부시 신촌로**번길 **-**, *층 (가능동)",정상,0000,01,,203212.078548678    ,472169.582275489    ,경기도 의정부시 가능동 ***-* ,2019-04-26 18:04:31
3820000,382000001320190003,2019-05-02,,영업/정상,,,,,,,11720,지니몰,I,000,2026-03-26 22:35:41,"경기도 의정부시 동일로 ***, ***동 ***호 (장암동, 신곡우성아파트)",정상,0000,01,,205328.053777761    ,469110.243402665    ,경기도 의정부시 장암동 **-** 신곡우성아파트 ,2019-05-02 11:04:38
3820000,382000001320190004,2019-05-02,,영업/정상,,,,,,,11751,장암유통,I,000,2026-03-26 22:35:41,"경기도 의정부시 부용로 **, 주공그린빌 ***동 ****호 (금오동)",정상,0000,01,,205457.344000286    ,471969.891307145    ,경기도 의정부시 금오동 ***-* 주공그린빌 ,2019-05-02 11:36:08
3820000,382000001320190005,2019-05-02,,영업/정상,,,,,,,11812,조이유통,I,000,2026-03-26 22:35:41,"경기도 의정부시 송양로 **, ****동 ****호 (민락동, 민락엘레트**단지)",정상,0000,01,,210100.879815853    ,471924.455057157    ,경기도 의정부시 민락동 *** 민락엘레트**단지 ,2019-05-02 11:38:10
3820000,382000001320190007,2019-05-16,,영업/정상,,,,,,,11673,라이언상사,I,000,2026-03-26 22:35:41,"경기도 의정부시 둔야로**번길 *, 덕암오피스텔 B*층 *-**호 (의정부동)",정상,0000,01,,203375.359918311    ,470705.969510801    ,경기도 의정부시 의정부동 ***-* 덕암오피스텔 ,2019-05-16 16:25:15
3820000,382000001320190008,2019-05-22,,영업/정상,,,,,,,11673,펭귄유통,I,000,2026-03-26 22:35:41,"경기도 의정부시 둔야로**번길 *, 덕암오피스텔 B*층 *-**호 (의정부동)",정상,0000,01,,203375.359918311    ,470705.969510801    ,경기도 의정부시 의정부동 ***-* 덕암오피스텔 ,2019-05-22 10:13:49
3820000,382000001320190009,2019-05-22,,영업/정상,,,,,,,11673,네이쳐 에프에스,I,000,2026-03-26 22:35:41,"경기도 의정부시 둔야로**번길 *, 덕암오피스텔 B*층 *-**호 (의정부동)",정상,0000,01,,203375.359918311    ,470705.969510801    ,경기도 의정부시 의정부동 ***-* 덕암오피스텔 ,2019-05-22 09:42:02
3820000,382000001320190010,2020-05-04,,영업/정상,,,,,,,11673,아로유통,I,000,2026-03-26 22:35:41,"경기도 의정부시 둔야로**번길 *, 덕암오피스텔 B*층 A-**호 (의정부동)",정상,0000,01,,203375.359918311    ,470705.969510801    ,경기도 의정부시 의정부동 ***-* 덕암오피스텔 ,2020-05-04 20:18:19
3820000,382000001320200001,2020-04-22,,영업/정상,,,,,,,11673,신화산업,I,000,2026-03-26 22:35:41,"경기도 의정부시 둔야로**번길 *, 덕암오피스텔 B*층 A-**호 (의정부동)",정상,0000,01,,203375.359918311    ,470705.969510801    ,경기도 의정부시 의정부동 ***-* 덕암오피스텔 ,2020-04-22 16:18:21
3820000,382000001320200002,2020-04-23,,영업/정상,,,,,,,11673,강북유통,I,000,2026-03-26 22:35:41,"경기도 의정부시 둔야로**번길 *, 덕암오피스텔 A-**호 (의정부동)",정상,0000,01,,203375.359918311    ,470705.969510801    ,경기도 의정부시 의정부동 ***-* 덕암오피스텔 ,2020-04-23 09:40:54
3820000,382000001320200003,2020-04-29,,영업/정상,,,,,,,11616,오리,I,000,2026-03-26 22:35:41,"경기도 의정부시 녹양로**번길 **-**, *층 (가능동)",정상,0000,01,,202832.71858166     ,472381.038597116    ,경기도 의정부시 가능동 ***-** ,2020-04-29 16:45:09
3820000,382000001320200004,2020-04-29,,영업/정상,,,,,,,11616,오리,I,000,2026-03-26 22:35:41,"경기도 의정부시 녹양로**번길 **-**, *층 (가능동)",정상,0000,01,,202832.71858166     ,472381.038597116    ,경기도 의정부시 가능동 ***-** ,2020-04-29 17:23:47
3820000,382000001320200007,2020-05-11,,영업/정상,,,,,,,11673,하늘글로벌 주식회사,I,000,2026-03-26 22:35:41,"경기도 의정부시 둔야로**번길 *, 덕암오피스텔 B*층 A-**호 (의정부동)",정상,0000,01,,203375.359918311    ,470705.969510801    ,경기도 의정부시 의정부동 ***-* 덕암오피스텔 ,2020-05-11 09:22:23
3820000,382000001320200008,2020-05-11,,영업/정상,,,,,,,11673,하늘글로벌 주식회사,I,000,2026-03-26 22:35:41,"경기도 의정부시 둔야로**번길 *, 덕암오피스텔 B*층 A-**호 (의정부동)",정상,0000,01,,203375.359918311    ,470705.969510801    ,경기도 의정부시 의정부동 ***-* 덕암오피스텔 ,2020-05-11 09:47:16
3820000,382000001320200009,2020-05-26,,영업/정상,,,,,,,11673,에이스컴퍼니,I,000,2026-03-26 22:35:41,"경기도 의정부시 둔야로**번길 *, 덕암오피스텔 B*층 *-**호 (의정부동)",정상,0000,01,,203375.359918311    ,470705.969510801    ,경기도 의정부시 의정부동 ***-* 덕암오피스텔 ,2020-05-26 11:10:48
3820000,382000001320200010,2020-06-01,,영업/정상,,,,,,,11673,피앤에스 글로벌 주식회사,I,L00,2026-03-26 22:35:41,"경기도 의정부시 둔야로**번길 **, *층 ***호 (의정부동)",정상,0000,01,,203367.581574987    ,470827.742435768    ,경기도 의정부시 의정부동 ***-* ,2020-06-01 17:44:37
3820000,382000001320200012,2020-06-03,,영업/정상,,,,,,,11616,승원컴퍼니,I,000,2026-03-26 22:35:41,"경기도 의정부시 녹양로**번길 **-**, *층 *호 (가능동)",정상,0000,01,,202832.71858166     ,472381.038597116    ,경기도 의정부시 가능동 ***-** ,2020-06-03 13:06:56
3820000,382000001320190006,2019-05-02,,폐업,2020-04-01,,,,,,11616,혜성유통,I,000,2026-03-26 22:35:41,"경기도 의정부시 녹양로**번길 **-**, *층 *호 (가능동)",폐업,0002,03,,202832.71858166     ,472381.038597116    ,경기도 의정부시 가능동 ***-** ,2020-04-01 16:32:10
3830000,383000001320260001,2026-03-12,,영업/정상,,,,,,,13943,로그인,I,000,2026-03-13 21:32:21,"경기도 안양시 동안구 안양판교로 **, 신한데뷰오피스텔 ***호 일부호 (관양동)",정상,0000,01,,197982.14863383     ,433123.910725025    ,경기도 안양시 동안구 관양동 ****-** 신한데뷰오피스텔 ,2026-03-12 08:43:07
3830000,383000001320220006,2022-10-17,,영업/정상,,,,,,,14056,(주)디엔디전자,I,L00,2025-12-15 16:15:28,"경기도 안양시 동안구 학의로 ***, 메가밸리 ***호 (관양동)",정상,0000,01,0314240100,197069.82356942     ,433267.205928793    ,경기도 안양시 동안구 관양동 *** 메가밸리 ,2022-10-17 07:37:50
3830000,383000001320230002,2023-07-14,,영업/정상,,,,,,,14055,주식회사 펫펄스랩,I,L00,2025-12-15 16:15:28,"경기도 안양시 동안구 시민대로***번길 **-**, *층 (관양동)",정상,0000,01,07041867626,196668.281176927    ,432902.36534764     ,경기도 안양시 동안구 관양동 **** ,2023-07-14 13:39:14
3830000,383000001320240001,2024-02-22,,영업/정상,,,,,104.7,,14056,주식회사 에이아이사이언티픽,I,L00,2026-02-05 21:32:20,"경기도 안양시 동안구 학의로 ***, 메가밸리 지하*층 SB*** 일부호 (관양동)",정상,0000,01,,197069.82356942     ,433267.205928793    ,경기도 안양시 동안구 관양동 *** 메가밸리 ,2026-02-04 16:25:34
3830000,383000001320240002,2024-03-21,,영업/정상,,,,,,,14112,주식회사 내일약품,I,L00,2025-12-15 16:15:28,"경기도 안양시 동안구 흥안대로 ***, 동안빌딩 *층 (호계동)",정상,0000,01,0314260011,196260.42317239     ,429867.612214784    ,경기도 안양시 동안구 호계동 ****-* ,2024-03-21 17:33:12
3830000,383000001320240003,2024-03-29,,영업/정상,,,,,0,,13935,(주)큐더스커뮤니케이션,I,L00,2025-12-15 16:15:28,"경기도 안양시 동안구 평촌대로***번길 **, *층 (비산동)",정상,0000,01,025481977,195755.580706815    ,433530.10196024     ,경기도 안양시 동안구 비산동 ****-* ,2024-03-29 17:32:36
3830000,383000001320240005,2024-06-20,,영업/정상,,,,,,,13951,삼손종합클린,I,000,2025-12-15 16:15:28,"경기도 안양시 동안구 관악대로 ***, 우정타운 *층 ***호일부호 (관양동)",정상,0000,01,,197749.906483732    ,433375.260797702    ,경기도 안양시 동안구 관양동 ****-* 우정타운 ,2024-06-20 13:55:21
3830000,383000001320250001,2025-04-18,,영업/정상,,,,,94.66,,14117,주식회사 비코,I,000,2025-12-15 16:15:28,"경기도 안양시 동안구 엘에스로 **, 국제유통단지 나동 *층 ***호 (호계동)",정상,0000,01,,195688.283843608    ,429949.927810159    ,경기도 안양시 동안구 호계동 ***-* 국제유통단지 ,2025-04-18 14:00:11
3830000,383000001320250002,2025-06-13,,영업/정상,,,,,85.6,,14056,주식회사 제이메드,U,L00,2026-04-07 03:03:03,"경기도 안양시 동안구 학의로 ***, 메가밸리 *층 *** 일부호 (관양동)",정상,0000,01,07088523650,197069.82356942     ,433267.205928793    ,경기도 안양시 동안구 관양동 *** 메가밸리 ,2026-04-06 09:30:53
3830000,383000001320250003,2025-06-19,,영업/정상,,,,,,,14057,주식회사 스템포인트,I,L00,2025-12-15 16:15:28,"경기도 안양시 동안구 벌말로 ***, 평촌 오비즈타워 *층 ***호 (관양동)",정상,0000,01,07042448029,197294.653649091    ,433065.342670877    ,경기도 안양시 동안구 관양동 **** 평촌 오비즈타워 ,2025-06-19 09:05:29
3830000,383000001320250004,2025-08-20,,영업/정상,,,,,85.3,,14057,주식회사 파마루,I,L00,2025-12-15 16:15:28,"경기도 안양시 동안구 시민대로 ***, 대륭테크노타운**차 *층 ***호 (관양동)",정상,0000,01,07087771070,197692.013396525    ,432777.290185295    ,경기도 안양시 동안구 관양동 ***-* 대륭테크노타운**차 ,2025-08-20 09:29:15
3830000,383000001320080001,2008-07-16,,폐업,2011-12-30,,,,16.53,,,초이메디칼,I,000,2025-12-15 16:15:28,,폐업,0002,03,0313863823,195613.85780733     ,430440.573875825    ,경기도 안양시 동안구 호계동 *** 럭키아파트 상가동 ***호 ,2011-12-30 10:36:00
3830000,383000001320090001,2009-09-15,,폐업,2012-10-10,,,,52,,,중앙아이엔티(주),I,000,2025-12-15 16:15:28,,폐업,0002,03,16446479,,,경기도 안양시 만안구 안양동 ***-**   ,2012-10-10 13:55:27
3830000,383000001320120001,2012-09-10,,폐업,2019-10-16,,,,,,14059,주식회사 티엔티리써치,I,L00,2025-12-15 16:15:28,"경기도 안양시 동안구 흥안대로 ***, ***호 (평촌동, 두산벤처다임)",폐업,0002,03,0314780630,197536.460660019    ,432133.905985364    ,경기도 안양시 동안구 평촌동 ***-* 두산벤처다임 ***호,2019-10-16 16:13:11
3830000,383000001320120002,2012-12-17,,폐업,2017-11-06,,,,,,13936,중앙아이엔티 주식회사,I,L00,2025-12-15 16:15:28,"경기도 안양시 동안구 관평로***번길 **, *층 ***호 (관양동)",폐업,0002,03,0313816200,196125.585656913    ,433714.371525453    ,경기도 안양시 동안구 관양동 ****-* ***호,2017-11-04 13:56:31
3830000,383000001320220003,2022-05-19,,폐업,2023-12-04,,,,,,13928,(주)이마트에브리데이 안양관양점,I,L00,2025-12-15 16:15:28,"경기도 안양시 동안구 동편로 ***, ***호 (관양동)",폐업,0002,03,0313607426,197012.120870214    ,434228.188247172    ,경기도 안양시 동안구 관양동 **** ***호,2023-12-04 15:59:06
3830000,383000001320220004,2022-05-19,,폐업,2024-09-11,,,,,,14117,홈플러스(주) 안양점,I,L00,2025-12-15 16:15:28,"경기도 안양시 동안구 엘에스로 **, 국제유통단지 (호계동)",폐업,0002,03,03180351346,195688.283843608    ,429949.927810159    ,경기도 안양시 동안구 호계동 ***-* 국제유통단지 ,2024-09-11 08:47:23
3830000,383000001320220005,2022-05-19,,폐업,2023-11-30,,,,,,14044,(주)이마트에브리데이 비산동점,I,L00,2025-12-15 16:15:28,"경기도 안양시 동안구 학의로 **, 관악아파트 상가동 지하 *층 (비산동)",폐업,0002,03,0313821508,194913.852143438    ,432525.45562329     ,경기도 안양시 동안구 비산동 **** 관악아파트 상가동 지하*층 ,2023-11-30 16:06:02
3830000,383000001320240004,2024-06-05,,폐업,2025-07-15,,,,,,14003,애스앤티코리아,I,L00,2025-12-15 16:15:28,"경기도 안양시 만안구 양화로*번길 **, *층 (안양동)",폐업,0002,03,0313442774,192574.201455724    ,432586.051749548    ,경기도 안양시 만안구 안양동 ***-*** ,2025-07-15 15:17:17
3830000,383000001319990001,1999-04-06,,취소/말소/만료/정지/중지,,,,,26.63,,14068,현대상사,I,000,2025-12-15 16:15:28,"경기도 안양시 동안구 관평로 ***, B동 ***호 (평촌동, 초원세경상가)",말소,0004,04,,196649.668716267    ,432033.22250508     ,경기도 안양시 동안구 평촌동 ***-* 초원세경상가 B동 ***호,2015-01-31 14:03:33
3830000,383000001320170001,2017-06-07,,영업/정상,,,,,494,,14084,(주)휴비딕,I,L00,2025-12-15 16:15:28,"경기도 안양시 만안구 전파로 **, ***호 (안양동)",정상,0000,01,0314424499,,,경기도 안양시 만안구 안양동 ***-* ***호,2017-06-07 11:29:08
3830000,383000001320180001,2018-04-16,,영업/정상,,,,,,,14118,에이에스메디컴,I,000,2025-12-15 16:15:28,"경기도 안양시 동안구 엘에스로 ***, 두림야스카와 ***호 (호계동)",정상,0000,01,0314279955,195447.181430785    ,430016.964821158    ,경기도 안양시 동안구 호계동 ***-** 두림야스카와 ***호,2018-09-06 15:56:57
3830000,383000001320190001,2019-05-15,,영업/정상,,,,,,,14067,주식회사 비비,I,L00,2025-12-15 16:15:28,"경기도 안양시 동안구 시민대로 ***, 평촌아크로타워 B동 ***-**호 (관양동)",정상,0000,01,0313430600,196080.532197962    ,432244.867412549    ,경기도 안양시 동안구 관양동 **** 평촌아크로타워 B***-**호 ,2019-05-15 09:05:50
3830000,383000001320190002,2019-05-24,,영업/정상,,,,,49.58,,14065,NEL LAB,I,L00,2025-12-15 16:15:28,"경기도 안양시 동안구 시민대로 ***, 평촌칼라힐주차빌딩 ***호 (평촌동)",정상,0000,01,,196822.119978806    ,432554.706986554    ,경기도 안양시 동안구 평촌동 *** 평촌칼라힐주차빌딩 ***호,2019-05-28 13:40:29
3830000,383000001320190003,2019-09-27,,영업/정상,,,,,,,14106,비씨에스,I,000,2025-12-15 16:15:28,"경기도 안양시 동안구 흥안대로***번길 **, 샘마을대우아파트 상가동 ***호 (호계동)",정상,0000,01,0314298620,196852.91093544     ,430334.295150229    ,경기도 안양시 동안구 호계동 **** 샘마을대우아파트 상가동 ,2019-09-27 15:22:19
3830000,383000001320200001,2020-08-13,,영업/정상,,,,,,,14067,판도,I,000,2025-12-15 16:15:28,"경기도 안양시 동안구 시민대로 ***, 평촌아크로타워 B동 ***호 (관양동)",정상,0000,01,,196080.532197962    ,432244.867412549    ,경기도 안양시 동안구 관양동 **** 평촌아크로타워 B동 ***호,2020-08-13 13:16:34
3830000,383000001320210001,2021-01-22,,영업/정상,,,,,,,14047,펫파트너 주식회사,I,L00,2025-12-15 16:15:28,"경기도 안양시 동안구 시민대로 ***, 안양건설타워 ****호 (비산동)",정상,0000,01,,195651.673909625    ,432187.915104016    ,경기도 안양시 동안구 비산동 ****-* 안양건설타워 ****호,2022-05-16 14:36:09
3830000,383000001320210002,2024-04-01,,영업/정상,,,,,,,14047,(주)큐더스커뮤니케이션,I,L00,2026-01-31 21:32:20,"경기도 안양시 동안구 평촌대로***번길 **, 샤크존 지*층 B***호 (비산동)",정상,0000,01,025481977,195769.966943865    ,432304.250823794    ,경기도 안양시 동안구 비산동 ****-* 샤크존 ,2026-01-30 14:37:47
3830000,383000001320220001,2022-05-16,,영업/정상,,,,,,,13951,(주)장영실,I,L00,2025-12-15 16:15:28,"경기도 안양시 동안구 흥안대로 ***, 아이퍼스트타워 ***호 (관양동)",정상,0000,01,025713444,197818.111875523    ,433137.578437473    ,경기도 안양시 동안구 관양동 ****-* 아이퍼스트타워 ***호,2022-05-16 09:12:04
3830000,383000001320220002,2022-05-19,,영업/정상,,,,,,,14046,홈플러스 평촌점,I,L00,2025-12-15 16:15:28,"경기도 안양시 동안구 동안로 ***, 홈플러스 (비산동)",정상,0000,01,0314708124,195583.711564712    ,432382.548041467    ,경기도 안양시 동안구 비산동 ****-* 홈플러스 ,2022-05-19 09:13:39
3830000,383000001320230001,2023-01-09,,영업/정상,,,,,,,14054,태주프로젝트,I,000,2025-12-15 16:15:28,"경기도 안양시 동안구 시민대로 ***, 효성인텔리안 ***호 (관양동)",정상,0000,01,,196422.394737698    ,432520.438082006    ,경기도 안양시 동안구 관양동 ****-* 효성인텔리안 ***호,2023-01-09 08:50:54
3860000,386000001320220003,2022-04-01,,폐업,2025-12-26,,,,,,14537,해피도그(happydog),I,000,2025-12-31 02:40:00,"경기도 부천시 원미구 계남로 ***, ***동 ***호 (중동, 금강마을)",폐업,0002,03,,178737.878723195    ,445063.299405808    ,경기도 부천시 원미구 중동 **** 금강마을 ,2025-12-29 09:08:23
3860000,386000001320110001,2011-01-28,,영업/정상,,,,,126.4,,14543,제이원헬스케어,I,000,2025-12-15 16:15:28,"경기도 부천시 원미구 상동로***번길 **, 대림타운 (상동)",정상,0000,01,,177967.205040662    ,445073.214218477    ,경기도 부천시 원미구 상동 ***-* 대림타운 ,2021-01-29 14:04:40
3860000,386000001320140001,2014-12-10,,영업/정상,,,,,,,14446,민앤제이,I,000,2025-12-15 16:15:28,"경기도 부천시 오정구 오정로***번길 *-**, ***동 *층 *호 (내동)",정상,0000,01,07088644650,180002.152896353    ,447270.062461201    ,경기도 부천시 오정구 내동 ***-** ,2021-01-29 14:05:22
3860000,386000001320180001,2018-06-14,,영업/정상,,,,,,,14566,주식회사 포파코 원미지점,I,L00,2025-12-15 16:15:28,"경기도 부천시 원미구 부천로 ***, 서부빌딩 *층 (원미동)",정상,0000,01,,180980.744129904    ,443780.676440281    ,경기도 부천시 원미구 원미동 **-* 서부빌딩 ,2018-06-14 21:01:37
3860000,386000001320190001,2019-02-08,,영업/정상,,,,,,,14503,히비스독,I,000,2025-12-15 16:15:28,"경기도 부천시 원미구 평천로 ***, 오토갤러리 ***-*호 (상동)",정상,0000,01,0323210595,178705.588857561    ,445952.097534462    ,경기도 부천시 원미구 상동 ***-* 오토갤러리 ,2019-02-08 09:22:08
3860000,386000001320190003,2019-06-18,,영업/정상,,,,,,,14670,씨크텍,I,000,2025-12-15 16:15:28,"경기도 부천시 원미구 부일로***번길 *, 준프라자 *층 F**호 (역곡동)",정상,0000,01,,183347.371838748    ,442723.113058088    ,경기도 부천시 원미구 역곡동 **-* 준프라자 ,2019-06-18 14:46:27
3860000,386000001320190004,2019-08-14,,영업/정상,,,,,,,14527,(주)봄프렌즈 부천지사,I,L00,2025-12-15 16:15:28,"경기도 부천시 원미구 옥산로 ***, *층 (춘의동)",정상,0000,01,07048704477,180520.66934868     ,444839.251650386    ,경기도 부천시 원미구 춘의동 ***-** ,2019-08-14 08:37:35
3860000,386000001320210001,2021-01-25,,영업/정상,,,,,377.19,,14752,온리큐,I,000,2025-12-15 16:15:28,"경기도 부천시 소사구 경인로 ***, 성원빌딩 *층 ***-*호 (심곡본동)",정상,0000,01,,180899.51667422     ,442290.531964887    ,경기도 부천시 소사구 심곡본동 *** ,2021-01-25 10:58:32
3860000,386000001320220004,2022-05-12,,영업/정상,,,,,,,14545,홈플러스 부천 상동점,I,L00,2025-12-15 16:15:28,"경기도 부천시 원미구 길주로 ***, 홈플러스부천상동점 (상동)",정상,0000,01,,178267.428293028    ,444706.144749999    ,서울특별시 강서구 등촌동 ***-* 홈플러스부천상동점 ,2024-02-23 08:58:36
3860000,386000001320220005,2022-05-16,,영업/정상,,,,,,,14485,홈플러스(주) 부천여월점,I,L00,2025-12-15 16:15:28,"경기도 부천시 오정구 소사로 ***, 홈플러스 부천여월점 (여월동)",정상,0000,01,0326808000,182455.521209906    ,445978.59662723     ,서울특별시 강서구 등촌동 *** 홈플러스 부천여월점 ,2024-02-23 15:56:10
3860000,386000001320220006,2022-05-16,,휴업,,2026-05-10,2026-07-03,,,,14676,홈플러스 부천소사점,U,L00,2026-05-20 03:03:03,"경기도 부천시 소사구 경인로 ***, HOME PLUS 소사점 (괴안동)",휴업,0001,02,0326108101,183505.044366024    ,442533.953044508    ,서울특별시 강서구 등촌동 ***-* HOME PLUS 소사점 ,2026-05-19 17:11:34
3860000,386000001320220008,2022-06-07,,영업/정상,,,,,,,14448,리솔,I,000,2025-12-15 16:15:28,경기도 부천시 오정구 오정로 **-**(삼정동),정상,0000,01,,178891.870729235    ,447019.293694128    ,경기도 부천시 오정구 삼정동 **-** ,2022-06-07 14:47:20
3860000,386000001320220010,2022-06-07,,영업/정상,,,,,,,14465,바스터,I,000,2025-12-15 16:15:28,"경기도 부천시 오정구 삼작로***번길 **-**, ***동 ***호 (원종동, 원종 e편한세상)",정상,0000,01,,182541.417848527    ,446316.833022272    ,경기도 부천시 오정구 원종동 *** 원종 e편한세상 ***동 ***호,2022-06-07 15:03:07
3860000,386000001320220013,2022-08-05,,영업/정상,,,,,,,14537,HTHmall,I,000,2025-12-15 16:15:28,"경기도 부천시 원미구 계남로 ***, ***동 ****호 (중동, 금강마을)",정상,0000,01,,178737.878723195    ,445063.299405808    ,경기도 부천시 원미구 중동 **** 금강마을 ,2022-08-05 16:58:49
3860000,386000001320220015,2022-09-28,,영업/정상,,,,,,,14547,(주)이마트 중동점,I,L00,2025-12-15 16:15:28,"경기도 부천시 원미구 석천로 ***, (주)신세계이마트중동점 (중동)",정상,0000,01,0327181052,179059.890468202    ,444675.160533494    ,서울특별시 성동구 성수동*가 **** (주)신세계이마트중동점 ,2024-04-19 10:39:40
3860000,386000001320170001,2017-11-16,,폐업,2024-02-27,,,,26.4,,14542,(주)글로리바이오텍 부천지점,I,000,2025-12-15 16:15:28,"경기도 부천시 원미구 송내대로***번길 **, ***호 (상동)",폐업,0002,03,,178250.572296621    ,445031.744908637    ,경기도 부천시 원미구 상동 ***-* 월드컵타운 ***호,2024-02-27 15:42:46
3860000,386000001320190002,2019-03-28,,폐업,2022-07-19,,,,,,14542,이앤이,I,000,2025-12-15 16:15:28,"경기도 부천시 원미구 송내대로***번길 **, 크라운빌딩 *층 ***호 (상동)",폐업,0002,03,,178387.840802147    ,445010.086649392    ,경기도 부천시 원미구 상동 ***-* 크라운빌딩 ,2022-07-19 15:31:19
3860000,386000001320200001,2020-01-17,,폐업,2021-04-16,,,,,,14623,(주)태웅메디칼,I,000,2025-12-15 16:15:28,"경기도 부천시 원미구 송내대로**번길 **, 양지프라자 ***호 (상동)",폐업,0002,03,07087699204,178296.521632072    ,443128.263341337    ,경기도 부천시 원미구 상동 ***-* 양지프라자 ,2021-04-16 14:26:16
3860000,386000001320210002,2021-07-21,,폐업,2024-01-26,,,,,,14544,글로벌바이젠,I,000,2025-12-15 16:15:28,"경기도 부천시 원미구 상동로 **, 가나베스트타운 쓰리 *층 ***-****호 (상동)",폐업,0002,03,,178038.654941912    ,444806.206937757    ,경기도 부천시 원미구 상동 ***-* 가나베스트타운 쓰리 ,2024-01-26 14:14:45
3860000,386000001320220001,2022-02-07,,폐업,2025-03-24,,,,,,14530,CU 춘의제일점,I,000,2025-12-15 16:15:28,"경기도 부천시 원미구 계남로 ***, *층 (춘의동)",폐업,0002,03,0326764667,180636.025173226    ,444638.153243488    ,경기도 부천시 원미구 춘의동 ***-** ,2025-03-24 14:28:35
3860000,386000001320220002,2022-02-11,,폐업,2022-12-29,,,,,,14550,이숍(Yishop),I,000,2025-12-15 16:15:28,"경기도 부천시 원미구 옥산로 **, ****동 ***호 (중동, 꿈마을)",폐업,0002,03,,180477.120330127    ,444108.727600256    ,경기도 부천시 원미구 중동 **** 꿈마을 ,2022-12-29 10:23:12
3860000,386000001320220007,2022-05-20,,폐업,2023-12-13,,,,,,14789,(주)이마트에브리데이 부천SF점,I,L00,2025-12-15 16:15:28,"경기도 부천시 소사구 옥길로 *, 스타필드시티 부천 *층 (옥길동)",폐업,0002,03,0263861154,183469.36769705     ,439944.223220165    ,경기도 부천시 소사구 옥길동 *** 스타필드시티 부천 ,2023-12-13 16:18:05
3860000,386000001320220009,2022-06-07,,폐업,2023-06-23,,,,,,14424,텐텐플러스,I,000,2025-12-15 16:15:28,"경기도 부천시 오정구 소사로***번길 **, *층 (원종동)",폐업,0002,03,,182962.700332787    ,446695.74748429     ,경기도 부천시 오정구 원종동 ***-* ,2023-06-23 19:57:13
3860000,386000001320220011,2022-06-14,,폐업,2024-05-20,,,,,,14751,영클린,I,000,2025-12-15 16:15:28,경기도 부천시 소사구 하우로 ***-**(심곡본동),폐업,0002,03,,180774.400540222    ,442031.642679004    ,경기도 부천시 소사구 심곡본동 ***-** ,2024-05-20 15:58:38
3860000,386000001320220012,2022-06-24,,폐업,2023-06-16,,,,,,14432,애맬,I,000,2025-12-15 16:15:28,"경기도 부천시 오정구 원종로**번길 **-**, *동 B**호 (원종동, 경동주택)",폐업,0002,03,,182393.812495553    ,446825.510267496    ,경기도 부천시 오정구 원종동 ***-** 경동주택 ,2023-06-21 10:28:16
3860000,386000001320220014,2022-08-29,,폐업,2024-12-26,,,,,,14545,전진바이오팜주식회사 폴리파크 부천상동지점,I,L00,2025-12-15 16:15:28,"경기도 부천시 원미구 상동로 **, 메가플러스 *층 ***호 (상동)",폐업,0002,03,02031134026,178156.560320666    ,444798.495006961    ,경기도 부천시 원미구 상동 ***-* 메가플러스 ,2024-12-26 10:24:02
3860000,386000001320230003,2023-07-18,,폐업,2025-01-04,,,,,,14416,아민(AHMIN),I,000,2025-12-15 16:15:28,"경기도 부천시 오정구 역곡로***번가길 **-*, A동 ***호 (고강동, 월드빌리지)",폐업,0002,03,,183544.874585877    ,447295.780743808    ,경기도 부천시 오정구 고강동 ***-* 월드빌리지 A동 ***호,2025-01-06 09:12:38
3860000,386000001320240001,2024-03-15,,폐업,2025-11-07,,,,,,14459,더클릭,I,000,2025-12-15 16:15:28,"경기도 부천시 원미구 수도로 ***, 비동 ***호 (도당동, 방주빌라)",폐업,0002,03,,181755.066177926    ,446646.737721362    ,경기도 부천시 원미구 도당동 ***-* 방주빌라 ,2025-11-07 15:41:21
3860000,386000001320240002,2024-04-04,,폐업,2025-10-01,,,,,,14460,비앤씨포유,I,000,2025-12-15 16:15:28,"경기도 부천시 오정구 성곡로 **, ***호 (여월동, 정팰리스)",폐업,0002,03,,181890.526278369    ,446541.409810002    ,경기도 부천시 오정구 여월동 *-* 정팰리스 ,2025-10-01 14:51:45
3860000,386000001320240008,2024-08-06,,폐업,2025-03-07,,,,,,14555,유한회사 애니웰바이오사이언스,I,L00,2025-12-15 16:15:28,"경기도 부천시 원미구 부천로***번길 **, 비동 *층 (춘의동)",폐업,0002,03,,181384.488448119    ,444610.231209736    ,경기도 부천시 원미구 춘의동 ***-* ,2025-03-07 13:52:29
3860000,386000001320220016,2022-09-29,,영업/정상,,,,,,,14652,미르,I,000,2025-12-15 16:15:28,경기도 부천시 원미구 부일로 ***-*(소사동),정상,0000,01,,182011.73525191     ,442418.711343616    ,경기도 부천시 원미구 소사동 **-** ,2022-09-29 13:30:09
3860000,386000001320220017,2022-09-29,,영업/정상,,,,,,,14414,대영성컴퍼니,I,000,2025-12-15 16:15:28,"경기도 부천시 오정구 고강로**번길 *, 가동 ***호 (원종동, 원종하이츠빌)",정상,0000,01,,183200.724889948    ,447503.199290233    ,경기도 부천시 오정구 원종동 ***-* 원종하이츠빌 ,2022-09-29 13:33:44
3860000,386000001320220018,2022-11-23,,영업/정상,,,,,,,14544,메디케어팜,I,000,2025-12-15 16:15:28,"경기도 부천시 원미구 소향로 **, 그린프라자 ***호 (상동)",정상,0000,01,0323230063,177920.942864211    ,444660.25171624     ,경기도 부천시 원미구 상동 ***-* 그린프라자 ***호,2022-11-23 14:58:32
3860000,386000001320230001,2023-05-16,,영업/정상,,,,,,,14421,분홍별스토어,I,000,2025-12-15 16:15:28,"경기도 부천시 오정구 원종로***번길 **-*, 나동 *층 ***호 (고강동, 부강빌라)",정상,0000,01,,183477.94830129     ,446966.645672152    ,경기도 부천시 오정구 고강동 ***-** 부강빌라 나동 ***호,2023-05-16 15:09:36
3860000,386000001320230002,2023-06-28,,영업/정상,,,,,,,14640,제이에이치와이,I,000,2026-01-23 21:02:20,"경기도 부천시 원미구 부일로***번길 **, *층 A****호 (심곡동)",정상,0000,01,,180842.901781022    ,442721.441817642    ,경기도 부천시 원미구 심곡동 ***-* ,2026-01-22 11:41:45
3860000,386000001320230004,2023-11-30,,영업/정상,,,,,,,14555,(주)원 메디칼,I,L00,2025-12-15 16:15:28,경기도 부천시 원미구 부천로***번길 ** (춘의동),정상,0000,01,0322190077,181384.488448119    ,444610.231209736    ,경기도 부천시 원미구 춘의동 ***-* ,2023-11-30 16:45:29
3860000,386000001320240003,2024-04-04,,영업/정상,,,,,,,14537,큐온메드(Qonmed),I,000,2025-12-15 16:15:28,"경기도 부천시 원미구 길주로 ***, 중동 에스티마 오피스텔 ***호 (중동)",정상,0000,01,,178914.599945813    ,444821.079778803    ,경기도 부천시 원미구 중동 ****-* 중동 에스티마 오피스텔 ,2024-06-05 11:34:19
3860000,386000001320240004,2024-06-03,,영업/정상,,,,,,,14558,헤럴드,I,000,2025-12-15 16:15:28,"경기도 부천시 원미구 조마루로***번길 **, 부천테크노밸리 U* center **층 ****호 (원미동)",정상,0000,01,,181376.331910043    ,444312.585092819    ,경기도 부천시 원미구 원미동 **-* 부천테크노밸리 U* center ,2024-06-03 10:40:45
3860000,386000001320240005,2024-06-18,,영업/정상,,,,,,,14548,오늘상사,I,000,2025-12-15 16:15:28,"경기도 부천시 원미구 길주로 ***, 신중동역 헤리움 메트로타워 ****호 (중동)",정상,0000,01,,179920.835610085    ,444530.865512297    ,경기도 부천시 원미구 중동 ****-* 신중동역 헤리움 메트로타워 ****호,2024-06-18 09:40:19
3860000,386000001320240006,2024-07-10,,영업/정상,,,,,,,14732,글로벌유통,I,000,2025-12-15 16:15:28,"경기도 부천시 소사구 중동로 **, ***동 B***호 (송내동, 래미안부천어반비스타)",정상,0000,01,,179021.920706342    ,442156.302201572    ,경기도 부천시 소사구 송내동 *** 래미안부천어반비스타 ,2024-07-16 09:20:21
3860000,386000001320240007,2024-07-25,,영업/정상,,,,,,,14548,에스클래스,I,000,2025-12-15 16:15:28,"경기도 부천시 원미구 신흥로 ***, 트리플 타워 B ****호 (중동)",정상,0000,01,,180128.584968128    ,444399.936784896    ,경기도 부천시 원미구 중동 ****-* 트리플 타워 B ,2024-07-25 09:14:54
3860000,386000001320240010,2024-12-05,,영업/정상,,,,,,,14449,주식회사 신교무역,I,L00,2025-12-15 16:15:28,"경기도 부천시 오정구 석천로 ***, 부천 테크노파크 쌍용*차 ***동 ***호 (삼정동)",정상,0000,01,,179310.262058675    ,446776.72323855     ,경기도 부천시 오정구 삼정동 **-* 부천 테크노파크 쌍용*차 ,2024-12-05 16:01:45
3860000,386000001320260001,2026-01-23,,영업/정상,,,,,,,14670,다원웰케어,I,000,2026-01-24 21:02:20,"경기도 부천시 원미구 역곡로**번길 *, 지층 (역곡동)",정상,0000,01,,183248.369194961    ,442769.179735825    ,경기도 부천시 원미구 역곡동 **-** ,2026-01-23 17:42:42
3860000,386000001320240009,2024-09-10,,폐업,2025-10-01,,,,,,14460,주식회사 티비앤씨,I,000,2025-12-15 16:15:28,"경기도 부천시 오정구 성곡로 **, ***(비)호 (여월동, 정팰리스)",폐업,0002,03,,181890.526278369    ,446541.409810002    ,경기도 부천시 오정구 여월동 *-* 정팰리스 ,2025-10-01 14:52:48
3860000,386000001320260002,2026-04-30,,영업/정상,,,,,,,14560,유한회사 다연컴퍼니,I,L00,2026-05-01 21:02:21,"경기도 부천시 원미구 원미로 ***, 대한주택공사아파트 상가동 ***호 (춘의동)",정상,0000,01,,181768.099288366    ,444264.899917893    ,경기도 부천시 원미구 춘의동 *** 대한주택공사아파트 ,2026-04-30 14:14:13
3900000,390000001320240001,2024-03-05,,영업/정상,,,,,,,14327,주식회사 우연컴퍼니,I,L00,2026-01-13 15:15:13,"경기도 광명시 오리로 ***, 창업지원센터 ***호 (소하동)",정상,0000,01,0220388602,189288.920102614    ,436954.397623718    ,경기도 광명시 소하동 ****-* 창업지원센터 ,2025-08-01 15:07:14
3900000,390000001320200001,2020-03-05,,폐업,2026-01-26,,,,,,14308,(주)성지엔지니어링,I,000,2026-01-29 21:02:20,"경기도 광명시 하안로 ***, 광명시범공단공장형아파트 A동 ***호 (하안동)",폐업,0002,03,07042397377,189780.186316385    ,439453.001416632    ,경기도 광명시 하안동 *** 광명시범공단공장형아파트 ,2026-01-28 14:33:45
3900000,390000001320240002,2024-12-13,,영업/정상,,,,,,,14327,펫스니즈(주),I,000,2026-01-13 15:15:13,"경기도 광명시 기아로 **, 대신빌딩 *층 (소하동)",정상,0000,01,,189471.751663261    ,437129.083142649    ,경기도 광명시 소하동 ****-* 대신빌딩 ,2024-12-13 17:19:00
3900000,390000001320230005,2023-09-26,,폐업,2024-12-02,,,,,,14241,에스앤아이,I,000,2026-01-13 15:15:13,"경기도 광명시 디지털로 **, ***동 ****호 (철산동, 철산푸르지오하늘채)",폐업,0002,03,07089709566,188352.684388529    ,441123.772898718    ,경기도 광명시 철산동 *** 철산푸르지오하늘채 ***동 ****호,2024-12-02 16:18:06
3900000,390000001320230004,2023-09-25,,폐업,2023-09-25,,,,,,14303,공간플러스,I,000,2026-01-13 15:15:13,"경기도 광명시 오리로***번길 *, 현대테라타워 광명 ****호 (하안동)",폐업,0002,03,,188899.711468479    ,439672.019267804    ,경기도 광명시 하안동 *** 현대테라타워 광명 ****호,2023-09-26 16:27:36
3900000,390000001320220005,2022-07-27,,폐업,2024-12-12,,,,,,14351,더에이치호가,I,000,2026-01-13 15:15:13,"경기도 광명시 양달로 *, 상가동 B동 ***호 (일직동)",폐업,0002,03,,189326.244585979    ,434697.352956263    ,경기도 광명시 일직동 *** 상가동 B동 ***호,2024-12-12 14:55:38
3900000,390000001320220002,2022-05-24,,폐업,2022-07-01,,,,,,14345,(주)이마트에브리데이 광명AK점,I,L00,2026-01-13 15:15:13,"경기도 광명시 양지로 **, AK몰 지하*층 (일직동)",폐업,0002,03,0220393203,189541.850018502    ,435187.738812827    ,경기도 광명시 일직동 ***-* AK몰 지하*층 ,2022-07-01 14:30:51
3900000,390000001320220001,2023-11-27,,폐업,2023-11-27,,,,,,14306,(주)이마트에브리데이 하안동점,I,L00,2026-01-13 15:15:13,"경기도 광명시 하안로***번길 **, 조일프라자빌딩 *층 ***호 (하안동)",폐업,0002,03,028943542,189427.533159562    ,440012.60025587     ,경기도 광명시 하안동 **-* 조일프라자빌딩 ***호,2023-12-05 17:08:10
3900000,390000001320190003,2019-12-24,,폐업,2020-04-30,,,,,,14348,코리아 서플라이,I,000,2026-01-13 15:15:13,"경기도 광명시 새빛공원로 **, B동 ***호 (일직동)",폐업,0002,03,,190065.842747806    ,435237.590687614    ,경기도 광명시 일직동 ***-* ,2020-12-30 14:32:07
3900000,390000001320190002,2019-11-01,,폐업,2025-02-21,,,,,,14340,(주)인포캐드,I,L00,2026-01-13 15:15:13,"경기도 광명시 가학로 ***, 공세동 경로당 *층 (가학동)",폐업,0002,03,0220664367,187658.058945895    ,434564.570693259    ,경기도 광명시 가학동 *** 공세동 경로당 ,2025-02-21 16:33:32
3900000,390000001320230003,2023-06-20,,영업/정상,,,,,,,14344,주식회사 라딕스,I,L00,2026-01-13 15:15:13,"경기도 광명시 일직로**번길 **, 동일센타시아 ***호 (일직동)",정상,0000,01,07078152071,189548.462687093    ,435443.736505484    ,경기도 광명시 일직동 ***-** 동일센타시아 ***호,2023-06-20 09:11:12
3900000,390000001320230002,2023-05-30,,영업/정상,,,,,,,14345,비노테크놀로지 코리아,I,L00,2026-01-13 15:15:13,"경기도 광명시 양지로 **, ***호 (일직동)",정상,0000,01,,189541.850018502    ,435187.738812827    ,경기도 광명시 일직동 ***-* ***호,2023-05-30 10:47:53
3900000,390000001320230001,2023-03-09,,영업/정상,,,,,,,14255,보르미몰,I,000,2026-01-13 15:15:13,"경기도 광명시 가림일로 ***, ***동 ***호 (철산동, 도덕파크타운 *차)",정상,0000,01,,187984.70921674     ,440877.704723287    ,경기도 광명시 철산동 *** 도덕파크타운 *차 ***동 ***호,2023-03-09 11:31:16
3900000,390000001320220006,2022-09-29,,영업/정상,,,,,,,14316,이마트 광명소하점 몰리스펫샵,I,L00,2026-01-13 15:15:13,"경기도 광명시 소하로 **, 이마트 광명소하점 *층 (소하동)",정상,0000,01,0269181240,189714.449800306    ,438279.937828733    ,경기도 광명시 소하동 ****-* ,2024-04-18 19:57:05
3900000,390000001320210002,2021-04-26,,영업/정상,,,,,,,14224,엠제이코리아,I,000,2026-01-13 15:15:13,"경기도 광명시 사성로***번길 **, ***동 ***호 (철산동, 광복현대아파트)",정상,0000,01,,188128.241848397    ,443216.387758624    ,경기도 광명시 철산동 **-* 광복현대아파트 ,2021-04-26 09:11:23
3900000,390000001320210001,2021-02-01,,영업/정상,,,,,,,14348,주식회사 에스앤비,I,000,2026-01-13 15:15:13,"경기도 광명시 새빛공원로 **, 광명역자이타워 D동 ***호 (일직동)",정상,0000,01,,190065.842747806    ,435237.590687614    ,경기도 광명시 일직동 ***-* ,2021-02-01 16:04:50
3900000,390000001320200003,2020-11-30,,영업/정상,,,,,32.61,,14353,(주)에스앤비,I,000,2026-01-13 15:15:13,"경기도 광명시 덕안로***번길 **, 광명역M클러스터 *층 ***호 (일직동)",정상,0000,01,,189939.241583657    ,435788.362452638    ,경기도 광명시 일직동 ***-* 광명역M클러스터 ***호,2025-12-17 13:09:19
3900000,390000001320200002,2020-06-19,,영업/정상,,,,,22.08,,14251,정평테크,I,000,2026-01-13 15:15:13,경기도 광명시 가림로 ***(철산동),정상,0000,01,,187787.68634479     ,441387.982634915    ,경기도 광명시 철산동 ***-*** ,2022-02-16 14:34:09
3900000,390000001320190001,2019-05-22,,영업/정상,,,,,,,14336,태명메디칼(주),I,000,2026-01-13 15:15:13,"경기도 광명시 광명로 ***, *층 (노온사동)",정상,0000,01,0226198861,186335.726154463    ,436892.784493565    ,경기도 광명시 노온사동 ***-** ,2019-05-22 09:47:15
3900000,390000001320130002,2013-06-11,,영업/정상,,,,,82.77,,14216,파로스테크메디칼,I,000,2026-01-13 15:15:13,경기도 광명시 광삼로 ** (철산동),정상,0000,01,0220600289,187808.686673945    ,441777.70319493     ,경기도 광명시 철산동 ***-* ,2013-06-13 14:58:54
3910000,391000001320190001,2019-04-03,,폐업,2022-06-14,,,,,,17945,세토리,I,000,2026-05-10 21:36:09,경기도 평택시 현덕면 운정길 *,폐업,0002,03,0316813868,190351.533449942    ,387164.042207093    ,경기도 평택시 현덕면 운정리 **-* ,2022-06-14 13:55:26
3910000,391000001320130001,2013-03-03,,영업/정상,,,,,,,17878,P.C.P TECH KOREA,I,000,2026-05-10 21:36:08,"경기도 평택시 서동대로 ****, *층 (합정동)",정상,0000,01,,209957.577051889    ,387118.603374935    ,경기도 평택시 합정동 **-* ,2023-07-05 16:53:52
3910000,391000001320030001,2003-06-02,,폐업,2021-06-02,,,,1171.5,,17998,동강의료기(주),I,L00,2026-05-10 21:36:07,경기도 평택시 팽성읍 추팔산단*길 **,폐업,0002,03,,206950.928111477    ,384196.790043543    ,경기도 평택시 팽성읍 추팔리 ***-* ,2021-06-03 16:51:30
3910000,391000001320180001,2018-10-22,,폐업,2021-06-18,,,,,,17845,코카리아,I,000,2026-05-10 21:36:08,"경기도 평택시 동삭로 ***, *층 ***호 (동삭동, 현대아파트)",폐업,0002,03,,208703.521727396    ,390824.062290031    ,경기도 평택시 동삭동 ***-* 현대아파트 ,2021-06-18 10:56:37
3910000,391000001320160001,2016-03-22,,영업/정상,,,,,,,17794,모든펫&엠펫,I,000,2026-05-10 21:36:08,경기도 평택시 청북면 서해로 ****,정상,0000,01,0316835070,193442.543053021    ,394921.538834162    ,경기도 평택시 청북면 고렴리 ***-** ,2016-03-22 18:27:53
3910000,391000001320220001,2022-03-08,,영업/정상,,,,,,,17711,피씨피 인터내셔널,I,000,2026-05-10 21:36:09,"경기도 평택시 진위면 진위로 ***, C, D동",정상,0000,01,0316117831,209639.349696436    ,401599.86151754     ,경기도 평택시 진위면 동천리 ***-* ,2022-03-08 10:39:31
3910000,391000001320220002,2022-04-15,,영업/정상,,,,,,,17706,(주)엠아이텍,I,000,2026-05-10 21:36:09,"경기도 평택시 진위면 하북*길 ***, 주식회사엠아이텍",정상,0000,01,07043047484,204973.256617437    ,400060.795786704    ,경기도 평택시 진위면 하북리 ***-* 주식회사엠아이텍 ,2022-04-15 16:11:22
3910000,391000001320230002,2023-08-23,,폐업,2025-03-27,,,,,,18017,견생냥품 24시 무인펫샵 평택 고덕국제점,I,000,2026-05-10 21:36:11,"경기도 평택시 함박산*길 **, ***호 (고덕동)",폐업,0002,03,,202726.781388649    ,392937.316814541    ,경기도 평택시 고덕동 ****-* ,2025-03-27 17:00:09
3910000,391000001320220005,2022-05-20,,폐업,2023-11-28,,,,,,17851,이마트에브리데이 평택비전점,I,L00,2026-05-10 21:36:10,경기도 평택시 비전*로 **(비전동),폐업,0002,03,0316473133,208854.214044281    ,389232.032397939    ,경기도 평택시 비전동 ****-* ,2023-11-28 13:08:12
3910000,391000001320220003,2022-05-18,,폐업,2024-02-23,,,,,,17816,홈플러스 평택 안중점,I,L00,2026-05-10 21:36:10,경기도 평택시 안중읍 서동대로 ****,폐업,0002,03,03180468222,192485.121561252    ,387625.950254015    ,경기도 평택시 안중읍 현화리 ***-** ,2024-02-28 10:15:33
3910000,391000001320230001,2023-02-08,,취소/말소/만료/정지/중지,2023-07-05,,,,,,17966,에스디 시너지,I,000,2026-05-10 21:36:11,경기도 평택시 포승읍 신영새싹길 **,말소,0004,04,,188873.707892415    ,383611.60192461     ,경기도 평택시 포승읍 신영리 ***-* ,2023-07-05 17:02:38
3910000,391000001320260001,2026-01-07,,영업/정상,,,,,,,17909,도운산업,I,000,2026-05-10 21:36:12,"경기도 평택시 중앙*로 **, *층 ***호 (평택동)",정상,0000,01,,207810.302859873    ,387830.462917531    ,경기도 평택시 평택동 *** ,2026-01-07 13:34:39
3910000,391000001320240002,2024-10-14,,영업/정상,,,,,,,17902,동진상사,I,000,2026-05-10 21:36:12,"경기도 평택시 평택*로**번길 **, *층 ***호 (합정동)",정상,0000,01,,210090.727785121    ,387466.269788875    ,경기도 평택시 합정동 ***-** ,2024-10-14 10:04:50
3910000,391000001320240001,2024-01-03,,영업/정상,,,,,,,17909,하울릭,I,000,2026-05-10 21:36:12,"경기도 평택시 중앙*로 **, 센텀스카이빌딩 *층 (평택동)",정상,0000,01,,207810.302859873    ,387830.462917531    ,경기도 평택시 평택동 *** ,2024-01-03 09:56:29
3910000,391000001320220004,2022-05-18,,영업/정상,,,,,,,17784,홈플러스 송탄점,I,L00,2026-05-10 21:36:10,"경기도 평택시 경기대로 ****, 홈플러스 (장당동)",정상,0000,01,03180538112,205228.393696342    ,393704.000108834    ,경기도 평택시 장당동 ***-* 홈플러스 ,2022-05-18 18:34:52
3920000,392000001320190001,2019-06-20,,폐업,2024-03-17,,,,,,11361,현지유통,I,000,2025-12-15 16:15:28,"경기도 동두천시 이담로 **-**, 다동 ***호 (지행동, 르네상스 빌 ***동)",폐업,0002,03,,205019.347362894    ,487265.576896363    ,경기도 동두천시 지행동 ***-** 르네상스 빌 ***동 ,2024-03-19 16:02:57
3920000,392000001320190002,2019-07-09,,폐업,2024-03-17,,,,,,11361,선경유통,I,000,2025-12-15 16:15:28,"경기도 동두천시 이담로 **-**, 다동 ***호 (지행동, 르네상스 빌 ***동)",폐업,0002,03,,205019.347362894    ,487265.576896363    ,경기도 동두천시 지행동 ***-** 르네상스 빌 ***동 다동 ***호,2024-03-19 16:01:08
3920000,392000001320220001,2022-09-14,,폐업,2024-03-17,,,,,,11309,백광유통,I,000,2025-12-15 16:15:28,"경기도 동두천시 싸리말로 **, 지하층 *호 (보산동, 동원빌라)",폐업,0002,03,,205495.32680813     ,490619.517987033    ,경기도 동두천시 보산동 ***-* 동원빌라 ,2024-03-19 16:04:39
3920000,392000001320220002,2022-09-14,,폐업,2024-03-17,,,,,,11309,채연통상,I,000,2025-12-15 16:15:28,"경기도 동두천시 싸리말로 **, 지하층 *호 (보산동, 동원빌라)",폐업,0002,03,,205495.32680813     ,490619.517987033    ,경기도 동두천시 보산동 ***-* 동원빌라 ,2024-03-19 16:03:30
3930000,393000001320210001,2021-01-28,,영업/정상,,,,,,,15437,지비샵,I,000,2026-03-26 22:39:54,"경기도 안산시 단원구 시우로 **, *층 (초지동)",정상,0000,01,,182314.26359871     ,422428.009986738    ,경기도 안산시 단원구 초지동 ***-* ,2021-01-28 18:05:03
3930000,393000001320210002,2021-05-31,,영업/정상,,,,,,,15262,씨알랩,I,000,2026-03-26 22:39:54,경기도 안산시 단원구 예술대학로*길 ** (고잔동),정상,0000,01,07077290044,185496.068941556    ,425312.149254953    ,경기도 안산시 단원구 고잔동 ***-* ,2021-05-31 14:01:19
3930000,393000001320210004,2021-09-16,,영업/정상,,,,,,,15250,델디스,I,000,2026-03-26 22:39:54,"경기도 안산시 단원구 와동공원로*길 **, ***호 (와동)",정상,0000,01,07088019909,184210.665          ,426893.465          ,경기도 안산시 단원구 와동 ***-* ,2021-09-16 09:10:56
3930000,393000001320220001,2022-04-25,,영업/정상,,,,,,,15461,주식회사 원스타,I,000,2026-03-26 22:39:54,"경기도 안산시 단원구 광덕*로 ***-*, 동일프라자 *층 ***-**호 (고잔동)",정상,0000,01,,184740.28           ,423473.24           ,경기도 안산시 단원구 고잔동 ***-* 동일프라자 ,2022-04-25 16:38:33
3930000,393000001320220003,2022-05-18,,휴업,,2026-02-01,2029-01-31,,,,15471,홈플러스(주)안산고잔점,I,L00,2026-03-26 22:39:54,"경기도 안산시 단원구 광덕대로 ***, 홈플러스데스코(주)안산고잔점 (고잔동)",휴업,0001,02,0314128027,186857.367325799    ,451042.518653478    ,서울특별시 강서구 등촌동 ***-* 홈플러스데스코(주)안산고잔점 ,2026-02-09 10:25:46
3930000,393000001320230001,2023-02-16,,영업/정상,,,,,,,15421,주식회사 라이툴스,I,L00,2026-03-26 22:39:54,"경기도 안산시 단원구 성곡로 ***, 타원TAKRA지식산업센타 가동 *층 ***호 (성곡동)",정상,0000,01,0314326769,178780.247848078    ,424792.92699214     ,경기도 안산시 단원구 성곡동 ***-* 타원TAKRA지식산업센타 ,2023-02-16 09:43:52
3930000,393000001320230002,2023-02-27,,영업/정상,,,,,,,15352,마이딩고,I,L00,2026-03-26 22:39:54,"경기도 안산시 단원구 고잔로 **, 중앙오피스텔 ***동 에이**호 (고잔동)",정상,0000,01,07043374273,185068.767406562    ,424185.02731601     ,경기도 안산시 단원구 고잔동 ***-* 중앙오피스텔 ***동 에이**호,2023-02-27 15:01:52
3930000,393000001320230003,2023-04-17,,영업/정상,,,,,,,15588,퓨어팟,I,000,2026-03-26 22:39:54,"경기도 안산시 상록구 한양대학로 **, 창업보육센터 ***호 (사동)",정상,0000,01,0314003896,185280.88157797     ,421578.196815357    ,경기도 안산시 상록구 사동 **** ,2023-04-17 11:03:21
3930000,393000001320230004,2023-08-21,,영업/정상,,,,,,,15220,(주)레베리토,I,L00,2026-03-26 22:39:55,"경기도 안산시 단원구 선이로 **, 안산제*종합시장 ****동 *호 (선부동)",정상,0000,01,,182528.570604292    ,426722.925669933    ,경기도 안산시 단원구 선부동 **** 안산제*종합시장 ,2023-08-21 11:18:18
3930000,393000001320230005,2023-08-21,,영업/정상,,,,,,,15395,견생냥품 무인24시 안산초지역점,I,000,2026-03-26 22:39:55,"경기도 안산시 단원구 화랑로 ***, 초지역메이저타운푸르지오-메트로단지 ***호 (초지동)",정상,0000,01,,182789.989189336    ,424495.107674859    ,경기도 안산시 단원구 초지동 *** 초지역메이저타운푸르지오-메트로단지 ,2023-08-21 16:37:58
3930000,393000001320230007,2023-12-15,,영업/정상,,,,,,,15381,주식회사 넥스트젠,I,L00,2026-03-26 22:39:55,"경기도 안산시 단원구 원선로 **, ***동 **층 *호 (원곡동, 벽산블루밍아파트)",정상,0000,01,,182169.919379283    ,425193.791087347    ,경기도 안산시 단원구 원곡동 ***-* 벽산블루밍아파트 ,2023-12-15 16:58:12
3930000,393000001320130001,2013-01-30,,영업/정상,,,,,,,15430,(주)누리벳,I,000,2026-03-26 22:39:53,"경기도 안산시 단원구 산단로 *** (원시동, 서흥테크노밸리 ***)",정상,0000,01,0315089950,181049.718303851    ,422633.543042186    ,경기도 안산시 단원구 원시동 ***-* ,2013-01-30 14:30:59
3930000,393000001320130002,2013-06-10,,영업/정상,,,,,,,15201,(주)비스,I,L00,2026-03-26 22:39:53,경기도 안산시 상록구 밤속골길 * (장상동),정상,0000,01,0314393383,188801.77041007     ,428186.175752728    ,경기도 안산시 상록구 장상동 ***-* ,2013-06-10 17:47:31
3930000,393000001320140001,2014-11-27,,영업/정상,,,,,0,,15259,다원지앤피,I,000,2026-03-26 22:39:54,"경기도 안산시 상록구 안산천서로 ***-*, 지*층 (월피동)",정상,0000,01,07073376171,186365.706669497    ,425767.469993122    ,경기도 시흥시 하중동 ***-* 지*층 ,2019-07-02 13:06:00
3930000,393000001320180001,2018-03-05,,영업/정상,,,,,,,15477,애이기바이오,I,000,2026-03-26 22:39:54,"경기도 안산시 단원구 광덕대로 ***, 크리스탈빌딩 ***호 (고잔동)",정상,0000,01,,184915.885          ,423016.894999999    ,경기도 안산시 단원구 고잔동 ***-* 크리스탈빌딩 ,2018-03-05 11:15:57
3930000,393000001320180002,2018-05-14,,영업/정상,,,,,,,15495,(주) 나유,I,L00,2026-03-26 22:39:54,"경기도 안산시 상록구 중보로 **, 삼성프라자 ***동 *호 (이동)",정상,0000,01,,186865.227337361    ,422894.769054703    ,경기도 안산시 상록구 이동 ***-* 삼성프라자 ,2018-05-14 09:56:06
3930000,393000001320180004,2018-05-14,,영업/정상,,,,,,,15495,김진나,I,L00,2026-03-26 22:39:54,"경기도 안산시 상록구 중보로 **, 삼성프라자 ***동 *호 (이동)",정상,0000,01,,186865.227337361    ,422894.769054703    ,경기도 안산시 상록구 이동 ***-* 삼성프라자 ,2018-05-14 09:59:52
3930000,393000001320180006,2018-05-14,,영업/정상,,,,,,,15495,주식회사 나유,I,L00,2026-03-26 22:39:54,"경기도 안산시 상록구 중보로 **, 삼성프라자 ***동 *호 (이동)",정상,0000,01,,186865.227337361    ,422894.769054703    ,경기도 안산시 상록구 이동 ***-* 삼성프라자 ,2023-02-15 11:01:53
3930000,393000001320180007,2018-05-14,,영업/정상,,,,,,,15495,주식회사 소향,I,L00,2026-03-26 22:39:54,"경기도 안산시 상록구 중보로 **, 삼성프라자 ***동 *호 (이동)",정상,0000,01,,186865.227337361    ,422894.769054703    ,경기도 안산시 상록구 이동 ***-* 삼성프라자 ,2023-02-01 15:47:33
3930000,393000001320190001,2019-03-15,,영업/정상,,,,,,,15457,(주)해피라이프,I,000,2026-03-26 22:39:54,"경기도 안산시 단원구 원포공원*로 **, 서해프라자 ***호 (초지동)",정상,0000,01,15992585,183379.619849692    ,422143.413283603    ,경기도 안산시 단원구 초지동 *** 서해프라자 ,2019-03-15 13:44:21
3930000,393000001320200001,2020-04-22,,영업/정상,,,,,320,,15358,주식회사 온누리펫,I,000,2026-03-26 22:39:54,"경기도 안산시 단원구 광덕대로 ***, 지하층 (고잔동)",정상,0000,01,0314831200,184842.521711239    ,424142.264802857    ,경기도 안산시 단원구 고잔동 ***-* ,2020-04-22 09:47:02
3930000,393000001320200003,2020-11-19,,영업/정상,,,,,,,15632,미래케미텍,I,000,2026-03-26 22:39:54,"경기도 안산시 상록구 영화*길 *, *층 (사동)",정상,0000,01,,186572.865671935    ,419622.635972327    ,경기도 안산시 상록구 사동 **** ,2020-11-19 11:25:16
3930000,393000001320240001,2024-01-08,,영업/정상,,,,,,,15402,견생냥품 24시 무인펫샵 안산신길동점,I,000,2026-03-26 22:39:55,"경기도 안산시 단원구 신길로 *-*, *동 ***호 (신길동)",정상,0000,01,,180980.58876176     ,425475.413209528    ,경기도 안산시 단원구 신길동 **** ,2024-01-08 16:27:38
3930000,393000001320240002,2024-01-25,,영업/정상,,,,,,,15563,제이엘컴퍼니,I,000,2026-03-26 22:39:55,"경기도 안산시 상록구 샘골로 **-*, ***호 (본오동)",정상,0000,01,,187760.556101064    ,420897.582016108    ,경기도 안산시 상록구 본오동 ***-* ,2024-01-25 14:01:28
3930000,393000001320240003,2024-07-17,,영업/정상,,,,,,,15594,(주)해든,I,L00,2026-03-26 22:39:55,"경기도 안산시 상록구 해양*로 **, ***동 ****호 (사동, 안산고잔*차푸르지오)",정상,0000,01,,184309.021206345    ,421536.836227161    ,경기도 안산시 상록구 사동 **** 안산고잔*차푸르지오 ***동 ****호,2024-07-17 14:31:00
3930000,393000001320240004,2024-07-18,,영업/정상,,,,,14.51,,15220,(주)메들린,I,L00,2026-03-26 22:39:55,"경기도 안산시 단원구 선이로 **, 안산제*종합시장 *층 ****호의*호 (선부동)",정상,0000,01,,182528.570604292    ,426722.925669933    ,경기도 안산시 단원구 선부동 **** 안산제*종합시장 ,2024-07-18 17:04:44
3930000,393000001320240005,2024-12-03,,영업/정상,,,,,,,15360,주식회사 은상컴퍼니,I,L00,2026-03-26 22:39:55,"경기도 안산시 단원구 고잔*길 **, 코스모프라자 *층 ***-***호 (고잔동)",정상,0000,01,07041097450,185403.460476815    ,424004.760892409    ,경기도 안산시 단원구 고잔동 ***-* 코스모프라자 ,2024-12-03 16:28:39
3930000,393000001320240006,2024-12-03,,영업/정상,,,,,,,15360,주식회사 율컴퍼니,I,L00,2026-03-26 22:39:55,"경기도 안산시 단원구 고잔*길 **, 코스모프라자 *층 ***-***호 (고잔동)",정상,0000,01,07077701617,185403.460476815    ,424004.760892409    ,경기도 안산시 단원구 고잔동 ***-* 코스모프라자 ,2024-12-03 17:01:26
3930000,393000001320250001,2025-03-24,,영업/정상,,,,,,,15536,견생냥품,I,000,2026-03-26 22:39:55,"경기도 안산시 상록구 본오로 ***, ***호 (본오동)",정상,0000,01,,188128.528212787    ,421749.406549266    ,경기도 안산시 상록구 본오동 ***-** ,2025-03-24 15:38:30
3930000,393000001320250002,2025-05-01,,영업/정상,,,,,,,15596,한국메주자,U,000,2026-05-07 03:03:03,"경기도 안산시 상록구 해양*로 **, ***동 ****호 (사동, 그랑시티자이 *차)",정상,0000,01,,185029.298232779    ,419781.472977914    ,경기도 안산시 상록구 사동 **** 그랑시티자이 *차 ,2026-05-06 14:17:25
3930000,393000001320200002,2020-09-04,,폐업,2022-08-30,,,,,,15471,주식회사 펫콤,I,000,2026-03-26 22:39:54,"경기도 안산시 단원구 광덕서로 **, 한남법조빌딩 ***호 (고잔동)",폐업,0002,03,03180422888,184665.212141346    ,423344.918860954    ,경기도 안산시 단원구 고잔동 ***-* 한남법조빌딩 ,2022-08-31 16:44:37
3930000,393000001320210003,2021-07-21,,폐업,2024-03-22,,,,,,15457,스마트비즈스토어(두걸음),I,000,2026-03-26 22:39:54,"경기도 안산시 단원구 원포공원*로 *, ****호 (초지동)",폐업,0002,03,,183255.59367607     ,422063.737714528    ,경기도 안산시 단원구 초지동 ***-* ,2024-03-22 17:05:11
3930000,393000001320210005,2021-12-06,,폐업,2023-09-06,,,,,,15586,퓨리프렌드,I,000,2026-03-26 22:39:54,"경기도 안산시 상록구 학사*길 **-*, ***호 (사동)",폐업,0002,03,,185958.439198892    ,422197.966182569    ,경기도 안산시 상록구 사동 ****-* ,2023-09-06 13:53:03
3930000,393000001320220002,2022-05-17,,폐업,2025-09-05,,,,,,15368,홈플러스(주)안산선부점,I,L00,2026-03-26 22:39:54,"경기도 안산시 단원구 삼일로 ***, 홈플러스 (선부동)",폐업,0002,03,,183322.266879279    ,425768.716754194    ,서울특별시 강서구 등촌동 ****-* 홈플러스 ,2025-09-05 17:50:40
3930000,393000001320220004,2022-05-20,,폐업,2023-11-30,,,,,,15258,(주)이마트에브리데이 월피동점,I,L00,2026-03-26 22:39:54,경기도 안산시 상록구 광덕산*로 **(월피동),폐업,0002,03,0314848822,186258.39113266     ,425905.159196465    ,경기도 안산시 상록구 월피동 ***-* 양지프라자 ,2023-11-30 16:23:23
3930000,393000001320220005,2022-05-20,,폐업,2023-12-08,,,,,,15399,(주)이마트에브리데이 신길점,I,L00,2026-03-26 22:39:54,경기도 안산시 단원구 새뿔길 **-*(신길동),폐업,0002,03,0312186315,179879.853021623    ,426092.59397364     ,경기도 안산시 단원구 신길동 ***-* 새뿔프라자 ,2023-12-08 10:15:33
3930000,393000001320220006,2022-05-20,,폐업,2023-12-06,,,,,,15549,(주)이마트에브리데이 본오점,I,L00,2026-03-26 22:39:54,경기도 안산시 상록구 본이로 **(본오동),폐업,0002,03,0314061491,188571.521212655    ,421423.268222473    ,경기도 안산시 상록구 본오동 ***-* ,2023-12-06 16:11:05
3930000,393000001320230006,2023-08-21,,폐업,2025-03-24,,,,,,15536,견생냥품 24시 무인펫샵 안산상록수점,I,000,2026-03-26 22:39:55,"경기도 안산시 상록구 본오로 ***, ***호 (본오동)",폐업,0002,03,,188128.528212787    ,421749.406549266    ,경기도 안산시 상록구 본오동 ***-** ,2025-03-24 15:39:02
3930000,393000001320260001,2026-04-07,,영업/정상,,,,,55.44,,15220,주식회사 마야만,U,L00,2026-05-07 03:03:03,"경기도 안산시 단원구 선이로 **, 안산제*종합시장 *층 ****-*호 (선부동)",정상,0000,01,,182528.570604292    ,426722.925669933    ,경기도 안산시 단원구 선부동 **** 안산제*종합시장 ,2026-05-06 17:55:14
3940000,394000001320220007,2022-05-24,,폐업,2023-11-29,,,,,,10589,(주)이마트에브리데이고양삼송2점,I,L00,2026-01-13 15:15:30,경기도 고양시 덕양구 삼송로 **-**(삼송동),폐업,0002,03,023897438,189718.75           ,460908.03           ,경기도 고양시 덕양구 삼송동 ***-* ,2023-11-30 17:26:44
3940000,394000001320220008,2022-05-24,,폐업,2023-12-06,,,,,,10568,(주)이마트에브리데이 고양삼송점,I,L00,2026-01-13 15:15:30,"경기도 고양시 덕양구 권율대로 ***, KN빌딩 (신원동)",폐업,0002,03,023819810,190304.660247775    ,462483.318284449    ,경기도 고양시 덕양구 신원동 ***-* KN빌딩 ,2023-12-06 10:46:38
3940000,394000001320220009,2022-05-24,,폐업,2023-11-24,,,,,,10239,(주)이마트에브리데이 탄현동점,I,L00,2026-01-13 15:15:30,경기도 고양시 일산서구 탄현로 ***(탄현동),폐업,0002,03,0319154915,179388.228986534    ,466606.789695092    ,경기도 고양시 일산서구 탄현동 ***-** ,2023-11-29 09:17:12
3940000,394000001320220010,2022-05-24,,폐업,2023-12-01,,,,,,10242,(주)이마트에브리데이 탄현역점,I,L00,2026-01-13 15:15:30,"경기도 고양시 일산서구 일현로 **-**, 지하*층 (탄현동, 일산 위브더제니스)",폐업,0002,03,0319247080,179005.665068939    ,465786.029740427    ,경기도 고양시 일산서구 탄현동 **** 일산 위브더제니스 ,2023-12-06 15:32:53
3940000,394000001320220011,2022-05-24,,폐업,2023-12-06,,,,,,10275,(주)이마트에브리데이 고양동점,I,L00,2026-01-13 15:15:30,경기도 고양시 덕양구 혜음로 **(고양동),폐업,0002,03,0319635005,191295.850482556    ,466665.80422267     ,경기도 고양시 덕양구 고양동 ***-* ,2023-12-06 10:42:56
3940000,394000001320220012,2022-05-24,,폐업,2022-08-19,,,,,,10521,(주)이마트에브리데이 행신동점,I,L00,2026-01-13 15:15:30,"경기도 고양시 덕양구 무원로 **, 무원마을**단지  (행신동)",폐업,0002,03,0319782200,184970.145122792    ,457339.75061295     ,경기도 고양시 덕양구 행신동 *** 무원마을**단지 ,2022-08-24 09:43:58
3940000,394000001320220013,2022-05-24,,폐업,2022-12-19,,,,,,10325,(주)이마트에브리데이 위시티점,I,L00,2026-01-13 15:15:30,경기도 고양시 일산동구 위시티로 **(식사동),폐업,0002,03,0319629624,183025.623680813    ,463747.793044701    ,경기도 고양시 일산동구 식사동 ***-** ,2022-12-20 11:02:22
3940000,394000001320220014,2022-05-24,,폐업,2023-11-29,,,,,,10325,(주)이마트에브리데이 고양식사점,I,L00,2026-01-13 15:15:30,"경기도 고양시 일산동구 위시티*로 **, 지하*층 (식사동, 위시티블루밍*단지아파트)",폐업,0002,03,0319973389,183164.663917376    ,464355.311252647    ,경기도 고양시 일산동구 식사동 **** 위시티블루밍*단지아파트 ,2023-11-30 17:28:50
3940000,394000001320220015,2022-05-24,,폐업,2023-11-20,,,,,,10286,(주)이마트에브리데이 관산동점,I,L00,2026-01-13 15:15:30,"경기도 고양시 덕양구 통일로***번길 **, SM마트 (관산동)",폐업,0002,03,0319699690,188070.625071131    ,465296.044671216    ,경기도 고양시 덕양구 관산동 ***-** SM마트 ,2023-11-20 15:46:37
3940000,394000001320220017,2022-05-24,,폐업,2023-11-30,,,,,,10342,(주)이마트에브리데이 일산2호점,I,L00,2026-01-13 15:15:30,경기도 고양시 일산서구 일청로 **(일산동),폐업,0002,03,,179899.116192876    ,465058.323539311    ,경기도 고양시 일산서구 일산동 ***-* ,2023-12-01 18:22:17
3940000,394000001320220018,2022-07-21,,폐업,2023-12-31,,,,,,10419,올바잇,I,000,2026-01-13 15:15:30,"경기도 고양시 일산동구 백석로 ***, ***동 ****호 (백석동, 백송마을*단지아파트)",폐업,0002,03,,181473.848619963    ,460955.26130898     ,경기도 고양시 일산동구 백석동 **** 백송마을*단지아파트 ,2024-01-03 18:12:00
3940000,394000001320220022,2022-08-11,,폐업,2023-11-29,,,,1204.29,,10231,(주)이마트에브리데이 고양덕이점,I,L00,2026-01-13 15:15:30,"경기도 고양시 일산서구 하이파크*로 **, *층 (덕이동)",폐업,0002,03,,178440.320567802    ,466401.449064464    ,경기도 고양시 일산서구 덕이동 ***-** ,2023-11-30 17:31:03
3940000,394000001320220023,2022-08-11,,폐업,2023-01-31,,,,,,10320,나라유통,I,000,2026-01-13 15:15:30,경기도 고양시 일산동구 동국로 ***-**(식사동),폐업,0002,03,0319326379,182579.403922716    ,464619.410966018    ,경기도 고양시 일산동구 식사동 ***-* ,2023-02-02 15:31:40
3940000,394000001320220026,2022-09-20,,폐업,2023-12-26,,,,,,10583,난다정,I,000,2026-01-13 15:15:30,"경기도 고양시 덕양구 오부자로 **, ***층 ****호 (지축동, 지축역북한산유보라)",폐업,0002,03,,192178.532737829    ,461054.801266747    ,경기도 고양시 덕양구 지축동 ***-* 지축역북한산유보라 ,2024-02-01 14:01:07
3940000,394000001320220028,2022-09-20,,폐업,2024-09-30,,,,,,10251,제이에스상사,I,000,2026-01-13 15:15:30,"경기도 고양시 일산동구 고봉로***번길 **, 나동 *,*층 (설문동)",폐업,0002,03,0319776961,181467.516950104    ,468314.428778423    ,경기도 고양시 일산동구 설문동 ***-** ,2024-10-02 10:44:27
3940000,394000001320220030,2022-11-25,,폐업,2023-11-15,,,,,,10369,제니의주방,I,000,2026-01-13 15:15:30,"경기도 고양시 일산서구 성저로 **, ***동 ***호 (대화동, 성저마을*단지건영빌라)",폐업,0002,03,,178573.606151259    ,464872.103404497    ,경기도 고양시 일산서구 대화동 **** 성저마을*단지건영빌라 ,2023-11-29 09:17:54
3940000,394000001320230001,2023-01-11,,폐업,2023-05-04,,,,,,10339,"안녕,모모",I,000,2026-01-13 15:15:30,"경기도 고양시 일산서구 산현로***번길 **-**, ***호 (일산동)",폐업,0002,03,,180169.416644025    ,465271.228035148    ,경기도 고양시 일산서구 일산동 **** ,2024-05-09 16:25:01
3940000,394000001320230002,2023-01-17,,폐업,2023-01-20,,,,,,10401,(주)홈플러스 일산점,I,L00,2026-01-13 15:15:30,"경기도 고양시 일산동구 중앙로****번길 **, 홈플러스 일산점 (장항동)",폐업,0002,03,,179536.212704008    ,461876.531597015    ,경기도 고양시 일산동구 장항동 *** 홈플러스 일산점 ,2023-02-06 17:35:58
3940000,394000001320230005,2023-04-12,,폐업,2025-03-28,,,,,,10583,유나제이,I,000,2026-01-13 15:15:30,"경기도 고양시 덕양구 오부자로 **, ***층 ***호 (지축동, 지축역북한산유보라)",폐업,0002,03,,192178.532737829    ,461054.801266747    ,경기도 고양시 덕양구 지축동 ***-* 지축역북한산유보라 ,2025-04-18 15:09:22
3940000,394000001320260003,2026-04-07,,영업/정상,,,,,,,10244,엠케이통상,I,000,2026-04-08 21:02:21,"경기도 고양시 일산서구 탄중로***번길 **, 양우프라자 ***호 (탄현동)",정상,0000,01,,179668.975          ,465821.96           ,경기도 고양시 일산서구 탄현동 ****-* 양우프라자 ***호,2026-04-07 16:14:21
3940000,394000001320210005,2021-08-09,,영업/정상,,,,,,,10302,포포아일랜드,I,000,2026-01-13 15:15:30,"경기도 고양시 일산동구 숲속마을*로 **-**, ***동 ***호 (풍동, 에르메스*차)",정상,0000,01,,181951.116706131    ,463650.745714743    ,경기도 고양시 일산동구 풍동 ***-** 에르메스*차 ,2021-08-09 11:25:08
3940000,394000001320210006,2021-08-09,,영업/정상,,,,,,,10302,포포아일랜드,I,000,2026-01-13 15:15:30,"경기도 고양시 일산동구 숲속마을*로 **-**, ***동 ***호 (풍동, 에르메스*차)",정상,0000,01,,181951.116706131    ,463650.745714743    ,경기도 고양시 일산동구 풍동 ***-** 에르메스*차 ,2021-08-09 11:33:21
3940000,394000001320210007,2021-08-10,,영업/정상,,,,,,,10318,두인네트웍스,I,000,2026-01-13 15:15:30,경기도 고양시 일산동구 성석로***번길 **(성석동),정상,0000,01,,182250.315350863    ,465071.173988618    ,경기도 고양시 일산동구 성석동 ***-* ,2021-08-10 17:53:08
3940000,394000001320210008,2021-08-10,,영업/정상,,,,,,,10302,포포아일랜드,I,000,2026-01-13 15:15:30,"경기도 고양시 일산동구 숲속마을*로 **-**, ***동 ***호 (풍동, 에르메스*차)",정상,0000,01,,181951.116706131    ,463650.745714743    ,경기도 고양시 일산동구 풍동 ***-** 에르메스*차 ,2021-08-10 18:21:33
3940000,394000001320210009,2021-08-13,,영업/정상,,,,,72,,10507,케어벳,I,000,2026-01-13 15:15:30,"경기도 고양시 덕양구 토당로 ***, 동아*빌딩 *층 ***호 (토당동)",정상,0000,01,0319722021,184153.958765507    ,458469.409677908    ,경기도 고양시 덕양구 토당동 *** 동아*빌딩 ,2021-08-13 10:44:04
3940000,394000001320210010,2021-09-06,,영업/정상,,,,,,,10294,유니피아,I,000,2026-01-13 15:15:30,"경기도 고양시 덕양구 호국로 ***, ***동 **층 *호 (성사동, 대림e편한세상아파트)",정상,0000,01,,185784.217497976    ,462086.921242864    ,경기도 고양시 덕양구 성사동 *** 대림e편한세상아파트 ,2021-09-06 13:55:31
3940000,394000001320210011,2021-11-01,,영업/정상,,,,,,,10403,(주)맘마드멍,I,000,2026-01-13 15:15:30,"경기도 고양시 일산동구 정발산로 **, 웨스턴돔* B동 ***호 (장항동)",정상,0000,01,,179867.687196662    ,461402.023019802    ,경기도 고양시 일산동구 장항동 *** 웨스턴돔* ,2021-11-01 13:20:46
3940000,394000001320220001,2022-03-03,,영업/정상,,,,,,,10595,몰리스펫샵,I,L00,2026-01-13 15:15:30,"경기도 고양시 덕양구 고양대로 ****, 스타필드 고양 *층 (동산동)",정상,0000,01,,190645.314309928    ,460528.947974088    ,서울특별시 중구 순화동 *** 스타필드 고양 ,2024-05-07 13:24:45
3940000,394000001320220002,2022-05-17,,영업/정상,,,,,,,10364,비에이엠코리아,I,000,2026-01-13 15:15:30,"경기도 고양시 일산동구 고봉로 **-*, 포오스프라자II ***호 (장항동)",정상,0000,01,0318126319,179208.843364039    ,462457.375096638    ,경기도 고양시 일산동구 장항동 *** 포오스프라자II ,2023-07-11 14:09:40
3940000,394000001320220003,2022-05-17,,영업/정상,,,,,,,10366,네스팜코리아,I,000,2026-01-13 15:15:30,"경기도 고양시 일산서구 중앙로 ****, 태영프라자 서동 ***호 (주엽동)",정상,0000,01,0318126319,179238.725261115    ,462941.223697841    ,경기도 고양시 일산서구 주엽동 ** 태영프라자 ,2025-01-02 11:43:09
3940000,394000001320220004,2022-05-19,,휴업,,2026-05-14,2027-05-14,,,,10391,홈플러스(주) 킨텍스점,U,L00,2026-05-16 03:03:03,경기도 고양시 일산서구 호수로 ***(대화동),휴업,0001,02,0319252080,178006.080301401    ,462865.812502378    ,서울특별시 강서구 등촌동 **** ,2026-05-15 09:51:27
3940000,394000001320220005,2022-05-19,,휴업,,2025-12-28,2026-12-27,,,,10401,(주)홈플러스 일산점,I,L00,2026-01-13 15:15:30,"경기도 고양시 일산동구 중앙로****번길 **, 홈플러스 일산점 (장항동)",휴업,0001,02,,179536.212704008    ,461876.531597015    ,서울특별시 강서구 등촌동 *** 홈플러스 일산점 ,2025-12-26 17:26:54
3940000,394000001320220006,2022-05-19,,영업/정상,,,,,,,10450,(주)홈플러스 고양터미널점,I,L00,2026-01-13 15:15:30,"경기도 고양시 일산동구 중앙로 ****, 베스트 고양터미널 (백석동)",정상,0000,01,0319608269,181369.967204096    ,460117.354561195    ,서울특별시 강서구 등촌동 **** 베스트 고양터미널 ,2024-02-27 15:10:05
3940000,394000001320220019,2022-07-29,,영업/정상,,,,,,,10590,대원안전(주),I,000,2026-01-13 15:15:30,경기도 고양시 덕양구 신도*길 **-**(삼송동),정상,0000,01,023320040,190397.63686031     ,461029.630564009    ,경기도 고양시 덕양구 삼송동 ***-*** ,2022-07-29 09:46:02
3940000,394000001320220020,2022-08-01,,영업/정상,,,,,,,10575,(주)메디시온,I,000,2026-01-13 15:15:30,경기도 고양시 덕양구 삼막*길 * (오금동),정상,0000,01,03180761190,192877.996631129    ,462389.695413762    ,경기도 고양시 덕양구 오금동 ***-* ,2025-05-23 13:33:54
3940000,394000001320220021,2022-08-05,,영업/정상,,,,,,,10251,(주)온힐,I,L00,2026-01-13 15:15:30,경기도 고양시 일산동구 고봉로***번길 ***-*(설문동),정상,0000,01,0319767361,181690.80930423     ,468579.22391896     ,경기도 고양시 일산동구 설문동 ***-** ,2022-08-05 09:18:34
3940000,394000001320220024,2022-08-19,,영업/정상,,,,,,,10497,GS25화정아카데미점,I,000,2026-01-13 15:15:30,"경기도 고양시 덕양구 화중로***번길 **, 화정아카데미타워 ***호 (화정동)",정상,0000,01,0319685306,185103.568797609    ,459314.051392952    ,경기도 고양시 덕양구 화정동 ***-* 화정아카데미타워 ***호,2022-08-19 13:14:24
3940000,394000001320220025,2022-08-29,,영업/정상,,,,,,,10466,샵앤세이브,I,000,2026-01-13 15:15:30,"경기도 고양시 덕양구 마상로 ***, 풍산빌딩 ***호 (성사동)",정상,0000,01,,185923.025628932    ,461738.205859679    ,경기도 고양시 덕양구 성사동 ***-* 풍산빌딩 ,2022-08-29 09:55:11
3940000,394000001320220027,2022-09-20,,영업/정상,,,,,,,10575,(주)인팩솔루션,I,L00,2026-01-13 15:15:30,"경기도 고양시 덕양구 삼막*길 *, *층 일부호 (오금동)",정상,0000,01,0220395852,192877.996631129    ,462389.695413762    ,경기도 고양시 덕양구 오금동 ***-* ,2022-09-20 11:00:24
3940000,394000001320220029,2022-09-27,,영업/정상,,,,,,,10311,이마트 풍산점,I,L00,2026-01-13 15:15:30,경기도 고양시 일산동구 무궁화로 ***(중산동),정상,0000,01,,181149.682181138    ,463521.801944649    ,경기도 고양시 일산동구 중산동 **** ,2024-04-12 19:28:52
3940000,394000001320220031,2022-12-16,,영업/정상,,,,,,,10305,주식회사 상상타래,I,L00,2026-01-13 15:15:30,"경기도 고양시 일산동구 숲속마을로 **-**, 일산 드림월드 ***호 (풍동)",정상,0000,01,07046514547,182406.301119754    ,462840.231312899    ,경기도 고양시 일산동구 풍동 ****-* 일산 드림월드 ,2022-12-16 09:12:42
3940000,394000001320230003,2023-03-15,,영업/정상,,,,,,,10258,꿀미',I,000,2026-01-13 15:15:30,"경기도 고양시 일산동구 성현로***번길 **, *동 (문봉동)",정상,0000,01,,185078.179801702    ,466314.510869507    ,경기도 고양시 일산동구 문봉동 **-** *동 ,2023-03-15 10:27:48
3940000,394000001320060001,2006-12-14,,영업/정상,,,,,0,,10523,엠앤에스코리아,I,000,2026-01-13 15:15:30,"경기도 고양시 덕양구 무원로*번길 **, M타워 ***호 (행신동)",정상,0000,01,,185248.088447055    ,456800.931082246    ,경기도 고양시 덕양구 행신동 ***-* M타워 ,2019-06-19 10:32:16
3940000,394000001320100001,2010-09-27,,영업/정상,,,,,64,,,애니몰,I,000,2026-01-13 15:15:30,,정상,0000,01,,,,경기도 고양시 덕양구 행신동 ***-**   지층 일부 ,2010-09-27 10:01:35
3940000,394000001320130001,2013-04-02,,영업/정상,,,,,,,10523,(주)케이플러스메디칼,I,000,2026-01-13 15:15:30,경기도 고양시 덕양구 무원로 * (행신동),정상,0000,01,,184915.622408289    ,460275.813315298    ,경기도 고양시 덕양구 화정동 ***-* ,2017-05-02 09:17:54
3940000,394000001320160001,2016-05-16,,영업/정상,,,,,,,10419,HNP,I,000,2026-01-13 15:15:30,"경기도 고양시 일산동구 강촌로 ***, ***동 ****호 (백석동, 백송마을*단지아파트)",정상,0000,01,0318140716,181431.048857292    ,461126.023383171    ,경기도 고양시 일산동구 백석동 **** 백송마을*단지아파트 ***동 ****호,2016-05-16 14:34:06
3940000,394000001320170002,2017-07-19,,영업/정상,,,,,,,10257,비엘엔에이치(주) 애니멀헬스지점,I,L00,2026-01-13 15:15:30,경기도 고양시 일산동구 문봉길**번길 **-** (문봉동),정상,0000,01,0319756849,183881.877676266    ,467457.99397862     ,경기도 고양시 일산동구 문봉동 ***-** ,2017-07-20 15:41:57
3940000,394000001320180002,2018-04-19,,영업/정상,,,,,,,10381,주식회사 제이비아이엔씨,I,000,2026-01-13 15:15:30,"경기도 고양시 일산서구 일산로 ***, ***, ***호 (대화동)",정상,0000,01,0319253403,177750.106288891    ,463638.041163217    ,경기도 고양시 일산서구 대화동 ****-* ,2018-04-19 15:35:03
3940000,394000001320180004,2018-06-12,,영업/정상,,,,,,,10212,이지스메디코스,I,000,2026-01-13 15:15:30,"경기도 고양시 일산서구 송포백송길 **-**, *층 (덕이동)",정상,0000,01,0319477538,176678.857635275    ,465595.662866528    ,경기도 고양시 일산서구 덕이동 ****-* ,2018-06-12 11:25:50
3940000,394000001320180006,2018-07-11,,영업/정상,,,,,,,10523,진영아이피,I,000,2026-01-13 15:15:30,"경기도 고양시 덕양구 무원로*번길 **, 대흥프라자 ***호 (행신동)",정상,0000,01,,185204.410685109    ,456761.50660961     ,경기도 고양시 덕양구 행신동 ***-* ,2018-07-11 13:34:25
3940000,394000001320190001,2019-03-05,,영업/정상,,,,,,,10254,펫더데이,I,000,2026-01-13 15:15:30,경기도 고양시 일산동구 문원길***번길 ** (설문동),정상,0000,01,,184289.626927281    ,468403.724564278    ,경기도 고양시 일산동구 설문동 ***-* ,2019-03-05 09:46:23
3940000,394000001320200002,2020-04-28,,영업/정상,,,,,,,10366,반석마켓,I,000,2026-01-13 15:15:30,"경기도 고양시 일산서구 중앙로 ****, ***호 (주엽동, 강선마을**단지아파트)",정상,0000,01,,179162.766413313    ,462851.25056701     ,경기도 고양시 일산서구 주엽동 ** 강선마을**단지아파트 ,2020-04-28 13:57:11
3940000,394000001320200003,2020-05-29,,영업/정상,,,,,,,10338,주식회사 브이이에프,I,000,2026-01-13 15:15:30,"경기도 고양시 일산동구 탄중로 ***, 성지프라자 ***호 (중산동)",정상,0000,01,,180406.015          ,464987.035          ,경기도 고양시 일산동구 중산동 ****-* 성지프라자 ***호,2020-05-29 16:36:08
3940000,394000001320200004,2020-06-01,,영업/정상,,,,,,,10508,(주)에이치와이,I,L00,2026-01-13 15:15:30,"경기도 고양시 덕양구 능곡로**번길 **, B***호 (토당동, 한강 능곡역 성원상떼빌)",정상,0000,01,0319380707,184031.477541637    ,457767.532703718    ,경기도 고양시 덕양구 토당동 ***-* 한강 능곡역 성원상떼빌 B***호,2023-08-29 09:10:19
3940000,394000001320210001,2021-01-15,,영업/정상,,,,,,,10402,리앤컴퍼니,I,000,2026-01-13 15:15:30,"경기도 고양시 일산동구 정발산로 **, 드림월드빌딩 ***호 (장항동)",정상,0000,01,,179703.277546761    ,461593.64421342     ,경기도 고양시 일산동구 장항동 ***-* 드림월드빌딩 ,2021-01-15 17:18:58
3940000,394000001320210003,2021-05-25,,영업/정상,,,,,,,10523,주식회사 주베베,I,L00,2026-01-13 15:15:30,"경기도 고양시 덕양구 무원로 *, 무원빌딩 *층 ***호 (행신동)",정상,0000,01,0262730083,185157.043671056    ,456801.894069148    ,경기도 고양시 덕양구 행신동 ***-* 무원빌딩 ,2021-05-25 14:13:22
3940000,394000001320260005,2026-04-23,,영업/정상,,,,,,,10543,(주)워터맨하우스,U,000,2026-04-30 03:03:03,"경기도 고양시 덕양구 으뜸로 **, 에일린의뜰한강*차 ***동 ***호 (덕은동)",정상,0000,01,0263417122,,,경기도 고양시 덕양구 덕은동 *** 에일린의뜰한강*차 ***동 ***호,2026-04-29 09:39:48
3940000,394000001320260004,2026-04-09,,영업/정상,,,,,,,10320,Dog 창고,I,000,2026-04-10 21:02:21,"경기도 고양시 일산동구 동국로 ***-**, *동 (식사동)",정상,0000,01,,182677.397010906    ,464762.880955761    ,경기도 고양시 일산동구 식사동 *** ,2026-04-09 13:25:41
3940000,394000001320230004,2023-03-20,,영업/정상,,,,,,,10257,이즈마인,I,000,2026-01-13 15:15:30,"경기도 고양시 일산동구 문봉길 **, B동 (문봉동)",정상,0000,01,,183466.011266426    ,467111.388188787    ,경기도 고양시 일산동구 문봉동 ***-* B동 ,2023-03-21 16:07:03
3940000,394000001320240001,2024-04-17,,영업/정상,,,,,,,10401,엘케이에스,I,000,2026-01-13 15:15:30,"경기도 고양시 일산동구 호수로 ***-**, 위너스** II (장항동)",정상,0000,01,,179443.811344262    ,461950.576063425    ,경기도 고양시 일산동구 장항동 ***-* 위너스** II ,2024-04-17 13:05:31
3940000,394000001320240002,2024-04-17,,영업/정상,,,,,,,10401,넥스케이드,I,000,2026-01-13 15:15:30,"경기도 고양시 일산동구 무궁화로 **-**, 하임빌로데오빌딩 ***-**호 (장항동)",정상,0000,01,07043883788,179399.014659451    ,462127.832524383    ,경기도 고양시 일산동구 장항동 *** 하임빌로데오빌딩 ,2024-04-17 13:14:27
3940000,394000001320240003,2024-05-02,,영업/정상,,,,,,,10445,이지프라자,I,000,2026-01-13 15:15:30,"경기도 고양시 일산동구 백석로***번길 **-**, *층 (백석동)",정상,0000,01,07088098710,181581.985130594    ,460601.873349602    ,경기도 고양시 일산동구 백석동 ****-* ,2024-05-02 13:52:48
3940000,394000001320240004,2024-07-19,,영업/정상,,,,,,,10387,주식회사 피오니,I,L00,2026-01-13 15:15:30,"경기도 고양시 일산서구 중앙로 ****, 가람상가 ***-***호 (주엽동)",정상,0000,01,,178734.035214849    ,463140.211764088    ,경기도 고양시 일산서구 주엽동 ***-* 가람상가 ***-***호 ,2024-07-19 09:33:17
3940000,394000001320240005,2024-10-15,,영업/정상,,,,,,,10387,주식회사 리안홀딩스,I,L00,2026-01-13 15:15:30,"경기도 고양시 일산서구 중앙로 ****, 가람상가 *층 ***-***호 (주엽동)",정상,0000,01,07077701617,178734.035214849    ,463140.211764088    ,경기도 고양시 일산서구 주엽동 ***-* 가람상가 ,2024-10-15 10:01:39
3940000,394000001320240006,2024-10-16,,영업/정상,,,,,,,10542,(주)프로벳,I,L00,2026-01-13 15:15:30,"경기도 고양시 덕양구 해포길 **-**, 제비동호 (현천동)",정상,0000,01,023234881,187109.63233395     ,454292.218652957    ,경기도 고양시 덕양구 현천동 ***-* 제비동호,2024-10-16 18:37:22
3940000,394000001320250001,2025-02-21,,영업/정상,,,,,,,10388,주식회사 펫프로젝트,I,L00,2026-01-13 15:15:30,"경기도 고양시 일산서구 대산로 ***, 현대프라자 *층 ***-***호 (주엽동)",정상,0000,01,07042676500,179077.68           ,463565.905          ,경기도 고양시 일산서구 주엽동 **-* 현대프라자 ***호,2025-02-21 10:09:06
3940000,394000001320250002,2025-02-28,,영업/정상,,,,,,,10545,피키즈 도넛타임,I,000,2026-01-13 15:15:30,"경기도 고양시 덕양구 향동로 ***, C동 ***호 (향동동)",정상,0000,01,,190571.011617033    ,456226.711628653    ,경기도 고양시 덕양구 향동동 *** C동 ***호,2025-02-28 10:45:55
3940000,394000001320250003,2025-03-19,,영업/정상,,,,,,,10583,아얀코퍼레이션,I,000,2026-01-13 15:15:30,"경기도 고양시 덕양구 오부자로 **, ***동 ****호 (지축동, 지축역 북한산 비바힐스)",정상,0000,01,,,,경기도 고양시 덕양구 지축동 *** 지축역 북한산 비바힐스 ***동 ****호,2025-03-19 10:14:08
3940000,394000001320250004,2025-03-20,,영업/정상,,,,,,,10233,주식회사 세원메디텍,I,000,2026-01-13 15:15:30,"경기도 고양시 일산서구 탄중로 ***, 양우로데오메인타운 *-A동 ***호 (덕이동)",정상,0000,01,0319110123,178527.763301119    ,465638.309280145    ,경기도 고양시 일산서구 덕이동 ***-** 양우로데오메인타운 *-A동 ***호,2025-03-20 09:33:44
3940000,394000001320250005,2025-05-22,,영업/정상,,,,,,,10401,건후,I,000,2026-01-13 15:15:30,"경기도 고양시 일산동구 호수로 ***, 삼성라끄빌 ***호 (장항동)",정상,0000,01,,179257.261374439    ,462085.127524612    ,경기도 고양시 일산동구 장항동 *** 삼성라끄빌 ***호,2025-05-22 17:24:00
3940000,394000001320250006,2025-06-09,,영업/정상,,,,,,,10546,웰비트,I,000,2026-01-13 15:15:30,"경기도 고양시 덕양구 꽃마을로 **, 한일미디어타워 ****호 (향동동)",정상,0000,01,,190512.495202709    ,455441.518600571    ,경기도 고양시 덕양구 향동동 *** 한일미디어타워 ****호,2025-06-09 15:00:28
3940000,394000001320260001,2026-02-05,,영업/정상,,,,,,,10545,로커스과학,I,000,2026-02-06 21:02:20,"경기도 고양시 덕양구 향동로 ***, 현대테라타워DMC B-****호 (향동동)",정상,0000,01,023040160,190571.011617033    ,456226.711628653    ,경기도 고양시 덕양구 향동동 *** 현대테라타워DMC B-****호 ,2026-02-05 14:27:20
3940000,394000001320260002,2026-02-05,,영업/정상,,,,,,,10402,동아테크,I,000,2026-02-06 21:02:20,"경기도 고양시 일산동구 정발산로 **-**, 파크프라자 ***호 ***호 (장항동)",정상,0000,01,,179849.580666893    ,461692.59774274     ,경기도 고양시 일산동구 장항동 ***-* 파크프라자 ***호 ***호 ,2026-02-05 15:09:00
3940000,394000001320220016,2022-05-24,,폐업,2023-11-23,,,,,,10414,(주)이마트에브리데이 마두역점,I,L00,2026-01-13 15:15:30,"경기도 고양시 일산동구 장백로 ***, 뉴욕프라자 *층 (장항동)",폐업,0002,03,0319263116,180290.007477584    ,460956.465956053    ,경기도 고양시 일산동구 장항동 *** 뉴욕프라자 ,2023-11-30 17:28:30
3940000,394000001320260006,2026-05-07,,영업/정상,,,,,,,10545,에이벳비앤피(AVET B&P),I,000,2026-05-08 21:02:27,"경기도 고양시 덕양구 향동로 ***, DMC스타비즈 *st ***호 (향동동)",정상,0000,01,,190220.795104756    ,455402.818543143    ,경기도 고양시 덕양구 향동동 *** DMC스타비즈 *st ***호,2026-05-07 17:56:11
3940000,394000001320110001,2011-06-10,,폐업,2015-02-11,,,,198,,,엠테크,I,000,2026-01-13 15:15:30,,폐업,0002,03,,177478.488929985    ,466543.019348417    ,경기도 고양시 일산서구 덕이동 *** 가동 ,2015-02-11 10:57:54
3940000,394000001320110002,2012-12-05,,폐업,2017-12-01,,,,,,,라파메디칼,I,000,2026-01-13 15:15:30,,폐업,0002,03,,184165.550499532    ,458420.383142158    ,경기도 고양시 덕양구 토당동 ***-** 동아*빌딩 ***호,2017-12-01 15:31:27
3940000,394000001320170001,2017-04-28,,폐업,2018-09-14,,,,,,10370,유한회사 아임벳,I,L00,2026-01-13 15:15:30,"경기도 고양시 일산서구 대산로***번길 *-**, *층 (대화동)",폐업,0002,03,0319237533,178398.286754325    ,464008.424241791    ,경기도 고양시 일산서구 대화동 ****-* ,2018-09-14 15:28:25
3940000,394000001320180001,2018-01-24,,폐업,2019-12-07,,,,,,10336,동물적감각,I,000,2026-01-13 15:15:30,"경기도 고양시 일산동구 탄중로 ***-**, 한진프라자 *동 *호 (중산동)",폐업,0002,03,,180539.929390764    ,465776.82553254     ,경기도 고양시 일산동구 중산동 ****-* 한진프라자 ,2020-04-03 11:20:04
3940000,394000001320180003,2018-05-01,,폐업,2025-01-21,,,,,,10594,주식회사 퍼스트코,I,000,2026-01-13 15:15:30,"경기도 고양시 덕양구 통일로 ***, 삼송테크노밸리 B동 지하*층 ***호 (동산동)",폐업,0002,03,07077997719,191287.508236468    ,460746.546568849    ,경기도 고양시 덕양구 동산동 *** 삼송테크노밸리 ,2025-01-21 16:36:47
3940000,394000001320180005,2018-07-11,,폐업,2019-12-31,,,,,,10449,웰니스케어,I,000,2026-01-13 15:15:30,"경기도 고양시 일산동구 호수로 ***-**, 동문타워I ***호 (백석동)",폐업,0002,03,,181091.093679012    ,459810.921682813    ,경기도 고양시 일산동구 백석동 **** 동문타워I ,2020-02-11 09:36:54
3940000,394000001320200001,2020-03-25,,폐업,2022-01-20,,,,,,10257,세경씨엔피,I,000,2026-01-13 15:15:30,경기도 고양시 일산동구 문봉길 *-** (문봉동),폐업,0002,03,023848352,184408.047455025    ,466779.949814783    ,경기도 고양시 일산동구 문봉동 ***-** ,2022-01-19 13:53:35
3940000,394000001320200005,2020-06-26,,폐업,2022-02-18,,,,,,10387,주식회사 앤썸기획,I,000,2026-01-13 15:15:30,"경기도 고양시 일산서구 강성로 ***, 동문씨티프라자 지하층 **호 (주엽동)",폐업,0002,03,,178702.841742146    ,463291.029055934    ,경기도 고양시 일산서구 주엽동 **-* 동문씨티프라자 ,2022-02-23 09:29:56
3940000,394000001320210004,2021-05-25,,폐업,2021-12-31,,,,,,10523,주식회사 해성비엔씨,I,L00,2026-01-13 15:15:30,"경기도 고양시 덕양구 무원로*번길 **, 남정씨티프라자*차 ***호 (행신동)",폐업,0002,03,0319032264,185249.568293223    ,456868.271813131    ,경기도 고양시 덕양구 행신동 *** 남정씨티프라자*차 ,2022-12-23 17:34:41
3970000,397000001320170001,2017-07-15,,영업/정상,,,,,60,,13820,베트컴코리아,I,L00,2025-12-15 16:15:28,"경기도 과천시 추사로 **-** (주암동, 엘지전자 서초어린이집)",정상,0000,01,025739669,202541.075678877    ,439080.685567687    ,,2017-07-15 16:51:37
3970000,397000001320170002,2017-07-15,,영업/정상,,,,,60,,13820,베트컴코리아,I,000,2025-12-15 16:15:28,"경기도 과천시 추사로 **-** (주암동, 엘지전자 서초어린이집)",정상,0000,01,025739669,202541.075678877    ,439080.685567687    ,,2017-07-15 16:51:52
3970000,397000001320170003,2017-07-15,,영업/정상,,,,,60,,13820,베트컴코리아,I,000,2025-12-15 16:15:28,"경기도 과천시 추사로 **-** (주암동, 엘지전자 서초어린이집)",정상,0000,01,025739669,202541.075678877    ,439080.685567687    ,,2017-07-15 16:52:12
3970000,397000001320170004,2017-07-17,,영업/정상,,,,,60,,13820,베트컴코리아,I,L00,2025-12-15 16:15:28,경기도 과천시 추사로 **-** (주암동),정상,0000,01,025739669,202541.075678877    ,439080.685567687    ,,2017-07-18 15:28:13
3970000,397000001320190001,2019-12-04,,폐업,2021-12-27,,,,,,13820,(주)큐더스커뮤니케이션,I,000,2025-12-15 16:15:28,"경기도 과천시 죽바위로 **-*, 용호빌딩 *층 (주암동)",폐업,0002,03,025481977,202634.097239797    ,439167.709420501    ,경기도 과천시 주암동 *** ,2021-12-27 17:01:52
3970000,397000001320230001,2023-04-03,,영업/정상,,,,,45.12,,13807,큐찬스(주),I,L00,2025-12-15 16:15:28,"경기도 과천시 관문로 **, 힐스테이트 과천중앙 ***동 ****호 (중앙동)",정상,0000,01,025483131,199100.020019967    ,436409.924391081    ,경기도 과천시 중앙동 ** 힐스테이트 과천중앙 ***동 ****호,2023-04-03 14:54:55
3970000,397000001320230002,2023-07-28,,영업/정상,,,,,,,13813,(주)진메디칼,I,L00,2025-12-15 16:15:28,경기도 과천시 양지마을*로 ** (과천동),정상,0000,01,025715154,199818.61964813     ,438669.999531357    ,경기도 과천시 과천동 ***-** ,2025-12-01 15:25:19
3970000,397000001320240001,2024-07-22,,폐업,2026-05-06,,,,89.12,,13807,주식회사 쎌인터,U,000,2026-05-08 03:03:03,"경기도 과천시 관문로 **, 힐스테이트 과천중앙 ***동 ****,****호 (중앙동)",폐업,0002,03,0234181202,199100.020019967    ,436409.924391081    ,경기도 과천시 중앙동 ** 힐스테이트 과천중앙 ***동 ****호,2026-05-07 11:05:24
3970000,397000001320200001,2020-09-02,,영업/정상,,,,,,,13820,힐리,I,000,2025-12-15 16:15:28,"경기도 과천시 추사로 ***, *층 (주암동)",정상,0000,01,,202565.221677414    ,439313.536948706    ,경기도 과천시 주암동 *** ,2020-09-02 11:35:01
3980000,398000001320180001,2018-07-31,,폐업,2021-05-07,,,,,,11906,포스트바이오(주),I,000,2025-12-15 16:15:28,"경기도 구리시 동구릉로***번길 **, 소매점 (사노동)",폐업,0002,03,0315232730,212398.778396505    ,459487.495657344    ,경기도 구리시 사노동 ***-* 소매점 ,2021-05-07 11:19:01
3980000,398000001320210001,2021-04-20,,폐업,2024-04-23,,,,,,11901,주식회사 더블유메딕스,I,L00,2025-12-15 16:15:28,"경기도 구리시 갈매중앙로 **-**, 송원빌딩 *층 (갈매동)",폐업,0002,03,0315151516,210258.56885757     ,458966.611118324    ,경기도 구리시 갈매동 *** ,2024-04-23 11:13:02
3980000,398000001320220001,2022-05-18,,폐업,2023-11-20,,,,,,11901,(주)이마트에브리데이 구리갈매점,I,L00,2025-12-15 16:15:28,"경기도 구리시 갈매순환로 ***, 로터스타워 ***, B**호 (갈매동)",폐업,0002,03,0315234040,210652.858662964    ,459434.426215342    ,경기도 구리시 갈매동 *** 로터스타워 ,2023-11-20 17:23:20
3980000,398000001320260001,2026-04-27,,영업/정상,,,,,114.55,,11905,주식회사 자연감성,I,L00,2026-04-28 21:02:22,"경기도 구리시 동구릉로***번길 **, 지*층 (사노동)",정상,0000,01,,211887.320947935    ,459300.741367979    ,경기도 구리시 사노동 ***-* ,2026-04-27 15:24:01
3980000,398000001320170001,2017-08-08,,영업/정상,,,,,,,11934,수앤주,I,000,2025-12-15 16:15:28,"경기도 구리시 안골로 **-*, 다건씨티오피스텔 ***호 (교문동)",정상,0000,01,,211943.185024592    ,454958.620337451    ,경기도 구리시 교문동 ***-* 다건씨티오피스텔 ,2020-08-18 11:35:07
3980000,398000001320170002,2017-11-27,,영업/정상,,,,,,,11902,(주)라이브케어,I,L00,2026-02-27 21:02:21,"경기도 구리시 산마루로 **, ***호 (갈매동)",정상,0000,01,0315719304,210182.251667868    ,458777.037219813    ,경기도 구리시 갈매동 ***-* ***호,2026-02-26 17:59:46
3980000,398000001320250001,2025-04-02,,영업/정상,,,,,,,11932,시온,I,000,2025-12-15 16:15:28,"경기도 구리시 검배로 **, 성원빌딩 ***호 (수택동)",정상,0000,01,,212918.314707334    ,454779.632461192    ,경기도 구리시 수택동 ***-* 성원빌딩 ***호,2025-04-02 16:49:57
3980000,398000001320200001,2020-11-16,,영업/정상,,,,,,,11924,화이트 바이오텍,I,000,2025-12-15 16:15:28,"경기도 구리시 아차산로 ***, 한양빌딩 *층 (교문동)",정상,0000,01,,211490.465238725    ,455359.865957392    ,경기도 구리시 교문동 ***-* 한양빌딩 ,2020-11-16 15:12:59
3980000,398000001320210002,2021-11-01,,영업/정상,,,,,,,11921,부림약품,I,000,2025-12-15 16:15:28,"경기도 구리시 건원대로**번길 **, 세신훼미리타운 *층 ***호 (인창동)",정상,0000,01,0315531660,212411.871636034    ,455806.456688572    ,경기도 구리시 인창동 ***-* 세신훼미리타운 ,2021-11-01 17:31:33
3980000,398000001320230001,2023-03-24,,영업/정상,,,,,,,11901,보이스,I,000,2025-12-15 16:15:28,"경기도 구리시 산마루로 *, 구리갈매 대방디엠시티 메트로카운티 ***호 (갈매동)",정상,0000,01,,210125.941277885    ,458889.586166849    ,경기도 구리시 갈매동 ***-* 구리갈매 대방디엠시티 메트로카운티 ,2023-03-24 10:21:58
3980000,398000001320230002,2023-08-11,,영업/정상,,,,,,,11906,주식회사 젠스페이스,I,L00,2025-12-15 16:15:28,"경기도 구리시 동구릉로***번길 **, *층 (사노동)",정상,0000,01,,212398.778396505    ,459487.495657344    ,경기도 구리시 사노동 ***-* 소매점 ,2023-08-11 09:47:39
3980000,398000001320230003,2023-12-18,,영업/정상,,,,,,,11921,케이(K)메디칼,I,000,2025-12-15 16:15:28,"경기도 구리시 건원대로 **, 화성골드프라자 ***동 *층 **호 (인창동)",정상,0000,01,,212336.563556389    ,455798.1200613      ,경기도 구리시 인창동 ***-* 화성골드프라자 ,2023-12-18 16:11:46
3980000,398000001320170003,2017-11-27,,영업/정상,,,,,,,11902,(주)유라이크코리아,I,L00,2025-12-15 16:15:28,"경기도 구리시 산마루로 **, ***호 (갈매동)",정상,0000,01,0234000300,210182.251667868    ,458777.037219813    ,경기도 구리시 갈매동 ***-* ***호,2017-11-27 18:03:53
3990000,399000001320220001,2022-01-19,,영업/정상,,,,,4.43,,12258,케이앤에스 컴퍼니(K&S Company),I,000,2026-01-13 15:15:33,"경기도 남양주시 경춘로 ***, 백석빌딩 *층 ***호 (다산동)",정상,0000,01,,214442.464981149    ,456327.933097962    ,경기도 남양주시 다산동 ****-* 백석빌딩 ,2022-01-25 17:10:11
3990000,399000001320220002,2022-01-25,,영업/정상,,,,,22.68,,12106,주식회사 에이피오씨(Apoc),I,L00,2026-01-13 15:15:33,"경기도 남양주시 순화궁로 ***, ***호 (별내동)",정상,0000,01,,211342.232326495    ,461123.873998311    ,경기도 남양주시 별내동 *** ,2022-01-25 14:08:09
3990000,399000001320220003,2022-02-16,,영업/정상,,,,,290.3,,12247,불로양봉자재,I,000,2026-01-13 15:15:33,경기도 남양주시 진건읍 고재로 **-**,정상,0000,01,0315741403,214829.078348195    ,459225.337748006    ,경기도 남양주시 진건읍 배양리 ***-* ,2022-02-16 16:36:12
3990000,399000001320220005,2022-04-15,,영업/정상,,,,,15.2,,12106,포스트바이오(주),I,L00,2026-01-13 15:15:33,"경기도 남양주시 순화궁로 ***, 동광 비즈타워 별내 ***호 (별내동)",정상,0000,01,0315232731,211348.256031066    ,461027.650120853    ,경기도 남양주시 별내동 ***-* 동광 비즈타워 별내 ***호,2025-08-01 11:17:53
3990000,399000001320220010,2022-05-24,,폐업,2026-05-14,,,,8187.08,,12008,홈플러스 남양주진접점,U,L00,2026-05-15 03:03:03,"경기도 남양주시 진접읍 금강로 ****, 홈플러스",폐업,0002,03,0315708000,216587.285919176    ,468805.572134094    ,서울특별시 강서구 등촌동 ***-* 홈플러스 ,2026-05-14 15:41:56
3990000,399000001320220014,2022-07-20,,영업/정상,,,,,28,,12025,메드올,I,000,2026-01-13 15:15:33,"경기도 남양주시 수동면 축령산로**번길 **-**, *층 일부호",정상,0000,01,07042907571,226595.511851577    ,470368.334284111    ,경기도 남양주시 수동면 외방리 ***-** ,2022-07-20 10:52:28
3990000,399000001320220016,2022-12-13,,영업/정상,,,,,29.25,,12136,주식회사 백호엔지니어링,I,L00,2026-01-13 15:15:33,"경기도 남양주시 진건읍 사릉로용정*길 *, ***호",정상,0000,01,,215871.805948671    ,461592.89412467     ,경기도 남양주시 진건읍 용정리 ***-* ***호,2022-12-13 12:14:34
3990000,399000001320230001,2023-02-07,,영업/정상,,,,,3.5,,12223,플랜비,I,000,2026-01-13 15:15:33,"경기도 남양주시 경춘로****번길 *, 강남프라자 *층 ***호 (평내동)",정상,0000,01,,220704.248865261    ,460440.764161136    ,경기도 남양주시 평내동 ***-* 강남프라자 ,2023-02-07 09:41:59
3990000,399000001320230002,2023-04-20,,영업/정상,,,,,397.98,,12140,주식회사 오엘코퍼레이션,I,L00,2026-01-13 15:15:33,"경기도 남양주시 진건읍 사릉로***번길 **-*, *,*층",정상,0000,01,,217820.342196944    ,460833.205408342    ,경기도 남양주시 진건읍 송능리 ***-* ,2023-04-20 16:13:09
3990000,399000001320230003,2023-05-02,,영업/정상,,,,,10,,12113,메디텍플러스,I,000,2026-01-13 15:15:33,"경기도 남양주시 별내중앙로 **, ***-에이**호 (별내동)",정상,0000,01,,211047.581577928    ,460377.706809703    ,경기도 남양주시 별내동 ****-* ,2023-05-02 14:25:58
3990000,399000001320230004,2023-05-18,,영업/정상,,,,,764,,12035,주식회사 유노인더스트리,I,L00,2026-01-13 15:15:33,경기도 남양주시 화도읍 비룡로***번길 **,정상,0000,01,07087112611,226725.712284717    ,463965.504155978    ,경기도 남양주시 화도읍 가곡리 ***-* ,2023-05-18 13:20:55
3990000,399000001320230005,2023-08-23,,영업/정상,,,,,33.25,,12248,견생냥품 무인24시 남양주다산역점,I,000,2026-01-13 15:15:33,"경기도 남양주시 다산중앙로***번길 **, 휴먼파크 ***호 (다산동)",정상,0000,01,,213367.38           ,457929.92           ,경기도 남양주시 다산동 ****-* 휴먼파크 ***호,2023-08-23 14:01:02
3990000,399000001320230006,2023-09-15,,영업/정상,,,,,288.57,,12101,주식회사 아시아메디칼,I,L00,2026-01-13 15:15:33,"경기도 남양주시 불암로***번길 *, ***호 (별내동)",정상,0000,01,0222138114,209777.438434595    ,460952.82941364     ,경기도 남양주시 별내동 ****-* ***호,2023-09-18 15:38:37
3990000,399000001320230007,2023-11-12,,영업/정상,,,,,45,,12171,케이 바이오,I,000,2026-01-13 15:15:33,"경기도 남양주시 화도읍 경춘로 ****, ***호",정상,0000,01,,224298.948262294    ,461383.057016177    ,경기도 남양주시 화도읍 묵현리 *** ,2023-11-12 11:02:46
3990000,399000001320240002,2024-04-02,,영업/정상,,,,,231,,12050,더나은펫,I,000,2026-01-13 15:15:33,"경기도 남양주시 오남읍 진건오남로***번길 **, 나동",정상,0000,01,,218492.994605046    ,464080.251512056    ,경기도 남양주시 오남읍 오남리 ***-** ,2024-04-02 17:39:44
3990000,399000001320240003,2024-04-05,,영업/정상,,,,,84.96,,12284,피써티원,I,000,2026-01-13 15:15:33,"경기도 남양주시 다산지금로***번길 ***-*, 다산신안인스빌 퍼스트리버 ****동 ***호 (다산동)",정상,0000,01,,214952.054851511    ,454823.02991721     ,경기도 남양주시 다산동 **** 다산신안인스빌 퍼스트리버 ,2024-04-05 11:19:39
3990000,399000001320240004,2024-06-11,,영업/정상,,,,,132,,12179,주식회사 머다,I,L00,2026-01-13 15:15:33,"경기도 남양주시 화도읍 경춘로 ****-*, 머다빌딩 *층 ***호",정상,0000,01,0315914502,226832.364609711    ,461041.475768782    ,경기도 남양주시 화도읍 창현리 ***-* ,2024-06-11 11:30:56
3990000,399000001320160004,2016-12-01,,폐업,2018-08-24,,,,,,12179,주식회사 머다,I,L00,2026-01-13 15:15:33,"경기도 남양주시 화도읍 경춘로 ****-*, *층",폐업,0002,03,,226832.364609711    ,461041.475768782    ,경기도 남양주시 화도읍 창현리 ***-* *층 ,2018-08-24 17:12:51
3990000,399000001320190002,2019-05-13,,폐업,2023-02-10,,,,,,12111,야옹아 멍멍해봐 남양주별내점,I,000,2026-01-13 15:15:33,"경기도 남양주시 별내중앙로 **, ****동 *-*호 (별내동, 동익미라벨)",폐업,0002,03,,210693.01558702     ,460817.536623734    ,경기도 남양주시 별내동 **** 동익미라벨 ,2023-02-10 13:45:52
3990000,399000001320200003,2020-02-26,,폐업,2023-03-17,,,,47.61,,12014,비상,I,000,2026-01-13 15:15:33,"경기도 남양주시 진접읍 봉현로**번길 **-*, *층 ***호 (새천년빌라)",폐업,0002,03,,215891.5803681      ,468558.181300052    ,경기도 남양주시 진접읍 장현리 ***-** 새천년빌라 ,2023-03-17 14:39:23
3990000,399000001320200004,2020-03-10,,폐업,2021-04-16,,,,,,12113,주식회사 더블유메딕스,I,L00,2026-01-13 15:15:33,"경기도 남양주시 별내중앙로 **, **층 ****호 (별내동)",폐업,0002,03,027971519,211072.098602199    ,460349.607768839    ,경기도 남양주시 별내동 ****-* ,2021-04-16 13:50:13
3990000,399000001320200008,2020-03-27,,폐업,2022-01-25,,,,142.15,,12044,에스디상사,I,000,2026-01-13 15:15:33,"경기도 남양주시 오남읍 진건오남로***번길 **, ***동 ****호 (남양주 오남 푸르지오)",폐업,0002,03,,217557.983799542    ,465921.951193257    ,경기도 남양주시 오남읍 오남리 *** 남양주 오남 푸르지오 ,2022-02-03 10:34:49
3990000,399000001320200011,2020-08-05,,폐업,2021-10-19,,,,129.55,,12101,세븐에잇,I,000,2026-01-13 15:15:33,"경기도 남양주시 식송*로 **-*, ***호 (별내동)",폐업,0002,03,0318770923,209842.947352588    ,461231.58893131     ,경기도 남양주시 별내동 **** ,2021-10-19 16:27:05
3990000,399000001320200012,2020-09-09,,폐업,2023-02-10,,,,106.4,,12178,야옹아멍멍해봐남양주화도점,I,000,2026-01-13 15:15:33,"경기도 남양주시 화도읍 경춘로 ****-*, 오월프라자 가동 ***호",폐업,0002,03,07077964086,226270.825484243    ,461086.240127496    ,경기도 남양주시 화도읍 녹촌리 ** 오월프라자 가동 ***호,2023-02-10 13:44:24
3990000,399000001320200013,2020-09-28,,폐업,2022-04-30,,,,91.55,,12197,아뮤고나,I,000,2026-01-13 15:15:33,"경기도 남양주시 화도읍 수레로****번길 **-*, ***동 ***호 (영남탑스빌아파트)",폐업,0002,03,07077184455,227055.558870113    ,459501.90488328     ,경기도 남양주시 화도읍 창현리 ***-* 영남탑스빌아파트 ***동 ***호,2022-05-19 16:17:12
3990000,399000001320200014,2020-09-28,,폐업,2021-08-04,,,,100,,12201,시월,I,000,2026-01-13 15:15:33,경기도 남양주시 와부읍 석실로***번길 ***-**,폐업,0002,03,,219602.449038837    ,457017.436837195    ,경기도 남양주시 와부읍 율석리 ***-** ,2021-08-04 14:19:13
3990000,399000001320210010,2021-08-17,,폐업,2024-11-06,,,,84.81,,12218,스테이클릭 컴퍼니,I,000,2026-01-13 15:15:33,"경기도 남양주시 경춘로****번길 *-**, ***동 ***호 (평내동, 대명아파트)",폐업,0002,03,,221098.293398574    ,460821.239605573    ,경기도 남양주시 평내동 ***-* 대명아파트 ,2024-11-06 14:00:05
3990000,399000001320210011,2021-08-23,,폐업,2025-12-11,,,,214,,12268,펫클럽 수석점,I,L00,2026-01-13 15:15:33,경기도 남양주시 강변북로 ***-*(수석동),폐업,0002,03,07046752243,214990.706455641    ,454050.253822454    ,경기도 남양주시 수석동 ***-* ,2025-12-11 14:49:08
3990000,399000001320220004,2022-02-23,,폐업,2025-02-17,,,,134.52,,12161,가화만사성,I,000,2026-01-13 15:15:33,"경기도 남양주시 화도읍 비룡로 ***-**, ***동 ***호 (대림아파트)",폐업,0002,03,,226855.534390839    ,462265.082730583    ,경기도 남양주시 화도읍 마석우리 ***-* 대림아파트 ,2025-02-17 15:30:03
3990000,399000001320220006,2022-05-17,,폐업,2023-11-29,,,,1063.19,,12225,(주)이마트에브리데이 평내점,I,L00,2026-01-13 15:15:33,"경기도 남양주시 경춘로****번길 **, 디마트 지하*층 (평내동)",폐업,0002,03,0315233324,220832.601952352    ,460272.074063251    ,경기도 남양주시 평내동 ***-* 디마트 ,2023-11-29 17:15:35
3990000,399000001320220007,2022-05-17,,폐업,2023-11-13,,,,530.25,,12285,(주)이마트에브리데이 다산점,I,L00,2026-01-13 15:15:33,"경기도 남양주시 다산중앙로***번길 **, Y PARK 타워 ***,***,***,***,***-*,***,***외호 (다산동)",폐업,0002,03,0315233211,213561.817965583    ,458161.719662022    ,경기도 남양주시 다산동 ****-* Y PARK 타워 ,2023-11-13 16:19:15
3990000,399000001320220008,2022-05-23,,폐업,2023-11-15,,,,439.4,,12022,(주)이마트에브리데이 남양주진접점,I,L00,2026-01-13 15:15:33,"경기도 남양주시 진접읍 부평로**번길 **, *층",폐업,0002,03,0315224704,217602.943242263    ,470542.292561863    ,경기도 남양주시 진접읍 부평리 ***-* ,2023-11-15 11:35:52
3990000,399000001320220009,2022-05-24,,폐업,2023-04-28,,,,632.61,,12105,(주)이마트에브리데이 별내점,I,L00,2026-01-13 15:15:33,경기도 남양주시 두물로**번길 **(별내동),폐업,0002,03,0315749912,211004.062975345    ,461837.425926291    ,경기도 남양주시 별내동 *** ,2023-04-28 16:18:28
3990000,399000001320220011,2022-05-24,,폐업,2023-12-01,,,,598.6,,12276,(주)이마트에브리데이 남양주도곡점,I,L00,2026-01-13 15:15:33,"경기도 남양주시 와부읍 덕소로 ***-**, 제이엠골프연습장 *층",폐업,0002,03,0315216941,219338.901134099    ,452781.514301882    ,경기도 남양주시 와부읍 도곡리 ****-* 제이엠골프연습장 ,2023-12-01 10:53:53
3990000,399000001320220012,2022-05-24,,폐업,2023-11-29,,,,978.4,,12019,(주)이마트에브리데이 광릉점,I,L00,2026-01-13 15:15:33,"경기도 남양주시 진접읍 광릉내로 ***, 선진상운수매점",폐업,0002,03,0315275253,218058.782250828    ,471611.314921339    ,경기도 남양주시 진접읍 팔야리 ***-* 선진상운수매점 ,2023-11-29 15:41:47
3990000,399000001320220013,2022-05-25,,폐업,2024-11-13,,,,74.25,,12113,이문컴퍼니,I,000,2026-01-13 15:15:33,"경기도 남양주시 별내*로 *, 힐스테이트 별내스테이원 ***동 ****호 (별내동)",폐업,0002,03,,210903.759856826    ,460069.251203247    ,경기도 남양주시 별내동 *** ,2024-11-13 16:34:23
3990000,399000001320220015,2022-08-01,,폐업,2022-10-13,,,,29.25,,12136,이앤씨컴퍼니,I,000,2026-01-13 15:15:33,"경기도 남양주시 진건읍 사릉로용정*길 *, 미림빌딩 ***호",폐업,0002,03,,215871.805948671    ,461592.89412467     ,경기도 남양주시 진건읍 용정리 ***-* ***호,2022-10-17 17:55:04
3990000,399000001320240001,2024-02-01,,폐업,2025-09-10,,,,12,,12066,주식회사 우분투,I,L00,2026-01-13 15:15:33,"경기도 남양주시 진접읍 해밀예당*로 **-**, 리첸타워 ***(에이***)호",폐업,0002,03,07075825847,216493.07691914     ,467690.825592483    ,경기도 남양주시 진접읍 금곡리 ****-* 리첸타워 ,2025-09-10 10:09:53
3990000,399000001320240005,2024-08-27,,영업/정상,,,,,3,,12175,엠투어스,I,000,2026-01-13 15:15:33,"경기도 남양주시 화도읍 마석중앙로**번길 **, 별나라프라자 ***호",정상,0000,01,,226692.832413501    ,461648.557982724    ,경기도 남양주시 화도읍 마석우리 ***-* 별나라프라자 ,2025-12-24 13:44:58
3990000,399000001320240006,2024-08-29,,폐업,2026-05-13,,,,107.59,,12044,태건,U,000,2026-05-15 03:03:03,"경기도 남양주시 오남읍 진건오남로***번길 **, ***동 ****호 (남양주 오남 푸르지오)",폐업,0002,03,,217557.983799542    ,465921.951193257    ,경기도 남양주시 오남읍 오남리 *** 남양주 오남 푸르지오 ***동 ****호,2026-05-14 13:38:16
3990000,399000001320240007,2024-11-15,,영업/정상,,,,,88.5,,12196,태산,I,000,2026-01-13 15:15:33,"경기도 남양주시 화도읍 폭포로 ***, 가동",정상,0000,01,,227268.210090803    ,459457.441349376    ,경기도 남양주시 화도읍 창현리 *** ,2024-11-15 17:16:25
3990000,399000001320250001,2025-04-08,,영업/정상,,,,,,,12190,글로벌제이,I,000,2026-01-13 15:15:33,"경기도 남양주시 화도읍 경춘로****번길 *, ***동 ****호 (남양주월산사랑으로부영*단지)",정상,0000,01,,230251.046774283    ,461562.617399186    ,경기도 남양주시 화도읍 답내리 **** 남양주월산사랑으로부영*단지 ,2025-04-08 11:41:20
3990000,399000001320250002,2025-05-13,,영업/정상,,,,,,,12066,소영프로젝트,I,000,2026-01-13 15:15:33,"경기도 남양주시 진접읍 해밀예당*로 **-**, 리첸타워 ***c**호",정상,0000,01,,216493.07691914     ,467690.825592483    ,경기도 남양주시 진접읍 금곡리 ****-* 리첸타워 ,2025-05-13 16:29:53
3990000,399000001320250003,2025-05-13,,영업/정상,,,,,,,12066,위드제이(WITH J),I,000,2026-01-13 15:15:33,"경기도 남양주시 진접읍 해밀예당*로 **-**, 리첸타워 *** C**호",정상,0000,01,,216493.07691914     ,467690.825592483    ,경기도 남양주시 진접읍 금곡리 ****-* 리첸타워 ,2025-05-13 16:41:08
3990000,399000001320250004,2025-08-29,,영업/정상,,,,,49,,12105,엘에스컴퍼니영,I,000,2026-01-13 15:15:33,"경기도 남양주시 두물로**번길 **-*, ***호 (별내동)",정상,0000,01,0315232449,211281.40627773     ,461728.733105805    ,경기도 남양주시 별내동 ***-* ,2025-08-29 14:24:17
3990000,399000001320250005,2025-12-10,,영업/정상,,,,,51.93,,12065,우분투,I,000,2026-01-13 15:15:33,"경기도 남양주시 진접읍 해밀예당*로 **, ****동 ****호 (휴먼시아**단지아파트)",정상,0000,01,,217254.967512545    ,468178.394154268    ,경기도 남양주시 진접읍 금곡리 **** 휴먼시아**단지아파트 ,2025-12-10 10:04:07
3990000,399000001320260001,2026-01-15,,영업/정상,,,,,168.08,,12048,주식회사 아이앤지메딕스,I,L00,2026-01-16 21:02:19,"경기도 남양주시 오남읍 양지로**번길 **, 나동 *층",정상,0000,01,0315557887,217903.016072543    ,464815.835528498    ,경기도 남양주시 오남읍 오남리 ***-** ,2026-01-15 16:19:35
3990000,399000001320260002,2026-02-02,,영업/정상,,,,,59.98,,12248,두리인터내셔널,I,000,2026-02-03 21:02:18,"경기도 남양주시 다산중앙로**번길 **, ****동 ***호 (다산동, 다산 이편한세상자이)",정상,0000,01,07071060575,213380.754999447    ,457460.27366737     ,경기도 남양주시 다산동 **** 다산 이편한세상자이 ,2026-02-02 00:28:04
3990000,399000001320260003,2026-03-30,,영업/정상,,,,,10,,12219,트윈링크,I,000,2026-03-31 21:02:20,"경기도 남양주시 경춘로****번길 **, 리치플러스 *층 *호 (평내동)",정상,0000,01,029302442,221393.884080245    ,460915.917819003    ,경기도 남양주시 평내동 *** 리치플러스 ,2026-03-30 14:34:34
3990000,399000001320140001,2014-03-20,,영업/정상,,,,,168.77,,12275,씨제이 메디컬,I,000,2026-01-13 15:15:33,"경기도 남양주시 와부읍 덕소로 ***, A동 ***호 (도심지식산업센터)",정상,0000,01,0315218541,219535.861883941    ,453001.815615635    ,경기도 남양주시 와부읍 도곡리 ****-* 도심지식산업센터 A동 ***호,2014-03-20 17:46:58
3990000,399000001320160001,2016-07-13,,영업/정상,,,,,,,12066,VOK(비전오브코리아),I,000,2026-01-13 15:15:33,"경기도 남양주시 진접읍 해밀예당*로 **-**, 리첸타워 ***-C**호",정상,0000,01,07044154123,216493.07691914     ,467690.825592483    ,경기도 남양주시 진접읍 금곡리 ****-* 리첸타워 ,2025-05-16 16:09:58
3990000,399000001320160002,2016-07-13,,영업/정상,,,,,,,12038,(주)드림팩토리,I,000,2026-01-13 15:15:33,경기도 남양주시 오남읍 팔현로 ***-*,정상,0000,01,0315274912,220852.918366676    ,464928.50061903     ,경기도 남양주시 오남읍 팔현리 ***-** ,2025-02-14 15:51:43
3990000,399000001320160003,2016-12-01,,영업/정상,,,,,,,12179,삼미,I,000,2026-01-13 15:15:33,"경기도 남양주시 화도읍 경춘로 ****-*, *층",정상,0000,01,,226832.364609711    ,461041.475768782    ,경기도 남양주시 화도읍 창현리 ***-* *층 ,2016-12-01 11:18:03
3990000,399000001320170001,2017-05-16,,영업/정상,,,,,,,12231,주식회사 오스텍,I,000,2026-01-13 15:15:33,경기도 남양주시 사릉로**번길 ** (금곡동),정상,0000,01,024212617,218867.020524217    ,460062.589014562    ,경기도 남양주시 금곡동 ***-* ,2017-05-16 13:19:36
3990000,399000001320170002,2017-05-29,,영업/정상,,,,,29.25,,12136,효선,I,000,2026-01-13 15:15:33,"경기도 남양주시 진건읍 사릉로용정*길 *, ***호",정상,0000,01,,215871.805948671    ,461592.89412467     ,경기도 남양주시 진건읍 용정리 ***-* ***호,2017-05-29 14:38:25
3990000,399000001320170003,2017-05-29,,영업/정상,,,,,33,,12136,탑앤탑(TNT),I,000,2026-01-13 15:15:33,"경기도 남양주시 진건읍 사릉로용정*길 **, *층 *호",정상,0000,01,0315164137,215881.183431569    ,461660.612026316    ,경기도 남양주시 진건읍 용정리 *** *층 *호,2017-05-29 14:43:55
3990000,399000001320170004,2017-05-29,,영업/정상,,,,,99.86,,12128,(주)드림팩토리,I,L00,2026-01-13 15:15:33,"경기도 남양주시 진건읍 진건오남로 ***, *층",정상,0000,01,,216832.480620187    ,463459.804073337    ,경기도 남양주시 진건읍 용정리 ***-* *층 ,2018-05-03 15:09:42
3990000,399000001320170005,2017-09-11,,영업/정상,,,,,,,12139,모든장식,I,000,2026-01-13 15:15:33,"경기도 남양주시 진건읍 진관로***번길 **-**, *층",정상,0000,01,,214189.143419069    ,460245.119502453    ,경기도 남양주시 진건읍 진관리 ***-* *층 ,2017-09-11 16:03:37
3990000,399000001320180001,2018-03-16,,영업/정상,,,,,,,12113,(주)세일메드,I,L00,2026-01-13 15:15:33,경기도 남양주시 별내중앙로 ** (별내동),정상,0000,01,0318764644,211047.581577928    ,460377.706809703    ,경기도 남양주시 별내동 ****-* ,2018-03-17 17:39:42
3990000,399000001320180002,2018-05-23,,영업/정상,,,,,249.6,,12090,소망상사,I,000,2026-01-13 15:15:33,경기도 남양주시 별내면 송산로***번길 *,정상,0000,01,,210932.939507907    ,466359.570368453    ,경기도 남양주시 별내면 광전리 ***-* ,2018-05-23 18:46:35
3990000,399000001320180003,2018-05-23,,영업/정상,,,,,495.66,,12076,초코인터내셔널 주식회사,I,L00,2026-01-13 15:15:33,경기도 남양주시 별내면 용암비루개길 ***,정상,0000,01,0315290842,211726.26538372     ,470220.896055801    ,경기도 남양주시 별내면 용암리 **-* ,2021-01-27 13:34:24
3990000,399000001320180004,2018-10-30,,영업/정상,,,,,,,12007,안녕펫,I,000,2026-01-13 15:15:33,"경기도 남양주시 진접읍 봉현로 **-*, 명화빌딩 ***호",정상,0000,01,,215537.328396843    ,468526.277612991    ,경기도 남양주시 진접읍 장현리 ***-* 명화빌딩 ***호 ,2018-10-30 17:44:56
3990000,399000001320190001,2019-01-02,,영업/정상,,,,,,,12179,푸드독,I,000,2026-01-13 15:15:33,"경기도 남양주시 화도읍 마석중앙로 **, *층 ***호",정상,0000,01,0315122135,226809.232872107    ,461179.627662345    ,경기도 남양주시 화도읍 창현리 ***-** ,2019-01-02 09:54:00
3990000,399000001320200001,2020-02-26,,영업/정상,,,,,33,,12039,펫클럽 오남점,I,000,2026-01-13 15:15:33,"경기도 남양주시 오남읍 진건오남로 ***, B동 *호",정상,0000,01,0315162888,218722.277730726    ,465237.938205284    ,경기도 남양주시 오남읍 오남리 *** ,2020-02-26 16:30:19
3990000,399000001320200002,2020-02-26,,영업/정상,,,,,3.3,,12248,고앤구(KO&KU),I,000,2026-01-13 15:15:33,"경기도 남양주시 다산중앙로***번길 **, 신해센트럴타워Ⅱ ***동 **호 (다산동)",정상,0000,01,,213243.423019049    ,458126.562883049    ,경기도 남양주시 다산동 ****-* 신해센트럴타워Ⅱ ***동 **호,2020-11-18 09:24:28
3990000,399000001320200005,2020-03-12,,영업/정상,,,,,95.8,,12049,다은컴퍼니,I,000,2026-01-13 15:15:33,"경기도 남양주시 오남읍 진건오남로***번길 **, 삼왕하이츠 ***동 ***호",정상,0000,01,,218491.641403919    ,465017.273130396    ,경기도 남양주시 오남읍 오남리 ***-* ,2020-03-12 16:38:45
3990000,399000001320200006,2020-03-27,,영업/정상,,,,,59.53,,12229,케이에이치컴퍼니,I,000,2026-01-13 15:15:33,"경기도 남양주시 평내로 **, ****동 ***호 (평내동, 평내마을주공아파트)",정상,0000,01,,220494.018068361    ,459822.811346289    ,경기도 남양주시 평내동 *** 평내마을주공아파트 ,2020-03-27 11:31:46
3990000,399000001320200007,2020-03-27,,영업/정상,,,,,84.94,,12134,베스트이에스(ES),I,000,2026-01-13 15:15:33,"경기도 남양주시 진건읍 진건오남로**번길 **, ***동 ****호 (한신그린아파트)",정상,0000,01,,215791.795386177    ,461814.103723247    ,경기도 남양주시 진건읍 용정리 ***-* 한신그린아파트 ,2020-03-27 11:56:24
3990000,399000001320200009,2020-04-01,,영업/정상,,,,,64,,12280,주주상사,I,000,2026-01-13 15:15:33,경기도 남양주시 조안면 북한강로***번길 **-*,정상,0000,01,,228032.975479536    ,451553.54479301     ,경기도 남양주시 조안면 송촌리 *** ,2020-04-01 15:42:52
3990000,399000001320200010,2020-05-12,,영업/정상,,,,,25.16,,12113,(주)더블유써지텍,I,L00,2026-01-13 15:15:33,"경기도 남양주시 별내중앙로 **, 이레타워 **층 ****호 (별내동)",정상,0000,01,0220883604,211072.098602199    ,460349.607768839    ,경기도 남양주시 별내동 ****-* ,2023-05-31 11:34:32
3990000,399000001320200015,2020-10-06,,영업/정상,,,,,3.3,,12248,하윤스토리,I,000,2026-01-13 15:15:33,"경기도 남양주시 다산중앙로***번길 **, 신해센트럴타워Ⅱ *층 ***-**호 (다산동)",정상,0000,01,,213243.423019049    ,458126.562883049    ,경기도 남양주시 다산동 ****-* 신해센트럴타워Ⅱ ***동 **호,2020-10-06 14:23:14
3990000,399000001320200016,2020-12-30,,영업/정상,,,,,581.68,,12139,주식회사 오션,I,L00,2026-01-13 15:15:33,경기도 남양주시 진건읍 양진로 ***-*,정상,0000,01,0315248977,215090.593085471    ,461261.407675012    ,경기도 남양주시 진건읍 진관리 ** ,2020-12-30 10:28:13
3990000,399000001320200017,2020-12-30,,영업/정상,,,,,196.2,,12140,티제이엔(TJN),I,000,2026-01-13 15:15:33,경기도 남양주시 진건읍 사릉로***번길 *,정상,0000,01,,216673.793439668    ,460924.489873598    ,경기도 남양주시 진건읍 사능리 ***-** ,2020-12-30 13:27:36
3990000,399000001320210001,2021-01-16,,영업/정상,,,,,95.36,,12149,너와펫(PET),I,000,2026-01-13 15:15:33,"경기도 남양주시 호평로 **, 상가동 ***,***호 (호평동, 호평 두산위브파크)",정상,0000,01,07042348673,221377.152109608    ,461571.455288391    ,경기도 남양주시 호평동 *** 호평 두산위브파크 상가동 ***호,2021-01-16 11:24:48
3990000,399000001320210002,2021-01-29,,영업/정상,,,,,48.01,,12158,이지스,I,000,2026-01-13 15:15:33,경기도 남양주시 화도읍 비룡로***번길 **-**,정상,0000,01,,226164.209558274    ,462497.371929962    ,경기도 남양주시 화도읍 묵현리 ***-* ,2021-01-29 09:52:25
3990000,399000001320210003,2021-03-05,,영업/정상,,,,,84,,12284,도담,I,000,2026-01-13 15:15:33,"경기도 남양주시 다산지금로***번길 **, ****층 ***호 (다산동, 반도유보라메이플타운*.*)",정상,0000,01,,214866.928122664    ,455160.252055961    ,경기도 남양주시 다산동 **** 반도유보라메이플타운*.* ****동 ***호,2021-03-05 09:45:28
3990000,399000001320210004,2021-04-29,,영업/정상,,,,,392,,12021,(주)대성메디케어,I,L00,2026-01-13 15:15:33,"경기도 남양주시 진접읍 진벌로 **-**, 나동 *층",정상,0000,01,0315297378,218712.576455542    ,471277.301593631    ,경기도 남양주시 진접읍 진벌리 ***-* 나동 ,2021-04-29 16:05:55
3990000,399000001320210005,2021-04-30,,영업/정상,,,,,184,,12033,주식회사 페디슨(PETEDISON inc.),I,L00,2026-01-13 15:15:33,"경기도 남양주시 화도읍 비룡로 ***-*, 다동",정상,0000,01,0315951318,227596.304421998    ,465165.389937839    ,경기도 남양주시 화도읍 가곡리 **-** ,2021-10-01 17:58:57
3990000,399000001320210006,2021-06-09,,영업/정상,,,,,4.43,,12258,애드봉,I,000,2026-01-13 15:15:33,"경기도 남양주시 경춘로 ***, 백석빌딩 *층 ***호 (다산동)",정상,0000,01,,214442.464981149    ,456327.933097962    ,경기도 남양주시 다산동 ****-* 백석빌딩 *층 ***호,2023-03-27 17:31:27
3990000,399000001320210007,2021-06-30,,영업/정상,,,,,3.3,,12248,세렌디피티,I,000,2026-01-13 15:15:33,"경기도 남양주시 다산중앙로***번길 **, 신해센트럴타워Ⅱ *층 ***-**호 (다산동)",정상,0000,01,,213243.423019049    ,458126.562883049    ,경기도 남양주시 다산동 ****-* 신해센트럴타워Ⅱ ,2022-04-20 09:24:29
3990000,399000001320210009,2021-08-12,,영업/정상,,,,,198,,12188,주식회사 온힐펫,I,L00,2026-01-13 15:15:33,경기도 남양주시 화도읍 경춘로****번길 **,정상,0000,01,0315948887,230357.288462912    ,462330.312633015    ,경기도 남양주시 화도읍 답내리 ***-* ,2023-01-17 09:08:57
4000000,400000001320210001,2021-09-08,,폐업,2025-12-31,,,,,,18112,펫클럽 오산점,I,L00,2026-03-26 22:37:42,"경기도 오산시 경기대로 ***, 창경빌딩 *층 (내삼미동)",폐업,0002,03,07046752258,204524.717150189    ,408784.553088644    ,경기도 오산시 내삼미동 ***-* ,2025-12-03 13:36:39
4000000,400000001320180001,2018-11-16,,영업/정상,,,,,,,18114,(주)오에스팜,I,000,2026-03-26 22:37:42,"경기도 오산시 내삼미로**번길 **, 광장프라자 *층 ***호 (수청동)",정상,0000,01,0313781228,205647.234260691    ,407516.829454405    ,경기도 군포시 당동 ***-* 광장프라자 ***호,2024-03-26 11:27:19
4000000,400000001320190001,2019-05-08,,영업/정상,,,,,240.68,,18102,드림팜,I,000,2026-03-26 22:37:42,경기도 오산시 독산성로***번길 *-** (세교동),정상,0000,01,0313736774,203079.54720361     ,409098.559777331    ,인천광역시 중구 운남동 ***-** ,2021-11-24 15:39:23
4000000,400000001320230003,2023-10-13,,영업/정상,,,,,,,18105,티에스케이 인터내셔널 주식회사,I,L00,2026-03-26 22:37:42,"경기도 오산시 독산성로 ***, 더 퍼스트타워 세교 ***호 (세교동)",정상,0000,01,0313743101,203607.85614162     ,409662.435435656    ,경기도 오산시 세교동 ***-* ***호,2023-10-13 16:36:22
4000000,400000001320200002,2020-04-03,,영업/정상,,,,,,,18102,주식회사 스마일팜,I,L00,2026-03-26 22:37:42,"경기도 오산시 독산성로***번길 *-**, *층 (세교동)",정상,0000,01,0312352271,203079.54720361     ,409098.559777331    ,경기도 오산시 세교동 ***-** ,2021-10-26 17:13:26
4000000,400000001320220001,2022-05-19,,영업/정상,,,,,,,18118,홈플러스 오산점,I,L00,2026-03-26 22:37:42,"경기도 오산시 청학로 ***, 홈플러스 (수청동)",정상,0000,01,03180778920,205417.553946702    ,407590.511508128    ,경기도 오산시 수청동 *** 홈플러스 ,2024-02-25 14:09:02
4000000,400000001320230001,2023-01-30,,영업/정상,,,,,,,18126,㈜대웅펫,I,L00,2026-03-26 22:37:42,"경기도 오산시 황새로 ***, 드림포워드 물류센터 *층 (누읍동)",정상,0000,01,,205163.127488142    ,403879.857788064    ,경기도 오산시 누읍동 *** ,2023-01-30 11:05:39
4000000,400000001320200001,2020-02-24,,영업/정상,,,,,,,18102,에스엠피동물약품주식회사,I,000,2026-03-26 22:37:42,"경기도 오산시 독산성로***번길 *-**, *동 *층 (세교동)",정상,0000,01,0312962272,203079.54720361     ,409098.559777331    ,경기도 오산시 세교동 ***-** ,2020-02-24 14:20:54
4010000,401000001320230001,2023-07-20,,폐업,2025-12-15,,,,496.2,,15010,(주)이마트에브리데이 배곧점,I,L00,2026-03-26 22:37:52,"경기도 시흥시 배곧*로 **-**, ***~***호 (배곧동)",폐업,0002,03,,175737.739505791    ,430574.649620404    ,경기도 안양시 동안구 비산동 *** ,2025-12-19 16:21:49
4010000,401000001320250001,2025-03-31,,영업/정상,,,,,,,14985,세화,I,000,2026-03-26 22:37:52,"경기도 시흥시 목감우회로 **, 동한메티컬프라자 ***호 (목감동)",정상,0000,01,,187687.029845383    ,431135.269873078    ,경기도 시흥시 목감동 *** 동한메티컬프라자 ,2025-03-31 07:32:30
4010000,401000001320250003,2025-04-16,,영업/정상,,,,,,,15025,나라유통,I,000,2026-03-26 22:37:52,"경기도 시흥시 역전로***번길 **-**, 서해빌딩 ***호 (정왕동)",정상,0000,01,,176749.085301429    ,427826.922253181    ,경기도 시흥시 정왕동 ****-** 서해빌딩 ,2025-04-16 20:12:37
4010000,401000001320250004,2025-12-03,,영업/정상,,,,,106.53,,14981,금호코리아,I,000,2026-03-26 22:37:52,경기도 시흥시 금화로***번길 **-* (금이동),정상,0000,01,0313136849,185746.264471652    ,432145.619966623    ,경기도 시흥시 금이동 ***-* ,2025-12-03 14:37:48
4010000,401000001320260001,2026-01-23,,영업/정상,,,,,31.59,,15036,주식회사 씨엠지제약,I,L00,2026-03-26 22:37:52,"경기도 시흥시 서촌상가*길 **, 명동프라자 ***호 (정왕동)",정상,0000,01,0318817606,176225.242783663    ,427092.779232033    ,경기도 시흥시 정왕동 ****-** 명동프라자 ,2026-01-23 09:52:43
4010000,401000001320190001,2019-06-18,,폐업,2023-06-16,,,,45.6,,15011,KGEN(케이젠),I,000,2026-03-26 22:37:52,"경기도 시흥시 서울대학로***번길 **, 시흥배곧 아브뉴프랑 센트럴 그린 ***호 (배곧동)",폐업,0002,03,,175872.874118702    ,429554.239955081    ,경기도 시흥시 배곧동 *** 시흥배곧 아브뉴프랑 센트럴 그린 ,2023-06-16 13:19:33
4010000,401000001320220001,2022-05-19,,폐업,2023-07-14,,,,,,15010,이마트에브리데이 시흥배곧점,I,L00,2026-03-26 22:37:52,경기도 시흥시 배곧*로 **-**(배곧동),폐업,0002,03,0313653996,175737.739505791    ,430574.649620404    ,경기도 시흥시 배곧동 *** ,2023-07-17 13:22:37
4010000,401000001320220003,2022-05-20,,폐업,2023-12-07,,,,,,14998,이마트에브리데이 장현점,I,L00,2026-03-26 22:37:52,경기도 시흥시 새재로**번길 *(장현동),폐업,0002,03,,182375.541509944    ,431014.404037311    ,경기도 시흥시 장현동 ***-* ,2023-12-08 09:25:13
4010000,401000001320090001,2009-11-03,,영업/정상,,,,,38.81,,14944,인스메디(In's Medi),I,000,2026-03-26 22:37:52,"경기도 시흥시 미산로***번길 **, ***호 (미산동, 해가든더클래식 아파트)",정상,0000,01,,181697.961888351    ,435352.010435013    ,경기도 시흥시 미산동 ***-** 해가든더클래식 아파트 ,2025-12-03 15:19:40
4010000,401000001320180001,2018-06-21,,영업/정상,,,,,34.45,,15025,씨앤와이인터내셔널,I,000,2026-03-26 22:37:52,"경기도 시흥시 역전로 ***, 우정빌딩 ***호 (정왕동)",정상,0000,01,,176712.415525032    ,427893.727047205    ,경기도 시흥시 정왕동 ****-** 우정빌딩 ***호,2018-06-21 09:15:03
4010000,401000001320200001,2020-07-14,,폐업,2026-04-15,,,,,,14912,가나안 테크,U,000,2026-04-16 03:03:03,"경기도 시흥시 비둘기공원*길 **, 대명프라자 ***동 *층 *호 (대야동)",폐업,0002,03,,181513.941234036    ,437742.733728866    ,경기도 시흥시 대야동 ***-* 대명프라자 ,2026-04-15 17:26:28
4010000,401000001320200002,2020-10-06,,영업/정상,,,,,7.2,,15117,제이피아이헬스케어,I,L00,2026-03-26 22:37:52,"경기도 시흥시 엠티브이북로 ***, 바동 *층 (정왕동)",정상,0000,01,0314888232,174186.241314897    ,423772.041463944    ,경기도 시흥시 정왕동 ****-* ,2021-04-06 13:48:23
4010000,401000001320210001,2021-12-28,,폐업,2026-03-28,,,,320,,14957,강냥이,U,000,2026-04-11 03:03:03,"경기도 시흥시 다지골길 **-*, 가동 (방산동)",폐업,0002,03,,179225.145579699    ,434951.67891952     ,경기도 시흥시 방산동 *** ,2026-04-10 17:02:40
4010000,401000001320220002,2022-05-20,,영업/정상,,,,,,,15081,홈플러스 시화점,I,L00,2026-03-26 22:37:52,"경기도 시흥시 희망공원로 ***, 홈플러스시화점 (정왕동)",정상,0000,01,0313108023,175571.408649221    ,427063.061719326    ,서울특별시 강서구 등촌동 ****-* 홈플러스시화점 ,2024-02-23 13:09:30
4010000,401000001320220004,2022-08-30,,영업/정상,,,,,80,,15011,(주)케이젠바이오,I,L00,2026-03-26 22:37:52,"경기도 시흥시 서울대학로***번길 **, 서영베니스스퀘어 ***호 (배곧동)",정상,0000,01,,176072.60072494     ,429602.843996773    ,경기도 시흥시 배곧동 *** 서영베니스스퀘어 ,2023-08-04 09:05:30
4010000,401000001320220005,2022-10-06,,영업/정상,,,,,205.46,,15020,스마트 서점,I,000,2026-03-26 22:37:52,"경기도 시흥시 정왕신길로**번길 **, 동곡빌딩 지하 *층 (정왕동)",정상,0000,01,0313198855,176019.613883794    ,428984.183817903    ,경기도 시흥시 정왕동 ****-** 동곡빌딩 ,2022-10-06 17:57:21
4010000,401000001320240001,2024-02-20,,영업/정상,,,,,30,,15058,이지솔루션,I,000,2026-03-26 22:37:52,"경기도 시흥시 정왕천로 ***-*, ***호 (정왕동)",정상,0000,01,,177776.52879165     ,426757.211375079    ,경기도 시흥시 정왕동 **** ,2024-02-20 17:48:23
4010000,401000001320240002,2024-04-05,,영업/정상,,,,,,,15042,서주사이언티픽 주식회사,I,L00,2026-03-26 22:37:52,경기도 시흥시 봉화로***번길 ** (정왕동),정상,0000,01,,178568.634939756    ,429232.179659236    ,경기도 시흥시 정왕동 ***-* ,2024-04-05 17:25:00
4010000,401000001320240003,2024-05-08,,영업/정상,,,,,,,15121,펫25,I,000,2026-03-26 22:37:52,"경기도 시흥시 장현능곡로 ***, 시흥 플랑드르 a동 *층 ****호 (능곡동)",정상,0000,01,,182864.742763587    ,429902.071373508    ,경기도 시흥시 능곡동 *** 시흥 플랑드르 ,2024-05-08 17:49:30
4010000,401000001320240004,2024-07-03,,영업/정상,,,,,38.37,,15119,제이엠메디웍스(주),I,L00,2026-03-26 22:37:52,"경기도 시흥시 거북섬공원로 **, ***호 (정왕동)",정상,0000,01,,171792.610149209    ,425043.403291458    ,경기도 시흥시 정왕동 **** ,2024-07-03 14:48:06
4010000,401000001320240005,2024-07-11,,영업/정상,,,,,297,,14955,(주)디와이에스엠,I,L00,2026-03-26 22:37:52,경기도 시흥시 방골길 ** (방산동),정상,0000,01,,179722.915828945    ,435394.012319259    ,경기도 시흥시 방산동 *** ,2024-07-11 15:56:24
4010000,401000001320250002,2025-03-31,,영업/정상,,,,,,,14985,리네,I,000,2026-03-26 22:37:52,경기도 시흥시 배미골길 **-** (목감동),정상,0000,01,,187908.775679587    ,431212.417641927    ,경기도 시흥시 목감동 ***-* ,2025-03-31 07:39:27
4020000,402000001320260001,2026-05-13,,영업/정상,,,,,,,15843,주식회사 쎌인터,I,000,2026-05-14 21:02:20,"경기도 군포시 엘에스로 **, 신일IT유토지식산업센터 에스-***, ***호 (당정동)",정상,0000,01,,196072.987266811    ,429291.306360891    ,경기도 군포시 당정동 *-* 신일IT유토지식산업센터 ***호,2026-05-13 09:36:03
4020000,402000001320220004,2022-06-09,,폐업,2023-11-23,,,,1764.01,,15888,(주)이마트에브리데이 군포대야미점,I,L00,2025-12-15 16:15:28,"경기도 군포시 대야*로 *, ***호 (대야미동)",폐업,0002,03,,192706.577629551    ,424955.452699996    ,경기도 군포시 대야미동 ***-* ,2023-11-23 15:25:57
4020000,402000001320200002,2020-05-12,,영업/정상,,,,,18.48,,15865,킴스헬스케어,I,000,2025-12-15 16:15:28,"경기도 군포시 번영로 ***, 금화프라자 ***호 (산본동)",정상,0000,01,,193931.175017934    ,428474.992586875    ,경기도 군포시 산본동 ****-* 금화프라자 ,2020-05-13 14:56:02
4020000,402000001320200003,2020-05-20,,영업/정상,,,,,60,,15865,태린메디칼주식회사,I,000,2025-12-15 16:15:28,"경기도 군포시 번영로 ***, 금화프라자 ***호 (산본동)",정상,0000,01,0313470888,193931.175017934    ,428474.992586875    ,경기도 군포시 산본동 ****-* 금화프라자 ***호,2020-12-09 11:27:04
4020000,402000001320200004,2021-06-28,,영업/정상,,,,,,,15807,아이메디컴(주),I,000,2025-12-15 16:15:28,"경기도 군포시 엘에스로 ***, 한림휴먼타워 ***-***호 (금정동)",정상,0000,01,0314791156,195021.038632547    ,430391.422991239    ,경기도 군포시 금정동 *-** 한림휴먼타워 ,2021-06-30 10:00:37
4020000,402000001320210001,2021-06-02,,영업/정상,,,,,,,15888,의식주닷컴,I,000,2025-12-15 16:15:28,"경기도 군포시 대야*로 *, ***호 (대야미동)",정상,0000,01,,192706.577629551    ,424955.452699996    ,경기도 군포시 대야미동 ***-* ,2025-01-22 16:39:44
4020000,402000001320220001,2022-03-06,,영업/정상,,,,,,,15875,뉴바이오젠,I,000,2025-12-15 16:15:28,"경기도 군포시 용호*로 **, 무광프라자 ***동 ***호 (당동)",정상,0000,01,07075659095,194960.096676683    ,427061.455744305    ,경기도 군포시 당동 ***-* 무광프라자 ,2022-03-08 08:49:49
4020000,402000001320220005,2022-09-26,,영업/정상,,,,,,,15853,미앤드유,I,000,2025-12-15 16:15:28,"경기도 군포시 한세로**번길 **, ***동 ***호 (당정동, 거성에이플아파트)",정상,0000,01,,196185.247825856    ,427329.78081607     ,경기도 군포시 당정동 ***-* 거성에이플아파트 ,2022-09-26 10:01:09
4020000,402000001320230001,2023-02-22,,영업/정상,,,,,,,15856,에이알코리아,I,000,2025-12-15 16:15:28,"경기도 군포시 군포로***번길 **, ***호 (당동)",정상,0000,01,,195171.16064556     ,427268.937084919    ,경기도 군포시 당동 ***-* ,2023-02-23 10:59:44
4020000,402000001320230002,2023-06-27,,영업/정상,,,,,,,15809,메디벳 주식회사,I,L00,2025-12-15 16:15:28,"경기도 군포시 흥안대로**번길 **, *층 (금정동)",정상,0000,01,,195245.89723511     ,429654.616627285    ,경기도 군포시 금정동 ***-* ,2024-02-22 11:00:25
4020000,402000001320240001,2024-07-23,,영업/정상,,,,,,,15809,우리가치상사,I,000,2025-12-15 16:15:28,"경기도 군포시 공단로 ***, 한림벤쳐타운 ***-*호 (금정동)",정상,0000,01,,195121.230067434    ,429733.016437606    ,경기도 군포시 금정동 ***-* 한림벤쳐타운 ,2024-07-23 16:39:09
4020000,402000001320250001,2025-03-31,,영업/정상,,,,,,,15865,피엔케이메디칼 주식회사,I,000,2025-12-15 16:15:28,"경기도 군포시 산본로***번길 *, 금성프라자빌딩 ***호 (산본동)",정상,0000,01,07075669896,194010.019228166    ,428586.489083007    ,경기도 군포시 산본동 **** 금성프라자빌딩 ***호,2025-03-31 16:55:55
4020000,402000001320250002,2025-04-16,,영업/정상,,,,,,,15809,(주)한스피엠아이,I,000,2026-01-13 21:02:20,"경기도 군포시 공단로 ***, 우림빌딩 ***동 ****호 (금정동)",정상,0000,01,0313463092,195037.329564845    ,429883.209048484    ,경기도 군포시 금정동 ***-** 우림빌딩 ***동 ****호,2026-01-12 13:38:34
4020000,402000001320250003,2025-04-16,,영업/정상,,,,,,,15862,(주)한스메디칼,I,000,2025-12-15 16:15:28,"경기도 군포시 번영로 ***, 산본역사상가 ***호 (금정동)",정상,0000,01,0313463093,194031.265459022    ,428398.019922306    ,경기도 군포시 금정동 ***-* 산본역사상가 ***호,2025-04-16 15:33:47
4020000,402000001320250004,2025-05-23,,영업/정상,,,,,,,15827,영젠,I,000,2025-12-15 16:15:28,"경기도 군포시 금산로 **, 전기공사공제조합 경기중부사옥 *층 ***호 (금정동)",정상,0000,01,07075659095,194656.001110915    ,429057.648135888    ,경기도 군포시 금정동 ***-* 전기공사공제조합 경기중부사옥 ,2025-05-23 15:34:40
4020000,402000001320210002,2021-09-29,,폐업,2023-11-14,,,,,,15865,박준서,I,000,2025-12-15 16:15:28,"경기도 군포시 산본로***번길 **-**, 우정빌딩 *층 (산본동)",폐업,0002,03,,193806.224933231    ,428625.247557726    ,경기도 군포시 산본동 **** 우정빌딩 ,2023-11-14 13:48:08
4020000,402000001320220002,2022-05-16,,폐업,2023-12-12,,,,4038925,,15855,(주)이마트에브리데이당동점,I,L00,2025-12-15 16:15:28,경기도 군포시 군포로 ***(당동),폐업,0002,03,0314515200,195068.379230476    ,427673.238824229    ,경기도 군포시 당동 ***-* ,2023-12-12 11:04:40
4020000,402000001320220003,2022-05-19,,폐업,2023-10-06,,,,395.6,,15871,(주)이마트에브리데이용호점,I,L00,2025-12-15 16:15:28,"경기도 군포시 용호*로 **, *층 (당동)",폐업,0002,03,0313616070,194483.06165026     ,427000.44916979     ,경기도 군포시 당동 ***-* ,2023-10-06 09:18:41
4020000,402000001320200001,2020-04-10,,영업/정상,,,,,,,15847,(주)아이디에프,I,000,2025-12-15 16:15:28,"경기도 군포시 공단로***번길 **, ***,***,***,***호 (당정동)",정상,0000,01,0314510993,195913.336704189    ,428323.473344871    ,경기도 군포시 당정동 ***-** ,2020-04-10 17:41:43
4030000,403000001320160001,2016-05-12,,폐업,2025-10-31,,,,120.33,,16006,(주) 자연바이오,I,000,2026-03-26 22:35:41,"경기도 의왕시 이미로 **, D동 *층 ***호 (포일동, 인덕원IT밸리)",폐업,0002,03,0312923041,199121.920450955    ,433212.828910976    ,,2025-11-04 11:36:08
4030000,403000001320220003,2022-05-25,,폐업,2025-02-06,,,,,,16045,차가운탁구공,I,000,2026-03-26 22:35:41,"경기도 의왕시 모락로 **-**, ***동 ***호 (오전동, 해모로)",폐업,0002,03,,196955.158131976    ,429121.200157777    ,경기도 의왕시 오전동 **-* 해모로 ,2025-02-06 13:02:58
4030000,403000001320180001,2018-04-25,,영업/정상,,,,,,,16006,(주)칼시스,I,000,2026-03-26 22:35:41,"경기도 의왕시 이미로 **, 인덕원IT밸리 C동 ***호 (포일동)",정상,0000,01,0315539913,199121.920450955    ,433212.828910976    ,경기도 의왕시 포일동 *** 인덕원IT밸리 ,2019-10-28 11:53:23
4030000,403000001320180002,2018-05-21,,영업/정상,,,,,,,16023,(주)케이세이프티,I,L00,2026-03-26 22:35:41,"경기도 의왕시 포일로 **, 삼성래미안아파트 상가 ***호 (내손동)",정상,0000,01,07082747482,197808.904148248    ,431957.886936956    ,경기도 의왕시 내손동 *** 삼성래미안아파트 상가 ,2019-04-20 14:47:27
4030000,403000001320190001,2019-11-05,,영업/정상,,,,,,,16006,(주)프로챌코리아,I,000,2026-03-26 22:35:41,"경기도 의왕시 이미로 **, 인덕원IT밸리 A동 ***호 (포일동)",정상,0000,01,,199121.920450955    ,433212.828910976    ,경기도 의왕시 포일동 *** 인덕원IT밸리 ,2019-11-05 14:35:05
4030000,403000001320240003,2024-10-28,,영업/정상,,,,,,,16073,(주)옥산,I,000,2026-03-26 22:35:42,"경기도 의왕시 오전공업길 **, *층 (고천동)",정상,0000,01,0314255225,196707.178837045    ,428026.388401437    ,경기도 의왕시 고천동 ***-* ,2024-10-28 09:57:53
4030000,403000001320220001,2022-03-14,,영업/정상,,,,,,,16006,대림테크,I,000,2026-03-26 22:35:41,"경기도 의왕시 성고개로 **, 에이스청계타워 A동 ***호 (포일동)",정상,0000,01,03151777277,198818.047343262    ,432828.405523573    ,경기도 의왕시 포일동 ***-* 에이스청계타워 ,2022-03-14 15:23:58
4030000,403000001320220002,2022-03-30,,영업/정상,,,,,,,16003,메이비포유,I,000,2026-03-26 22:35:41,"경기도 의왕시 포일세거리로 **, ***동 ***호 (포일동, 인덕원 숲속마을 *단지)",정상,0000,01,,198668.638591079    ,433540.365201775    ,경기도 의왕시 포일동 *** 인덕원 숲속마을 *단지 ,2022-03-30 10:05:40
4030000,403000001320230001,2023-10-04,,영업/정상,,,,,0,,16108,랜드바이오,I,000,2026-03-26 22:35:41,"경기도 의왕시 윗새우대북길 **, ***호 (초평동)",정상,0000,01,,194632.691986967    ,423761.594735222    ,경기도 의왕시 초평동 ***-* ***호,2023-10-04 18:03:46
4030000,403000001320240001,2024-07-23,,영업/정상,,,,,,,16072,젠바이오,I,000,2026-03-26 22:35:42,"경기도 의왕시 오전공업길 **, 벽산선영테크노피아 ***-*호 (오전동)",정상,0000,01,0314274011,196999.47246053     ,428172.288837557    ,경기도 의왕시 오전동 ***-* 벽산선영테크노피아 ,2024-07-23 17:37:05
4030000,403000001320240002,2024-07-25,,영업/정상,,,,,,,16024,글로리,I,000,2026-03-26 22:35:42,"경기도 의왕시 내손중앙로 *, ***호 (내손동)",정상,0000,01,,197883.320814488    ,431892.96613804     ,경기도 의왕시 내손동 ***-* ,2024-07-25 13:41:05
4030000,403000001320200001,2020-04-14,,영업/정상,,,,,,,16006,(주)제니스바이오케미칼,I,000,2026-03-26 22:35:41,"경기도 의왕시 이미로 **, 인덕원IT밸리 D동 *층 ***호 (포일동)",정상,0000,01,025020995,199121.920450955    ,433212.828910976    ,경기도 의왕시 포일동 *** 인덕원IT밸리 ,2020-04-17 13:51:19
4040000,404000001320220009,2022-10-13,,영업/정상,,,,,,,13012,주식회사 더파트너스,I,000,2026-03-26 22:34:35,"경기도 하남시 위례대로 ***, 위례 지웰푸르지오 ***동 *층 ***호 (학암동)",정상,0000,01,,213134.726350377    ,442146.672049158    ,"경기도 하남시 학암동 *** 위례 지웰푸르지오, ***동 ***호",2022-10-13 10:20:04
4040000,404000001320200001,2020-01-08,,영업/정상,,,,,94.19,,12927,바이오 베이직,I,000,2026-03-26 22:34:34,"경기도 하남시 덕풍동로 ***-**, 리치플러스 하남센터 *층 ***-*호 (덕풍동)",정상,0000,01,03180273845,218304.542267737    ,449927.258322123    ,경기도 하남시 덕풍동 ***-* 리치플러스 하남센터 ,2020-01-08 16:26:46
4040000,404000001320230002,2023-03-22,,영업/정상,,,,,,,13000,폴리파크하남감일점,I,000,2026-03-26 22:34:35,"경기도 하남시 신우실로 **, 상가동 ***,***호 (감일동, 감일 금강펜테리움 센트럴파크)",정상,0000,01,024820021,213859.194207524    ,445519.337595239    ,경기도 하남시 감일동 *** 감일 금강펜테리움 센트럴파크 ,2023-03-22 16:33:36
4040000,404000001320230003,2023-05-02,,영업/정상,,,,,37.8,,12902,보나테크,I,000,2026-03-26 22:34:35,"경기도 하남시 미사강변한강로 ***, 현대클러스터 한강미사*차 *층 비에이**-****호 (망월동)",정상,0000,01,,217048.285804714    ,452536.634089556    ,경기도 하남시 망월동 *** 현대클러스터 한강미사*차 비에이**호,2023-05-02 18:18:28
4040000,404000001320230004,2023-07-13,,영업/정상,,,,,,,12925,인솔(주),I,L00,2026-03-26 22:34:35,"경기도 하남시 미사대로 ***, 현대지식산업센터 한강미사*차(**BL) *층 DA**-***호 (덕풍동)",정상,0000,01,03180280686,217964.353815516    ,450753.941494285    ,경기도 하남시 덕풍동 ***-* 현대지식산업센터 한강미사*차(**BL) D동 **호,2023-07-13 10:09:16
4040000,404000001320230005,2023-10-30,,영업/정상,,,,,,,12913,(주)메이스카이,I,L00,2026-03-26 22:34:35,"경기도 하남시 미사강변동로 **, 힐스테이트 미사역 그랑파사쥬(**-*BL) ****동 ****호 (망월동)",정상,0000,01,,216873.670459282    ,451296.310681802    ,경기도 하남시 망월동 **** 힐스테이트 미사역 그랑파사쥬(**-*BL) ,2023-10-30 16:07:17
4040000,404000001320240001,2024-07-02,,영업/정상,,,,,,,12925,SH메디컬,I,000,2026-03-26 22:34:35,"경기도 하남시 미사대로 ***, 현대지식산업센터 한강미사*차(**BL) D동 **호 (덕풍동)",정상,0000,01,,217964.353815516    ,450753.941494285    ,경기도 하남시 덕풍동 ***-* 현대지식산업센터 한강미사*차(**BL) ,2024-07-02 09:13:20
4040000,404000001320240002,2024-10-24,,영업/정상,,,,,,,12912,주식회사 에어나인,I,L00,2026-03-26 22:34:35,"경기도 하남시 미사대로 ***, 미사강변 오벨리스크 ***호 (망월동)",정상,0000,01,,217344.753524462    ,451638.78739702     ,경기도 하남시 망월동 ****-* 미사강변 오벨리스크 ***호,2024-10-24 10:24:01
4040000,404000001320240003,2024-12-31,,영업/정상,,,,,,,12925,(주)대호이엠이,I,L00,2026-03-26 22:34:35,"경기도 하남시 미사대로 ***, 현대지식산업센터 한강미사*차(**BL) AC**동 ****호 (덕풍동)",정상,0000,01,029496166,218091.759753711    ,450614.564841249    ,경기도 하남시 덕풍동 *** 현대지식산업센터 한강미사*차(**BL) ,2024-12-31 16:28:36
4040000,404000001320250001,2025-01-20,,영업/정상,,,,,,,12999,유한회사 애니웰바이오사이언스,I,L00,2026-03-26 22:34:35,"경기도 하남시 감일백제로***번길 **, KJ프라자 ***호 (감이동)",정상,0000,01,,213661.985446262    ,445185.317381453    ,경기도 하남시 감이동 ***-* KJ프라자 ***호,2025-01-20 14:52:05
4040000,404000001320250002,2025-08-21,,영업/정상,,,,,,,12919,이든기업,I,000,2026-03-26 22:34:35,"경기도 하남시 미사강변대로**번길 ***, 미사타워 ***호 (풍산동)",정상,0000,01,,216570.389596381    ,450523.238579849    ,경기도 하남시 풍산동 *** 미사타워 ***호,2025-08-21 17:29:02
4040000,404000001320260001,2026-04-20,,영업/정상,,,,,,,12986,(주)우리엔,I,L00,2026-04-21 21:32:30,"경기도 하남시 초이로 ***, *층 (초이동)",정상,0000,01,03180156556,215117.584167225    ,448959.116362271    ,경기도 하남시 초이동 ***-* ,2026-04-20 09:57:14
4040000,404000001320220008,2022-10-04,,영업/정상,,,,,,,13014,인진사이언스,I,000,2026-03-26 22:34:35,"경기도 하남시 위례중앙로 ***, ****동 ****호 (학암동, 위례롯데캐슬)",정상,0000,01,024435526,213411.279815757    ,441441.59677554     ,경기도 하남시 학암동 *** 위례롯데캐슬 ****동 ****호,2022-10-04 10:42:20
4040000,404000001320200002,2020-01-22,,영업/정상,,,,,,,12957,사랑동물병원,I,000,2026-03-26 22:34:34,경기도 하남시 하남대로 *** (신장동),정상,0000,01,0317957524,218276.461456428    ,448764.598193697    ,경기도 하남시 신장동 ***-* ,2020-01-22 16:09:46
4040000,404000001320200004,2020-04-22,,영업/정상,,,,,,,12919,태정메디칼,I,000,2026-03-26 22:34:34,"경기도 하남시 미사강변대로 **, 미사강변블루 ***호 (풍산동)",정상,0000,01,,216411.250916018    ,450279.725232312    ,경기도 하남시 풍산동 *** 미사강변블루 ***호,2020-04-22 17:45:52
4040000,404000001320200006,2020-08-21,,영업/정상,,,,,,,12992,미래의료기,I,000,2026-03-26 22:34:34,경기도 하남시 동남로***번길 ** (감일동),정상,0000,01,024310285,212809.757547261    ,445452.663886714    ,경기도 하남시 감일동 ***-* ,2020-08-21 16:28:00
4040000,404000001320210001,2021-01-28,,영업/정상,,,,,,,12918,(주)위코퍼레이션,I,000,2026-03-26 22:34:34,"경기도 하남시 미사강변서로 **, 미사 테스타타워 지식산업센터 *층 **F**호 (풍산동)",정상,0000,01,,216038.566179914    ,450059.249204826    ,"경기도 하남시 풍산동 *** 미사 테스타타워 지식산업센터, *층 **F**호",2021-01-29 10:48:19
4040000,404000001320210002,2021-01-28,,영업/정상,,,,,,,12918,(주)에스엠바이오텍,I,000,2026-03-26 22:34:34,"경기도 하남시 조정대로 **, 미사 하우스디 엘타워 *층 에프***호 (풍산동)",정상,0000,01,,216135.746354406    ,449801.979905528    ,"경기도 하남시 풍산동 *** 미사 하우스디 엘타워, *층 F***호",2021-01-28 18:13:47
4040000,404000001320210003,2021-03-16,,영업/정상,,,,,,,12930,랩몰코리아,I,000,2026-03-26 22:34:34,"경기도 하남시 조정대로 ***, 아이테코 *층 R***호 (덕풍동)",정상,0000,01,,217137.519410187    ,450158.241480494    ,"경기도 하남시 덕풍동 *** 아이테코, *층 R***호",2021-11-08 17:56:53
4040000,404000001320210004,2021-03-22,,영업/정상,,,,,,,12913,펫인샵(PET IN SHOP),I,000,2026-03-26 22:34:34,"경기도 하남시 아리수로 ***, 효성해링턴타워더퍼스트 (망월동)",정상,0000,01,,216753.071849967    ,451631.467982946    ,경기도 하남시 망월동 **** 효성해링턴타워더퍼스트 ,2021-03-22 14:19:19
4040000,404000001320210005,2021-04-22,,영업/정상,,,,,,,12927,(주)베이직사이언스,I,L00,2026-03-26 22:34:34,"경기도 하남시 덕풍동로 ***-**, 리치플러스 하남센터 ***호 (덕풍동)",정상,0000,01,03180273840,218304.542267737    ,449927.258322123    ,경기도 하남시 덕풍동 ***-* 리치플러스 하남센터 ***호,2021-04-22 11:24:13
4040000,404000001320210006,2021-05-25,,영업/정상,,,,,,,12925,주식회사 호재,I,L00,2026-03-26 22:34:34,"경기도 하남시 미사대로 ***, 현대지식산업센터 한강미사*차 CA동 ***호 (덕풍동)",정상,0000,01,0222080888,217964.353815516    ,450753.941494285    ,경기도 하남시 덕풍동 ***-* 현대지식산업센터 한강미사*차 CA동 ***호,2021-11-16 15:09:39
4040000,404000001320210007,2021-07-07,,영업/정상,,,,,,,12962,강아지보호댕,I,000,2026-03-26 22:34:34,"경기도 하남시 신장로**번길 *-**, 지층 (천현동)",정상,0000,01,,218723.23486618     ,448103.454487261    ,경기도 하남시 천현동 ***-* 지하*층 ,2021-07-13 16:54:31
4040000,404000001320210008,2021-08-05,,영업/정상,,,,,,,12918,시월,I,000,2026-03-26 22:34:34,"경기도 하남시 미사강변서로 **, 미사 테스타타워 지식산업센터 지*층 FB***호 (풍산동)",정상,0000,01,,216038.566179914    ,450059.249204826    ,"경기도 하남시 풍산동 *** 미사 테스타타워 지식산업센터, 지*층 FB***호",2021-08-05 15:40:25
4040000,404000001320210009,2021-08-10,,영업/정상,,,,,,,13023,한양코리아,I,000,2026-03-26 22:34:34,"경기도 하남시 검단산로***번길 **, *층 (창우동)",정상,0000,01,0317919595,220712.626220881    ,448829.879495848    ,경기도 하남시 창우동 **-* *층 ,2021-08-10 15:47:15
4040000,404000001320210010,2021-09-01,,영업/정상,,,,,,,13022,에이치더블케이 상사(H.W.K 상사),I,000,2026-03-26 22:34:34,경기도 하남시 춘궁로***번길 **-**(상사창동),정상,0000,01,,217268.987913586    ,444524.226532076    ,경기도 하남시 상사창동 ***-* ,2021-09-01 14:42:54
4040000,404000001320210011,2021-11-11,,영업/정상,,,,,,,12930,주식회사 에스앤씨,I,L00,2026-03-26 22:34:34,"경기도 하남시 조정대로 ***, 아이테코 *층 R***호 (덕풍동)",정상,0000,01,0316992259,217137.519410187    ,450158.241480494    ,"경기도 하남시 덕풍동 *** 아이테코, *층 R***호",2021-11-11 09:31:26
4040000,404000001320210012,2021-11-12,,영업/정상,,,,,,,12919,아띠지기,I,000,2026-03-26 22:34:34,"경기도 하남시 조정대로 **, 미사강변 유림 노르웨이숲 ****호 (풍산동)",정상,0000,01,0317920017,216397.787744469    ,449859.673405934    ,경기도 하남시 풍산동 ***-* 미사강변 유림 노르웨이숲 ****호,2021-11-12 11:34:01
4040000,404000001320220001,2022-02-14,,영업/정상,,,,,,,12930,(주)원강바이오,I,000,2026-03-26 22:34:34,"경기도 하남시 조정대로 ***, 아이테코 *층 ***호 (덕풍동)",정상,0000,01,023827647,217137.519410187    ,450158.241480494    ,"경기도 하남시 덕풍동 *** 아이테코, *층 ***호",2022-02-14 18:01:37
4040000,404000001320220002,2022-02-26,,영업/정상,,,,,,,12942,몰리스펫샵(스타필드 하남),I,L00,2026-03-26 22:34:35,"경기도 하남시 미사대로 ***, 스타필드 하남 G***호 (신장동)",정상,0000,01,03180694150,219699.010520355    ,449270.371200837    ,서울특별시 중구 순화동 *** 스타필드 하남 G***호,2024-05-07 09:25:46
4040000,404000001320220003,2022-03-30,,영업/정상,,,,,,,12913,베가픽스,I,000,2026-03-26 22:34:35,"경기도 하남시 아리수로 ***, 효성헤링턴타워더퍼스트 ***동 ****호 (망월동)",정상,0000,01,,216753.071849967    ,451631.467982946    ,경기도 하남시 망월동 **** 효성헤링턴타워더퍼스트 ***동 ****호,2022-03-30 19:37:01
4040000,404000001320220004,2022-05-16,,휴업,,2026-05-18,2026-07-03,,,,12961,(주)홈플러스,U,L00,2026-05-19 03:03:03,"경기도 하남시 하남대로 ***, 하남두산위브파크 지하*층 (신장동)",휴업,0001,02,0317777121,218722.326285059    ,448437.965903226    ,"서울특별시 강서구 등촌동 *** 하남두산위브파크, 지하*층 ",2026-05-18 14:04:13
4040000,404000001320220006,2022-05-27,,영업/정상,,,,,,,12902,에스티케어,I,000,2026-03-26 22:34:35,"경기도 하남시 미사강변한강로 ***, 미사강변 스카이폴리스지식산업센터 니동 *층 ***호 (망월동)",정상,0000,01,,216846.891263183    ,452760.863180903    ,경기도 하남시 망월동 *** 미사강변 스카이폴리스지식산업센터 나동 ***호,2022-05-27 14:32:31
4040000,404000001320220007,2022-07-29,,영업/정상,,,,,,,12991,메디바이오,I,000,2026-03-26 22:34:35,"경기도 하남시 서하남로**번길 **, ***호 (감북동)",정상,0000,01,,213739.004263604    ,445924.127246436    ,경기도 하남시 감북동 ***-** ***호,2022-07-29 16:36:22
4040000,404000001320000001,2000-06-21,,폐업,2003-03-04,,,,92.38,,,삼미산업,I,000,2026-03-26 22:34:33,,폐업,0002,03,,,,경기도 하남시 신장동 ***-*    지하*층 ,2003-04-15 10:55:06
4040000,404000001320100001,2010-10-27,,폐업,2015-11-12,,,,0,,12949,하나씨엠,I,000,2026-03-26 22:34:33,"경기도 하남시 하남대로***번길 **, *층 (신장동, 그랜드빌딩)",폐업,0002,03,0317946977,218397.866852753    ,448840.24143716     ,경기도 하남시 신장동 ***-* ,2015-11-12 10:51:44
4040000,404000001320150002,2015-12-28,,폐업,2016-03-02,,,,,,13020,(주)두리메디칼,I,L00,2026-03-26 22:34:33,"경기도 하남시 대성로**번길 **, *층 (항동)",폐업,0002,03,,217007.305276435    ,445922.02802265     ,경기도 하남시 항동 **-* ,2016-03-02 16:57:28
4040000,404000001320180002,2018-10-19,,폐업,2020-05-28,,,,,,13024,와이즈본 주식회사,I,000,2026-03-26 22:34:34,"경기도 하남시 검단남로**번길 **, *층 (하산곡동)",폐업,0002,03,,219784.705026233    ,446189.077971455    ,경기도 하남시 하산곡동 ***-* *층 ,2020-05-28 11:25:48
4040000,404000001320190002,2019-07-01,,폐업,2020-06-02,,,,,,12921,승원컴퍼니,I,000,2026-03-26 22:34:34,"경기도 하남시 미사강변동로 **, ****동 ****호 (망월동, 미사강변 골든 센트로(GOLDEN CENTRO))",폐업,0002,03,,217264.407301322    ,450891.418634933    ,경기도 하남시 망월동 **** 미사강변 골든 센트로(GOLDEN CENTRO) ,2020-06-02 16:39:12
4040000,404000001320200003,2020-04-13,,폐업,2025-04-30,,,,,,12912,위드제이(WITH J),I,000,2026-03-26 22:34:34,"경기도 하남시 미사강변한강로 ***, 상가동 ***호 (망월동, 미사강변도시씨*단지)",폐업,0002,03,,217324.550672696    ,451270.47378506     ,경기도 하남시 망월동 **** 미사강변도시씨*단지 상가동 ***호,2025-05-02 14:13:05
4040000,404000001320200005,2020-05-25,,폐업,2025-04-30,,,,,,12912,소영프로젝트,I,000,2026-03-26 22:34:34,"경기도 하남시 미사강변한강로 ***-*, 미사강변도시씨*단지 상가동 *층 ***호 (망월동)",폐업,0002,03,,217324.550672696    ,451270.47378506     ,"경기도 하남시 망월동 **** 미사강변도시씨*단지, *층 ***호",2025-05-02 14:12:49
4040000,404000001320210013,2021-12-29,,폐업,2023-01-10,,,,,,12959,댕토피아,I,000,2026-03-26 22:34:34,"경기도 하남시 하남대로 ***, *층 (신장동)",폐업,0002,03,,218536.999269944    ,448616.553422638    ,경기도 하남시 신장동 ***-** *층 ,2023-01-11 10:56:49
4040000,404000001320220005,2022-05-17,,폐업,2023-08-21,,,,,,12909,(주)이마트에브리데이 하남미사점,I,000,2026-03-26 22:34:35,"경기도 하남시 미사강변대로***번길 **, 미사 프라자 *층 ***호 (망월동)",폐업,0002,03,03180272992,216280.36545071     ,452004.218986743    ,"경기도 하남시 망월동 ***-* 미사 프라자, *층 ***호",2023-08-21 17:46:04
4040000,404000001320150001,2015-05-28,,영업/정상,,,,,105,,12982,(주)인터에프앤티,I,L00,2026-03-26 22:34:33,"경기도 하남시 하남대로 ***, 하남테크노밸리 U* CENTER 비동 ****호 (풍산동)",정상,0000,01,0317662057,217044.982167915    ,449307.942535913    ,경기도 하남시 풍산동 *** 하남테크노밸리 U* CENTER 비동 ****호,2020-05-04 10:34:32
4040000,404000001320160001,2016-03-03,,영업/정상,,,,,,,13020,두리메디칼,I,000,2026-03-26 22:34:33,"경기도 하남시 대성로**번길 **, *층 (항동)",정상,0000,01,,217007.305276435    ,445922.02802265     ,경기도 하남시 항동 **-* ,2016-11-08 17:53:35
4040000,404000001320160002,2016-09-08,,영업/정상,,,,,,,12930,팝애니랩,I,000,2026-03-26 22:34:33,"경기도 하남시 조정대로 ***, RB***호 (덕풍동, 아이테코)",정상,0000,01,,217137.519410187    ,450158.241480494    ,,2016-11-08 17:54:44
4040000,404000001320180001,2018-05-14,,영업/정상,,,,,42.88,,12990,브이에스팜(주),I,L00,2026-03-26 22:34:33,"경기도 하남시 감초로 **-*, *층 (감북동)",정상,0000,01,,213977.104833758    ,445947.952508143    ,경기도 하남시 감북동 ***-* *층 ,2022-03-28 18:09:29
4040000,404000001320190001,2019-03-15,,영업/정상,,,,,124.23,,12918,(주)지티엘커뮤니케이션,I,L00,2026-03-26 22:34:34,"경기도 하남시 조정대로 **, 미사센텀비즈 *층 에프***호 (풍산동)",정상,0000,01,025437189,216197.552708918    ,449829.801875259    ,경기도 하남시 풍산동 *** 미사센텀비즈 F***호,2019-03-15 17:11:00
4040000,404000001320190003,2019-09-16,,영업/정상,,,,,10,,12939,(주)비오에이치오,I,L00,2026-03-26 22:34:34,"경기도 하남시 미사강변중앙로*번안길 **, u-테크밸리 씨동 ***호 (풍산동)",정상,0000,01,,216793.348600192    ,449696.080852103    ,경기도 하남시 풍산동 ***-* u-테크밸리 씨동 ***호,2025-04-23 11:42:58
4040000,404000001320230001,2023-03-02,,영업/정상,,,,,,,13007,주식회사유웰케어,I,000,2026-03-26 22:34:35,경기도 하남시 학암로 **(감이동),정상,0000,01,07079542253,214334.57155326     ,442821.702531456    ,경기도 하남시 감이동 ***-* ***호,2023-03-02 15:39:51
4050000,562000001320090001,2009-09-10,,영업/정상,,,,,90,,17060,아이페티앙,I,L00,2026-03-26 22:47:08,경기도 용인시 처인구 명지로 *** (남동),정상,0000,01,,217312.972592353    ,413866.420117702    ,경기도 용인시 처인구 남동 **-** ,2020-03-27 16:06:25
4050000,562000001320140001,2014-02-10,,영업/정상,,,,,74.73,,17130,아이테크,I,000,2026-03-26 22:47:08,경기도 용인시 처인구 이동면 시미곡로**번길 **-*,정상,0000,01,0313339883,218598.500816404    ,406948.00870417     ,경기도 용인시 처인구 이동면 덕성리 *** ,2014-02-10 10:43:29
4050000,562000001320180001,2018-02-01,,영업/정상,,,,,30.44,,17145,팜누리,I,000,2026-03-26 22:47:08,"경기도 용인시 처인구 동부로 **, 용인송담대학교 창의관 ***호 (마평동)",정상,0000,01,0313392008,219278.148571191    ,414074.465961456    ,경기도 용인시 처인구 마평동 ***-* 용인송담대학교 창의관 ***호,2021-03-03 14:03:29
4050000,562000001320180002,2018-10-31,,영업/정상,,,,,,,17177,캣츠홈,I,000,2026-03-26 22:47:08,"경기도 용인시 처인구 백암면 백원로***번길 *, 나동",정상,0000,01,0317589764,231537.859709234    ,406477.709212673    ,경기도 용인시 처인구 백암면 근창리 ***-* ,2018-10-31 16:24:52
4050000,562000001320190001,2019-04-23,,영업/정상,,,,,,,17118,마이아,I,000,2026-03-26 22:47:08,경기도 용인시 처인구 남사읍 처인성로***번길 **,정상,0000,01,0313327780,213405.093189463    ,401438.337347942    ,경기도 용인시 처인구 남사읍 봉무리 ***-** ,2019-04-23 15:41:42
4050000,562000001320190002,2019-05-27,,영업/정상,,,,,,,17055,창조통상,I,000,2026-03-26 22:47:08,"경기도 용인시 처인구 명지로**번길 **, ***동 ****호 (역북동, 우미 린 센트럴파크)",정상,0000,01,,216400.886364269    ,414699.440647422    ,경기도 용인시 처인구 역북동 *** 우미 린 센트럴파크 ,2019-05-27 11:51:26
4050000,562000001320190003,2019-07-10,,영업/정상,,,,,,,17026,애니메드,I,000,2026-03-26 22:47:08,"경기도 용인시 처인구 포곡읍 포곡로**번길 *, 인정멜로디상가 ***호",정상,0000,01,,218811.538581819    ,418451.109715894    ,경기도 용인시 처인구 포곡읍 둔전리 ***-** 인정멜로디상가 ,2019-07-10 15:24:39
4050000,562000001320190004,2019-08-13,,영업/정상,,,,,276.08,,17046,(주)인투씨엔에스,I,L00,2026-03-26 22:47:08,"경기도 용인시 처인구 금학로***번길 *-*, *층 (역북동)",정상,0000,01,15447898,217024.788672226    ,415194.947168586    ,경기도 용인시 처인구 역북동 ***-** *층 ,2019-08-13 15:46:32
4050000,562000001320190005,2019-08-14,,영업/정상,,,,,276.08,,17046,(주)인투씨엔에스,I,L00,2026-03-26 22:47:08,"경기도 용인시 처인구 금학로***번길 *-*, *층 (역북동)",정상,0000,01,15447898,217024.788672226    ,415194.947168586    ,경기도 용인시 처인구 역북동 ***-** *층 ,2019-08-14 13:08:32
4050000,562000001320190006,2019-11-27,,영업/정상,,,,,,,17033,(주)메디텍솔루션,I,L00,2026-03-26 22:47:08,경기도 용인시 처인구 모현읍 외개일로**번길 *-*,정상,0000,01,07076370037,220663.871066745    ,427676.548791275    ,경기도 용인시 처인구 모현읍 일산리 *** ,2019-11-27 17:22:53
4050000,562000001320210001,2024-02-22,,영업/정상,,,,,,,17161,(주)펫원 용인양지지점(장보는강아지와고양이양지점),I,L00,2026-03-26 22:47:08,"경기도 용인시 처인구 양지읍 남평로 *, ***호",정상,0000,01,07077364286,225293.931413341    ,414543.980169468    ,경기도 용인시 처인구 양지읍 남곡리 ***-* ,2024-02-22 17:02:22
4050000,562000001320210002,2021-12-03,,영업/정상,,,,,,,16888,주식회사 마마(마마캣),I,L00,2026-03-26 22:47:08,경기도 용인시 처인구 모현읍 동산로 *,정상,0000,01,0313332523,217134.637261873    ,426072.102589449    ,경기도 용인시 처인구 모현읍 동림리 ***-* ,2021-12-03 15:30:48
4050000,562000001320220001,2022-04-15,,영업/정상,,,,,,,17180,주식회사 홍익,I,L00,2026-03-26 22:47:08,경기도 용인시 처인구 백암면 원설로 ***,정상,0000,01,0313354131,235927.173216424    ,404471.505767648    ,경기도 용인시 처인구 백암면 고안리 ***-* ,2022-04-27 11:10:37
4050000,562000001320220002,2022-08-10,,영업/정상,,,,,,,17159,영동건강 주식회사,I,L00,2026-03-26 22:47:08,경기도 용인시 처인구 양지읍 주북로 ***-*,정상,0000,01,0313292032,223844.079340587    ,416172.589417679    ,경기도 용인시 처인구 양지읍 주북리 ** ,2022-08-10 09:43:01
4050000,562000001320230001,2023-02-13,,영업/정상,,,,,84.9,,17056,이도과학,I,000,2026-03-26 22:47:09,"경기도 용인시 처인구 명지로**번길 **-**, ***동 ****호 (역북동, 역북푸르지오)",정상,0000,01,,216134.370495077    ,414374.41418993     ,경기도 용인시 처인구 역북동 *** 역북푸르지오 ,2023-02-13 09:53:52
4050000,563000001320260002,2026-04-08,,영업/정상,,,,,,,16950,(주)위키옵틱스,I,L00,2026-04-09 21:32:23,"경기도 용인시 기흥구 흥덕중앙로 ***, U-TOWER ***호 (영덕동)",정상,0000,01,07046674270,207082.504166247    ,419203.362912598    ,경기도 용인시 기흥구 영덕동 **** U-TOWER ,2026-04-08 10:19:32
4050000,562000001320260002,2026-04-07,,영업/정상,,,,,1,,17022,강냥이,I,000,2026-04-08 21:32:20,경기도 용인시 처인구 포곡읍 곡현로 ***-*,정상,0000,01,,219373.647857587    ,423659.04616968     ,경기도 용인시 처인구 포곡읍 신원리 ***-* ,2026-04-07 14:37:55
4050000,562000001320260003,2026-06-02,,영업/정상,,,,,,,17177,더모든,I,000,2026-06-03 21:32:20,경기도 용인시 처인구 백암면 근창로 **,정상,0000,01,,232777.160031629    ,406895.658780639    ,경기도 용인시 처인구 백암면 근창리 ***-* 대왕설비 유유건축 ,2026-06-02 09:43:54
4050000,562000001320240002,2024-11-12,,폐업,2025-12-31,,,,,,17027,린은진샵,I,000,2026-03-26 22:47:09,"경기도 용인시 처인구 포곡읍 둔전로 **, ***동 ***호 (금전마을계룡리슈빌)",폐업,0002,03,,219085.080997833    ,418324.15803335     ,경기도 용인시 처인구 포곡읍 둔전리 *** 금전마을계룡리슈빌 ,2025-12-31 16:36:52
4050000,564000001320190002,2019-12-13,,폐업,2025-12-31,,,,,,16943,더선스톤주식회사,I,L00,2026-03-26 22:47:09,"경기도 용인시 수지구 광교중앙로 ***, 미주프라자 ***호 (상현동)",폐업,0002,03,0312123077,206100.323819545    ,421679.062727974    ,경기도 용인시 수지구 상현동 ****-* 미주프라자 ***호,2025-12-31 15:18:30
4050000,563000001320260003,2026-05-11,,영업/정상,,,,,,,16954,가온바이오(주),I,000,2026-05-12 21:32:20,"경기도 용인시 기흥구 흥덕*로**번길 **, 이씨티 D동 ***, ***호 (영덕동)",정상,0000,01,,206306.301931615    ,419313.955217649    ,경기도 용인시 기흥구 영덕동 ***-* 이씨티 ,2026-05-11 11:33:21
4050000,562000001320230002,2023-09-12,,영업/정상,,,,,,,17180,(주)유한양행,I,L00,2026-03-26 22:47:09,"경기도 용인시 처인구 백암면 고안로**번길 ***-*, *층",정상,0000,01,0316291403,236611.694334605    ,404449.269918454    ,경기도 용인시 처인구 백암면 고안리 *** ,2023-09-14 09:20:13
4050000,562000001320240001,2024-07-09,,영업/정상,,,,,,,17039,서울과학축산,I,000,2026-03-26 22:47:09,경기도 용인시 처인구 양지읍 한터로***번길 **-**,정상,0000,01,,,,경기도 용인시 처인구 양지읍 대대리 *** ,2024-07-09 16:50:59
4050000,562000001320260001,2026-01-20,,영업/정상,,,,,109.22,,17167,칠칠상회,U,000,2026-06-03 03:03:03,경기도 용인시 처인구 원삼면 원양로***번길 *-*,정상,0000,01,,227706.022968286    ,410204.234817241    ,경기도 용인시 처인구 원삼면 사암리 **-* ,2026-06-02 13:29:31
4050000,563000001320070001,2007-10-19,,영업/정상,,,,,70,,16898,아시안소닉,I,000,2026-03-26 22:47:09,경기도 용인시 기흥구 보정로 *** (보정동),정상,0000,01,,210135.995665556    ,424170.382364798    ,경기도 용인시 기흥구 보정동 ****-* 현대프라자 ***호,2011-10-30 15:34:27
4050000,563000001320150001,2015-02-10,,영업/정상,,,,,51.3,,16978,프라임메디칼,I,000,2026-03-26 22:47:09,경기도 용인시 기흥구 중부대로 *** (구갈동),정상,0000,01,0312741212,211196.115585367    ,418725.38731869     ,경기도 용인시 기흥구 구갈동 ***-* ,2015-02-10 10:40:59
4050000,563000001320170001,2017-04-27,,영업/정상,,,,,,,16978,(주)힐덴스,I,L00,2026-03-26 22:47:09,"경기도 용인시 기흥구 강남동로 *, ***호 (구갈동, 그랜드프라자)",정상,0000,01,03180582804,211262.93290433     ,418835.013735668    ,경기도 용인시 기흥구 구갈동 ***-* ***호,2017-04-27 17:02:38
4050000,563000001320170002,2017-06-19,,영업/정상,,,,,29.3,,17006,바이오트리,I,000,2026-03-26 22:47:09,"경기도 용인시 기흥구 동백*로 **, B***호 (중동, 쥬네브문월드빌딩)",정상,0000,01,0316790007,213356.807704504    ,419341.204287297    ,경기도 용인시 기흥구 중동 *** B***호,2017-06-19 11:08:30
4050000,563000001320170003,2017-08-24,,영업/정상,,,,,,,17015,팜솔루션,I,000,2026-03-26 22:47:09,"경기도 용인시 기흥구 동백중앙로**번길 **-*, *동 ***호 (중동, 에이스 동백 타워)",정상,0000,01,0313058880,214576.223559246    ,417184.705782403    ,경기도 용인시 기흥구 중동 **** *동 ***호,2017-08-24 09:14:34
4050000,563000001320170004,2017-12-26,,영업/정상,,,,,,,17096,아우라케어,I,L00,2026-03-26 22:47:09,"경기도 용인시 기흥구 용구대로****번길 **, GNT빌딩 (하갈동)",정상,0000,01,0312813332,209072.937683251    ,416944.225401348    ,경기도 용인시 기흥구 하갈동 ***-* GNT빌딩 ,2017-12-27 11:10:49
4050000,563000001320180001,2018-02-28,,영업/정상,,,,,,,16907,주식회사 녹십자엠에스,I,L00,2026-03-26 22:47:09,"경기도 용인시 기흥구 용구대로****번길 **, *층 일부호 (보정동)",정상,0000,01,0312609300,209253.575732172    ,422933.454216119    ,경기도 용인시 기흥구 보정동 ***-* ,2025-06-09 09:26:26
4050000,563000001320180002,2012-12-10,,영업/정상,,,,,244,,17086,주식회사 대한의료기,I,000,2026-03-26 22:47:09,경기도 용인시 기흥구 원고매로 *** (고매동),정상,0000,01,,210084.392009092    ,413096.424293083    ,경기도 용인시 기흥구 고매동 ***-* ,2018-05-23 10:07:04
4050000,563000001320180003,2018-07-17,,영업/정상,,,,,44.14,,17111,(주)트라이텍코리아,I,000,2026-03-26 22:47:09,"경기도 용인시 기흥구 서천동로**번길 *-*, *층 (농서동)",정상,0000,01,0312950555,206265.624499005    ,414600.335311788    ,경기도 용인시 기흥구 농서동 ***-* ,2018-07-17 09:40:24
4050000,563000001320190001,2019-08-23,,영업/정상,,,,,,,16950,가온바이오 주식회사,I,L00,2026-03-26 22:47:09,"경기도 용인시 기흥구 흥덕중앙로 ***, UTOWER ****호 (영덕동)",정상,0000,01,0312173939,207082.504166247    ,419203.362912598    ,경기도 용인시 기흥구 영덕동 **** UTOWER ,2019-08-23 00:03:59
4050000,563000001320210001,2021-03-05,,영업/정상,,,,,,,17006,안나리빙,I,000,2026-03-26 22:47:09,"경기도 용인시 기흥구 동백중앙로 ***, 씨티프라자 ****호 (중동)",정상,0000,01,,213491.170141499    ,418778.755712447    ,경기도 용인시 기흥구 중동 ***-* 씨티프라자 ,2021-03-05 17:57:36
4050000,563000001320210002,2021-03-05,,영업/정상,,,,,,,17006,행복리빙,I,000,2026-03-26 22:47:09,"경기도 용인시 기흥구 동백중앙로 ***, 씨티프라자 ****호 (중동)",정상,0000,01,,213491.170141499    ,418778.755712447    ,경기도 용인시 기흥구 중동 ***-* 씨티프라자 ,2021-03-05 18:00:10
4050000,563000001320210003,2021-03-16,,영업/정상,,,,,,,17006,안나리빙,I,000,2026-03-26 22:47:09,"경기도 용인시 기흥구 동백중앙로 ***, 씨티프라자 *층 a****호 (중동)",정상,0000,01,,213491.170141499    ,418778.755712447    ,경기도 용인시 기흥구 중동 ***-* 씨티프라자 ,2021-03-16 15:11:41
4050000,563000001320210004,2021-03-16,,영업/정상,,,,,,,17006,행복리빙,I,000,2026-03-26 22:47:09,"경기도 용인시 기흥구 동백중앙로 ***, 씨티프라자 *층 a****호 (중동)",정상,0000,01,,213491.170141499    ,418778.755712447    ,경기도 용인시 기흥구 중동 ***-* 씨티프라자 ,2021-03-16 15:22:56
4050000,563000001320210005,2021-04-09,,영업/정상,,,,,,,17099,다올코퍼레이션,I,000,2026-03-26 22:47:09,"경기도 용인시 기흥구 한일로*번길 **, B동 ***호 (공세동, 원빌라)",정상,0000,01,,209024.885588088    ,415638.672426311    ,경기도 용인시 기흥구 공세동 ***-** 원빌라 ,2021-04-09 14:49:48
4050000,563000001320210006,2021-07-09,,영업/정상,,,,,,,16903,야옹아멍멍해봐 용인보정점,I,000,2026-03-26 22:47:09,"경기도 용인시 기흥구 용구대로 ****, GS죽전크린주유소 A동 *층 (보정동)",정상,0000,01,0318980049,209588.206218098    ,423657.334933133    ,경기도 용인시 기흥구 보정동 **** GS죽전크린주유소 ,2021-07-09 10:08:01
4050000,563000001320220008,2022-12-07,,영업/정상,,,,,,,17084,리베온,I,000,2026-03-26 22:47:09,"경기도 용인시 기흥구 공세로 ***-**, B**층 A**호 (공세동)",정상,0000,01,,209714.027222914    ,415112.443559383    ,경기도 용인시 기흥구 공세동 ***-* ,2022-12-07 16:34:38
4050000,563000001320230001,2023-06-29,,영업/정상,,,,,,,16950,주식회사 드림바이오,I,L00,2026-03-26 22:47:09,"경기도 용인시 기흥구 흥덕중앙로 ***, U-TOWER **층 **호 (영덕동)",정상,0000,01,0312159126,207082.504166247    ,419203.362912598    ,경기도 용인시 기흥구 영덕동 **** U-TOWER ,2023-06-29 10:02:15
4050000,563000001320230003,2023-08-21,,영업/정상,,,,,,,17001,견생냥품무인24시용인동백점,I,000,2026-03-26 22:47:09,"경기도 용인시 기흥구 평촌*로*번길 *, *층 ***호 (동백동)",정상,0000,01,,213546.07499872     ,420013.022824773    ,경기도 용인시 기흥구 동백동 ***-* ,2023-08-21 14:02:22
4050000,563000001320230004,2023-08-23,,영업/정상,,,,,,,16954,견생냥품 무인24시 용인흥덕점,I,000,2026-03-26 22:47:09,"경기도 용인시 기흥구 흥덕*로**번길 *, 가은프라자 *층 ***호 (영덕동)",정상,0000,01,,206268.389938788    ,419228.11968509     ,경기도 용인시 기흥구 영덕동 ***-* 가은프라자 ,2023-08-23 10:19:26
4050000,563000001320240002,2024-05-17,,영업/정상,,,,,,,17096,일양약품 주식회사,I,L00,2026-03-26 22:47:09,"경기도 용인시 기흥구 하갈로 ***, 일양약품 (하갈동)",정상,0000,01,,208829.25279086     ,417229.482960081    ,경기도 용인시 기흥구 하갈동 ***-* 일양약품 ,2025-11-13 11:25:20
4050000,563000001320240003,2024-05-27,,영업/정상,,,,,,,17088,주식회사 하이독,I,000,2026-03-26 22:47:09,"경기도 용인시 기흥구 지삼로***번길 **, 플러스테크 (지곡동)",정상,0000,01,,211977.355300927    ,414880.482623481    ,경기도 용인시 기흥구 지곡동 **-* 플러스테크 ,2024-05-27 09:44:15
4050000,563000001320240005,2024-08-29,,영업/정상,,,,,,,16956,피엔에프테크,I,000,2026-03-26 22:47:09,"경기도 용인시 기흥구 영통로***번길 **, 황곡프라자 ***호 (영덕동)",정상,0000,01,,206684.393897168    ,418223.083574258    ,경기도 용인시 기흥구 영덕동 ***-* 황곡프라자 ***호,2024-08-29 10:16:05
4050000,563000001320250001,2025-02-03,,영업/정상,,,,,,,17086,주식회사 지씨,I,000,2026-03-26 22:47:09,경기도 용인시 기흥구 원고매로 *** (고매동),정상,0000,01,,210084.392009092    ,413096.424293083    ,경기도 용인시 기흥구 고매동 ***-* ,2025-02-03 09:50:45
4050000,563000001320250002,2025-07-16,,영업/정상,,,,,,,17006,주식회사 알앤디메이트,I,000,2026-03-26 22:47:09,"경기도 용인시 기흥구 동백중앙로 ***, 씨티프라자 J***호 (중동)",정상,0000,01,07080283500,213491.170141499    ,418778.755712447    ,경기도 용인시 기흥구 중동 ***-* 씨티프라자 ,2025-07-16 09:16:03
4050000,563000001320250003,2025-09-10,,영업/정상,,,,,,,17014,크로스백,I,000,2026-03-26 22:47:09,경기도 용인시 기흥구 동백중앙로**번길 **-** (중동),정상,0000,01,,214612.613473862    ,417802.191127063    ,경기도 용인시 기흥구 중동 ***-** ,2025-09-10 18:03:44
4050000,563000001320260001,2026-01-02,,영업/정상,,,,,,,16892,인투바이오,I,000,2026-03-26 22:47:09,경기도 용인시 기흥구 청마로 ** (청덕동),정상,0000,01,,213658.55250082     ,421725.586499039    ,경기도 용인시 기흥구 청덕동 *** ,2026-01-02 11:16:34
4050000,564000001320140001,2014-01-24,,영업/정상,,,,,107,,16860,베테크,I,000,2026-03-26 22:47:09,"경기도 용인시 수지구 성복*로 **, *층 ***호 (성복동, 수지골드프라자)",정상,0000,01,,207127.809553669    ,423202.488409925    ,경기도 용인시 수지구 성복동 **-* 수지골드프라자 ***호,2014-01-24 13:27:26
4050000,564000001320180002,2018-06-14,,영업/정상,,,,,,,16839,다물테크,I,000,2026-03-26 22:47:09,"경기도 용인시 수지구 정평로 **, ***동 ****호 (풍덕천동, 신정마을성지아파트)",정상,0000,01,,207630.567705922    ,424397.14044433     ,경기도 용인시 수지구 풍덕천동 **** 신정마을성지아파트 ,2018-06-14 16:06:52
4050000,564000001320190001,2019-12-02,,영업/정상,,,,,97.2,,16825,(주)알엔피,I,L00,2026-03-26 22:47:09,"경기도 용인시 수지구 동천로 **, 하나프라자 ***호 (동천동)",정상,0000,01,0318966400,208911.887440066    ,426630.485483652    ,경기도 용인시 수지구 동천동 ***-* 하나프라자 ***호,2019-12-02 16:42:44
4050000,564000001320220001,2022-02-09,,영업/정상,,,,,,,16803,(주)샤인위드컴페니언,I,L00,2026-03-26 22:47:09,"경기도 용인시 수지구 신봉*로***번길 **, 지하*,*층 (신봉동)",정상,0000,01,0312626645,204315.978712322    ,426034.580695318    ,경기도 용인시 수지구 신봉동 ***-* ,2022-02-18 12:01:28
4050000,564000001320220004,2022-07-14,,영업/정상,,,,,,,16824,씨유수지동천자이점,I,000,2026-03-26 22:47:09,"경기도 용인시 수지구 고기로 ***, ***호 (동천동)",정상,0000,01,0312664756,207936.256309883    ,427214.222325683    ,경기도 용인시 수지구 동천동 ***-* ,2022-07-14 16:32:04
4050000,564000001320220005,2022-09-29,,영업/정상,,,,,,,16896,이마트 죽전점 몰리스,I,L00,2026-03-26 22:47:09,"경기도 용인시 수지구 포은대로 ***, 이마트 죽전점 *층 (죽전동)",정상,0000,01,0318881271,209673.343954233    ,424823.677745145    ,서울특별시 중구 순화동 **** 이마트 죽전점 *층 ,2024-04-12 09:44:33
4050000,564000001320220006,2022-11-28,,영업/정상,,,,,500.97,,16868,주식회사 코벳,I,L00,2026-03-26 22:47:09,"경기도 용인시 수지구 용구대로 ****, *층 (죽전동)",정상,0000,01,0315465915,209622.409190297    ,425429.74069991     ,경기도 용인시 수지구 죽전동 ***-* *층 ,2023-02-08 10:36:45
4050000,564000001320230001,2023-02-17,,영업/정상,,,,,,,16923,우연,I,000,2026-03-26 22:47:09,"경기도 용인시 수지구 진산로 **, ***동 ****호 (풍덕천동, 진산마을삼성래미안*차아파트)",정상,0000,01,,208653.919689655    ,423971.273679646    ,경기도 용인시 수지구 풍덕천동 ****-* 진산마을삼성래미안*차아파트 ***동 ****호,2023-02-17 14:32:21
4050000,564000001320230003,2023-08-02,,영업/정상,,,,,,,16873,미래필테크,I,000,2026-03-26 22:47:10,"경기도 용인시 수지구 대지로 **, 상가동 ***-*호 (죽전동, 도담마을 아이파크)",정상,0000,01,,210373.242070893    ,425257.015245269    ,경기도 용인시 수지구 죽전동 *** 도담마을 아이파크 상가동 ***-*호,2023-08-02 11:14:24
4050000,564000001320240001,2024-04-11,,영업/정상,,,,,,,16876,주식회사 미래필테크,I,L00,2026-03-26 22:47:10,"경기도 용인시 수지구 현암로 ***, 베스트프라자 ***-*호 (죽전동)",정상,0000,01,,210956.33216878     ,425555.733967826    ,경기도 용인시 수지구 죽전동 ****-* 베스트프라자 ,2024-04-11 13:06:04
4050000,563000001320140001,2015-09-04,,폐업,2019-08-26,,,,411.13,,16977,(주)인투씨엔에스,I,L00,2026-03-26 22:47:09,"경기도 용인시 기흥구 강남로 **, *층 (구갈동, 칼리지포인트)",폐업,0002,03,15447898,211193.383898505    ,418884.683853494    ,경기도 용인시 기흥구 구갈동 ,2019-08-26 17:38:40
4050000,563000001320220001,2022-02-07,,폐업,2022-04-25,,,,176,,16973,씨유 기흥한성점,I,000,2026-03-26 22:47:09,"경기도 용인시 기흥구 구갈로**번길 **-*, 금보빌딩 *동 (구갈동)",폐업,0002,03,,210035.366975422    ,419582.598714031    ,경기도 용인시 기흥구 구갈동 *** 금보빌딩 ,2022-04-25 15:36:58
4050000,563000001320220002,2022-02-16,,폐업,2022-07-12,,,,,,16910,이마트24 용인마북점,I,000,2026-03-26 22:47:09,"경기도 용인시 기흥구 마북로***번길 **, 마북프라자 ***호 (마북동)",폐업,0002,03,,210964.367935983    ,422359.560144127    ,경기도 용인시 기흥구 마북동 ***-* 마북프라자 ,2022-07-12 10:03:54
4050000,563000001320220003,2022-03-11,,폐업,2025-01-23,,,,3,,17006,터치앤피스,I,000,2026-03-26 22:47:09,"경기도 용인시 기흥구 동백*로 *, 대성빌딩 *층 *호 (중동)",폐업,0002,03,,213404.357906966    ,418765.507703082    ,경기도 용인시 기흥구 중동 ***-* 대성빌딩 ,2025-02-04 14:35:56
4050000,563000001320220004,2022-05-24,,폐업,2023-11-23,,,,,,16910,(주)이마트에브리데이 마북동점,I,L00,2026-03-26 22:47:09,경기도 용인시 기흥구 구교동로 ***(마북동),폐업,0002,03,0312832832,210796.590445267    ,422437.730837382    ,경기도 용인시 기흥구 마북동 ***-* ,2023-11-23 15:58:31
4050000,563000001320220005,2022-05-24,,폐업,2023-11-24,,,,,,16897,(주)이마트에브리데이 보정점,I,L00,2026-03-26 22:47:09,"경기도 용인시 기흥구 죽현로 *-**, 아이원프라자 ***~***,***~***호 (보정동)",폐업,0002,03,0318897722,209649.939637779    ,424210.062917026    ,경기도 용인시 기흥구 보정동 **** 아이원프라자 ,2023-11-24 13:52:06
4050000,563000001320220006,2022-05-24,,폐업,2023-11-06,,,,,,16931,(주)이마트에브리데이 기흥점,I,L00,2026-03-26 22:47:09,경기도 용인시 기흥구 이현로**번길 **(보정동),폐업,0002,03,0312662589,208691.905034963    ,422228.644918162    ,경기도 용인시 기흥구 보정동 ***-** ,2023-11-06 16:31:34
4050000,563000001320220007,2022-05-24,,폐업,2023-11-23,,,,,,17108,(주)이마트에브리데이 서천점,I,L00,2026-03-26 22:47:09,경기도 용인시 기흥구 서천로***번길 *(서천동),폐업,0002,03,,206371.132041951    ,414908.251789194    ,경기도 용인시 기흥구 서천동 *** ,2023-11-23 15:57:43
4050000,563000001320230002,2023-07-17,,폐업,2024-03-21,,,,3.3,,17084,올오케이이엔이,I,000,2026-03-26 22:47:09,"경기도 용인시 기흥구 공세로 ***-**, B**동 D**호 (공세동)",폐업,0002,03,,209714.027222914    ,415112.443559383    ,경기도 용인시 기흥구 공세동 ***-* ,2024-03-25 10:25:31
4050000,563000001320240001,2024-04-30,,폐업,2024-04-30,,,,,,17006,크로스인,I,000,2026-03-26 22:47:09,"경기도 용인시 기흥구 동백죽전대로 ***, 쥬네브 C동 ***-A**호 (중동)",폐업,0002,03,,213383.977793755    ,419575.34117754     ,경기도 용인시 기흥구 중동 *** 쥬네브 ,2024-09-25 16:07:24
4050000,563000001320240004,2024-07-11,,폐업,2025-08-29,,,,,,17096,(주)영일글로벌,I,L00,2026-03-26 22:47:09,경기도 용인시 기흥구 하갈로**번길 ** (하갈동),폐업,0002,03,,208791.847336772    ,417074.847301513    ,경기도 용인시 기흥구 하갈동 ***-* ,2025-08-29 16:44:23
4050000,564000001320180001,2018-05-30,,폐업,2021-01-01,,,,,,16833,폴리파크 수지점,I,000,2026-03-26 22:47:09,경기도 용인시 수지구 풍덕천로***번길 ** (풍덕천동),폐업,0002,03,0312659328,208936.65858054     ,424655.422528737    ,경기도 용인시 수지구 풍덕천동 **-** ,2021-12-29 17:35:16
4050000,564000001320210001,2021-02-15,,폐업,2021-11-09,,,,,,16813,풀문,I,000,2026-03-26 22:47:09,"경기도 용인시 수지구 신봉*로 **, ***동 ****호 (신봉동, 신봉마을자이*차아파트)",폐업,0002,03,,206531.955787446    ,425248.744637716    ,경기도 용인시 수지구 신봉동 *** 신봉마을자이*차아파트 ,2021-11-10 14:30:21
4050000,564000001320220002,2022-05-19,,폐업,2023-11-24,,,,,,16930,(주)이마트에브리데이 상현동점,I,L00,2026-03-26 22:47:09,"경기도 용인시 수지구 만현로 ***, 거묵프라자 B***호 (상현동)",폐업,0002,03,0312611400,207436.641169012    ,422876.412660227    ,경기도 용인시 수지구 상현동 ***-** 거묵푸라자 ,2023-11-24 16:22:43
4050000,564000001320220003,2022-05-19,,폐업,2023-11-21,,,,,,16868,(주)이마트에브리데이 죽전점,I,L00,2026-03-26 22:47:09,경기도 용인시 수지구 대지로*번길 **(죽전동),폐업,0002,03,0318969640,209861.474980552    ,425450.804414893    ,경기도 용인시 수지구 죽전동 ***-* ,2023-11-21 16:12:31
4050000,564000001320230002,2023-07-18,,폐업,2023-10-05,,,,,,16943,랜드바이오,I,000,2026-03-26 22:47:09,"경기도 용인시 수지구 광교중앙로***번길 **, 광교 리치안 오피스텔 제***(제**호)호 (상현동)",폐업,0002,03,,206138.95533297     ,421625.277302485    ,경기도 용인시 수지구 상현동 ****-* 광교 리치안 오피스텔 제***(제**호) ,2023-10-05 16:23:51
4050000,564000001320240002,2024-10-07,,폐업,2025-04-03,,,,,,16938,제이엘엠코리아,I,000,2026-03-26 22:47:10,"경기도 용인시 수지구 상현로 *, 상현프라자 *층 *A호 (상현동)",폐업,0002,03,,206567.417519174    ,422340.172912108    ,경기도 용인시 수지구 상현동 ***-* 상현프라자 ,2025-04-10 13:45:52
4050000,564000001320240003,2024-12-31,,폐업,2025-05-26,,,,,,16806,베러디,I,000,2026-03-26 22:47:10,"경기도 용인시 수지구 성복*로 ***, ***동 **층 **호 (성복동, 버들치마을 성복자이*차)",폐업,0002,03,,205171.199736444    ,423997.740781032    ,경기도 용인시 수지구 성복동 *** 버들치마을 성복자이*차 ***동 ****호,2025-05-28 09:56:08
4060000,406000001320220002,2022-03-08,,폐업,2025-12-31,,,,,,10908,유니바이오,I,000,2026-03-26 22:40:21,"경기도 파주시 경의로 ****, 월드타워*차 ***호 (야당동)",폐업,0002,03,0319456321,178789.285831218    ,468219.267968005    ,경기도 파주시 야당동 **** ,2025-12-31 14:26:52
4060000,406000001320240003,2024-03-14,,폐업,2024-09-09,,,,,,10874,모두다잇소,I,000,2026-03-26 22:40:22,"경기도 파주시 책향기로 ***, 진흥효자아파트 (동패동)",폐업,0002,03,0315055337,175375.960450196    ,469061.909275933    ,경기도 파주시 동패동 **** 진흥효자아파트 ****동 ***호,2024-09-09 13:27:10
4060000,406000001320180001,2018-10-26,,영업/정상,,,,,,,10864,나나의 하루,I,000,2026-03-26 22:40:20,경기도 파주시 장명산길 ***-** (오도동),정상,0000,01,,175691.865603112    ,471678.913222492    ,경기도 파주시 오도동 **-* ,2018-10-26 16:57:40
4060000,406000001320190001,2019-10-31,,영업/정상,,,,,,,10883,주식회사WMK,I,L00,2026-03-26 22:40:20,경기도 파주시 숲속노을로 *-* (동패동),정상,0000,01,0319476601,175138.761464385    ,466735.468653086    ,경기도 파주시 동패동 ***-** ,2019-10-31 15:56:01
4060000,406000001320190002,2019-10-31,,영업/정상,,,,,,,10883,주시회사WMK,I,L00,2026-03-26 22:40:20,경기도 파주시 숲속노을로 *-* (동패동),정상,0000,01,0319476601,175138.761464385    ,466735.468653086    ,경기도 파주시 동패동 ***-** ,2022-10-07 16:43:48
4060000,406000001320200001,2020-02-05,,영업/정상,,,,,,,10844,주식회사수진코리아,I,000,2026-03-26 22:40:20,경기도 파주시 월롱면 휴암로**번길 **-**,정상,0000,01,0319446842,180810.291069919    ,477185.121755283    ,경기도 파주시 월롱면 덕은리 **-** ,2021-07-01 13:29:43
4060000,406000001320210001,2021-01-19,,영업/정상,,,,,454.76,,10906,비상,I,000,2026-03-26 22:40:20,"경기도 파주시 와석순환로 **, ***동 ***호 (야당동, 한빛마을*단지)",정상,0000,01,,178055.817464934    ,467378.09117498     ,경기도 파주시 야당동 **** 한빛마을*단지 ,2021-01-19 14:31:51
4060000,406000001320210002,2021-01-25,,영업/정상,,,,,,,10949,씨티오네트웍스 주식회사,I,000,2026-03-26 22:40:21,"경기도 파주시 조리읍 당재봉로 **-**, 영보지류유통물류센터",정상,0000,01,0319055936,185581.159924644    ,474255.833800691    ,경기도 파주시 조리읍 오산리 ***-** 영보지류유통물류센터 ,2021-01-25 11:04:17
4060000,406000001320210003,2021-07-28,,영업/정상,,,,,,,10857,제이와이시스템,I,000,2026-03-26 22:40:21,"경기도 파주시 탄현면 자유로 ****-**, 에이동 *호",정상,0000,01,07050305770,175157.60243188     ,480842.343356634    ,경기도 파주시 탄현면 문지리 ***-* ,2021-07-28 14:51:10
4060000,406000001320210004,2021-12-15,,영업/정상,,,,,,,10819,지에스더프레시파주문산점,I,000,2026-03-26 22:40:21,"경기도 파주시 문산읍 당동*로 **, 세원프라자 ***호",정상,0000,01,,180010.652015713    ,484547.865204935    ,경기도 파주시 문산읍 당동리 ***-* 세원프라자 ,2021-12-15 09:06:09
4060000,406000001320220003,2022-04-26,,영업/정상,,,,,,,10881,세이프비,I,000,2026-03-26 22:40:21,"경기도 파주시 회동길 ***, 아트팩토리엔제이에프 A동 ***호 (문발동)",정상,0000,01,,173023.618028216    ,468843.576355183    ,경기도 파주시 문발동 ***-** 아트팩토리엔제이에프 ,2022-04-26 11:20:33
4060000,406000001320220005,2022-05-17,,영업/정상,,,,,,,10892,(주)홈플러스 파주운정점,I,L00,2026-03-26 22:40:21,"경기도 파주시 청암로**번길 **, 홈플러스 파주운정점 (목동동)",정상,0000,01,03180351300,179935.759245337    ,484287.988087538    ,경기도 파주시 문산읍 당동리 *** 홈플러스 파주운정점 ,2024-02-28 09:39:18
4060000,406000001320220012,2022-10-14,,영업/정상,,,,,,,10905,(주)이마트 파주운정점,I,L00,2026-03-26 22:40:21,"경기도 파주시 한울로 ***, 이마트운정점 (동패동)",정상,0000,01,0319312152,177453.945515036    ,467576.438594292    ,서울특별시 성동구 성수동*가 **** 이마트운정점 ,2024-04-15 11:04:13
4060000,406000001320230001,2023-03-13,,영업/정상,,,,,,,10934,채움컴퍼니,I,000,2026-03-26 22:40:22,"경기도 파주시 쇠재안길 **-*, *층 (금릉동)",정상,0000,01,,180530.015          ,472235.444          ,경기도 파주시 금릉동 ***-* ,2023-03-13 09:30:56
4060000,406000001320230002,2023-03-20,,영업/정상,,,,,,,10930,에이치티앤씨(주),I,000,2026-03-26 22:40:22,"경기도 파주시 중앙로 ***(금촌동, 금촌타워상가아파트)",정상,0000,01,,180164.400733412    ,473454.182060402    ,경기도 파주시 금촌동 **-** 금촌타워상가아파트 **호,2023-03-20 09:54:37
4060000,406000001320230003,2023-12-29,,영업/정상,,,,,,,10874,올바디헬스케어,I,L00,2026-03-26 22:40:22,"경기도 파주시 청석로 ***, 센타프라자* ***호 (동패동)",정상,0000,01,,175051.536682254    ,469329.561686701    ,경기도 파주시 동패동 ****-* 센타프라자* ,2023-12-29 10:19:16
4060000,406000001320240001,2024-02-26,,영업/정상,,,,,,,10940,수아하우스,I,000,2026-03-26 22:40:22,경기도 파주시 조리읍 기곡길 **-**,정상,0000,01,0319441125,186020.626449809    ,472208.939664559    ,경기도 파주시 조리읍 장곡리 ** ,2024-02-26 10:24:14
4060000,406000001320240002,2024-02-26,,영업/정상,,,,,,,10934,파이어인더몰,I,000,2026-03-26 22:40:22,"경기도 파주시 쇠재개울길 **, ***호 (금릉동)",정상,0000,01,,180600.855221967    ,472256.130601086    ,경기도 파주시 금릉동 ***-** ,2024-02-26 10:26:27
4060000,406000001320250001,2025-06-04,,영업/정상,,,,,,,10884,서준 코퍼레이션,I,000,2026-03-26 22:40:22,"경기도 파주시 노을빛로 ***-*, ***호 (문발동)",정상,0000,01,,174022.660529011    ,468586.897964765    ,경기도 파주시 문발동 ***-* ,2025-06-04 10:40:20
4060000,406000001320250002,2025-06-11,,영업/정상,,,,,,,10928,썬에이블,I,000,2026-03-26 22:40:22,"경기도 파주시 시청로 *-**, *층 (금촌동)",정상,0000,01,,180023.258540746    ,472937.367638959    ,경기도 파주시 금촌동 ***-** ,2025-06-11 19:11:18
4060000,406000001320260001,2026-01-05,,영업/정상,,,,,,,10908,유니바이오,I,000,2026-03-26 22:40:22,"경기도 파주시 경의로 ****, ***호 (야당동)",정상,0000,01,0319456321,178789.285831218    ,468219.267968005    ,경기도 파주시 야당동 **** ,2026-01-05 16:26:13
4060000,406000001320220004,2022-05-13,,폐업,2023-08-29,,,,,,10892,(주)이마트에브리데이 파주운정점,I,L00,2026-03-26 22:40:21,"경기도 파주시 청암로**번길 **, 지하*층 ***호 (목동동)",폐업,0002,03,0319530021,176493.286789745    ,469604.449861429    ,경기도 파주시 목동동 *** ,2023-08-30 09:10:37
4060000,406000001320030001,2002-11-04,,폐업,2013-10-15,,,,0,,,주(현대의료기기),I,L00,2026-03-26 22:40:20,경기도 파주시 파주읍 우계로 ***-*,폐업,0002,03,,183791.309577933    ,481601.753522579    ,경기도 파주시 파주읍 파주리 ***-* ,2013-10-15 11:33:46
4060000,406000001320220001,2022-02-16,,폐업,2022-03-10,,,,,,10839,이마트24  파주부곡점,I,000,2026-03-26 22:40:21,"경기도 파주시 파주읍 정문로***번길 *, 이마트** 파주부곡점",폐업,0002,03,0319530733,184041.077564858    ,478533.139921887    ,경기도 파주시 파주읍 부곡리 *** ,2022-03-10 14:13:43
4060000,406000001320220006,2022-05-18,,폐업,2025-07-31,,,,,,10816,(주)홈플러스 파주문산점,I,L00,2026-03-26 22:40:21,"경기도 파주시 문산읍 방촌로 ****, 홈플러스",폐업,0002,03,0319608000,181002.777532337    ,485203.012122524    ,경기도 파주시 문산읍 당동리 *** 홈플러스 ,2025-07-31 14:52:39
4060000,406000001320220007,2022-05-18,,폐업,2023-11-21,,,,,,10948,(주)이마트에브리데이 광탄점,I,L00,2026-03-26 22:40:21,경기도 파주시 광탄면 큰여울길 **,폐업,0002,03,0319471923,186601.793372607    ,475319.542751513    ,경기도 파주시 광탄면 신산리 ***-** ,2023-11-21 15:33:19
4060000,406000001320220008,2022-05-18,,폐업,2023-11-27,,,,,,10850,(주)이마트에브리데이 팜스프링점,I,L00,2026-03-26 22:40:21,경기도 파주시 시청로 ***(아동동),폐업,0002,03,0319489489,180355.254248507    ,474266.843537213    ,경기도 파주시 아동동 ***-* ,2023-11-27 10:00:40
4060000,406000001320220009,2022-05-20,,폐업,2023-11-21,,,,,,10826,(주)이마트에브리데이 법원점,I,L00,2026-03-26 22:40:21,경기도 파주시 법원읍 술이홀로 ***,폐업,0002,03,0319589585,188893.070906078    ,483218.744960938    ,경기도 파주시 법원읍 법원리 ***-* ,2023-11-21 15:35:53
4060000,406000001320220010,2022-05-20,,폐업,2023-09-11,,,,,,10937,(주)이마트에브리데이 봉일천점,I,L00,2026-03-26 22:40:21,경기도 파주시 조리읍 고봉로 ****,폐업,0002,03,0319448999,183009.657759053    ,471137.19958443     ,경기도 파주시 조리읍 봉일천리 ***-** ,2023-09-11 09:08:20
4060000,406000001320220011,2022-05-25,,폐업,2023-11-21,,,,,,10861,(주)이마트에브리데이 통일동산점,I,L00,2026-03-26 22:40:21,경기도 파주시 탄현면 사슴벌레로**번길 **,폐업,0002,03,0319576957,173337.228514798    ,475370.753451772    ,경기도 파주시 탄현면 법흥리 **** ,2023-11-21 10:38:04
4060000,406000001320040001,2004-06-28,,영업/정상,,,,,0,,10927,대한가축약품,I,000,2026-03-26 22:40:20,경기도 파주시 평화로 **-* (금촌동),정상,0000,01,0319463318,179767.805644148    ,473175.973540751    ,경기도 파주시 금촌동 ***-* ,2019-02-12 11:41:33
4070000,407000001320140001,2014-03-19,,영업/정상,,,,,146.26,,17403,주식회사 리치피그,I,L00,2026-03-26 22:38:09,경기도 이천시 부발읍 경충대로****번길 **,정상,0000,01,0316368931,245201.761739511    ,415519.276061598    ,경기도 이천시 부발읍 응암리 *-* ,2021-06-01 11:18:45
4070000,407000001320220001,2022-05-19,,폐업,2023-11-30,,,,,,17375,이마트에브리데이 이천점,I,L00,2026-03-26 22:38:09,경기도 이천시 중리천로 **(중리동),폐업,0002,03,03316380017,238934.316946629    ,419876.035365793    ,경기도 이천시 중리동 **-* ,2023-11-30 17:50:18
4070000,407000001320200001,2020-12-04,,영업/정상,,,,,,,17370,야옹아 멍멍해봐 이천점,I,000,2026-03-26 22:38:09,경기도 이천시 영창로 ***-* (창전동),정상,0000,01,,239738.21027769     ,419924.845038255    ,경기도 이천시 창전동 ***-* ,2020-12-04 14:34:10
4070000,407000001320210001,2021-02-19,,영업/정상,,,,,,,17362,올바른영양,I,000,2026-03-26 22:38:09,"경기도 이천시 안흥로 **-**, C동 *층 ***호 (갈산동, JK팰리스)",정상,0000,01,,240221.458189029    ,420039.720477723    ,경기도 이천시 갈산동 ***-* JK팰리스 ,2021-02-19 17:10:21
4070000,407000001320210002,2021-06-28,,영업/정상,,,,,,,17316,위드벳(주),I,000,2026-03-26 22:38:09,경기도 이천시 백사면 청백리로**번길 **-**,정상,0000,01,,241723.063341747    ,423120.765140573    ,경기도 이천시 백사면 모전리 **-* ,2021-06-28 17:50:16
4070000,407000001320220003,2022-09-07,,영업/정상,,,,,,,17374,(주)티에스 제네틱스,I,000,2026-03-26 22:38:09,"경기도 이천시 어재연로 **, *층 (중리동)",정상,0000,01,,239348.748537525    ,419751.787872235    ,경기도 이천시 중리동 *** ,2023-03-17 15:55:55
4070000,407000001320230001,2023-02-01,,영업/정상,,,,,,,17307,젠솔,I,000,2026-03-26 22:38:09,"경기도 이천시 신둔면 서이천로 ***, *층",정상,0000,01,,235214.368635336    ,421645.970048997    ,경기도 이천시 신둔면 수남리 *** ,2023-02-01 09:48:48
4070000,407000001320230002,2023-02-01,,영업/정상,,,,,,,17300,주식회사 에스지테크놀로지 지점,I,000,2026-03-26 22:38:09,"경기도 이천시 신둔면 원적로 ***, *층 ***호",정상,0000,01,07041764203,238562.602374871    ,424334.627760544    ,경기도 이천시 신둔면 도암리 ***-* ***호,2023-02-01 10:13:00
4070000,407000001320230003,2023-02-01,,영업/정상,,,,,,,17300,휘 컴퍼니,I,000,2026-03-26 22:38:09,"경기도 이천시 신둔면 원적로 ***, ***호",정상,0000,01,,238562.602374871    ,424334.627760544    ,경기도 이천시 신둔면 도암리 ***-* ***호,2023-02-01 10:19:03
4070000,407000001320230004,2023-04-11,,영업/정상,,,,,225.54,,17413,(주)동진비엘에스,I,L00,2026-03-26 22:38:09,경기도 이천시 설성면 신암로 **-**,정상,0000,01,0317656245,248970.136034762    ,403502.965585224    ,경기도 이천시 설성면 신필리 ***-* ,2023-04-11 11:22:44
4070000,407000001320230005,2023-08-29,,영업/정상,,,,,,,17371,견생냥품 무인24시 창전동점,I,000,2026-03-26 22:38:09,경기도 이천시 애련정로 **-* (창전동),정상,0000,01,,239889.149249141    ,419696.260768275    ,경기도 이천시 창전동 ***-** ,2023-08-29 11:18:34
4070000,407000001320240001,2024-03-13,,영업/정상,,,,,,,17399,라움,I,000,2026-03-26 22:38:09,경기도 이천시 진상미로 ****-** (고담동),정상,0000,01,,240298.79491448     ,416083.431268504    ,경기도 이천시 고담동 ***-* ,2024-03-13 16:41:04
4070000,407000001320240002,2024-04-16,,영업/정상,,,,,,,17391,심슨,I,000,2026-03-26 22:38:09,경기도 이천시 구만리로 *** (진리동),정상,0000,01,,239741.064242666    ,418601.857897249    ,경기도 이천시 진리동 ***-** ,2024-04-16 15:08:45
4070000,407000001320240003,2024-10-22,,영업/정상,,,,,,,17399,코코,I,000,2026-03-26 22:38:09,"경기도 이천시 진상미로 ****-**, *층 (고담동)",정상,0000,01,,240298.79491448     ,416083.431268504    ,경기도 이천시 고담동 ***-* ,2024-10-22 13:38:18
4070000,407000001320240004,2024-11-05,,영업/정상,,,,,,,17399,한울,I,000,2026-03-26 22:38:10,경기도 이천시 진상미로 ****-** (고담동),정상,0000,01,,240298.79491448     ,416083.431268504    ,경기도 이천시 고담동 ***-* ,2024-11-05 09:09:36
4070000,407000001320220002,2022-05-19,,폐업,2023-11-30,,,,,,17359,이마트에브리데이 이천갈산점,I,L00,2026-03-26 22:38:09,경기도 이천시 안흥로 **(갈산동),폐업,0002,03,03180112021,240306.158458325    ,420332.156379018    ,경기도 이천시 갈산동 *** ,2023-11-30 17:51:59
4070000,407000001320180001,2018-01-15,,폐업,2020-12-14,,,,,,17303,신화엔텍,I,000,2026-03-26 22:38:09,"경기도 이천시 신둔면 경충대로 ****, ***호",폐업,0002,03,,235611.565581072    ,422825.930859794    ,경기도 이천시 신둔면 수광리 ***-* ,2020-12-14 19:13:40
4070000,407000001320190001,2019-07-16,,영업/정상,,,,,,,17384,비포유동물병원,I,000,2026-03-26 22:38:09,경기도 이천시 마장면 중부대로 ***,정상,0000,01,0316388803,236078.108247837    ,416893.567839846    ,경기도 이천시 마장면 표교리 **-* ,2019-07-16 15:20:46
4080000,408000001320230002,2023-08-23,,폐업,2026-02-04,,,,40.28,,17561,견생냥품 무인24시 안성 공도점,I,000,2026-03-26 22:36:51,"경기도 안성시 공도읍 공도로 **-**, ***호",폐업,0002,03,,214722.026548868    ,388746.196588171    ,경기도 안성시 공도읍 용두리 ***-* ***호,2026-02-04 15:05:54
4080000,408000001320120001,2012-08-31,,영업/정상,,,,,222,,17600,(주)케이엠,I,L00,2026-03-26 22:36:51,경기도 안성시 미양면 협동단지길 ***,정상,0000,01,0316788808,220648.61451311     ,384631.98254676     ,경기도 안성시 미양면 보체리 ***-* ,2012-08-31 16:17:57
4080000,408000001320150001,2015-05-13,,영업/정상,,,,,192,,17595,(주)가온테크솔루션,I,L00,2026-03-26 22:36:51,경기도 안성시 안성맞춤대로 *** (도기동),정상,0000,01,0316740947,223717.249775615    ,388865.232565258    ,경기도 안성시 도기동 * ,2015-05-13 14:08:13
4080000,408000001320200001,2020-11-23,,영업/정상,,,,,599.67,,17607,(주)솔벳,I,000,2026-03-26 22:36:51,경기도 안성시 서운면 제*산단*로 **,정상,0000,01,,222872.039587522    ,383555.251856824    ,경기도 안성시 서운면 양촌리 *** ,2022-01-12 13:17:07
4080000,408000001320220002,2022-06-21,,영업/정상,,,,,,,17529,농업회사법인 주식회사 다비육종,I,L00,2026-03-26 22:36:51,"경기도 안성시 일죽면 서동대로 ****-*, *층",정상,0000,01,0316725660,241426.756832809    ,398710.772714351    ,경기도 안성시 일죽면 송천리 *** ,2022-06-21 13:22:01
4080000,408000001320220003,2022-07-14,,영업/정상,,,,,,,17508,(주)인동B&G,I,L00,2026-03-26 22:36:51,경기도 안성시 보개면 문화예술로 **,정상,0000,01,0316715505,227962.727779935    ,391158.990820143    ,경기도 안성시 보개면 내방리 **-* ,2022-07-14 16:33:40
4080000,408000001320220004,2022-12-08,,폐업,2023-05-18,,,,,,17607,바이오-엔,I,000,2026-03-26 22:36:51,"경기도 안성시 서운면 제*산단*로 **, A동 *층 ***호",폐업,0002,03,,222872.039587522    ,383555.251856824    ,경기도 안성시 서운면 양촌리 *** A동 ***호,2023-05-18 16:22:47
4080000,408000001320230003,2023-08-23,,영업/정상,,,,,31.45,,17577,견생냥품 무인24시 안성 아양점,I,000,2026-03-26 22:36:51,"경기도 안성시 아양*로 **-**, 해송프라자 ***호 (옥산동)",정상,0000,01,,222862.291075005    ,389523.3176668      ,경기도 안성시 옥산동 ***-* ***호,2023-08-23 13:38:02
4080000,408000001320160001,2016-02-02,,폐업,2016-03-31,,,,310,,17585,(주)웰빙에이드,I,000,2026-03-26 22:36:51,경기도 안성시 보개원삼로 *** (가사동),폐업,0002,03,,,,,2016-03-31 14:44:43
4080000,408000001320160002,2016-04-04,,폐업,2020-12-01,,,,310,,17585,(주)바이오라인,I,000,2026-03-26 22:36:51,경기도 안성시 보개원삼로 ***-* (가사동),폐업,0002,03,0316777960,225468.747446689    ,390312.079705181    ,경기도 안성시 가사동 **-* ,2020-12-01 19:44:26
4080000,408000001320210001,2021-04-20,,폐업,2023-06-13,,,,278.64,,17548,(주)엠엔비물산 안성지점,I,L00,2026-03-26 22:36:51,"경기도 안성시 공도읍 서동대로 ****-*, *동 *층 *호",폐업,0002,03,07088694286,217463.151857493    ,389722.762599181    ,경기도 안성시 공도읍 마정리 ***-* ,2023-06-13 16:24:31
4080000,408000001320210002,2021-09-28,,폐업,2022-07-21,,,,,,17534,미래상사,I,000,2026-03-26 22:36:51,경기도 안성시 금광면 사흥길 ***,폐업,0002,03,0316713218,232147.464622171    ,388744.595697016    ,경기도 안성시 금광면 사흥리 ***-* ,2022-07-22 13:03:21
4080000,408000001320220001,2022-06-16,,폐업,2025-01-31,,,,,,17556,더큐브 주식회사,I,L00,2026-03-26 22:36:51,"경기도 안성시 원곡면 청원로 ****-**, *층",폐업,0002,03,,210211.890425681    ,393241.76942125     ,경기도 안성시 원곡면 내가천리 ***-** ,2025-01-31 14:24:55
4080000,408000001320230001,2023-06-19,,영업/정상,,,,,,,17548,장보는 강아지와 고양이 안성본점,I,L00,2026-03-26 22:36:51,"경기도 안성시 공도읍 서동대로 ****-*, ***호",정상,0000,01,07088674286,217463.151857493    ,389722.762599181    ,경기도 안성시 공도읍 마정리 ***-* ,2023-06-20 11:35:15
4090000,409000001320110002,2010-06-02,,영업/정상,2012-10-31,,,,0,,,(주)에스엘케이,I,L00,2025-12-15 16:15:28,,정상,0000,01,,175303.923515042    ,457443.246844598    ,경기도 김포시 사우동 *** 서울메디칼센터 *** ,2012-11-13 17:06:57
4090000,409000001320260007,2026-05-19,,영업/정상,,,,,,,10023,루비엔메디칼주식회사,I,000,2026-05-20 21:02:20,경기도 김포시 월곶면 비석동로 **-*,정상,0000,01,,161964.994241838    ,467058.193995892    ,경기도 김포시 월곶면 갈산리 ***-** ,2026-05-19 09:29:58
4090000,409000001320260002,2026-04-07,,영업/정상,,,,,,,10113,에이케이바이오주식회사,I,000,2026-04-08 21:02:23,"경기도 김포시 양도로**번길 **, ***호 (풍무동)",정상,0000,01,,175651.474579398    ,456284.822080925    ,경기도 김포시 풍무동 *** ,2026-04-07 10:48:19
4090000,409000001320260006,2026-05-12,,영업/정상,,,,,,,10023,에이앤씨헬스케어주식회사,I,000,2026-05-13 21:02:20,경기도 김포시 월곶면 비석동로 **-*,정상,0000,01,,161964.994241838    ,467058.193995892    ,경기도 김포시 월곶면 갈산리 ***-** ,2026-05-12 09:11:07
4090000,409000001320260001,2026-03-04,,영업/정상,,,,,,,10090,(주)오로,I,000,2026-03-05 21:02:22,"경기도 김포시 태장로 ***, 금광하이테크씨티 ***~***호 (장기동)",정상,0000,01,0215225438,171699.112051192    ,459580.929709252    ,경기도 김포시 장기동 ****-* ,2026-03-04 14:41:28
4090000,409000001320260005,2026-05-11,,영업/정상,,,,,,,10019,천풍동물약품상사,I,000,2026-05-12 21:02:20,경기도 김포시 통진읍 김포대로****번길 *,정상,0000,01,,164370.187502646    ,465410.488206399    ,경기도 김포시 통진읍 마송리 ***-** ,2026-05-11 13:06:26
4090000,409000001320030001,2003-05-20,,영업/정상,,,,,0,,,(주) 성원,I,L00,2025-12-15 16:15:28,,정상,0000,01,,164823.636863845    ,466602.525450853    ,경기도 김포시 통진읍 서암리 ***-* ,2004-01-27 17:38:47
4090000,409000001320040001,2004-06-09,,영업/정상,,,,,0,,,(주)성원,I,000,2025-12-15 16:15:28,,정상,0000,01,,164823.636863845    ,466602.525450853    ,경기도 김포시 통진읍 서암리 ***-* ,2004-06-09 10:46:18
4090000,409000001320110001,2010-06-02,,영업/정상,,,,,0,,,(주)에스엘케이,I,000,2025-12-15 16:15:28,,정상,0000,01,,175303.923515042    ,457443.246844598    ,경기도 김포시 사우동 *** 서울메디칼센터 *** ,2011-06-21 18:16:24
4090000,409000001320140001,2014-10-27,,영업/정상,,,,,232,,10110,주식회사 프라임헬스케어,I,L00,2025-12-15 16:15:28,"경기도 김포시 김포대로 *** (사우동, 서울메디컬센터 *층 ***호)",정상,0000,01,023222748,175303.923515042    ,457443.246844598    ,경기도 김포시 사우동 *** 서울메디컬센터 *층 ***호 ,2014-10-27 19:48:49
4090000,409000001320160002,2016-02-22,,영업/정상,,,,,,,10126,(주)코레스글로벌,I,000,2025-12-15 16:15:28,"경기도 김포시 고촌읍 장차로**번길 **, ***호 (세종프라자)",정상,0000,01,0263792004,179539.301134652    ,455740.47159469     ,,2016-02-22 16:33:27
4090000,409000001320190001,2019-04-23,,영업/정상,,,,,198,,10013,팔팔종합상사,I,000,2025-12-15 16:15:28,"경기도 김포시 하성면 월하로 ***-**, 가동",정상,0000,01,0319882488,169171.592322181    ,467229.229032625    ,경기도 김포시 하성면 전류리 ***-** ,2020-08-07 17:33:01
4090000,409000001320200001,2020-03-25,,영업/정상,,,,,,,10126,주식회사 더베스트팀,I,L00,2025-12-15 16:15:28,"경기도 김포시 고촌읍 장차로*번길 *-**, 엔타운 *층 ***호",정상,0000,01,07043004585,179487.725476277    ,455662.922346169    ,경기도 김포시 고촌읍 신곡리 ****-* 엔타운 ,2020-03-25 11:28:48
4090000,409000001320210001,2021-05-10,,영업/정상,,,,,,,10013,e-마트24편의점,I,000,2025-12-15 16:15:28,"경기도 김포시 하성면 월하로 ***, ***호",정상,0000,01,0319878872,169416.660726968    ,467128.198750781    ,경기도 김포시 하성면 전류리 ***-* ***호,2021-05-10 12:46:20
4090000,409000001320210002,2021-06-21,,영업/정상,,,,,,,10090,메디테크,I,000,2025-12-15 16:15:28,"경기도 김포시 태장로 ***, 테라비즈타워 ***호 (장기동)",정상,0000,01,,171957.748025835    ,459869.636731823    ,경기도 김포시 장기동 ****-* 테라비즈타워 ***호,2021-06-21 09:45:27
4090000,409000001320210003,2021-10-05,,영업/정상,,,,,,,10071,단테스펫패밀리,I,000,2025-12-15 16:15:28,"경기도 김포시 김포한강*로 ***, ***호 (구래동)",정상,0000,01,,166969.328528053    ,460460.497041275    ,경기도 김포시 구래동 ****-* ,2021-10-05 11:51:57
4090000,409000001320220001,2022-02-21,,영업/정상,,,,,159.77,,10132,우리펫,I,000,2025-12-15 16:15:28,경기도 김포시 고촌읍 인향로 ***,정상,0000,01,,178523.490004786    ,453676.772657543    ,경기도 김포시 고촌읍 태리 **** ,2022-02-21 16:12:16
4090000,409000001320220002,2022-05-17,,영업/정상,,,,,,,10102,홈플러스(주) 김포점,I,L00,2025-12-15 16:15:28,경기도 김포시 중봉로 **(감정동),정상,0000,01,0319998000,173328.23709684     ,457991.128265107    ,경기도 김포시 감정동 *** ,2024-02-28 17:39:26
4090000,409000001320220013,2022-11-15,,영업/정상,,,,,,,10046,마리펫,I,000,2025-12-15 16:15:28,경기도 김포시 대곶면 대곶남로 ***,정상,0000,01,,164295.741451717    ,458789.740313494    ,경기도 김포시 대곶면 대능리 ***-* ,2022-11-15 19:16:08
4090000,409000001320230001,2023-07-17,,영업/정상,,,,,,,10025,(주)아하토이,I,L00,2025-12-15 16:15:28,경기도 김포시 월곶면 대곶로***번길 **,정상,0000,01,0319968787,161042.266175401    ,465246.313530373    ,경기도 김포시 월곶면 고양리 ***-* ,2023-07-17 15:32:51
4090000,409000001320230002,2023-08-24,,영업/정상,,,,,,,10066,견생냥품 무인24시 김포 구래역점,I,000,2025-12-15 16:15:28,"경기도 김포시 김포한강*로 ***, 판매시설동 *층 ****호 (구래동, 한강신도시 반도유보라 *차)",정상,0000,01,,167285.39175785     ,460502.685587242    ,경기도 김포시 구래동 ****-* 한강신도시 반도유보라 *차 ,2023-08-24 11:22:17
4090000,409000001320230003,2023-10-11,,영업/정상,,,,,,,10027,개과천선,I,000,2025-12-15 16:15:28,경기도 김포시 대곶면 대곶로***번길 **-**,정상,0000,01,07047337777,161130.63575069     ,462282.906003343    ,경기도 김포시 대곶면 송마리 ***-** ,2023-10-12 18:13:26
4090000,409000001320240001,2024-03-05,,영업/정상,,,,,,,10010,이노진텍,I,L00,2025-12-15 16:15:28,경기도 김포시 통진읍 월하로 ***-*,정상,0000,01,0319886095,166158.210585543    ,467603.665591851    ,경기도 김포시 통진읍 귀전리 ***-* ,2024-03-05 13:30:52
4090000,409000001320240004,2024-04-26,,영업/정상,,,,,,,10069,주식회사 비앤티,I,L00,2025-12-15 16:15:28,경기도 김포시 양촌읍 향동로**번길 **,정상,0000,01,,167771.160544675    ,457915.814174763    ,경기도 김포시 양촌읍 대포리 **-* ,2024-04-26 11:09:05
4090000,409000001320240005,2024-04-26,,영업/정상,,,,,,,10069,주식회사 에이치알엠디,I,L00,2025-12-15 16:15:28,"경기도 김포시 양촌읍 향동로**번길 **-*, *층",정상,0000,01,0269493554,167719.357409991    ,457996.611378057    ,경기도 김포시 양촌읍 대포리 **-* ,2024-04-26 11:35:47
4090000,409000001320240006,2024-05-20,,영업/정상,,,,,,,10083,일로뉴미디어,I,000,2025-12-15 16:15:28,"경기도 김포시 김포한강*로**번길 **, ***-**호 (장기동)",정상,0000,01,07080647416,170600.524360269    ,460226.55962138     ,경기도 김포시 장기동 **** ,2024-05-20 16:04:16
4090000,409000001320240007,2024-07-11,,영업/정상,,,,,,,10037,주식회사 매드메이드,I,L00,2025-12-15 16:15:28,경기도 김포시 양촌읍 불당로**번길 **,정상,0000,01,,165587.799891511    ,463094.870932824    ,경기도 김포시 양촌읍 흥신리 ***-** ,2024-07-11 10:10:25
4090000,409000001320240008,2024-10-18,,영업/정상,,,,,,,10126,주식회사 그린비컴퍼니,I,L00,2025-12-15 16:15:28,"경기도 김포시 고촌읍 장차로**번길 **, 세종프라자 ***-****호",정상,0000,01,07077701617,179539.301134652    ,455740.47159469     ,경기도 김포시 고촌읍 신곡리 ****-* 세종프라자 ,2024-10-18 10:18:02
4090000,409000001320250001,2025-01-24,,영업/정상,,,,,,,10126,차가운탁구공,I,000,2025-12-15 16:15:28,"경기도 김포시 고촌읍 장차로*번길 *-**, 엔타운 *층 ***-*호",정상,0000,01,,179487.725476277    ,455662.922346169    ,경기도 김포시 고촌읍 신곡리 ****-* 엔타운 ,2025-01-24 16:00:37
4090000,409000001320250002,2025-02-13,,영업/정상,,,,,,,10099,지원시스템,I,000,2025-12-15 16:15:28,"경기도 김포시 걸포*로 **, *동 *층 ***호 (걸포동, 한강메트로자이*단지)",정상,0000,01,,173419.275201329    ,459211.940984995    ,경기도 김포시 걸포동 **** 한강메트로자이*단지 ,2025-02-13 19:53:22
4090000,409000001320250003,2025-04-22,,영업/정상,,,,,,,10126,씨에이치에이,I,000,2025-12-15 16:15:28,"경기도 김포시 고촌읍 장차로 **, 우성빌딩 ***호",정상,0000,01,,179657.500904553    ,455696.733746359    ,경기도 김포시 고촌읍 신곡리 ***-* ,2025-04-22 10:57:03
4090000,409000001320250004,2025-08-28,,영업/정상,,,,,,,10067,플레이파니,I,000,2025-12-15 16:15:28,"경기도 김포시 김포한강*로**번길 **, ***동 *층 ***호 (마산동, 한강 힐스테이트)",정상,0000,01,,167577.811661601    ,459728.380632244    ,경기도 김포시 마산동 ***-* 한강 힐스테이트 ,2025-08-28 10:58:58
4090000,409000001320250005,2025-12-05,,영업/정상,,,,,,,10069,주식회사 라움인터내셔널,U,L00,2026-04-16 03:03:03,"경기도 김포시 양촌읍 향동로**번길 **-*, *층 *호",정상,0000,01,,167719.357409991    ,457996.611378057    ,경기도 김포시 양촌읍 대포리 **-* ,2026-04-15 13:09:03
4090000,409000001320260004,2026-05-06,,영업/정상,,,,,,,10019,천풍동물병원,I,000,2026-05-07 21:02:23,경기도 김포시 통진읍 김포대로 ****,정상,0000,01,0319870411,164362.684414923    ,465427.27445593     ,경기도 김포시 통진읍 마송리 ***-* ,2026-05-06 10:16:09
4090000,409000001320200002,2020-10-19,,폐업,2023-06-09,,,,,,10071,주식회사 와이더블유벤쳐스,I,L00,2025-12-15 16:15:28,"경기도 김포시 김포한강*로**번길 ***, *층 ***호 (구래동)",폐업,0002,03,07076223720,166674.937426532    ,460322.435722032    ,경기도 김포시 구래동 ****-* ,2023-06-12 13:50:01
4090000,409000001320220003,2022-05-18,,폐업,2023-12-11,,,,,,10068,(주)이마트에브리데이 김포양곡점,I,L00,2025-12-15 16:15:28,"경기도 김포시 김포한강*로 ***, *층 (마산동)",폐업,0002,03,0319972791,168434.673635489    ,459433.509696334    ,경기도 김포시 마산동 ***-* ,2023-12-12 10:32:14
4090000,409000001320220004,2022-05-18,,폐업,2023-12-05,,,,,,10126,(주)이마트에브리데이 고촌점,I,L00,2025-12-15 16:15:28,"경기도 김포시 고촌읍 장차로**번길 **, 세종프라자 *층",폐업,0002,03,0319851611,179539.301134652    ,455740.47159469     ,경기도 김포시 고촌읍 신곡리 ****-* 세종프라자 ,2023-12-05 11:43:11
4090000,409000001320220005,2022-05-18,,폐업,2022-12-27,,,,,,10129,(주)이마트에브리데이 고촌2점,I,L00,2025-12-15 16:15:28,경기도 김포시 고촌읍 수기로 **,폐업,0002,03,0319964270,179196.131575105    ,455161.235706168    ,경기도 김포시 고촌읍 신곡리 ***-* ,2022-12-26 19:09:48
4090000,409000001320220006,2022-05-19,,폐업,2023-12-05,,,,,,,(주)이마트에브리데이 김포자이점,I,L00,2025-12-15 16:15:28,,폐업,0002,03,03180490884,,,경기도 김포시 걸포동 *** 상가B동 ***호,2023-12-05 11:44:20
4090000,409000001320220007,2022-05-19,,폐업,2023-12-04,,,,,,10120,(주)이마트에브리데이 풍무2점,I,L00,2025-12-15 16:15:28,경기도 김포시 풍무로 **(풍무동),폐업,0002,03,0319861621,175368.585578201    ,455481.146546885    ,경기도 김포시 풍무동 *** ,2023-12-12 10:31:28
4090000,409000001320220008,2022-05-20,,폐업,2023-11-28,,,,,,10073,(주)이마트에브리데이 김포한강점,I,L00,2025-12-15 16:15:28,"경기도 김포시 김포한강*로 ***, 광장프라자 *층 (운양동)",폐업,0002,03,0319968309,171926.505335502    ,461354.759200826    ,경기도 김포시 운양동 ****-* 광장프라자 ,2023-11-29 09:48:58
4090000,409000001320220009,2022-05-30,,폐업,2023-01-25,,,,,,10067,유니커뮤니케이션,I,000,2025-12-15 16:15:28,"경기도 김포시 김포한강*로 ***, ***동 ****호 (마산동, 김포한강엘에이치솔터마을*단지)",폐업,0002,03,,167427.131721075    ,460019.476856556    ,경기도 김포시 마산동 ***-** 김포한강엘에이치솔터마을*단지 ,2023-01-27 14:51:31
4090000,409000001320220010,2022-07-29,,폐업,2023-03-06,,,,89.28,,10090,거라기획,I,000,2025-12-15 16:15:28,"경기도 김포시 태장로***번길 **, 김포 마스터비즈파크 ***호 (장기동)",폐업,0002,03,,171765.774820797    ,459548.190626633    ,경기도 김포시 장기동 ****-* ,2023-03-08 20:36:40
4090000,409000001320220011,2022-07-29,,폐업,2024-05-24,,,,,,10069,주식회사 심우,I,L00,2025-12-15 16:15:28,경기도 김포시 양촌읍 향동로**번길 **-*,폐업,0002,03,,167719.357409991    ,457996.611378057    ,경기도 김포시 양촌읍 대포리 **-* ,2024-06-11 16:35:17
4090000,409000001320220012,2022-11-15,,폐업,2023-12-01,,,,,,10071,보경테크,I,000,2025-12-15 16:15:28,"경기도 김포시 김포한강**로***번길 **,  B동 **호 (구래동)",폐업,0002,03,,166451.21936166     ,459800.345247576    ,경기도 김포시 구래동 ****-** ,2023-12-06 14:18:16
4090000,409000001320260003,2026-05-02,,영업/정상,,,,,,,10091,메디큐,I,000,2026-05-03 21:02:24,"경기도 김포시 태장로 ***, ***동 ****호 (장기동, 한강센트럴자이*단지)",정상,0000,01,,171516.563910204    ,459061.513399166    ,경기도 김포시 장기동 **** 한강센트럴자이*단지 ,2026-05-02 12:50:41
4140000,414000001320240001,2024-05-02,,영업/정상,,,,,,,11000,태초에,I,000,2026-03-26 22:30:37,경기도 연천군 신서면 도대로*번길 **,정상,0000,01,,209342.466210357    ,520321.085889429    ,경기도 연천군 신서면 도신리 ***-** ,2024-05-02 08:58:22
4160000,416000001320260001,2026-01-23,,영업/정상,,,,,,,12445,엔랩,I,000,2026-01-24 21:02:20,경기도 가평군 상면 축령로**번길 ***-**,정상,0000,01,,231408.320665981    ,475879.015533493    ,경기도 가평군 상면 항사리 ***-** ,2026-01-23 15:46:21
4170000,417000001320230001,2023-01-27,,영업/정상,,,,,,,12508,보이스,I,000,2026-03-26 22:36:01,"경기도 양평군 옥천면 경강로 ****-**, ***호",정상,0000,01,,239180.281682902    ,445485.214683342    ,경기도 양평군 옥천면 아신리 ***-* ***호,2023-02-01 14:47:28
4170000,417000001320230002,2023-02-24,,영업/정상,,,,,39.29,,12541,다물,I,000,2026-03-26 22:36:01,경기도 양평군 지평면 지평시장*길 *,정상,0000,01,,256290.371152252    ,441544.540050488    ,경기도 양평군 지평면 지평리 ***-* ,2025-05-20 16:34:07
4170000,417000001320250001,2025-05-22,,영업/정상,,,,,21.28,,12538,에이커머스비즈,I,000,2026-03-26 22:36:01,경기도 양평군 양동면 단석요곡*길 ***-*,정상,0000,01,,,,경기도 양평군 양동면 단석리 ***-* ,2025-05-22 13:52:00
4170000,417000001320250002,2025-07-31,,영업/정상,,,,,80.74,,12553,샤인디,I,000,2026-03-26 22:36:01,"경기도 양평군 양평읍 역전길 **, ***동 **층 *호 (센트럴파크 써밋)",정상,0000,01,,243204.227777098    ,443643.068201542    ,경기도 양평군 양평읍 양근리 *** 센트럴파크 써밋 ,2025-07-31 09:42:44
4170000,417000001320260001,2026-02-04,,영업/정상,,,,,128,,12511,이에스 스토어(ES Store),I,000,2026-03-26 22:36:01,경기도 양평군 용문면 적현*길 **-*,정상,0000,01,,254675.177690574    ,447216.450020744    ,경기도 양평군 용문면 조현리 **-* ,2026-02-04 15:16:59
4170000,417000001320260002,2026-06-26,,영업/정상,,,,,,,12544,비앙카,I,000,2026-06-27 21:32:20,경기도 양평군 지평면 사일마을길 **,정상,0000,01,,254778.71733595     ,438156.472766486    ,경기도 양평군 지평면 옥현리 ****-* ,2026-06-26 17:58:14
4181000,418000001320230001,2023-04-05,,영업/정상,,,,,,,24370,유니테크,I,000,2025-12-15 16:15:28,강원특별자치도 춘천시 남춘천길 ** (퇴계동),정상,0000,01,0332635663,263925.839639694    ,484944.829148457    ,강원특별자치도 춘천시 퇴계동 ****-* ,2023-04-05 09:31:36
4181000,418000001320230002,2023-05-22,,영업/정상,,,,,,,24360,인투랩,I,000,2025-12-15 16:15:28,"강원특별자치도 춘천시 영서로 ****, 청암빌딩 *층 (근화동)",정상,0000,01,0332440513,262778.120568361    ,485879.524011517    ,강원특별자치도 춘천시 근화동 ***-* ,2023-05-22 09:08:19
4181000,418100001320230001,2023-06-30,,영업/정상,,,,,,,24232,(주)이든바이오텍,I,000,2025-12-15 16:15:28,"강원특별자치도 춘천시 후석로***번길 *, 춘천하이테크타워 ***,***호 (후평동)",정상,0000,01,0332563385,265274.938029442    ,491829.373809085    ,강원특별자치도 춘천시 신북읍 율문리 ***-* ,2024-01-10 09:22:53
4181000,418100001320230002,2023-08-18,,영업/정상,,,,,,,24329,(주)리바이오,I,000,2025-12-15 16:15:28,"강원특별자치도 춘천시 춘천로 ***, 메가시티 *층 ***호 (효자동)",정상,0000,01,,264625.007546706    ,486195.45439825     ,강원특별자치도 춘천시 효자동 ***-* ,2023-08-18 12:56:03
4181000,418100001320230003,2023-11-27,,영업/정상,,,,,,,24407,(주)엘티솔루션,I,000,2025-12-15 16:15:28,강원특별자치도 춘천시 동내면 동내로 ***,정상,0000,01,0332550005,267432.385957872    ,483414.738601967    ,강원특별자치도 춘천시 동내면 신촌리 ***-* ,2023-11-27 12:35:12
4181000,418100001320230004,2023-12-14,,영업/정상,,,,,,,24272,원바이오젠,I,000,2025-12-15 16:15:28,"강원특별자치도 춘천시 소양고개길 **, *층 ****호 (요선동)",정상,0000,01,07075659095,263885.897682568    ,486855.695116577    ,강원특별자치도 춘천시 요선동 **-* ,2023-12-14 10:00:49
4181000,418100001320240001,2024-06-05,,영업/정상,,,,,,,24258,주식회사 금석건설,I,000,2025-12-15 16:15:28,"강원특별자치도 춘천시 삭주로**번길 **-**, *층 (후평동)",정상,0000,01,0332616716,265123.889251398    ,486829.73533059     ,강원특별자치도 춘천시 후평동 ***-** ,2024-06-05 12:06:00
4181000,418100001320240002,2024-10-10,,영업/정상,,,,,,,24370,강원상사,I,000,2025-12-15 16:15:28,"강원특별자치도 춘천시 남춘로 **, 코아루웰라움타워 ***호 (퇴계동)",정상,0000,01,0332422612,264164.138221018    ,484758.925824151    ,강원특별자치도 춘천시 퇴계동 ***-* ***호,2024-10-10 17:10:53
4181000,418100001320250001,2025-03-04,,영업/정상,,,,,,,24394,댕츄리,I,000,2025-12-15 16:15:28,"강원특별자치도 춘천시 새롬공원길*번길 **-*, *층 (석사동)",정상,0000,01,,265623.697365039    ,483792.485359523    ,강원특별자치도 춘천시 석사동 ***-* ,2025-03-04 15:57:22
4181000,418100001320250002,2025-04-02,,영업/정상,,,,,,,24232,엔사이언스,I,000,2025-12-15 16:15:28,"강원특별자치도 춘천시 후석로***번길 *, 춘천하이테크타워 *층 ***호 (후평동)",정상,0000,01,0332574804,265474.842593179    ,487512.552718902    ,강원특별자치도 춘천시 후평동 ***-* ***호,2025-04-02 09:15:22
4181000,418100001320250003,2025-07-22,,영업/정상,,,,,,,24405,테오,I,000,2025-12-15 16:15:28,"강원특별자치도 춘천시 동내면 춘천순환로**번길 **-**, *층",정상,0000,01,0332648546,266388.743926607    ,483731.30804211     ,강원특별자치도 춘천시 동내면 거두리 ***-* ,2025-07-22 09:20:46
4181000,418100001320250004,2025-10-28,,영업/정상,,,,,,,24293,오가노플로라,I,000,2025-12-15 16:15:28,"강원특별자치도 춘천시 서부대성로 ***, *층 ***호 (효자동)",정상,0000,01,,264758.732173488    ,486226.577662528    ,강원특별자치도 춘천시 효자동 ***-* ***호,2025-10-28 14:07:36
4181000,418100001320250005,2025-10-28,,영업/정상,,,,,,,24293,오가노플로라,I,000,2025-12-15 16:15:28,"강원특별자치도 춘천시 서부대성로 ***, *층 ***호 (효자동)",정상,0000,01,,264758.732173488    ,486226.577662528    ,강원특별자치도 춘천시 효자동 ***-* ***호,2025-10-28 14:10:49
4181000,418100001320250006,2025-12-04,,영업/정상,,,,,,,24370,셀젠(celgen),I,000,2025-12-15 16:15:28,"강원특별자치도 춘천시 남춘천길 **, *층 (퇴계동)",정상,0000,01,0332511173,263925.839639694    ,484944.829148457    ,강원특별자치도 춘천시 퇴계동 ****-* ,2025-12-04 12:09:45
4181000,418000001320220002,2022-05-16,,영업/정상,,,,,,,24423,(주)홈플러스 춘천점,I,L00,2025-12-15 16:15:28,"강원특별자치도 춘천시 김유정로 ****, 홈플러스 (퇴계동)",정상,0000,01,0332698000,264597.191878957    ,483368.29049207     ,서울특별시 강서구 등촌동 *** 홈플러스 ,2024-02-26 13:08:46
4181000,418000001320210010,2021-09-13,,영업/정상,,,,,128,,24417,(주)메이즈,I,L00,2025-12-15 16:15:28,"강원특별자치도 춘천시 퇴계공단*길 **-**, *층 (퇴계동)",정상,0000,01,,265499.931967591    ,482399.928903447    ,강원특별자치도 춘천시 퇴계동 **-** ,2022-08-11 11:14:29
4181000,418000001320210009,2021-07-16,,영업/정상,,,,,,,24329,엔서테크,I,000,2025-12-15 16:15:28,"강원특별자치도 춘천시 춘천로 ***, *층 (효자동)",정상,0000,01,,264625.007546706    ,486195.45439825     ,강원특별자치도 춘천시 효자동 ***-* ,2021-07-16 14:27:22
4181000,418000001320210008,2021-07-13,,영업/정상,,,,,,,24342,다온바이오,I,000,2025-12-15 16:15:28,"강원특별자치도 춘천시 백령로 **, *층 ***호 (효자동)",정상,0000,01,07047104218,264754.051241354    ,485318.061119838    ,강원특별자치도 춘천시 효자동 ***-** ***호,2021-07-13 11:51:55
4181000,418000001320210007,2021-05-14,,영업/정상,,,,,,,24408,그린가축약품,I,000,2025-12-15 16:15:28,강원특별자치도 춘천시 동내면 학곡서*길 **-**,정상,0000,01,0332563685,266626.927426385    ,481665.828067359    ,강원특별자치도 춘천시 동내면 학곡리 ***-** ,2021-05-14 17:15:30
4181000,418000001320210006,2021-05-06,,영업/정상,,,,,,,24412,주식회사 일성,I,000,2025-12-15 16:15:28,강원특별자치도 춘천시 신동면 정족*길 *,정상,0000,01,0332563319,264513.895761355    ,481251.378917888    ,강원특별자치도 춘천시 신동면 정족리 ***-* ,2022-01-20 10:30:39
4181000,418000001320210005,2021-04-08,,폐업,2023-12-27,,,,,,24457,주식회사 코리아젠텍,I,000,2025-12-15 16:15:28,"강원특별자치도 춘천시 칠전서길 **-**, *층 (칠전동)",폐업,0002,03,0332610201,262703.645          ,482414.78           ,강원특별자치도 춘천시 칠전동 ***-* *층 ,2024-01-02 15:03:25
4181000,418000001320220001,2022-04-21,,폐업,2023-11-24,,,,,,24221,(주)이마트에브리데이 춘천우두점,I,000,2025-12-15 16:15:28,강원특별자치도 춘천시 우두*길 **(우두동),폐업,0002,03,,264442.06968204     ,489767.458631373    ,강원특별자치도 춘천시 우두동 ****-* ,2023-11-24 17:19:06
4181000,418000001320220003,2022-05-24,,폐업,2023-12-07,,,,,,24415,(주)이마트에브리데이 춘천석사점,I,000,2025-12-15 16:15:28,강원특별자치도 춘천시 영서로 ****(석사동),폐업,0002,03,0338189277,265527.439199047    ,483597.052601334    ,강원특별자치도 춘천시 석사동 ***-* ,2023-12-07 16:10:36
4181000,418000001320210004,2021-03-29,,영업/정상,,,,,,,24421,히어리,I,000,2025-12-15 16:15:28,"강원특별자치도 춘천시 안마산로 ***, ***호 (퇴계동)",정상,0000,01,0332626100,264855.838698284    ,483301.263496797    ,강원특별자치도 춘천시 퇴계동 ** ,2023-03-10 11:39:49
4181000,418000001320210003,2021-03-29,,영업/정상,,,,,,,24417,지에스비,I,000,2025-12-15 16:15:28,"강원특별자치도 춘천시 퇴계공단*길 **-**, *층 (퇴계동)",정상,0000,01,0332630005,265499.931967591    ,482399.928903447    ,강원특별자치도 춘천시 퇴계동 **-** ,2022-07-28 13:23:36
4181000,418000001320210002,2021-01-15,,영업/정상,,,,,,,24420,지노사이언스,I,000,2025-12-15 16:15:28,"강원특별자치도 춘천시 지석로 **-**, *층 D-*호 (퇴계동)",정상,0000,01,0332446969,265346.955057411    ,483293.365700144    ,강원특별자치도 춘천시 퇴계동 **** *층 D-*호,2021-01-15 19:09:09
4181000,418000001320210001,2021-01-07,,영업/정상,,,,,,,24232,강원옵틱,I,000,2025-12-15 16:15:28,"강원특별자치도 춘천시 후석로***번길 *, ***호 (후평동)",정상,0000,01,0332636202,265474.842593179    ,487512.552718902    ,강원특별자치도 춘천시 후평동 ***-* ***호,2022-10-28 13:27:22
4181000,418000001320200003,2020-10-12,,영업/정상,,,,,,,24398,주식회사 애니벳,I,000,2025-12-15 16:15:28,강원특별자치도 춘천시 동내면 거두단지*길 **,정상,0000,01,0332431411,268468.65031588     ,485207.862258781    ,강원특별자치도 춘천시 동내면 거두리 ****-* ,2020-10-12 09:33:02
4181000,418000001320200002,2023-11-24,,영업/정상,,,,,,,24232,주식회사 레메디,I,L00,2025-12-15 16:15:28,"강원특별자치도 춘천시 삭주로***번길 **-**, *층 (후평동)",정상,0000,01,0269305891,265443.572773681    ,488089.692481736    ,강원도 춘천시 후평동 ***-** *층 ,2023-11-24 16:53:17
4181000,418000001320200001,2020-03-17,,영업/정상,,,,,,,24399,㈜코람바이오텍,I,000,2025-12-15 16:15:28,강원특별자치도 춘천시 동내면 거두길 ***-**,정상,0000,01,0332626447,268712.42626135     ,484423.707831319    ,강원특별자치도 춘천시 동내면 거두리 ***-* ,2020-03-17 13:39:02
4181000,418000001320190001,2019-04-09,,영업/정상,,,,,,,24245,주식회사 프라임텍,I,000,2025-12-15 16:15:28,강원특별자치도 춘천시 영서로****번길 * (근화동),정상,0000,01,,262594.659761547    ,486352.456383982    ,강원특별자치도 춘천시 근화동 ***-* ,2019-04-09 15:46:29
4181000,418000001320130001,2013-04-24,,영업/정상,,,,,,,24370,주식회사 케이랩솔루션,I,L00,2025-12-15 16:15:28,"강원특별자치도 춘천시 남춘천길 **-*, *층 (퇴계동)",정상,0000,01,0332617460,263936.647731918    ,484937.566060978    ,강원특별자치도 춘천시 퇴계동 ****-* *층 ,2020-08-28 15:48:06
4181000,418000001320050001,2005-06-08,,영업/정상,,,,,0,,24245,(주)프라임텍,I,000,2025-12-15 16:15:28,강원특별자치도 춘천시 영서로****번길 * (근화동),정상,0000,01,0332446969,262594.659761547    ,486352.456383982    ,강원특별자치도 춘천시 근화동 ***-* ,2019-06-07 09:20:53
4191000,419100001320250002,2025-04-04,,영업/정상,,,,,,,26476,하이크린,I,000,2025-12-15 16:15:28,강원특별자치도 원주시 이화*길 **-** (단계동),정상,0000,01,0337460807,282740.857727645    ,426669.417979124    ,강원특별자치도 원주시 단계동 ***-* ,2025-04-04 09:25:15
4191000,419000001320200002,2020-12-09,,영업/정상,,,,,35.1,,26493,한벳,I,000,2025-12-15 16:15:28,"강원특별자치도 원주시 흥업면 연세대길 *, 연세대학교 산학관 ***호",정상,0000,01,0337427474,279802.842138498    ,420075.310262165    ,강원특별자치도 원주시 흥업면 매지리 **** 연세대학교 ,2020-12-09 16:48:14
4191000,419100001320250004,2025-06-18,,영업/정상,,,,,,,26400,주식회사 예원,I,L00,2025-12-15 16:15:28,"강원특별자치도 원주시 오성마을길 *, *층 (단구동)",정상,0000,01,0337340017,284449.156454058    ,424476.24227334     ,강원특별자치도 원주시 단구동 ****-* ,2025-06-20 17:32:29
4191000,419100001320260001,2026-04-23,,영업/정상,,,,,1782.16,,26358,(주)대한과학,I,L00,2026-04-25 21:02:24,강원특별자치도 원주시 지정면 신평석화로 ***,정상,0000,01,0337377611,277111.12313612     ,433812.358603889    ,강원특별자치도 원주시 지정면 월송리 ***-* ,2026-04-24 10:24:45
4191000,419000001320220001,2022-05-19,,영업/정상,,,,,,,26471,홈플러스(원주점),I,L00,2025-12-15 16:15:28,"강원특별자치도 원주시 치악로 ****, 홈플러스 (관설동)",정상,0000,01,0336498026,285677.402683418    ,424408.068770392    ,강원특별자치도 원주시 관설동 **** 홈플러스 ,2022-05-19 10:03:07
4191000,419000001320230001,2023-02-02,,영업/정상,,,,,,,26486,유한회사 나우코퍼레이션,I,L00,2025-12-15 16:15:28,"강원특별자치도 원주시 구곡길 **-**, *층 (단구동)",정상,0000,01,,284098.905327833    ,425035.523448761    ,강원특별자치도 원주시 단구동 ****-* ,2023-02-02 14:45:45
4191000,419000001320230002,2023-02-02,,영업/정상,,,,,,,26486,에이에스에스,I,000,2025-12-15 16:15:28,"강원특별자치도 원주시 구곡길 **-**, *층 (단구동)",정상,0000,01,,284098.905327833    ,425035.523448761    ,강원특별자치도 원주시 단구동 ****-* ,2023-02-02 14:51:06
4191000,419000001320230003,2023-03-16,,영업/정상,,,,,,,26358,주식회사 와이에치데어리,I,L00,2025-12-15 16:15:28,강원특별자치도 원주시 지정면 월송석화로 ***-*,정상,0000,01,0337325432,275540.194040784    ,432464.820208424    ,강원특별자치도 원주시 지정면 월송리 ***-* ,2023-03-16 14:04:34
4191000,419100001320240001,2024-04-07,,영업/정상,,,,,,,26392,주식회사 강원씨엔에스,I,L00,2025-12-15 16:15:28,"강원특별자치도 원주시 능라동길 **, *층 (***,***호)호 (무실동)",정상,0000,01,,282345.463563421    ,426053.001948438    ,강원특별자치도 원주시 무실동 ****-* ,2024-04-07 11:09:19
4191000,419100001320240002,2024-04-08,,영업/정상,,,,,,,26471,(주)아이포커스,I,L00,2025-12-15 16:15:28,"강원특별자치도 원주시 라옹정길 **, *호 (관설동)",정상,0000,01,0337666955,285024.449874955    ,424743.01122821     ,강원특별자치도 원주시 관설동 ****-* ,2024-04-08 17:44:13
4191000,419100001320250001,2025-03-27,,영업/정상,,,,,,,26450,주식회사 비엠코리아,I,L00,2025-12-15 16:15:28,"강원특별자치도 원주시 서원대로 ***, 신세기타워 **층 (단구동)",정상,0000,01,0337654046,284965.3476224      ,425222.030678029    ,강원특별자치도 원주시 단구동 ***-** 신세기타워 ,2025-03-27 09:49:27
4191000,419100001320240007,2024-07-16,,영업/정상,,,,,,,26487,(주)HK컴퍼니,I,L00,2025-12-15 16:15:28,"강원특별자치도 원주시 서원대로 ***, 원주프리미엄아울렛 *층 ***-B**호 (단구동)",정상,0000,01,07077701617,284818.874360771    ,425225.032426821    ,강원특별자치도 원주시 단구동 ****-* 원주프리미엄아울렛 ,2024-08-21 10:53:26
4191000,419100001320240006,2024-05-29,,영업/정상,,,,,,,26404,(주)강일바이오텍,I,L00,2025-12-15 16:15:28,"강원특별자치도 원주시 흥업면 사제로 **-*, (사제로 **-*)",정상,0000,01,,281000.861387224    ,422953.641290417    ,강원특별자치도 원주시 흥업면 흥업리 ***-* ,2024-05-29 16:50:31
4191000,419100001320240005,2024-04-15,,영업/정상,,,,,,,26474,준서테크,I,000,2025-12-15 16:15:28,"강원특별자치도 원주시 이화*길 **, *층 (단계동)",정상,0000,01,,282750.062092968    ,427108.336579205    ,강원특별자치도 원주시 단계동 ***-* ,2024-04-15 16:07:09
4191000,419100001320240004,2024-04-15,,영업/정상,,,,,,,26496,서준코퍼레이션,I,000,2025-12-15 16:15:28,"강원특별자치도 원주시 문막읍 귀문로 ****-**, *층",정상,0000,01,,272856.007662395    ,419670.429055819    ,강원특별자치도 원주시 문막읍 궁촌리 ****-* ,2024-04-15 16:04:13
4191000,419100001320240003,2024-04-08,,영업/정상,,,,,,,26471,누리젠,I,000,2025-12-15 16:15:28,"강원특별자치도 원주시 라옹정길 **, *호 (관설동)",정상,0000,01,0337666954,285024.449874955    ,424743.01122821     ,강원특별자치도 원주시 관설동 ****-* ,2024-04-08 17:47:51
4191000,419000001320060001,2006-01-11,,영업/정상,,,,,0,,26311,(주)씨유메디칼 시스템,I,000,2025-12-15 16:15:28,강원특별자치도 원주시 태장공단길 **-** (태장동),정상,0000,01,0337477657,284054.839907546    ,434219.573818976    ,강원특별자치도 원주시 태장동 ****-** ,2023-03-28 19:11:11
4191000,419000001320140001,2014-07-28,,영업/정상,,,,,12000.17,,26365,(주) 아이센스,I,L00,2025-12-15 16:15:28,강원특별자치도 원주시 문막읍 동화공단로 **-*,정상,0000,01,0339030765,274447.174699817    ,426318.780785674    ,강원특별자치도 원주시 문막읍 동화리 ****-* ,2014-07-28 11:06:34
4191000,419000001320190001,2019-03-22,,영업/정상,,,,,,,26417,세진싸이언스,I,000,2025-12-15 16:15:28,"강원특별자치도 원주시 갈머리*길 **-*, *층 (학성동)",정상,0000,01,0337644502,283435.570074912    ,428150.399454543    ,강원특별자치도 원주시 학성동 ****-** ,2020-11-27 12:57:55
4191000,419000001320200001,2020-09-17,,영업/정상,,,,,376.69,,26310,드림,I,000,2025-12-15 16:15:28,강원특별자치도 원주시 소초면 살여울길 **,정상,0000,01,,287436.125903602    ,432074.21644306     ,강원특별자치도 원주시 소초면 흥양리 ****-* ,2020-09-17 14:55:56
4191000,419100001320250003,2025-04-08,,영업/정상,,,,,,,26448,이투유통,I,000,2025-12-15 16:15:28,"강원특별자치도 원주시 송림길 **-**, ***호 (개운동)",정상,0000,01,07042561477,284238.426103823    ,425890.585124843    ,강원특별자치도 원주시 개운동 ***-** ,2025-04-08 15:26:53
4201000,420000001320190001,2019-03-07,,폐업,2020-02-28,,,,333.28,,25484,주식회사코람바이오텍,I,000,2025-12-15 16:15:28,"강원특별자치도 강릉시 산양큰길 **, *층 (포남동)",폐업,0002,03,0336526447,368713.583321808    ,476885.819700771    ,강원특별자치도 강릉시 포남동 **** ,2020-03-09 17:29:05
4201000,420000001320180001,2018-06-12,,영업/정상,,,,,99.44,,25623,(주)구정,I,000,2025-12-15 16:15:28,강원특별자치도 강릉시 구정면 모산로***번길 ***,정상,0000,01,0336410034,366594.802045241    ,470110.953023175    ,강원특별자치도 강릉시 구정면 학산리 *** ,2018-06-12 17:00:49
4201000,420000001320200001,2020-01-09,,취소/말소/만료/정지/중지,,,,,,,25484,솔향메디,I,000,2025-12-15 16:15:28,강원특별자치도 강릉시 강릉대로***번길 * (포남동),말소,0004,04,0339203682,368848.707782975    ,476916.551941673    ,강원특별자치도 강릉시 포남동 ****-* ,2020-01-09 16:39:26
4201000,420000001320200002,2020-01-10,,영업/정상,,,,,,,25486,솔향메디,I,000,2025-12-15 16:15:28,"강원특별자치도 강릉시 강릉대로***번길 **, 지하*층 (포남동)",정상,0000,01,,368135.750237155    ,476131.117874521    ,강원특별자치도 강릉시 포남동 **** ,2021-01-25 14:35:43
4201000,420000001320210001,2021-11-25,,영업/정상,,,,,,,25599,강원동물약품(주),I,L00,2025-12-15 16:15:28,"강원특별자치도 강릉시 회산로 ***, *층 (회산동)",정상,0000,01,,364094.552525446    ,471835.668872133    ,강원특별자치도 강릉시 회산동 ***-* ,2025-01-13 10:06:59
4201000,420000001320210002,2021-11-25,,영업/정상,,,,,,,25532,강원애니팜,I,000,2025-12-15 16:15:28,"강원특별자치도 강릉시 경강로 ****, *호 (임당동)",정상,0000,01,,367055.315292309    ,474208.214687315    ,강원특별자치도 강릉시 임당동 **-* ,2021-11-25 11:07:48
4201000,420000001320220001,2022-05-16,,영업/정상,,,,,,,25541,홈플러스 강릉점,I,L00,2025-12-15 16:15:28,"강원특별자치도 강릉시 경강로 ****, 씨네몰, 홈플러스 (옥천동)",정상,0000,01,0336498021,367257.089561415    ,474274.357968797    ,서울특별시 강서구 등촌동 *** 씨네몰 ,2024-02-22 01:41:56
4201000,420100001320250001,2025-04-16,,영업/정상,,,,,,,25538,태기실업,I,000,2025-12-15 16:15:28,"강원특별자치도 강릉시 경강로 ****, *층 (명주동)",정상,0000,01,0336434250,366612.417573436    ,473643.745658536    ,강원특별자치도 강릉시 명주동 **-** ,2025-04-16 17:47:28
4211000,421100001320230001,2023-06-30,,영업/정상,,,,,188.11,,25775,폴리파크 동해점,I,000,2025-12-15 16:15:28,강원특별자치도 동해시 충혼길 ** (천곡동),정상,0000,01,0335352500,386996.01555468     ,448254.795612982    ,강원특별자치도 동해시 천곡동 ****-* ,2023-06-30 10:38:32
4211000,421100001320240001,2024-05-10,,영업/정상,,,,,30,,25751,레마,I,000,2025-12-15 16:15:28,"강원특별자치도 동해시 동해대로 ****, 광진자동차정비 *층 **호 (평릉동)",정상,0000,01,,386087.481161002    ,449612.120717788    ,강원특별자치도 동해시 평릉동 ***-* 광진자동차정비 ,2024-05-10 17:59:33
4221000,422000001320030001,2003-05-01,,영업/정상,,,,,0,,26021,홍현관동물병원,I,000,2025-12-15 16:15:28,강원특별자치도 태백시 황지로 ** (황지동),정상,0000,01,,376848.284631727    ,409500.658721782    ,강원특별자치도 태백시 황지동 **-** ,2011-10-31 09:45:51
4231000,423000001320200001,2020-12-08,,영업/정상,,,,,,,24841,스타일펫츠,I,000,2025-12-15 16:15:28,강원특별자치도 속초시 미시령로 **** (금호동),정상,0000,01,,338475.56224318     ,524007.533232068    ,강원특별자치도 속초시 금호동 ***-** ,2020-12-08 13:55:07
4231000,423000001320220001,2022-09-26,,영업/정상,,,,,56,,24828,케이벳메드서플라이,I,000,2025-12-15 16:15:28,강원특별자치도 속초시 번영로***번길 *-**(동명동),정상,0000,01,0336318575,338959.79949003     ,524178.886879206    ,강원특별자치도 속초시 동명동 ***-** ,2022-09-26 10:41:05
4241000,424000001320220001,2022-05-17,,영업/정상,,,,,,,25922,홈플러스 삼척점,I,L00,2025-12-15 16:15:28,"강원특별자치도 삼척시 중앙로 ***, 홈플러스 (당저동)",정상,0000,01,0335718000,391815.78579528     ,440452.323948572    ,서울특별시 강서구 등촌동 **-* 홈플러스 ,2024-02-27 15:52:07
4251000,425000001320050001,2009-03-16,,영업/정상,,,,,4719.45,,25108,삼성메디슨주식회사,I,L00,2026-03-10 21:30:13,강원특별자치도 홍천군 남면 한서로 ****,정상,0000,01,0334301900,267605.206208869    ,457041.380629345    ,강원특별자치도 홍천군 남면 양덕원리 *** ,2020-04-20 08:52:51
4251000,425100001320240001,2024-06-26,,영업/정상,,,,,,,25108,삼성메디슨(주),I,L00,2026-03-10 21:30:14,강원특별자치도 홍천군 남면 한서로 ****,정상,0000,01,0221945498,267605.206208869    ,457041.380629345    ,강원특별자치도 홍천군 남면 양덕원리 *** ,2024-06-26 11:02:28
4271000,427000001320210001,2021-08-25,,영업/정상,,,,,,,26203,내추럴픽,I,000,2025-12-15 16:15:28,강원특별자치도 영월군 주천면 주천로 **,정상,0000,01,,312519.913764222    ,419564.004275561    ,강원특별자치도 영월군 주천면 주천리 ****-** ,2021-11-10 14:11:50
4291000,429100001320240001,2024-01-17,,영업/정상,,,,,,,26103,미래헬스케어,I,000,2025-12-15 16:15:28,강원특별자치도 정선군 북평면 문곡강변길 ***,정상,0000,01,,350641.436259224    ,436198.596811521    ,강원특별자치도 정선군 북평면 문곡리 ** ,2024-01-17 14:31:43
4291000,429100001320250001,2025-03-27,,영업/정상,,,,,,,26146,세이프크린,I,000,2025-12-15 16:15:28,"강원특별자치도 정선군 남면 무릉*로 **, *동",정상,0000,01,0335912982,357546.027142629    ,417949.024949204    ,강원특별자치도 정선군 남면 무릉리 ***-* ,2025-04-02 17:40:03
4321000,432100001320240001,2024-11-20,,폐업,2025-12-27,,,,,,24540,이문컴퍼니,I,000,2026-01-02 02:40:00,"강원특별자치도 양구군 양구읍 박수근로 ***, *동 ***호 (보배아파트)",폐업,0002,03,,286173.202815249    ,511299.333198462    ,강원특별자치도 양구군 양구읍 정림리 *** 보배아파트 *동 ***호,2025-12-31 09:11:36
4390000,439000001320220002,2022-05-20,,폐업,2023-11-30,,,,,,27465,(주)이마트에브리데이 서충주점,I,L00,2026-05-08 22:32:32,충청북도 충주시 중앙탑면 원앙*길 **-*,폐업,0002,03,0437231090,273356.891919132    ,390936.091789038    ,충청북도 충주시 중앙탑면 용전리 *** ,2023-11-30 17:04:48
4390000,439000001320220005,2022-08-17,,폐업,2023-11-21,,,,,,27502,(주)이마트에브리데이 충주호암점,I,L00,2026-05-08 22:32:32,"충청북도 충주시 호암수청*길 *, *층 (호암동)",폐업,0002,03,0437240072,282180.647219058    ,384317.809098659    ,충청북도 충주시 호암동 **** ,2023-11-23 10:14:40
4390000,439000001320220001,2022-04-10,,영업/정상,,,,,,,27391,케이바이오젠,I,000,2026-05-08 22:32:32,충청북도 충주시 남산**길 **-*(교현동),정상,0000,01,07075659095,283968.52           ,385488.02           ,충청북도 충주시 교현동 *** ,2022-04-10 10:44:45
4390000,439000001320220004,2022-06-09,,영업/정상,,,,,,,27394,대명이앤씨,I,000,2026-05-08 22:32:32,충청북도 충주시 용산로 **(용산동),정상,0000,01,,283308.168672329    ,385218.738627085    ,충청북도 충주시 용산동 *** ,2022-06-09 09:21:45
4390000,439000001320230001,2023-08-30,,영업/정상,,,,,,,27502,견생냥품 무인24시 충주호암점,I,000,2026-05-08 22:32:32,"충청북도 충주시 호암수청*로 ** (호암동, 힐스테이트호암)",정상,0000,01,,282244.036796923    ,384170.084267803    ,충청북도 충주시 호암동 **** 힐스테이트호암 ,2023-08-30 14:44:41
4390000,439000001320240001,2024-08-19,,영업/정상,,,,,,,27443,태현유통,I,000,2026-05-08 22:32:32,충청북도 충주시 금가면 마사*길 ***,정상,0000,01,,282224.087109321    ,392858.535166478    ,충청북도 충주시 금가면 사암리 **-* ,2024-08-19 10:50:04
4390000,439000001320170001,2017-08-22,,폐업,2021-01-22,,,,26.25,,27353,기가제이,I,000,2026-05-08 22:32:32,"충청북도 충주시 계명대로 ***, ***호 (연수동, 골드프라자*차)",폐업,0002,03,,283843.8508248      ,387220.25936404     ,충청북도 충주시 연수동 ****-*** ,2021-01-21 09:35:03
4390000,439000001320220003,2022-06-09,,영업/정상,,,,,,,27349,(주)지에스상사,I,L00,2026-05-08 22:32:32,충청북도 충주시 연원*길 *(연수동),정상,0000,01,0438570667,282895.626046882    ,387203.64387736     ,충청북도 충주시 연수동 **** ,2022-06-09 09:09:30
4400000,440000001320250001,2025-08-20,,영업/정상,,,,,,,27168,조달파트너,U,000,2026-06-19 03:03:03,충청북도 제천시 용두천로 *** (중앙로*가),정상,0000,01,,307838.244129772    ,405012.565434826    ,충청북도 제천시 중앙로*가 **-** ,2026-06-18 10:08:42
4400000,440000001320240001,2024-10-23,,영업/정상,,,,,,,27182,주식회사 다발로,I,000,2026-05-11 22:32:32,충청북도 제천시 내토로 *** (동현동),정상,0000,01,07077701617,308300.021346852    ,403812.417323148    ,충청북도 제천시 동현동 *** ,2024-10-23 14:22:33
4400000,440000001320220001,2022-06-21,,영업/정상,,,,,,,27162,폴리파크 제천점,I,000,2026-05-11 22:32:32,충청북도 제천시 원뜰로 ***(하소동),정상,0000,01,0436441500,306164.752734846    ,404977.897638631    ,충청북도 제천시 하소동 ***-** ,2022-06-21 10:35:15
4430000,443000001320230001,2023-12-28,,영업/정상,,,,,,,29055,(주)삼원팜텍,I,L00,2026-05-09 22:30:13,"충청북도 옥천군 옥천읍 테크노밸리로*길 **, 부*동",정상,0000,01,,252714.581518173    ,308522.638421635    ,충청북도 옥천군 옥천읍 구일리 **** 부*동 ,2023-12-28 14:42:44
4430000,443000001320180001,2018-12-31,,영업/정상,,,,,,,29046,바이오뱅크 주식회사,I,000,2026-05-09 22:30:13,"충청북도 옥천군 옥천읍 대학길 **, 창업보육센터 *-*호",정상,0000,01,,251451.759394903    ,311253.966658826    ,충청북도 옥천군 옥천읍 문정리 ***-* 창업보육센터 *-*호 ,2018-12-31 15:57:07
4450000,445000001320220001,2022-05-10,,영업/정상,,,,,99.48,,27839,(주)지엔씨,U,000,2026-04-16 03:03:03,충청북도 진천군 진천읍 남산*길 **-*,정상,0000,01,0435350116,239445.559628849    ,372397.463488373    ,충청북도 진천군 진천읍 교성리 ***-* ,2026-04-15 16:16:58
4450000,445000001320230001,2023-06-30,,영업/정상,,,,,,,27872,친절한 초봄씨,I,000,2025-12-15 16:15:28,충청북도 진천군 덕산읍 대하로 *** (우미린스테이),정상,0000,01,,247781.296390458    ,378028.831698917    ,충청북도 진천군 덕산읍 두촌리 **** 우미린스테이 ***동 ****호,2023-06-30 09:33:22
4450000,445000001320220002,2022-05-23,,폐업,2023-11-16,,,,,,27875,이마트에브리데이진천옥동점,I,L00,2025-12-15 16:15:28,충청북도 진천군 덕산읍 연미*길 **,폐업,0002,03,0437537779,246977.88995638     ,377886.360990682    ,충청북도 진천군 덕산읍 두촌리 **** ,2023-11-20 14:45:10
4470000,447000001320260001,2026-02-13,,영업/정상,,,,,,,27663,주식회사 갤럭시,I,L00,2026-05-11 22:32:30,충청북도 음성군 대소읍 신내로 ***-**,정상,0000,01,07044540119,246504.987560909    ,384021.84077539     ,충청북도 음성군 대소읍 성본리 ***-* ,2026-02-13 11:48:15
4470000,447000001320220002,2022-05-24,,폐업,2023-12-04,,,,,,27738,이마트 에브리데이 충북혁신도시점,I,L00,2026-05-11 22:32:30,"충청북도 음성군 맹동면 사예*길 *, *층",폐업,0002,03,0438835805,248277.061358811    ,378876.19532084     ,충청북도 음성군 맹동면 동성리 *** ,2023-12-04 18:03:15
4470000,447000001320220001,2022-01-25,,영업/정상,,,,,129,,27610,한국바이오,I,000,2026-05-11 22:32:30,"충청북도 음성군 감곡면 장감로 ***, *층",정상,0000,01,0438814228,257026.950856985    ,401979.499519258    ,충청북도 음성군 감곡면 오향리 ****-** ,2022-01-25 09:26:44
4470000,447000001320210001,2021-04-21,,폐업,2024-02-20,,,,,,27667,장보는강아지와고양이,I,L00,2026-05-11 22:32:30,"충청북도 음성군 대소읍 오태로**번길 **-**, *층",폐업,0002,03,07088014286,243293.466775567    ,385504.891550048    ,충청북도 음성군 대소읍 오산리 ***-* ,2024-02-20 16:55:24
4470000,447000001320240001,2024-02-21,,영업/정상,,,,,16.9,,27667,장보는 강아지와 고양이 음성대소점,I,L00,2026-05-11 22:32:30,충청북도 음성군 대소읍 오태로**번길 **-**,정상,0000,01,07088014286,243293.466775567    ,385504.891550048    ,충청북도 음성군 대소읍 오산리 ***-* ,2024-02-21 16:26:24
4480000,448000001320250001,2025-10-29,,영업/정상,,,,,84.47,,27006,제이에스컴퍼니,I,000,2026-05-08 22:32:33,충청북도 단양군 매포읍 평동*로 ***,정상,0000,01,,315411.563216399    ,393260.849730613    ,충청북도 단양군 매포읍 평동리 **** ,2025-10-29 13:14:35
4490000,565000001320260001,2026-03-05,,영업/정상,,,,,,,31233,수바이오,I,000,2026-03-06 22:32:21,"충청남도 천안시 동남구 목천읍 충절로 ***, *동 *호",정상,0000,01,,218499.424949602    ,363418.434703978    ,충청남도 천안시 동남구 목천읍 신계리 ***-* ,2026-03-05 10:55:29
4490000,566000001320260001,2026-05-13,,영업/정상,,,,,,,31101,천성,U,000,2026-05-16 03:03:03,"충청남도 천안시 서북구 두정중**길 **, *층 ***호 (두정동, 상명빌리지)",정상,0000,01,,212500.573633015    ,370700.579203601    ,충청남도 천안시 서북구 두정동 **** 상명빌리지 ,2026-05-15 06:38:33
4490000,565000001320260002,2026-05-11,,영업/정상,,,,,20,,31119,충남과학,I,000,2026-05-12 22:32:20,"충청남도 천안시 동남구 터미널*길 **, 은본빌딩 *층 ***호 (신부동)",정상,0000,01,,214077.304376352    ,369033.930338306    ,충청남도 천안시 동남구 신부동 *** 은본빌딩 ***호,2026-05-11 09:09:52
4490000,449000001319980002,1998-06-17,,폐업,2004-10-15,,,,0,,,인동상사,I,000,2025-12-15 16:15:28,,폐업,0002,03,,,,충청남도 천안시 동남구 쌍용동 *** ,2004-10-15 17:32:35
4490000,449000001320000001,2000-05-31,,폐업,2018-02-28,,,,0,,,미래의료기,I,000,2025-12-15 16:15:28,,폐업,0002,03,,214192.5            ,368918.115          ,충청남도 천안시 동남구 신부동 *** ,2018-03-02 16:50:53
4490000,449000001320040001,2004-10-21,,폐업,2022-06-28,,,,263.12,,,(주) 인동B&amp;G,I,L00,2025-12-15 16:15:28,,폐업,0002,03,,211646.304367124    ,370148.473145756    ,충청남도 천안시 서북구 두정동 *** ,2022-06-28 16:54:41
4490000,449000001320050001,2005-03-21,,폐업,2018-02-28,,,,0,,,(주)중앙화성,I,000,2025-12-15 16:15:28,,폐업,0002,03,,225124.27837321     ,359116.593684277    ,충청남도 천안시 동남구 수신면 속창리 ***-* ,2018-03-02 16:44:06
4490000,565000001320220001,2022-04-27,,폐업,2024-06-28,,,,19.64,,31233,엠에스테크(M.S),I,000,2025-12-15 16:15:28,"충청남도 천안시 동남구 목천읍 목천안터*길 **, 상가동 *층 ***호 (신도브래뉴*차아파트)",폐업,0002,03,,218705.654530716    ,363951.691417761    ,충청남도 천안시 동남구 목천읍 신계리 ***-** 신도브래뉴*차아파트 상가동 ***호,2024-06-29 09:34:06
4490000,565000001320220004,2022-07-21,,폐업,2022-07-29,,,,,,31150,미니스톱 봉명점,I,000,2025-12-15 16:15:28,"충청남도 천안시 동남구 양지*길 *, *호 (봉명동)",폐업,0002,03,,212094.215281541    ,367323.432934819    ,충청남도 천안시 동남구 봉명동 **-* ,2022-07-29 15:44:02
4490000,565000001320220005,2022-11-23,,폐업,2022-11-25,,,,,,31151,대건,I,000,2025-12-15 16:15:28,"충청남도 천안시 동남구 쌍용대로 **-*, 유진직업소개소 *층 (봉명동)",폐업,0002,03,,211798.915759458    ,367178.337247538    ,충청남도 천안시 동남구 봉명동 ***-* 유진직업소개소 ,2022-11-25 16:45:14
4490000,566000001320220003,2022-05-24,,폐업,2023-11-22,,,,18097.95,,31085,(주)이마트에브리데이 천안차암점,I,000,2025-12-15 16:15:28,"충청남도 천안시 서북구 *공단*로 **-*, 천안비즈타워 ***호 (차암동)",폐업,0002,03,0414189677,209203.101206083    ,371068.815937352    ,충청남도 천안시 서북구 차암동 *** 천안비즈타워 ***호,2023-11-22 15:05:21
4490000,566000001320220004,2022-05-24,,폐업,2023-11-30,,,,2451.07,,31156,(주)이마트에브리데이 천안불당점,I,000,2025-12-15 16:15:28,"충청남도 천안시 서북구 불당**로 *, ***호 (불당동, 불당호반써밋플레이스 센터시티)",폐업,0002,03,0414151181,209270.749318635    ,366885.316648061    ,충청남도 천안시 서북구 불당동 **** 불당호반써밋플레이스 센터시티 ***호,2023-11-30 16:34:56
4490000,566000001320220005,2022-07-20,,폐업,2023-01-30,,,,548,,31146,CU성정완소점,I,000,2025-12-15 16:15:28,"충청남도 천안시 서북구 양지**길 **, *층 (성정동)",폐업,0002,03,0415774839,212478.50394604     ,367990.741535665    ,충청남도 천안시 서북구 성정동 ***-* ,2023-01-30 15:51:42
4490000,565000001320240003,2024-10-21,,영업/정상,,,,,47.25,,31070,(주)서일팜텍,I,000,2025-12-15 16:15:28,충청남도 천안시 동남구 충절로 *** (삼룡동),정상,0000,01,0415556559,215261.095471371    ,364684.188043503    ,충청남도 천안시 동남구 삼룡동 ***-* ,2024-10-21 16:30:51
4490000,565000001320250001,2025-05-19,,영업/정상,,,,,,,31184,진영테크,I,000,2025-12-15 16:15:28,"충청남도 천안시 동남구 서부대로 ***-**, ***동 *층 ***호 (신방동, 향촌현대아파트)",정상,0000,01,,211536.098754443    ,365329.377734198    ,충청남도 천안시 동남구 신방동 *** 향촌현대아파트 ,2025-05-19 15:49:18
4490000,565000001320250002,2025-05-19,,영업/정상,,,,,,,31148,엠에이치테크,I,000,2025-12-15 16:15:28,"충청남도 천안시 동남구 봉서*길 **, ***동 ******층 (봉명동, 청솔*차아파트)",정상,0000,01,0415688288,211754.302479565    ,367740.401126686    ,충청남도 천안시 동남구 봉명동 *** 청솔*차아파트 ,2025-05-19 16:35:34
4490000,565000001320250003,2025-06-25,,영업/정상,,,,,57.77,,31234,대건,I,000,2025-12-15 16:15:28,"충청남도 천안시 동남구 목천읍 성남로 **, 천안 목천 고운라피네 ***동 *층 ***호",정상,0000,01,0415928911,218494.780116706    ,363178.607001789    ,충청남도 천안시 동남구 목천읍 천정리 *** ,2025-06-25 09:04:14
4490000,565000001320250004,2025-09-12,,영업/정상,,,,,59.8,,31147,비제이테크,I,000,2025-12-15 16:15:28,"충청남도 천안시 동남구 쌍용대로 ***, ***동 **층 **호 (봉명동, e편한세상 봉명 아너리움)",정상,0000,01,07071061494,211944.097466666    ,367812.810911447    ,충청남도 천안시 동남구 봉명동 ***-* e편한세상 봉명 아너리움 ***동 ****호,2025-09-12 09:19:54
4490000,565000001320250005,2025-11-11,,영업/정상,,,,,84.73,,31131,엔케이테크,I,000,2025-12-15 16:15:28,"충청남도 천안시 동남구 옛시청길 **, ***동 **층 **호 (문화동, 힐스테이트 천안)",정상,0000,01,07071060574,213347.450978502    ,367344.279872306    ,충청남도 천안시 동남구 문화동 *** 힐스테이트 천안 ***동 ****호,2025-11-11 10:18:24
4490000,566000001320160001,2016-04-29,,영업/정상,,,,,,,31035,제노젠,I,L00,2025-12-15 16:15:28,"충청남도 천안시 서북구 직산읍 직산로 ***, *층 ***호 (충남테크노파크 정보융합센터)",정상,0000,01,,214193.339091943    ,376280.249103477    ,,2016-04-29 11:15:43
4490000,566000001320170001,2017-03-29,,영업/정상,,,,,44.4,,31032,나비젠 메디팜,I,L00,2025-12-15 16:15:28,"충청남도 천안시 서북구 직산읍 군서*길 **, ***호",정상,0000,01,0415238257,214362.196227121    ,377908.944771063    ,충청남도 천안시 서북구 직산읍 군동리 ***-* ,2017-03-29 15:15:05
4490000,566000001320190001,2019-09-17,,영업/정상,,,,,383.6,,31179,엘사이언스,I,000,2025-12-15 16:15:28,"충청남도 천안시 서북구 월봉*길 *, ***호 (쌍용동)",정상,0000,01,0415761021,210109.520793056    ,365620.864336598    ,충청남도 천안시 서북구 쌍용동 **** ***호,2019-09-17 09:53:38
4490000,566000001320200001,2020-07-14,,영업/정상,,,,,691.09,,31028,미르,I,000,2025-12-15 16:15:28,충청남도 천안시 서북구 직산읍 금곡로 ***,정상,0000,01,,209099.249106769    ,375694.048166389    ,충청남도 천안시 서북구 직산읍 석곡리 **-* ,2020-07-14 09:20:48
4490000,566000001320210001,2021-03-30,,영업/정상,,,,,102.77,,31092,대한과학,I,000,2025-12-15 16:15:28,"충청남도 천안시 서북구 한들*로 **, 천안백석기계공구단지 D동 *층 ***호 (백석동)",정상,0000,01,0415654178,210403.584448032    ,370037.315574461    ,충청남도 천안시 서북구 백석동 ****-* 대한과학 D동 ***호,2021-03-30 13:14:54
4490000,566000001320220001,2022-03-11,,영업/정상,,,,,,,31090,야옹아멍멍해봐 천안점,I,000,2025-12-15 16:15:28,"충청남도 천안시 서북구 서부대로 ***, 비젼부동산 (두정동)",정상,0000,01,,211794.609816101    ,369947.295908127    ,충청남도 천안시 서북구 두정동 *** 비젼부동산 ,2022-03-11 10:17:49
4490000,566000001320220002,2022-03-11,,영업/정상,,,,,,,31106,야옹아멍멍해봐 리딩샵,I,000,2025-12-15 16:15:28,충청남도 천안시 서북구 두정상가*길 *-*(두정동),정상,0000,01,,212481.09117851     ,369881.311410588    ,충청남도 천안시 서북구 두정동 **** ,2022-03-11 10:25:00
4490000,566000001320220006,2022-11-21,,영업/정상,,,,,15114,,31110,(주) 효선,I,000,2025-12-15 16:15:28,"충청남도 천안시 서북구 성정두정로 **, 두정메트로존 ***-**호 (성정동)",정상,0000,01,07077044913,212552.415530081    ,369469.27750904     ,충청남도 천안시 서북구 성정동 **** 두정메트로존 ***-**호 ,2022-11-21 16:11:44
4490000,566000001320220007,2022-11-21,,영업/정상,,,,,15114,,31110,(주)수앤주,I,000,2025-12-15 16:15:28,"충청남도 천안시 서북구 성정두정로 **, 두정메트로존 ***-**호 (성정동)",정상,0000,01,07089596457,212552.415530081    ,369469.27750904     ,충청남도 천안시 서북구 성정동 **** 두정메트로존 ***-**호 ,2022-11-21 16:25:01
4490000,566000001320220008,2022-11-29,,영업/정상,,,,,15231,,31163,케이엠글로벌,I,000,2025-12-15 16:15:28,"충청남도 천안시 서북구 검은들*길 **, 미래시티빌딩 ***-*(****호)호 (불당동)",정상,0000,01,0415770063,209623.749418238    ,367685.547817449    ,충청남도 천안시 서북구 불당동 *** 미래시티빌딩 ***-*호,2022-11-29 09:57:56
4490000,566000001320240001,2024-04-12,,영업/정상,,,,,,,31163,씨엔디,I,000,2025-12-15 16:15:28,"충청남도 천안시 서북구 불당**길 **, 크리스탈프라자 *층 ***-**호 (불당동)",정상,0000,01,,209788.89           ,367605.99           ,충청남도 천안시 서북구 불당동 *** 크리스탈프라자 ,2024-04-12 15:13:17
4490000,566000001320240002,2024-07-11,,영업/정상,,,,,66,,31041,유니플러스,I,000,2025-12-15 16:15:28,"충청남도 천안시 서북구 성거읍 모전*길 ***, ***호",정상,0000,01,,217038.626256944    ,378630.989541136    ,충청남도 천안시 서북구 성거읍 삼곡리 **-* ,2025-10-16 17:57:21
4490000,566000001320240003,2024-07-16,,영업/정상,,,,,,,31112,마주(mazoo),I,000,2025-12-15 16:15:28,"충청남도 천안시 서북구 두정공원*길 **, ***동 ***호 (두정동, 두정역범양레우스 알파)",정상,0000,01,,213800.689273427    ,370474.76458411     ,충청남도 천안시 서북구 두정동 ***-* 두정역범양레우스 알파 ,2024-07-16 13:08:20
4490000,566000001320240004,2024-10-14,,영업/정상,,,,,81,,31009,바이젠(Bi-Gen),I,000,2025-12-15 16:15:28,"충청남도 천안시 서북구 성환읍 율금*길 ***, ***동 ***호 (대영한아름아파트)",정상,0000,01,07082919913,209917.383939262    ,378194.056845416    ,충청남도 천안시 서북구 성환읍 율금리 ***-* 대영한아름아파트 ,2024-10-14 09:29:50
4490000,566000001320240005,2024-11-11,,영업/정상,,,,,,,31110,수백향코스메틱,I,000,2025-12-15 16:15:28,"충청남도 천안시 서북구 성정두정로 **, 두정메트로존 ***호 (성정동)",정상,0000,01,,212552.415530081    ,369469.27750904     ,충청남도 천안시 서북구 성정동 **** 두정메트로존 ,2024-11-11 11:21:35
4490000,566000001320240006,2024-11-20,,영업/정상,,,,,,,31028,이솔,I,000,2025-12-15 16:15:28,"충청남도 천안시 서북구 직산읍 금곡로 ***, *층",정상,0000,01,,209099.249106769    ,375694.048166389    ,충청남도 천안시 서북구 직산읍 석곡리 **-* (주)하이토피아 ,2024-11-20 13:59:50
4490000,566000001320250001,2025-03-19,,영업/정상,,,,,16.49,,31169,주식회사 키우소,I,000,2025-12-15 16:15:28,"충청남도 천안시 서북구 불당**로 **, *층 ***호 (불당동)",정상,0000,01,0419043000,209534.916593933    ,366277.541228007    ,충청남도 천안시 서북구 불당동 **** ,2025-03-19 15:46:28
4490000,566000001320250002,2025-05-15,,영업/정상,,,,,,,31174,토탈시스템,I,000,2025-12-15 16:15:28,"충청남도 천안시 서북구 월봉로 **, ***동 ****호 (쌍용동, 천안 쌍용역 코오롱하늘채)",정상,0000,01,0415550942,210620.432393649    ,365631.481708776    ,충청남도 천안시 서북구 쌍용동 **** 천안 쌍용역 코오롱하늘채 ,2025-05-15 13:49:44
4490000,566000001320250003,2025-05-15,,영업/정상,,,,,,,31139,대건테크,I,000,2025-12-15 16:15:28,"충청남도 천안시 서북구 도원*길 **, *층 (성정동)",정상,0000,01,,211894.691761641    ,368717.172637578    ,충청남도 천안시 서북구 성정동 ***-* ,2025-05-15 14:09:49
4490000,566000001320250004,2025-08-22,,영업/정상,,,,,,,31080,승우산업,I,000,2025-12-15 16:15:28,"충청남도 천안시 서북구 천안대로 ****-*, ***동 ****호 (신당동, e편한세상 천안부성)",정상,0000,01,07071061492,213335.715555166    ,372618.763818708    ,충청남도 천안시 서북구 신당동 *** e편한세상 천안부성 ,2025-08-22 13:47:17
4490000,566000001320250005,2025-08-25,,영업/정상,,,,,,,31166,골든바이오,I,000,2025-12-15 16:15:28,"충청남도 천안시 서북구 월봉로 ***, 대림프라자 ***-C**호 (쌍용동)",정상,0000,01,,210547.777116684    ,366723.952225616    ,충청남도 천안시 서북구 쌍용동 **** 대림프라자 ,2025-08-25 17:47:05
4490000,566000001320250006,2025-09-11,,영업/정상,,,,,,,31084,나경테크,I,000,2025-12-15 16:15:28,"충청남도 천안시 서북구 안터길 **-*, B동 *층 ***호 (부대동, 부대동 자우림 TOWN VILL *차)",정상,0000,01,07071060573,214273.912491504    ,371382.238252297    ,충청남도 천안시 서북구 부대동 ** 부대동 자우림 TOWN VILL *차 ,2025-09-11 10:17:12
4490000,566000001320250007,2025-09-11,,영업/정상,,,,,,,31089,피제이테크닉스,I,000,2025-12-15 16:15:28,"충청남도 천안시 서북구 두정고*길 **, ***동 ****호 (두정동, 한성필하우스)",정상,0000,01,07071061493,211824.453659183    ,370696.44372889     ,충청남도 천안시 서북구 두정동 **** 한성필하우스 ,2025-09-11 16:22:05
4490000,566000001320250008,2025-12-16,,영업/정상,,,,,42,,31108,페트로(petro),I,000,2025-12-18 10:47:09,"충청남도 천안시 서북구 성정중*길 *, 증축*층 *호 (성정동)",정상,0000,01,,211839.891614624    ,369597.673540764    ,충청남도 천안시 서북구 성정동 **** 증축*층 *호 ,2025-12-16 16:20:15
4490000,565000001320190001,2019-06-19,,영업/정상,,,,,26.6,,31121,드림팩토리,I,000,2025-12-15 16:15:28,"충청남도 천안시 동남구 대흥로 ***, 수평빌딩 *층 ***호 (성황동)",정상,0000,01,,213343.149978079    ,368349.625523106    ,충청남도 천안시 동남구 성황동 **-** 수평빌딩 ***호,2020-08-13 18:16:33
4490000,565000001320200001,2020-07-08,,영업/정상,,,,,,,31176,지너스,I,000,2025-12-15 16:15:28,"충청남도 천안시 동남구 신촌*로 **, 신방현대프라자 *층 ***호 (신방동)",정상,0000,01,,211131.216072915    ,365377.386404533    ,충청남도 천안시 동남구 신방동 **-* 신방현대프라자 ,2020-07-13 13:31:03
4490000,565000001320210001,2021-03-23,,영업/정상,,,,,,,31119,큐바이오젠,I,000,2025-12-15 16:15:28,"충청남도 천안시 동남구 터미널*길 **, 은본빌딩 *층 ***호 (신부동)",정상,0000,01,07075659095,214077.304376352    ,369033.930338306    ,충청남도 천안시 동남구 신부동 *** 은본빌딩 ,2021-03-23 07:40:57
4490000,565000001320210002,2021-04-01,,영업/정상,,,,,89.5,,31177,삼선상사 천안점,I,000,2025-12-15 16:15:28,"충청남도 천안시 동남구 신촌*길 **-**, 스카이휴게실 (신방동)",정상,0000,01,,210538.684958088    ,365102.990668905    ,충청남도 천안시 동남구 신방동 *** 스카이휴게실 ,2021-04-05 13:55:43
4490000,565000001320210003,2021-04-05,,영업/정상,,,,,27.4,,31177,명성기업,I,000,2025-12-15 16:15:28,"충청남도 천안시 동남구 신촌*길 **-**, 스카이휴게실 ***호 (신방동)",정상,0000,01,,210538.684958088    ,365102.990668905    ,충청남도 천안시 동남구 신방동 *** 스카이휴게실 ,2021-04-05 14:01:25
4490000,565000001320220003,2022-05-13,,폐업,2026-04-16,,,,,,31069,홈플러스 주식회사 대표 조주연(천안점),U,L00,2026-04-17 03:03:03,"충청남도 천안시 동남구 천안대로 ***, 홈플러스 지하동 *층 (구성동)",폐업,0002,03,0415908152,214695.358784324    ,366435.793995253    ,서울특별시 강서구 등촌동 ** 홈플러스 ,2026-04-16 15:31:43
4490000,565000001320230001,2023-07-07,,영업/정상,,,,,20,,31119,주식회사 알파제나,I,L00,2025-12-15 16:15:28,"충청남도 천안시 동남구 터미널*길 **, 은본빌딩 ***호 (신부동)",정상,0000,01,07088223006,214077.304376352    ,369033.930338306    ,충청남도 천안시 동남구 신부동 *** 은본빌딩 ,2025-06-11 16:17:30
4490000,565000001320230002,2023-08-22,,영업/정상,,,,,,,31127,견생냥품 무인24 천안에듀시티점,I,000,2025-12-15 16:15:28,"충청남도 천안시 동남구 천중*길 *-*, *층 ***호 (문화동)",정상,0000,01,,213581.670834966    ,367670.756813883    ,충청남도 천안시 동남구 문화동 *-** ,2023-08-22 07:14:10
4490000,565000001320240001,2024-05-09,,영업/정상,,,,,,,31187,능진테크,I,000,2025-12-15 16:15:28,"충청남도 천안시 동남구 고재**길 **, ***호 (원성동)",정상,0000,01,0415921300,214344.28418466     ,366683.363803664    ,충청남도 천안시 동남구 원성동 ***-* ***호,2024-05-09 14:57:54
4490000,565000001320240002,2024-07-12,,영업/정상,,,,,,,31123,와일드메이커,I,000,2025-12-15 16:15:28,"충청남도 천안시 동남구 먹거리*길 **-*, ***호 (신부동)",정상,0000,01,,213758.32956451     ,368284.2565541      ,충청남도 천안시 동남구 신부동 ***-*** ,2024-07-12 17:19:02
4490000,565000001320220002,2022-05-13,,폐업,2026-02-01,,,,,,31177,홈플러스 주식회사 대표 조주연(천안신방점),I,000,2026-02-06 22:32:20,"충청남도 천안시 동남구 신촌*길 **, 홈플러스 *층 (신방동)",폐업,0002,03,0415522080,210681.520347633    ,365092.813367026    ,서울특별시 강남구 압구정동 ***-* 홈플러스 ,2026-02-05 09:30:07
4500000,450000001320220002,2022-12-09,,영업/정상,,,,,135,,32621,명우상사,I,000,2026-05-05 22:32:31,충청남도 공주시 반포면 정광터*길 **-*,정상,0000,01,,220934.101005827    ,322318.83361126     ,충청남도 공주시 반포면 봉곡리 ***-* ,2022-12-09 10:35:00
4500000,450000001320160001,2016-11-30,,영업/정상,,,,,44.4,,32567,이지건테크,I,000,2026-05-05 22:32:31,충청남도 공주시 장기로 *** (금흥동),정상,0000,01,,213840.810894113    ,331275.725340022    ,,2016-11-30 13:30:41
4500000,450000001320150002,2015-10-22,,영업/정상,,,,,26.4,,32506,멀티에스,I,000,2026-05-05 22:32:31,충청남도 공주시 유구읍 중앙*길 ***,정상,0000,01,,195571.333832789    ,339321.696941502    ,충청남도 공주시 유구읍 석남리 ,2015-10-22 13:16:44
4500000,450000001320150001,2015-07-17,,영업/정상,,,,,19.9,,32550,신한상사,I,000,2026-05-05 22:32:31,충청남도 공주시 봉황산*길 **-* (봉황동),정상,0000,01,,210449.788358397    ,327764.959096793    ,,2015-07-17 14:47:32
4500000,450000001320240001,2024-01-24,,영업/정상,,,,,80.62,,32506,씨엘테크,I,000,2026-05-05 22:32:31,"충청남도 공주시 유구읍 중앙*길 **, *층 ***호",정상,0000,01,,195520.714178373    ,338750.021455648    ,충청남도 공주시 유구읍 석남리 ***-* ,2024-01-24 10:31:47
4500000,450000001320220001,2022-05-02,,영업/정상,,,,,100,,32503,이래테크,I,000,2026-05-05 22:32:31,충청남도 공주시 유구읍 여드니*길 *-**,정상,0000,01,0418413662,195915.40628297     ,341600.614087689    ,충청남도 공주시 유구읍 신영리 *** ,2022-05-02 15:06:16
4500000,450000001320210001,2021-01-20,,영업/정상,,,,,69.24,,32576,모모의비밀,I,000,2026-05-05 22:32:31,"충청남도 공주시 한적*길 **-**, *층 *호 (신관동)",정상,0000,01,,212316.866021543    ,330660.66428788     ,충청남도 공주시 신관동 ***-* ***호,2021-01-20 10:43:31
4500000,450000001320250001,2025-04-23,,영업/정상,,,,,,,32573,에이치엔바이오텍,I,000,2026-05-05 22:32:31,충청남도 공주시 번영*로 ** (신관동),정상,0000,01,,211724.132848643    ,329916.714665099    ,충청남도 공주시 신관동 ***-* ,2025-04-23 16:01:29
4500000,450000001320240002,2024-07-02,,영업/정상,,,,,,,32576,엠에스테크(M.S),I,000,2026-05-05 22:32:31,"충청남도 공주시 한적*길 *-*, *층 (신관동)",정상,0000,01,,212276.255587551    ,330476.663864411    ,충청남도 공주시 신관동 ***-* ,2024-07-02 15:07:56
4500000,450000001320210002,2021-10-18,,영업/정상,,,,,,,32511,주식회사 하림펫푸드,I,L00,2026-05-05 22:32:31,충청남도 공주시 정안면 정안농공단지길 **-***,정상,0000,01,07051064521,211497.063712015    ,346703.00598389     ,충청남도 공주시 정안면 사현리 *** ,2024-01-03 14:10:08
4510000,451000001320210001,2021-07-29,,영업/정상,,,,,117.25,,33404,삼화비엔이 주식회사,I,L00,2026-05-11 22:32:30,충청남도 보령시 천북면 천광로 ***,정상,0000,01,0416421601,163783.889420496    ,332883.508812616    ,충청남도 보령시 천북면 신죽리 ***-* ,2021-08-02 13:41:20
4510000,451000001320220001,2022-05-17,,영업/정상,,,,,7648.3,,33430,홈플러스 보령점,I,L00,2026-05-11 22:32:30,충청남도 보령시 명암*길 **(동대동),정상,0000,01,0419398000,165267.663548079    ,315975.315462083    ,충청남도 보령시 동대동 ***-** ,2024-02-23 10:08:20
4520000,452000001320230002,2023-08-04,,폐업,2025-02-19,,,,,,31449,(주)퓨리텍,I,000,2026-05-02 22:32:32,충청남도 아산시 염치읍 만전당길**번길 **,폐업,0002,03,0415417437,203596.298615901    ,367849.620549821    ,충청남도 아산시 염치읍 대동리 ***-* ,2025-03-12 10:03:52
4520000,452000001320220004,2022-05-25,,폐업,2023-12-08,,,,,,31466,(주)이마트에브리데이 아산장재점,I,L00,2026-05-02 22:32:32,충청남도 아산시 배방읍 용연로 **-*,폐업,0002,03,,207988.786039262    ,365292.040244047    ,충청남도 아산시 배방읍 장재리 **** ,2023-12-12 09:27:31
4520000,452000001320220003,2022-05-18,,폐업,2023-12-06,,,,,,31486,(주)이마트에브리데이 아산공수점,I,L00,2026-05-02 22:32:32,"충청남도 아산시 배방읍 배방로 **, 이마트에브리데이 아산공수점",폐업,0002,03,0415497652,204843.850867859    ,363495.167242402    ,충청남도 아산시 배방읍 공수리 ***-* 이마트에브리데이 아산공수점 ,2023-12-06 13:55:46
4520000,452000001320220002,2022-05-18,,폐업,2023-11-15,,,,,,31465,(주)이마트에브리데이 아산탕정점,I,L00,2026-05-02 22:32:32,"충청남도 아산시 탕정면 한들물빛도시로 **, B동 ***~***호 (한들물빛도시지웰시티센트럴푸르지오*단지)",폐업,0002,03,,207535.89200575     ,364953.760702976    ,충청남도 아산시 탕정면 매곡리 **** 한들물빛도시지웰시티센트럴푸르지오*단지 ,2023-11-15 09:15:38
4520000,452000001320190001,2019-05-20,,폐업,2023-06-01,,,,,,31470,폴리파크아산역점,I,000,2026-05-02 22:32:32,"충청남도 아산시 배방읍 고속철대로 ***, 이마트 트레이더스 천안아산점",폐업,0002,03,0415454317,209360.843218577    ,366129.793611595    ,충청남도 아산시 배방읍 장재리 **** 이마트 트레이더스 천안아산점 ,2023-06-01 11:48:48
4520000,452000001320200001,2020-05-01,,폐업,2024-01-18,,,,,,31515,멍마르뜨베이커리,I,000,2026-05-02 22:32:32,"충청남도 아산시 충무로 **, *층 (권곡동)",폐업,0002,03,0415460103,200471.924773302    ,364989.727532164    ,충청남도 아산시 권곡동 ***-** ,2024-01-25 10:19:49
4520000,452000001320250001,2025-09-29,,영업/정상,,,,,2.3,,31522,주식회사 한국생물보전연구소(동물용의료기기통신판매),I,L00,2026-05-02 22:32:33,"충청남도 아산시 번영로***번길 **, *층 ****호 (모종동)",정상,0000,01,0415495800,201214.699585141    ,365067.889573472    ,충청남도 아산시 모종동 ***-** ,2025-09-29 16:03:27
4520000,452000001320240002,2024-07-18,,영업/정상,,,,,,,31421,(주)하나환경,I,000,2026-05-02 22:32:33,충청남도 아산시 둔포면 윤보선로 ***,정상,0000,01,0415335700,201037.752332524    ,377423.634694377    ,충청남도 아산시 둔포면 신남리 *** ,2024-07-18 13:52:17
4520000,452000001320240001,2024-06-20,,영업/정상,,,,,,,31578,축산 메디 벳,I,000,2026-05-02 22:32:33,"충청남도 아산시 용화로**번길 *-*, ***호 (용화동)",정상,0000,01,,200841.296058282    ,363403.300437291    ,충청남도 아산시 용화동 **** ,2024-06-20 15:52:40
4520000,452000001320230003,2023-11-22,,영업/정상,,,,,,,31449,퓨리원,I,000,2026-05-02 22:32:32,충청남도 아산시 염치읍 만전당길**번길 **,정상,0000,01,0415417431,203596.298615901    ,367849.620549821    ,충청남도 아산시 염치읍 대동리 ***-* ,2023-11-22 16:46:27
4520000,452000001320230001,2023-07-31,,영업/정상,,,,,,,31449,나노아이엔씨,I,000,2026-05-02 22:32:32,충청남도 아산시 염치읍 만전당길**번길 **,정상,0000,01,0415413336,203596.298615901    ,367849.620549821    ,충청남도 아산시 염치읍 대동리 ***-* ,2023-07-31 09:36:04
4520000,452000001320220001,2022-02-03,,영업/정상,,,,,,,31402,올젠메탈시스템,I,000,2026-05-02 22:32:32,충청남도 아산시 영인면 아산호로 ***,정상,0000,01,,196508.481917081    ,377888.031231202    ,충청남도 아산시 영인면 구성리 *-* ,2022-02-03 09:25:52
4530000,453000001320220002,2022-05-25,,폐업,2023-12-05,,,,,,31987,(주)이마트에브리데이 서산읍내점,I,L00,2026-05-06 22:32:31,충청남도 서산시 안견로 ***(읍내동),폐업,0002,03,0414293008,150160.264895858    ,364697.379616911    ,충청남도 서산시 읍내동 ***-* ,2023-12-05 09:25:03
4530000,453000001320180001,2018-07-04,,폐업,2024-08-22,,,,,,31996,폴리파크 호수공원점,I,000,2026-05-06 22:32:30,"충청남도 서산시 호수공원**로 **, ***호 (예천동)",폐업,0002,03,,150693.09243657     ,363649.948375234    ,충청남도 서산시 예천동 ****-* ,2024-08-23 08:24:46
4530000,453000001320220001,2022-05-25,,폐업,2023-12-04,,,,,,31998,(주)이마트에브리데이 서산예천점,I,L00,2026-05-06 22:32:31,"충청남도 서산시 동서*로 ***, ***호 (예천동, 이편한세상서산예천아파트)",폐업,0002,03,0414292300,150399.787461964    ,363170.772751786    ,충청남도 서산시 예천동 **** 이편한세상서산예천아파트 ***호,2023-12-04 15:17:30
4540000,454000001320220001,2022-05-17,,영업/정상,,,,,,,32988,홈플러스 논산점,I,L00,2026-05-11 22:32:34,충청남도 논산시 시민로 *** (내동),정상,0000,01,0417318122,208765.139329138    ,298112.90198857     ,충청남도 논산시 내동 ***-* ,2024-12-10 10:11:48
4550000,455000001320220002,2022-09-20,,영업/정상,,,,,,,32747,블라썸모먼트,I,000,2026-05-11 22:32:33,"충청남도 금산군 금산읍 금산천길 **, 금산시장 *동 *호",정상,0000,01,,244139.251730001    ,288917.123403883    ,충청남도 금산군 금산읍 하옥리 ***-** 금산시장 ,2022-09-20 14:19:25
4550000,455000001320250001,2025-02-13,,영업/정상,,,,,,,32701,다다테크,I,000,2026-05-11 22:32:33,충청남도 금산군 복수면 학평길 **-*,정상,0000,01,,,,충청남도 금산군 복수면 수영리 ***-* ***호 ,2025-02-13 09:52:32
4550000,455000001320240001,2024-03-26,,영업/정상,,,,,,,32720,나이스과학,I,000,2026-05-11 22:32:33,충청남도 금산군 제원면 금강로 ***,정상,0000,01,0416630805,249805.462721003    ,290086.341175101    ,충청남도 금산군 제원면 저곡리 ***-* ,2024-03-26 13:39:42
4550000,455000001320230001,2023-02-09,,영업/정상,,,,,,,32743,밀푸,I,000,2026-05-11 22:32:33,"충청남도 금산군 금산읍 진악로 ***, e편한세상 금산 프라임포레 ***동 ***호",정상,0000,01,,241773.151919378    ,289214.337278649    ,충청남도 금산군 금산읍 양지리 **-* ,2023-02-09 13:36:32
4550000,455000001320220004,2022-12-06,,영업/정상,,,,,,,32748,스테이클라우드,I,000,2026-05-11 22:32:33,"충청남도 금산군 금산읍 동산*길 **, ***동 ***호 (금산대원산마루아파트)",정상,0000,01,,244296.905639103    ,288718.365604415    ,충청남도 금산군 금산읍 하옥리 *** 금산대원산마루아파트 ***동 ***호,2022-12-06 16:47:36
4550000,455000001320220003,2022-09-20,,영업/정상,,,,,,,32704,더쏠쏠한,I,000,2026-05-11 22:32:33,"충청남도 금산군 진산면 압석골길 **, 골드캐슬 A동 ***호",정상,0000,01,,232888.976834489    ,293191.279900761    ,충청남도 금산군 진산면 읍내리 ***-* ,2022-09-20 15:59:22
4550000,455000001320230002,2023-05-31,,폐업,2024-01-05,,,,,,32711,(주)삼원팜텍,I,L00,2026-05-11 22:32:33,충청남도 금산군 추부면 추풍로 ***,폐업,0002,03,0417517270,243166.382297494    ,298759.909851637    ,충청남도 금산군 추부면 장대리 ***-* ,2024-01-05 13:28:24
4550000,455000001320220001,2022-09-20,,폐업,2025-01-21,,,,,,32730,드라마메이커,I,000,2026-05-11 22:32:33,"충청남도 금산군 금산읍 비단로 ***, ***동 ***호 (금산상리주공*단지아파트)",폐업,0002,03,,243545.321692376    ,290174.580855864    ,충청남도 금산군 금산읍 상리 *** 금산상리주공*단지아파트 ,2025-01-21 18:10:24
4550000,455000001320160001,2016-11-04,,폐업,2019-12-24,,,,18.36,,32738,중앙애니매드,I,000,2026-05-11 22:32:33,충청남도 금산군 금산읍 인삼로 **,폐업,0002,03,0417537537,244236.590211987    ,289255.529829616    ,,2019-12-24 14:06:03
4570000,457000001319990001,1999-10-12,,영업/정상,,,,,0,,,신희망가축약품상사,I,000,2026-05-07 22:32:31,,정상,0000,01,,191549.630411014    ,308354.728651098    ,충청남도 부여군 부여읍 동남리 ***-* ,2003-10-31 10:56:34
4580000,458000001320220001,2022-11-29,,폐업,2024-02-06,,,,,,33608,금빛제이,I,000,2026-05-11 22:32:34,충청남도 서천군 비인면 선도길**번길 **-**,폐업,0002,03,,163277.406466212    ,292902.123745401    ,충청남도 서천군 비인면 선도리 *** ,2024-02-06 14:09:26
4590000,459000001320240001,2024-01-16,,영업/정상,,,,,45,,33326,C.Y.바이오,I,000,2026-05-03 22:33:26,"충청남도 청양군 청양읍 칠갑산로*길 *, *층 ***호",정상,0000,01,,182459.080706116    ,327776.27968546     ,충청남도 청양군 청양읍 읍내리 ***-* ,2024-03-22 09:48:09
4600000,460000001320220001,2022-05-18,,폐업,2022-12-23,,,,,,32247,(주)이마트에브리데이 홍성중앙점,I,000,2026-05-08 22:32:31,충청남도 홍성군 홍성읍 내포로 ***,폐업,0002,03,0414067755,169184.703661848    ,343846.132796022    ,충청남도 홍성군 홍성읍 옥암리 **** ,2022-12-23 17:24:19
4600000,460000001320220002,2022-05-19,,폐업,2023-12-11,,,,,,32265,(주)이마트에브리데이 홍성내포점,I,L00,2026-05-08 22:32:31,"충청남도 홍성군 홍북읍 홍학로 **, emart everyday 홍성내포점",폐업,0002,03,,170859.183759935    ,349682.811402597    ,충청남도 홍성군 홍북읍 신경리 **** emart everyday 홍성내포점 ,2023-12-11 11:13:22
4600000,460000001320220003,2022-05-19,,폐업,2023-09-01,,,,,,32234,(주)이마트에브리데이 홍성남장점,I,L00,2026-05-08 22:32:31,충청남도 홍성군 홍성읍 홍장북로 ***,폐업,0002,03,0414067759,170342.36875866     ,343472.010996891    ,충청남도 홍성군 홍성읍 남장리 **-* ,2023-08-31 15:32:26
4600000,460000001320190001,2019-05-08,,영업/정상,,,,,,,32219,다산축산기구,I,000,2026-05-08 22:32:31,충청남도 홍성군 홍성읍 의사로**번길 **,정상,0000,01,,170645.299023225    ,344745.36658636     ,충청남도 홍성군 홍성읍 대교리 *** ,2019-05-08 15:41:13
4600000,460000001320190002,2019-05-15,,영업/정상,,,,,,,32219,다산축산기구,I,000,2026-05-08 22:32:31,"충청남도 홍성군 홍성읍 의사로**번길 **, *층",정상,0000,01,,170645.299023225    ,344745.36658636     ,충청남도 홍성군 홍성읍 대교리 *** 다산축산기구 ,2019-05-15 14:38:50
4600000,460000001320210001,2021-03-10,,영업/정상,,,,,,,32283,포제이사이언스,I,000,2026-05-08 22:32:31,"충청남도 홍성군 홍동면 충절로 ***-**, *층",정상,0000,01,,173958.016002059    ,341868.214103245    ,충청남도 홍성군 홍동면 신기리 ***-* ,2021-03-10 17:53:11
4600000,460000001320210002,2021-11-01,,영업/정상,,,,,185,,32251,축산마루 주식회사,I,L00,2026-05-08 22:32:31,충청남도 홍성군 홍북읍 봉신*길 **-**,정상,0000,01,0416315995,169703.652091303    ,346893.069490243    ,충청남도 홍성군 홍북읍 봉신리 ***-** ,2023-10-31 16:34:18
4600000,460000001320210003,2021-11-16,,영업/정상,,,,,,,32218,제일축산,I,000,2026-05-08 22:32:31,"충청남도 홍성군 홍성읍 충서로 ****, *동 *층",정상,0000,01,,169960.118406198    ,344959.304317793    ,충청남도 홍성군 홍성읍 대교리 *** ,2021-11-16 17:48:20
4600000,460000001320230001,2023-02-22,,영업/정상,,,,,,,32216,홍주바이오사이언스,I,000,2026-05-08 22:32:31,충청남도 홍성군 홍성읍 도청대로 **,정상,0000,01,,169695.282861963    ,345043.203089924    ,충청남도 홍성군 홍성읍 소향리 **-* ,2023-02-22 14:56:19
4600000,460000001320230002,2023-10-30,,영업/정상,,,,,,,32251,축산마루 주식회사,I,L00,2026-05-08 22:32:31,"충청남도 홍성군 홍북읍 봉신*길 **-**, *층",정상,0000,01,0416415995,169703.652091303    ,346893.069490243    ,충청남도 홍성군 홍북읍 봉신리 ***-** ,2023-10-31 18:09:07
4600000,460000001320260001,2026-03-10,,영업/정상,,,,,22272,,32217,삼화비엔이 주식회사,I,000,2026-05-08 22:32:31,"충청남도 홍성군 홍성읍 도청대로 ***-**, ***,***호",정상,0000,01,0416418102,169872.270159771    ,346196.972325886    ,충청남도 홍성군 홍성읍 내법리 ***-** ,2026-03-10 13:50:27
4610000,461000001320140001,2014-04-03,,폐업,2016-08-10,,,,53.65,,32418,엘에스엠(LSM),I,000,2026-05-07 22:32:30,충청남도 예산군 신암면 계촌진말길 *-**,폐업,0002,03,,184801.277761388    ,359940.615822878    ,충청남도 예산군 신암면 계촌리 *** ,2016-08-10 17:34:14
4610000,461000001320130001,2013-07-30,,영업/정상,,,,,110,,32441,주식회사 하이팜케어,I,L00,2026-05-07 22:32:30,충청남도 예산군 예산읍 예산로 **,정상,0000,01,,184787.921212627    ,353417.082845449    ,충청남도 예산군 예산읍 주교리 ,2018-06-18 10:32:22
4610000,461000001320180001,2018-06-18,,영업/정상,,,,,132.33,,32403,대도가축약품,I,000,2026-05-07 22:32:30,"충청남도 예산군 고덕면 고덕중앙로 **, *층",정상,0000,01,,173489.271687558    ,360647.025902816    ,충청남도 예산군 고덕면 대천리 ***-** ,2018-06-18 10:41:20
4610000,461000001320180002,2018-06-18,,영업/정상,,,,,220,,32416,(주)에이지동물약품,I,L00,2026-05-07 22:32:30,충청남도 예산군 삽교읍 신촌길 **-**,정상,0000,01,0413387541,170788.203005645    ,352895.432472389    ,충청남도 예산군 삽교읍 신리 ***-** ,2022-04-25 10:24:33
4610000,461000001320190001,2019-08-27,,영업/정상,,,,,625,,32453,씨티과학,I,000,2026-05-07 22:32:30,충청남도 예산군 신양면 청신로 ***,정상,0000,01,0413333022,188211.979833211    ,344632.150698137    ,충청남도 예산군 신양면 신양리 ***-* ,2019-08-27 13:23:54
4610000,461000001320210001,2021-11-19,,영업/정상,,,,,,,32446,녹십자수의약품(주),I,000,2026-05-07 22:32:30,충청남도 예산군 응봉면 산단*길 ***,정상,0000,01,0413371805,178309.83108282     ,352026.46675479     ,충청남도 예산군 응봉면 주령리 *** ,2021-11-19 16:43:55
4620000,462000001320210001,2021-01-15,,영업/정상,,,,,,,32144,폴리파크태안점,I,000,2026-05-11 22:32:34,"충청남도 태안군 태안읍 동백로 ***, 폴리파크태안점 *층",정상,0000,01,0416741155,137394.083896957    ,361160.212366065    ,충청남도 태안군 태안읍 남문리 ***-* ,2021-01-15 13:08:42
4641000,464100001320200012,2020-06-08,,영업/정상,,,,,,,54960,디엔바이오텍,I,000,2026-05-11 22:32:41,전북특별자치도 전주시 완산구 황강서원*길 **(효자동*가),정상,0000,01,0632517231,209044.367499149    ,258665.531319043    ,전북특별자치도 전주시 완산구 효자동*가 ****-** ,2022-01-28 17:49:45
4641000,464100001320200013,2020-06-09,,영업/정상,,,,,,,54958,연희,I,000,2026-05-11 22:32:41,"전북특별자치도 전주시 완산구 황강서원*길 *-*, ***호 (효자동*가)",정상,0000,01,0632233937,208921.99086165     ,258784.665329827    ,전북특별자치도 전주시 완산구 효자동*가 ****-** ***호,2023-01-17 17:29:20
4641000,464100001320200014,2020-07-10,,영업/정상,,,,,,,54977,다연,I,000,2026-05-11 22:32:41,전북특별자치도 전주시 완산구 중산*길 * (중화산동*가),정상,0000,01,,210717.957478594    ,257284.654065878    ,전북특별자치도 전주시 완산구 중화산동*가 *** ,2020-07-10 16:24:34
4641000,464100001320200015,2020-07-21,,영업/정상,,,,,,,55091,덕남,I,000,2026-05-11 22:32:41,전북특별자치도 전주시 완산구 솟대*길 ** (삼천동*가),정상,0000,01,0632285035,211142.36174988     ,254881.265737079    ,전북특별자치도 전주시 완산구 삼천동*가 ***-* ,2020-07-21 09:13:13
4641000,464100001320200016,2020-07-28,,영업/정상,,,,,,,54956,(주)제이와이에스,I,L00,2026-05-11 22:32:41,"전북특별자치도 전주시 완산구 서곡*길 **-*, *층 (효자동*가, 휴플러스빌)",정상,0000,01,0632523041,208885.453377952    ,259543.880126363    ,전북특별자치도 전주시 완산구 효자동*가 ****-* *층 ,2020-07-28 14:47:32
4641000,464100001320200017,2020-08-19,,영업/정상,,,,,,,54960,(주)다인기술,I,L00,2026-05-11 22:32:41,"전북특별자치도 전주시 완산구 황강서원*길 **, *층 (효자동*가)",정상,0000,01,0632537231,209044.367499149    ,258665.531319043    ,전북특별자치도 전주시 완산구 효자동*가 ****-** ,2022-04-27 16:00:51
4641000,464100001320200018,2020-09-24,,영업/정상,,,,,,,54986,디오세이프티,I,000,2026-05-11 22:32:41,전북특별자치도 전주시 완산구 선너머*길 * (중화산동*가),정상,0000,01,0632879122,211736.274045898    ,257038.066613624    ,전북특별자치도 전주시 완산구 중화산동*가 ***-* ,2020-09-24 16:45:33
4641000,464100001320200019,2020-10-13,,영업/정상,,,,,,,54906,유한회사 현성테크,I,L00,2026-05-11 22:32:41,전북특별자치도 전주시 덕진구 백동*길 ** (인후동*가),정상,0000,01,,213454.735377416    ,260883.734925522    ,전북특별자치도 전주시 덕진구 인후동*가 ****-** ,2024-01-12 15:41:14
4641000,464100001320200020,2020-11-20,,영업/정상,,,,,,,54835,란테크 컴퍼니,I,000,2026-05-11 22:32:41,"전북특별자치도 전주시 덕진구 솔내*길 **, *동 ***호 (송천동*가)",정상,0000,01,0632769906,211187.786404881    ,262453.168903411    ,전북특별자치도 전주시 덕진구 송천동*가 ***-* *동 ***호,2020-11-20 16:13:26
4641000,464100001320200021,2020-11-26,,영업/정상,,,,,,,54858,제이에스피,I,000,2026-05-11 22:32:41,"전북특별자치도 전주시 덕진구 만성북로 **, 만성 U-Tower ***호 (만성동)",정상,0000,01,,207175.055951262    ,260942.501927923    ,전북특별자치도 전주시 덕진구 만성동 ****-* 만성 U-Tower ,2024-08-07 08:46:31
4641000,464100001320210001,2021-01-27,,영업/정상,,,,,,,54858,주식회사 퍼스트랩,I,L00,2026-05-11 22:32:41,"전북특별자치도 전주시 덕진구 만성북로 **-**, 스페이스온 지식산업센터 *층 ****호 (만성동)",정상,0000,01,0632296600,207392.029276292    ,260992.916630393    ,전북특별자치도 전주시 덕진구 만성동 ****-* 스페이스온 지식산업센터 ,2022-02-17 14:09:43
4641000,464100001320210002,2021-02-15,,영업/정상,,,,,,,55145,야옹아멍멍해봐,I,000,2026-05-11 22:32:42,전북특별자치도 전주시 덕진구 과학로 **-* (송천동*가),정상,0000,01,0632710046,211108.916333961    ,263747.628334712    ,전북특별자치도 전주시 덕진구 송천동*가 ***-** ,2021-02-15 17:40:57
4641000,464100001320210004,2021-06-15,,영업/정상,,,,,,,54904,와이온,I,000,2026-05-11 22:32:42,"전북특별자치도 전주시 덕진구 호성*길 **, *층 *호 (호성동*가)",정상,0000,01,,213721.740203995    ,262154.07487628     ,전북특별자치도 전주시 덕진구 호성동*가 ***-** ,2021-06-15 07:55:35
4641000,464100001320210005,2021-10-19,,영업/정상,,,,,77.76,,54986,자한티씨,I,000,2026-05-11 22:32:42,전북특별자치도 전주시 완산구 선너머*길 *(중화산동*가),정상,0000,01,0639047547,211736.274045898    ,257038.066613624    ,전북특별자치도 전주시 완산구 중화산동*가 ***-* ,2021-10-19 18:10:58
4641000,464100001320210006,2021-10-21,,영업/정상,,,,,,,54966,가이드사이언스,I,000,2026-05-11 22:32:42,"전북특별자치도 전주시 완산구 바우배기*길 **, 엠에스빌딩 ***동 *호 (효자동*가)",정상,0000,01,0637142531,209215.185228862    ,257205.222498966    ,전북특별자치도 전주시 완산구 효자동*가 ****-* ,2021-10-21 13:46:11
4641000,464100001320220002,2022-01-18,,영업/정상,,,,,,,54961,원사이언스,I,000,2026-05-11 22:32:42,"전북특별자치도 전주시 완산구 척동*길 *, 초록빌 ***호 (효자동*가)",정상,0000,01,0632257324,209019.1101897      ,258100.559120762    ,전북특별자치도 전주시 완산구 효자동*가 ****-* ,2022-01-18 18:25:31
4641000,464100001320220003,2022-01-19,,영업/정상,,,,,,,55049,우인이엔티,I,000,2026-05-11 22:32:42,"전북특별자치도 전주시 완산구 따박골*길 *-**, ***호 (중화산동*가)",정상,0000,01,,211334.650029889    ,256788.275397485    ,전북특별자치도 전주시 완산구 중화산동*가 ***-* ,2024-01-02 15:14:24
4641000,464100001320220004,2022-01-21,,영업/정상,,,,,,,54906,미성FEP,I,000,2026-05-11 22:32:42,전북특별자치도 전주시 덕진구 백동*길 **(인후동*가),정상,0000,01,,213459.835970081    ,260869.345862018    ,전북특별자치도 전주시 덕진구 인후동*가 ****-** ,2025-06-16 08:56:17
4641000,464100001320220005,2022-01-28,,취소/말소/만료/정지/중지,,,,,,,54960,디엔바이오텍,I,000,2026-05-11 22:32:42,"전북특별자치도 전주시 완산구 황강서원*길 **, *층 (효자동*가)",말소,0004,04,0632517231,209044.367499149    ,258665.531319043    ,전북특별자치도 전주시 완산구 효자동*가 ****-** ,2022-01-28 17:43:53
4641000,464100001320220006,2022-02-14,,영업/정상,,,,,,,54858,제이비바이오,I,000,2026-05-11 22:32:42,"전북특별자치도 전주시 덕진구 만성북로 **-**, 스페이스온 지식산업센터 *층 ****호 (만성동)",정상,0000,01,0632229131,207392.029276292    ,260992.916630393    ,전북특별자치도 전주시 덕진구 만성동 ****-* 스페이스온 지식산업센터 ,2024-05-02 08:48:55
4641000,464100001320220007,2022-02-17,,영업/정상,,,,,,,54890,비에스엘,I,000,2026-05-11 22:32:42,"전북특별자치도 전주시 덕진구 추탄로 **, *층 ***호 (덕진동*가)",정상,0000,01,0632426183,209801.130173493    ,260639.84804847     ,전북특별자치도 전주시 덕진구 덕진동*가 ***-* ,2022-02-17 14:58:13
4641000,464100001320220008,2022-02-17,,영업/정상,,,,,,,54890,유한회사 디에이치랩,I,000,2026-05-11 22:32:42,"전북특별자치도 전주시 덕진구 추탄로 **, *층 ***호 (덕진동*가)",정상,0000,01,,209801.130173493    ,260639.84804847     ,전북특별자치도 전주시 덕진구 덕진동*가 ***-* ,2022-02-17 15:08:48
4641000,464100001320220009,2022-02-21,,영업/정상,,,,,,,55123,한길테크,I,000,2026-05-11 22:32:42,"전북특별자치도 전주시 완산구 소대배기로 **, 현대아파트 *층 ***호 (평화동*가)",정상,0000,01,,212015.492878199    ,254178.917200169    ,전북특별자치도 전주시 완산구 평화동*가 ***-* 현대아파트 ,2022-02-21 16:05:46
4641000,464100001320220010,2022-02-28,,영업/정상,,,,,,,54956,클랩,I,000,2026-05-11 22:32:42,"전북특별자치도 전주시 완산구 서곡*길 **-*, 휴플러스빌 *층 (효자동*가)",정상,0000,01,0632523041,208885.453377952    ,259543.880126363    ,전북특별자치도 전주시 완산구 효자동*가 ****-* 휴플러스빌 ,2022-02-28 08:45:54
4641000,464100001320220011,2022-03-16,,영업/정상,,,,,,,54912,연택테크,I,000,2026-05-11 22:32:42,"전북특별자치도 전주시 덕진구 안덕원*길 **(우아동*가, 럭키아파트)",정상,0000,01,,214727.159505388    ,260445.593365675    ,전북특별자치도 전주시 덕진구 우아동*가 ***-* 럭키아파트 ,2022-03-16 18:07:58
4641000,464100001320220012,2022-03-21,,영업/정상,,,,,,,54853,에이블 주식회사,I,000,2026-05-11 22:32:42,"전북특별자치도 전주시 덕진구 반룡로 ***, 테크노빌 *층 ***호 (팔복동*가)",정상,0000,01,0632372501,207450.530383795    ,262003.396305543    ,전북특별자치도 전주시 덕진구 팔복동*가 *** 테크노빌 ,2022-03-21 17:38:33
4641000,464100001320220013,2022-03-30,,영업/정상,,,,,,,54960,유한회사 다온바이오텍,I,000,2026-05-11 22:32:42,전북특별자치도 전주시 완산구 황강서원*길 *-*(효자동*가),정상,0000,01,0632364812,208957.065          ,258688.79           ,전북특별자치도 전주시 완산구 효자동*가 ****-* ,2022-03-30 08:42:53
4641000,464100001320220015,2022-04-05,,영업/정상,,,,,,,54858,엠디에스,I,000,2026-05-11 22:32:42,"전북특별자치도 전주시 덕진구 만성북로 **-**, 스페이스온 지식산업센터 *층 ****호 (만성동)",정상,0000,01,0637169533,207392.029276292    ,260992.916630393    ,전북특별자치도 전주시 덕진구 만성동 ****-* 스페이스온 지식산업센터 ,2022-04-05 09:04:09
4641000,464100001320220016,2022-04-05,,영업/정상,,,,,,,54969,우진,I,000,2026-05-11 22:32:42,"전북특별자치도 전주시 완산구 홍산중앙로 **, *층 ***호 (효자동*가)",정상,0000,01,,209754.422330755    ,257538.98437655     ,전북특별자치도 전주시 완산구 효자동*가 ****-** ,2022-04-05 09:20:33
4641000,464100001320220017,2022-04-18,,영업/정상,,,,,,,54977,지에이치랩,I,000,2026-05-11 22:32:42,"전북특별자치도 전주시 완산구 중화산로 **, 강석빌딩 ***호 A-**호 (중화산동*가)",정상,0000,01,,210633.180145264    ,257355.347810839    ,전북특별자치도 전주시 완산구 중화산동*가 *** 강석빌딩 ***호 A-**호,2025-03-17 18:58:08
4641000,464100001320220018,2022-04-18,,영업/정상,,,,,,,55081,(주)케이랩텍,I,L00,2026-05-11 22:32:42,"전북특별자치도 전주시 완산구 용머리로 **, 천지인한의원 *층 ***호 (효자동*가)",정상,0000,01,0632210524,210801.898108804    ,256216.622104528    ,전북특별자치도 전주시 완산구 효자동*가 ***-* 천지인한의원 ,2023-02-08 11:07:12
4641000,464100001320220019,2022-05-18,,영업/정상,,,,,,,55056,홈플러스효자점,I,L00,2026-05-11 22:32:42,"전북특별자치도 전주시 완산구 용머리로 **, 홈플러스 (효자동*가)",정상,0000,01,0635408000,210232.852798594    ,256286.73889888     ,전북특별자치도 전주시 완산구 효자동*가 ***-* 홈플러스 ,2023-09-27 08:43:45
4641000,464100001320220020,2022-05-18,,영업/정상,,,,,,,54909,홈플러스전주점,I,L00,2026-05-11 22:32:42,"전북특별자치도 전주시 덕진구 백제대로 ***, 홈플러스 (우아동*가)",정상,0000,01,0635408000,213740.884762631    ,260828.803055357    ,전북특별자치도 전주시 덕진구 우아동*가 ***-* 홈플러스 ,2022-05-18 17:54:59
4641000,464100001320220021,2022-05-18,,영업/정상,,,,,,,55005,홈플러스전주완산점,I,L00,2026-05-11 22:32:42,"전북특별자치도 전주시 완산구 기린대로 ***, 홈플러스 (중노송동)",정상,0000,01,0635408000,213487.497985724    ,258187.996076138    ,전북특별자치도 전주시 완산구 중노송동 ***-* 홈플러스 ,2022-05-18 18:01:09
4641000,464100001320220023,2022-05-26,,영업/정상,,,,,,,55144,유미,I,000,2026-05-11 22:32:43,전북특별자치도 전주시 완산구 중인*길 ***(중인동),정상,0000,01,,208473.22189333     ,251887.039945191    ,전북특별자치도 전주시 완산구 중인동 ***-* ,2022-05-26 11:24:22
4641000,464100001320220024,2022-06-08,,영업/정상,,,,,,,54961,바른테크&OA,I,000,2026-05-11 22:32:43,전북특별자치도 전주시 완산구 척동*길 *(효자동*가),정상,0000,01,,208856.059258036    ,258098.148435474    ,전북특별자치도 전주시 완산구 효자동*가 ****-* ,2022-06-08 10:23:32
4641000,464100001320220025,2022-07-12,,영업/정상,,,,,,,54818,(유)아성개발,I,000,2026-05-11 22:32:43,"전북특별자치도 전주시 덕진구 동부대로 ***, *층 (산정동)",정상,0000,01,,215114.08891678     ,260147.963034529    ,전북특별자치도 전주시 덕진구 산정동 ***-* ,2023-02-02 15:14:02
4641000,464100001320220026,2022-08-05,,영업/정상,,,,,,,55018,(주)어지린,I,000,2026-05-11 22:32:43,"전북특별자치도 전주시 덕진구 석소로 **, ***동동 ***호 (인후동*가, 아중현대아파트)",정상,0000,01,,214923.778982431    ,259116.643965278    ,전북특별자치도 전주시 덕진구 인후동*가 ***-* 아중현대아파트 ,2022-08-05 10:39:31
4641000,464100001320220027,2022-08-30,,영업/정상,,,,,,,54960,벼리사이언스,I,000,2026-05-11 22:32:43,"전북특별자치도 전주시 완산구 황강서원*길 **-**, ***호 (효자동*가)",정상,0000,01,0632530370,208864.972895335    ,258579.536721396    ,전북특별자치도 전주시 완산구 효자동*가 ****-* ,2022-08-30 15:29:44
4641000,464100001320220028,2022-09-21,,영업/정상,,,,,,,54958,하나로유통,I,000,2026-05-11 22:32:43,"전북특별자치도 전주시 완산구 황강서원*길 *-*, *층 (효자동*가)",정상,0000,01,,209025.518050963    ,258782.291239712    ,전북특별자치도 전주시 완산구 효자동*가 ****-* ,2022-09-21 19:05:29
4641000,464100001320220029,2022-10-06,,영업/정상,,,,,,,54977,럭키가이,I,000,2026-05-11 22:32:43,"전북특별자치도 전주시 완산구 중화산로 **, 강석빌딩 *층 ***호 (중화산동*가)",정상,0000,01,,210633.180145264    ,257355.347810839    ,전북특별자치도 전주시 완산구 중화산동*가 *** 강석빌딩 ,2022-10-06 17:11:27
4641000,464100001320220030,2022-10-11,,영업/정상,,,,,,,54871,형재I.M.Z,I,000,2026-05-11 22:32:43,"전북특별자치도 전주시 덕진구 오공로 **-**, *층 (중동)",정상,0000,01,,205397.661560477    ,259707.941304472    ,전북특별자치도 전주시 덕진구 중동 ***-* ,2022-10-11 07:19:15
4641000,464100001320220031,2022-10-13,,영업/정상,,,,,,,54965,한국지엔피사이언스,I,000,2026-05-11 22:32:43,"전북특별자치도 전주시 완산구 농소*길 **-*, *층 *호 (효자동*가)",정상,0000,01,,208800.09           ,257177.79           ,전북특별자치도 전주시 완산구 효자동*가 ****-** ,2025-10-30 14:47:49
4641000,464100001320220032,2022-10-13,,영업/정상,,,,,,,54965,에이치케이사이언스(HKSIS),I,000,2026-05-11 22:32:43,"전북특별자치도 전주시 완산구 농소*길 **-*, *층 *호 (효자동*가)",정상,0000,01,,208800.09           ,257177.79           ,전북특별자치도 전주시 완산구 효자동*가 ****-** ,2025-10-30 14:45:52
4641000,464100001320220033,2022-10-17,,영업/정상,,,,,,,55006,유한회사 대산이엔지,I,L00,2026-05-11 22:32:43,"전북특별자치도 전주시 완산구 권삼득로 **, ***호 (중노송동)",정상,0000,01,,213383.871146492    ,258387.307363389    ,전북특별자치도 전주시 완산구 중노송동 ***-** ,2026-04-09 13:33:44
4641000,464100001320220034,2022-10-17,,영업/정상,,,,,,,55116,거성산업,I,000,2026-05-11 22:32:43,"전북특별자치도 전주시 완산구 고덕산*길 **, *층 *호 (대성동)",정상,0000,01,,216104.011845385    ,255345.873596782    ,전북특별자치도 전주시 완산구 대성동 ** ,2022-10-17 14:19:16
4641000,464100001320220036,2022-10-20,,영업/정상,,,,,,,54978,정바이오,I,000,2026-05-11 22:32:43,"전북특별자치도 전주시 완산구 중화산로 **, *층 (중화산동*가)",정상,0000,01,,210579.114837035    ,257132.308764068    ,전북특별자치도 전주시 완산구 중화산동*가 ***-* ,2024-06-10 07:42:01
4641000,464100001320220037,2022-10-20,,영업/정상,,,,,,,54868,커넥트랩,I,000,2026-05-11 22:32:43,"전북특별자치도 전주시 덕진구 만성중앙로 **-**, 승소빌딩 *층 ***호 (만성동)",정상,0000,01,,206831.644824101    ,260131.111828383    ,전북특별자치도 전주시 덕진구 만성동 ****-* ,2022-10-20 09:26:24
4641000,464100001320220038,2022-11-07,,영업/정상,,,,,,,54937,(유)지성유통,I,L00,2026-05-11 22:32:43,"전북특별자치도 전주시 덕진구 벚꽃로 **, 우성아파트상가 ***호호 (진북동)",정상,0000,01,0632532117,212118.46503404     ,258925.489133384    ,전북특별자치도 전주시 덕진구 진북동 *** 우성아파트상가 ,2022-11-07 14:30:19
4641000,464100001320220040,2022-11-22,,영업/정상,,,,,,,54956,(유)바이오서브,I,000,2026-05-11 22:32:43,전북특별자치도 전주시 완산구 서곡*길 **-*(효자동*가),정상,0000,01,0632511256,209249.300009341    ,259320.748349884    ,전북특별자치도 전주시 완산구 효자동*가 ****-* ,2022-11-25 16:04:50
4641000,464100001320220042,2022-11-30,,영업/정상,,,,,,,54864,주식회사 혁신탑개발,I,L00,2026-05-11 22:32:44,"전북특별자치도 전주시 덕진구 틀못*길 **, ***동 *층 ***호 (장동, 호반베르디움 더센트럴 *)",정상,0000,01,,205073.240656252    ,260027.475945417    ,전북특별자치도 전주시 덕진구 장동 **** 호반베르디움 더센트럴 * ,2022-11-30 15:03:44
4641000,464100001320230001,2023-01-19,,영업/정상,,,,,,,54958,리온테크,I,000,2026-05-11 22:32:44,전북특별자치도 전주시 완산구 황강서원*길 *-*(효자동*가),정상,0000,01,0632230324,208921.99086165     ,258784.665329827    ,전북특별자치도 전주시 완산구 효자동*가 ****-** ,2023-01-19 09:16:55
4641000,464100001320230002,2023-03-02,,영업/정상,,,,,,,54966,비전,I,000,2026-05-11 22:32:44,"전북특별자치도 전주시 완산구 홍산로 ***, *층 (효자동*가)",정상,0000,01,,209461.480389612    ,257520.823140904    ,전북특별자치도 전주시 완산구 효자동*가 ****-* ,2023-03-02 09:21:04
4641000,464100001320230003,2023-03-02,,영업/정상,,,,,,,55100,태양사,I,000,2026-05-11 22:32:44,전북특별자치도 전주시 완산구 팔달로 **-*(서서학동),정상,0000,01,0632840266,213469.729550669    ,256259.227343072    ,전북특별자치도 전주시 완산구 서서학동 ***-* ,2023-03-02 09:35:46
4641000,464100001320230004,2023-03-06,,영업/정상,,,,,46.56,,54810,위드랩,I,000,2026-05-11 22:32:44,"전북특별자치도 전주시 덕진구 원장동길 **-*, *동 (장동)",정상,0000,01,,205456.398387782    ,260833.382444399    ,전북특별자치도 전주시 덕진구 장동 ***-* ,2026-02-13 09:36:40
4641000,464100001320230005,2023-03-15,,영업/정상,,,,,,,55132,아이들문구,I,000,2026-05-11 22:32:44,"전북특별자치도 전주시 완산구 양지*길 **, 동신아파트 (평화동*가)",정상,0000,01,,210943.41903912     ,254623.028299801    ,전북특별자치도 전주시 완산구 평화동*가 *** 동신아파트 ,2023-03-15 13:12:45
4641000,464100001320230006,2023-03-27,,영업/정상,,,,,,,54858,찬스바이오,I,000,2026-05-11 22:32:44,"전북특별자치도 전주시 덕진구 만성북로 **-**, 스페이스온 지식산업센터 *층 ****호 (만성동)",정상,0000,01,0632247968,207392.029276292    ,260992.916630393    ,전북특별자치도 전주시 덕진구 만성동 ****-* 스페이스온 지식산업센터 ,2023-03-27 09:09:40
4641000,464100001320230007,2023-03-27,,영업/정상,,,,,,,54960,다인에스티,I,000,2026-05-11 22:32:44,"전북특별자치도 전주시 완산구 황강서원*길 **, 우방빌라 *층 (효자동*가)",정상,0000,01,0632537231,209044.367499149    ,258665.531319043    ,전북특별자치도 전주시 완산구 효자동*가 ****-** ,2023-03-27 09:17:45
4641000,464100001320230008,2023-04-04,,영업/정상,,,,,,,54964,도담환경과학,I,000,2026-05-11 22:32:44,전북특별자치도 전주시 완산구 배학*길 **-* (효자동*가),정상,0000,01,0632540996,208561.135          ,257613.26           ,전북특별자치도 전주시 완산구 효자동*가 ****-** ,2023-04-04 17:41:30
4641000,464100001320230009,2023-04-14,,영업/정상,,,,,,,54872,리버사이언스,I,000,2026-05-11 22:32:44,전북특별자치도 전주시 덕진구 오정*길 ** (중동),정상,0000,01,,205457.378534698    ,259325.545415917    ,전북특별자치도 전주시 덕진구 중동 ***-** ,2023-04-14 09:26:48
4641000,464100001320230010,2023-05-12,,영업/정상,,,,,,,54961,위너스랩,I,000,2026-05-11 22:32:44,전북특별자치도 전주시 완산구 척동길 ** (효자동*가),정상,0000,01,,208972.662500786    ,258056.505644567    ,전북특별자치도 전주시 완산구 효자동*가 ****-** ,2023-05-12 08:03:45
4641000,464100001320230011,2023-05-16,,영업/정상,,,,,,,54977,맥스테크,I,000,2026-05-11 22:32:44,전북특별자치도 전주시 완산구 중산*길 **-** (중화산동*가),정상,0000,01,,210926.799878028    ,257196.082291547    ,전북특별자치도 전주시 완산구 중화산동*가 ***-* ,2023-05-16 06:32:56
4641000,464100001320230012,2023-07-20,,영업/정상,,,,,,,54993,제이비엘테크,I,000,2026-05-11 22:32:44,전북특별자치도 전주시 완산구 팔달로 *** (서노송동),정상,0000,01,0632291057,212888.587638022    ,258598.446890946    ,전북특별자치도 전주시 완산구 서노송동 ***-** ,2023-07-20 09:26:10
4641000,464100001320230013,2023-07-21,,영업/정상,,,,,,,54943,제이이테크,I,000,2026-05-11 22:32:44,"전북특별자치도 전주시 완산구 고사평*길 **-*, *층 ***호 (서신동)",정상,0000,01,,209624.943668559    ,259728.76312386     ,전북특별자치도 전주시 완산구 서신동 ****-* ,2023-07-21 06:30:10
4641000,464100001320230014,2023-07-21,,영업/정상,,,,,,,54943,에스엠테크,I,000,2026-05-11 22:32:44,"전북특별자치도 전주시 완산구 고사평*길 **-*, *층 ***호 (서신동)",정상,0000,01,,209624.943668559    ,259728.76312386     ,전북특별자치도 전주시 완산구 서신동 ****-* ,2023-07-21 06:34:22
4641000,464100001320230015,2023-07-28,,영업/정상,,,,,,,54956,에스엠의료기,I,000,2026-05-11 22:32:44,전북특별자치도 전주시 완산구 서곡*길 **-* (효자동*가),정상,0000,01,07048454781,208975.885          ,259728.385          ,전북특별자치도 전주시 완산구 효자동*가 ****-* ,2023-07-28 09:03:57
4641000,464100001320230016,2023-08-01,,영업/정상,,,,,,,54916,(유)은성이엔지,I,L00,2026-05-11 22:32:44,"전북특별자치도 전주시 덕진구 백제대로 ***, 시사주니어 *층 (인후동*가)",정상,0000,01,,213566.763261951    ,260638.509222619    ,전북특별자치도 전주시 덕진구 인후동*가 ****-* 시사주니어 ,2025-03-11 13:55:07
4641000,464100001320230017,2023-08-07,,영업/정상,,,,,,,54966,주식회사 허피,I,L00,2026-05-11 22:32:44,"전북특별자치도 전주시 완산구 홍산로 ***, ***호 (효자동*가)",정상,0000,01,,209461.480389612    ,257520.823140904    ,전북특별자치도 전주시 완산구 효자동*가 ****-* ,2023-08-07 10:07:36
4641000,464100001320230018,2023-08-30,,영업/정상,,,,,,,55057,유한회사 미래상사,I,L00,2026-05-11 22:32:44,전북특별자치도 전주시 완산구 범안*길 * (효자동*가),정상,0000,01,,209692.012464995    ,256913.654522069    ,전북특별자치도 전주시 완산구 효자동*가 ****-* ,2023-12-11 09:44:30
4641000,464100001320230019,2023-11-23,,영업/정상,,,,,,,54904,바이오플래닛,I,000,2026-05-11 22:32:44,"전북특별자치도 전주시 덕진구 호성*길 **, *층 (호성동*가)",정상,0000,01,0632445770,213721.740203995    ,262154.07487628     ,전북특별자치도 전주시 덕진구 호성동*가 ***-** ,2023-11-23 09:04:31
4641000,464100001320230020,2023-11-23,,영업/정상,,,,,,,54858,주식회사 에코하이텍,I,L00,2026-05-11 22:32:44,"전북특별자치도 전주시 덕진구 만성북로 **-**, 스페이스온 지식산업센터 ****호 (만성동)",정상,0000,01,0632221857,207392.029276292    ,260992.916630393    ,전북특별자치도 전주시 덕진구 만성동 ****-* 스페이스온 지식산업센터 ,2023-11-23 10:21:26
4641000,464100001320230021,2023-12-04,,영업/정상,,,,,,,54950,휴켓,I,000,2026-05-11 22:32:44,"전북특별자치도 전주시 완산구 백제대로 ***, *층 ***호 (서신동)",정상,0000,01,,210985.990303543    ,258902.644657513    ,전북특별자치도 전주시 완산구 서신동 **-** ,2023-12-04 11:26:14
4641000,464100001320230022,2023-12-04,,영업/정상,,,,,,,55081,동반상사,I,000,2026-05-11 22:32:45,"전북특별자치도 전주시 완산구 용머리로 **, *층 (효자동*가)",정상,0000,01,,210596.402231212    ,256240.976713534    ,전북특별자치도 전주시 완산구 효자동*가 ***-* ,2023-12-04 11:32:18
4641000,464100001320230023,2023-12-04,,영업/정상,,,,,,,54950,친절한텔레콤 본점,I,000,2026-05-11 22:32:45,"전북특별자치도 전주시 완산구 백제대로 ***, *층 (서신동)",정상,0000,01,,210985.990303543    ,258902.644657513    ,전북특별자치도 전주시 완산구 서신동 **-** ,2023-12-04 11:35:36
4641000,464100001320260009,2026-05-27,,영업/정상,,,,,,,54847,다움 메디컬,I,000,2026-05-28 22:32:20,전북특별자치도 전주시 덕진구 쪽구름*길 * (여의동*가),정상,0000,01,,206799.962986856    ,263707.859577445    ,전북특별자치도 전주시 덕진구 여의동*가 ***-** ,2026-05-27 09:00:50
4641000,464100001320260007,2026-04-16,,영업/정상,,,,,,,54835,해빛사이언스,I,000,2026-05-11 22:32:46,"전북특별자치도 전주시 덕진구 솔내로 ***, B*층 (송천동*가)",정상,0000,01,,211357.044323346    ,262363.439674987    ,전북특별자치도 전주시 덕진구 송천동*가 ***-* ,2026-04-16 17:14:31
4641000,464100001320260008,2026-04-24,,영업/정상,,,,,,,54858,제이제이바이오,I,000,2026-05-11 22:32:46,"전북특별자치도 전주시 덕진구 만성북로 **, 만성 U-Tower *층 ***호 (만성동)",정상,0000,01,,207175.055951262    ,260942.501927923    ,전북특별자치도 전주시 덕진구 만성동 ****-* 만성 U-Tower ,2026-04-24 09:44:21
4641000,464100001320260010,2026-06-02,,영업/정상,,,,,,,54973,연지테크,I,000,2026-06-03 22:32:20,"전북특별자치도 전주시 완산구 인정*길 *-*, *층 (중화산동*가, 렉스빌B)",정상,0000,01,,210761.160343853    ,257802.024124118    ,전북특별자치도 전주시 완산구 중화산동*가 ***-* ,2026-06-02 15:21:23
4641000,464100001320200011,2020-05-28,,영업/정상,,,,,,,54912,연택산업,I,000,2026-05-11 22:32:41,"전북특별자치도 전주시 덕진구 안덕원*길 ** (우아동*가, 럭키아파트)",정상,0000,01,0639033358,214727.159505388    ,260445.593365675    ,전북특별자치도 전주시 덕진구 우아동*가 ***-* 럭키아파트 상가 ,2020-05-28 17:45:01
4641000,464100001320200004,2020-04-08,,영업/정상,,,,,,,55060,전주 카피랜드,I,000,2026-05-11 22:32:41,"전북특별자치도 전주시 완산구 봉곡*길 **, *층 (효자동*가, 필하우스)",정상,0000,01,0632290003,208805.467040188    ,257007.969735729    ,전북특별자치도 전주시 완산구 효자동*가 ****-* 필하우스 ,2020-04-08 13:40:31
4641000,464100001320200005,2020-04-28,,영업/정상,,,,,,,54959,다람,I,000,2026-05-11 22:32:41,전북특별자치도 전주시 완산구 문학대*길 **-* (효자동*가),정상,0000,01,0632373016,209317.527502481    ,258677.2043065      ,전북특별자치도 전주시 완산구 효자동*가 ****-** ,2020-04-28 16:30:14
4641000,464100001320200006,2020-05-08,,영업/정상,,,,,,,54931,(주)신성씨엔에스,I,L00,2026-05-11 22:32:41,"전북특별자치도 전주시 덕진구 기린대로 ***-*, ***호 (금암동)",정상,0000,01,0632424872,211905.020617885    ,259754.701267705    ,전북특별자치도 전주시 덕진구 금암동 ***-* ***호,2025-03-05 16:52:18
4641000,464100001320200007,2020-05-19,,영업/정상,,,,,,,55132,모두사랑,I,000,2026-05-11 22:32:41,"전북특별자치도 전주시 완산구 양지*길 **, 동신아파트 ***호 (평화동*가)",정상,0000,01,,210943.41903912     ,254623.028299801    ,전북특별자치도 전주시 완산구 평화동*가 *** 동신아파트 ***호,2020-05-19 17:30:59
4641000,464100001320200008,2020-05-20,,영업/정상,,,,,,,54964,(주)엔제이에이치,I,000,2026-05-11 22:32:41,전북특별자치도 전주시 완산구 배학*길 *-* (효자동*가),정상,0000,01,0632368972,208713.167501319    ,257794.679376715    ,전북특별자치도 전주시 완산구 효자동*가 ****-* ,2020-05-20 11:00:35
4641000,464100001320200009,2020-05-20,,영업/정상,,,,,,,54950,주식회사 동남의료약품,I,L00,2026-05-11 22:32:41,전북특별자치도 전주시 완산구 안터*길 ** (서신동),정상,0000,01,0632526900,210493.975267036    ,258588.739848898    ,전북특별자치도 전주시 완산구 서신동 ***-* ,2020-05-20 11:04:13
4641000,464100001320200010,2020-05-26,,영업/정상,,,,,,,54950,유한회사 정직한테크,I,L00,2026-05-11 22:32:41,"전북특별자치도 전주시 완산구 백제대로 ***, *층 ***호 (서신동)",정상,0000,01,0632224610,210985.990303543    ,258902.644657513    ,전북특별자치도 전주시 완산구 서신동 **-** ,2023-12-06 09:33:38
4641000,464100001320230024,2023-12-20,,영업/정상,,,,,,,55099,아인제이,I,000,2026-05-11 22:32:45,"전북특별자치도 전주시 완산구 팔달로 **, 화신탕 *층 (서서학동)",정상,0000,01,,213404.995784634    ,256126.009842284    ,전북특별자치도 전주시 완산구 서서학동 ***-* 화신탕 ,2023-12-20 09:44:05
4641000,464100001320230025,2023-12-20,,영업/정상,,,,,,,55099,주식회사 백향목의약품,I,L00,2026-05-11 22:32:45,"전북특별자치도 전주시 완산구 팔달로 **, 화신탕 *층 (서서학동)",정상,0000,01,0632312506,213404.995784634    ,256126.009842284    ,전북특별자치도 전주시 완산구 서서학동 ***-* 화신탕 ,2023-12-20 09:47:50
4641000,464100001320240001,2024-03-12,,영업/정상,,,,,,,54951,엔테크,I,000,2026-05-11 22:32:45,전북특별자치도 전주시 완산구 서신천변**길 **-* (서신동),정상,0000,01,,210088.307556628    ,259034.571218371    ,전북특별자치도 전주시 완산구 서신동 ***-* ,2024-03-12 09:03:34
4641000,464100001320240002,2024-03-12,,영업/정상,,,,,,,54904,대상테크,I,000,2026-05-11 22:32:45,"전북특별자치도 전주시 덕진구 호성*길 **, *층 ***호 (호성동*가)",정상,0000,01,0632472356,213626.557155986    ,262122.648634494    ,전북특별자치도 전주시 덕진구 호성동*가 ***-* ,2024-03-12 09:14:06
4641000,464100001320240003,2024-04-12,,영업/정상,,,,,,,54904,구성SM,I,000,2026-05-11 22:32:45,"전북특별자치도 전주시 덕진구 호성*길 **, *층 ***호 (호성동*가)",정상,0000,01,,213626.557155986    ,262122.648634494    ,전북특별자치도 전주시 덕진구 호성동*가 ***-* ,2024-04-12 09:29:48
4641000,464100001320240004,2024-04-12,,영업/정상,,,,,,,54904,양지에스엠,I,000,2026-05-11 22:32:45,"전북특별자치도 전주시 덕진구 호성*길 **, *층 ***호 (호성동*가)",정상,0000,01,,213626.557155986    ,262122.648634494    ,전북특별자치도 전주시 덕진구 호성동*가 ***-* ,2024-04-12 09:31:58
4641000,464100001320240005,2024-04-18,,영업/정상,,,,,,,54977,튤립,I,000,2026-05-11 22:32:45,"전북특별자치도 전주시 완산구 중화산로 **, 강석빌딩 *층 (중화산동*가)",정상,0000,01,,210633.180145264    ,257355.347810839    ,전북특별자치도 전주시 완산구 중화산동*가 *** 강석빌딩 ,2024-04-18 11:02:28
4641000,464100001320240006,2024-06-06,,영업/정상,,,,,,,54954,부곰상사,I,000,2026-05-11 22:32:45,전북특별자치도 전주시 완산구 전룡로 ** (서신동),정상,0000,01,0632769130,210867.795038501    ,258646.67984161     ,전북특별자치도 전주시 완산구 서신동 ***-** ,2024-06-06 08:20:18
4641000,464100001320240007,2024-08-02,,영업/정상,,,,,,,54890,엑시토(EXITO),I,000,2026-05-11 22:32:45,"전북특별자치도 전주시 덕진구 가리내*길 *, *층 ***호 (덕진동*가)",정상,0000,01,,210011.631803581    ,260367.507624089    ,전북특별자치도 전주시 덕진구 덕진동*가 ***-* ,2024-08-02 06:59:27
4641000,464100001320240008,2024-10-28,,영업/정상,,,,,,,54966,미소랩,I,000,2026-05-11 22:32:45,"전북특별자치도 전주시 완산구 홍산로 ***, *층 ***호 (효자동*가)",정상,0000,01,,209461.480389612    ,257520.823140904    ,전북특별자치도 전주시 완산구 효자동*가 ****-* ,2024-12-05 08:59:05
4641000,464100001320240009,2024-11-12,,영업/정상,,,,,,,55061,비앤티사이언스,I,000,2026-05-11 22:32:45,"전북특별자치도 전주시 완산구 구룡*길 **, 지평선빌 *층 ***호 (효자동*가)",정상,0000,01,,209364.825          ,257032.284999999    ,전북특별자치도 전주시 완산구 효자동*가 ****-** 지평선빌 ,2024-11-12 09:48:42
4641000,464100001320240010,2024-11-14,,영업/정상,,,,,,,54858,이루다,I,000,2026-05-11 22:32:45,"전북특별자치도 전주시 덕진구 만성북로 **-**, 스페이스온 지식산업센터 *층 ****호 (만성동)",정상,0000,01,07043235116,207392.029276292    ,260992.916630393    ,전북특별자치도 전주시 덕진구 만성동 ****-* 스페이스온 지식산업센터 ,2024-11-14 07:08:58
4641000,464100001320240011,2024-11-14,,영업/정상,,,,,,,55019,주식회사 하나솔루션,I,000,2026-05-11 22:32:45,전북특별자치도 전주시 덕진구 서가재미*길 *-** (인후동*가),정상,0000,01,0632464601,214296.925092892    ,259244.136196025    ,전북특별자치도 전주시 덕진구 인후동*가 ***-** ,2024-11-14 07:13:18
4641000,464100001320240012,2024-12-16,,영업/정상,,,,,,,54961,이엘사이언스,I,000,2026-05-11 22:32:45,전북특별자치도 전주시 완산구 척동길 ** (효자동*가),정상,0000,01,,208972.662500786    ,258056.505644567    ,전북특별자치도 전주시 완산구 효자동*가 ****-** ,2024-12-16 08:19:59
4641000,464100001320240013,2024-12-20,,영업/정상,,,,,,,54834,유한회사 서린에스아이,I,L00,2026-05-11 22:32:45,전북특별자치도 전주시 덕진구 송천*길 **-** (송천동*가),정상,0000,01,0632516771,210595.357431431    ,262333.615541693    ,전북특별자치도 전주시 덕진구 송천동*가 ***-* ,2024-12-20 08:56:04
4641000,464100001320250001,2025-02-13,,영업/정상,,,,,,,55048,바이큐브,I,000,2026-05-11 22:32:45,"전북특별자치도 전주시 완산구 안행로 ***, ***동 ***호 (서완산동*가, 전주 서완산 골드클래스)",정상,0000,01,,211876.979904818    ,256521.087094378    ,전북특별자치도 전주시 완산구 서완산동*가 *** 전주 서완산 골드클래스 ***동 ***호,2025-02-13 10:03:20
4641000,464100001320250002,2025-02-18,,영업/정상,,,,,,,54966,진솔테크,I,000,2026-05-11 22:32:45,"전북특별자치도 전주시 완산구 홍산로 ***, *층 ***호 (효자동*가)",정상,0000,01,,209461.480389612    ,257520.823140904    ,전북특별자치도 전주시 완산구 효자동*가 ****-* ,2025-02-18 19:29:21
4641000,464100001320250003,2025-02-27,,영업/정상,,,,,,,54858,엘티에스과학,I,000,2026-05-11 22:32:45,"전북특별자치도 전주시 덕진구 만성북로 **-**, 스페이스온 지식산업센터 ****호 (만성동)",정상,0000,01,0632128258,207392.029276292    ,260992.916630393    ,전북특별자치도 전주시 덕진구 만성동 ****-* 스페이스온 지식산업센터 ****호,2025-02-27 18:40:03
4641000,464100001320250004,2025-03-05,,영업/정상,,,,,,,54951,골드테크,I,000,2026-05-11 22:32:45,"전북특별자치도 전주시 완산구 서신천변**길 **-*, ***호 (서신동)",정상,0000,01,,210088.307556628    ,259034.571218371    ,전북특별자치도 전주시 완산구 서신동 ***-* ***호,2025-03-05 09:35:13
4641000,464100001320250005,2025-03-21,,영업/정상,,,,,,,55061,왕림,I,000,2026-05-11 22:32:45,"전북특별자치도 전주시 완산구 우전로 ***, ***호 (효자동*가)",정상,0000,01,,209155.58761345     ,256900.918465946    ,전북특별자치도 전주시 완산구 효자동*가 ****-* ,2025-03-21 15:09:04
4641000,464100001320250006,2025-03-24,,영업/정상,,,,,39,,54890,(주)제노셀,I,000,2026-05-11 22:32:45,"전북특별자치도 전주시 덕진구 가리내*길 *-*, ***호 (덕진동*가)",정상,0000,01,07047594197,209975.977436997    ,260593.225051476    ,전북특별자치도 전주시 덕진구 덕진동*가 ***-** ,2025-03-24 17:00:28
4641000,464100001320250007,2025-03-27,,영업/정상,,,,,,,54807,바이바이오(BUYBIO),I,000,2026-05-11 22:32:45,"전북특별자치도 전주시 덕진구 반월로 **, 근린생활시설*동 (반월동, 반월동 광신프로그레스)",정상,0000,01,,206115.230467224    ,263831.630327604    ,전북특별자치도 전주시 덕진구 반월동 **** 반월동 광신프로그레스 근린생활시설*동 ,2025-03-27 07:55:39
4641000,464100001320250008,2025-04-23,,영업/정상,,,,,,,55132,착한친구,I,000,2026-05-11 22:32:45,"전북특별자치도 전주시 완산구 양지*길 **, ***동 ****호 (평화동*가, 동신아파트)",정상,0000,01,,210943.41903912     ,254623.028299801    ,전북특별자치도 전주시 완산구 평화동*가 *** 동신아파트 ,2025-04-23 17:32:47
4641000,464100001320250009,2025-05-01,,영업/정상,,,,,,,54858,바이온텍,I,000,2026-05-11 22:32:46,"전북특별자치도 전주시 덕진구 만성북로 **, 만성 U-Tower *층 ***호 (만성동)",정상,0000,01,0632777157,207175.055951262    ,260942.501927923    ,전북특별자치도 전주시 덕진구 만성동 ****-* 만성 U-Tower ,2025-05-01 17:18:45
4641000,464100001320250010,2025-06-02,,영업/정상,,,,,,,55096,알파산업,I,000,2026-05-11 22:32:46,전북특별자치도 전주시 완산구 유기전*길 * (서완산동*가),정상,0000,01,,212278.829594606    ,256526.703709207    ,전북특별자치도 전주시 완산구 서완산동*가 *** ,2025-12-18 17:04:08
4641000,464100001320250011,2025-06-04,,영업/정상,,,,,,,55072,이도테크,I,000,2026-05-11 22:32:46,전북특별자치도 전주시 완산구 삼산길 ** (삼천동*가),정상,0000,01,,207134.155207452    ,255452.53083858     ,전북특별자치도 전주시 완산구 삼천동*가 ***-* ,2025-06-04 11:30:52
4641000,464100001320250012,2025-06-18,,영업/정상,,,,,,,55144,에스앤티아이,I,000,2026-05-11 22:32:46,전북특별자치도 전주시 완산구 중인*길 *** (중인동),정상,0000,01,0632719953,208473.22189333     ,251887.039945191    ,전북특별자치도 전주시 완산구 중인동 ***-* ,2025-06-18 10:15:41
4641000,464100001320250013,2025-06-18,,영업/정상,,,,,,,54958,엠지바이오,I,000,2026-05-11 22:32:46,"전북특별자치도 전주시 완산구 황강서원*길 **, ***호 (효자동*가)",정상,0000,01,,208936.816445876    ,258809.791296156    ,전북특별자치도 전주시 완산구 효자동*가 ****-* ,2025-06-18 10:20:34
4641000,464100001320260001,2026-01-08,,영업/정상,,,,,,,54958,엠케이메디칼,I,000,2026-05-11 22:32:46,"전북특별자치도 전주시 완산구 황강서원*길 **, ***호 (효자동*가)",정상,0000,01,,208786.81689211     ,258728.852497984    ,전북특별자치도 전주시 완산구 효자동*가 ****-* ***호,2026-01-08 13:54:39
4641000,464100001320260002,2026-01-21,,영업/정상,,,,,,,54932,제이비바이오랩,I,000,2026-05-11 22:32:46,"전북특별자치도 전주시 덕진구 떡전로 **-*, ***호 (덕진동*가)",정상,0000,01,,211398.720806056    ,259624.041545937    ,전북특별자치도 전주시 덕진구 덕진동*가 ****-** ,2026-01-21 17:23:21
4641000,464100001320260003,2026-01-22,,영업/정상,,,,,,,54835,이지테크,I,000,2026-05-11 22:32:46,"전북특별자치도 전주시 덕진구 솔내*길 **, ***호 (송천동*가)",정상,0000,01,,211187.786404881    ,262453.168903411    ,전북특별자치도 전주시 덕진구 송천동*가 ***-* ,2026-01-22 13:56:44
4641000,464100001320220041,2022-11-25,,취소/말소/만료/정지/중지,2022-11-25,,,,,,54976,파파드림,I,000,2026-05-11 22:32:44,전북특별자치도 전주시 완산구 중산중앙로 **(중화산동*가),말소,0004,04,,210888.522676883    ,257401.510194232    ,전북특별자치도 전주시 완산구 중화산동*가 ***-** ,2022-11-25 09:27:44
4641000,464100001320000004,2000-10-21,,폐업,2006-05-25,,,,0,,,(유)청십자,I,000,2026-05-11 22:32:37,전북특별자치도 전주시 완산구 풍남문*길 **-* (전동*가),폐업,0002,03,,212978.167105696    ,257092.398979579    ,전북특별자치도 전주시 완산구 전동*가 ** ,2006-05-26 09:41:24
4641000,464100001320000005,2000-10-26,,폐업,2004-10-04,,,,0,,,이엘가축약품상사,I,000,2026-05-11 22:32:37,,폐업,0002,03,,,,전북특별자치도 전주시 완산구 전동 ***-*    ,2004-10-04 12:01:49
4641000,464100001320000006,2000-10-26,,폐업,2009-01-15,,,,0,,,(주)초원에니멀헬스,I,000,2026-05-11 22:32:37,,폐업,0002,03,,,,전북특별자치도 전주시 덕진구 우아동*가 ***-**   ,2009-01-16 09:57:12
4641000,464100001320010003,2001-03-15,,폐업,2008-10-10,,,,0,,,호남가축약품,I,000,2026-05-11 22:32:37,,폐업,0002,03,,,,전북특별자치도 전주시 덕진구 인후동*가 ***-**   ,2008-10-10 17:06:23
4641000,464100001320090001,2009-01-16,,폐업,2024-01-18,,,,0,,55084,삼천동물병원,I,000,2026-05-11 22:32:37,전북특별자치도 전주시 완산구 거마평로 ** (삼천동*가),폐업,0002,03,,210509.93549959     ,255554.570921437    ,전북특별자치도 전주시 완산구 삼천동*가 ***-* ,2024-01-18 13:21:56
4641000,464100001320120001,2012-12-28,,폐업,2014-04-01,,,,,,55082,(주)농업회사 전북바이오라이트,I,L00,2026-05-11 22:32:38,전북특별자치도 전주시 완산구 백제대로 *** (효자동*가),폐업,0002,03,,211150.225693506    ,255923.907865261    ,전북특별자치도 전주시 완산구 효자동*가 ***-* ,2014-04-01 19:35:03
4641000,464100001320160001,2016-05-10,,폐업,2023-05-31,,,,,,54956,자연바이오텍,I,000,2026-05-11 22:32:38,"전북특별자치도 전주시 완산구 서곡*길 **-* (효자동*가, 휴플러스빌)",폐업,0002,03,0632523041,208885.453377952    ,259543.880126363    ,전북특별자치도 전주시 완산구 효자동*가 ****-* ,2023-06-01 11:08:27
4641000,464100001320160002,2016-06-24,,폐업,2016-11-01,,,,,,54916,우리엔텍,I,000,2026-05-11 22:32:38,"전북특별자치도 전주시 덕진구 백제대로 *** (인후동*가, 모닝타워)",폐업,0002,03,,213584.510182267    ,260629.535886385    ,전북특별자치도 전주시 덕진구 인후동*가 ****-* ,2023-06-08 16:16:52
4641000,464100001320180005,2018-08-30,,폐업,2024-12-23,,,,,,54855,바이오테크,I,000,2026-05-11 22:32:38,전북특별자치도 전주시 덕진구 온고을로 *** (여의동),폐업,0002,03,0632519410,206838.63168182     ,261437.765825103    ,전북특별자치도 전주시 덕진구 여의동 *** ,2024-12-23 16:28:58
4641000,464100001320190002,2019-04-24,,폐업,2020-11-23,,,,,,54810,바이오키스,I,000,2026-05-11 22:32:38,전북특별자치도 전주시 덕진구 원장동길 *** (장동),폐업,0002,03,0632130631,205581.915200481    ,261079.95403016     ,전북특별자치도 전주시 덕진구 장동 ***-* ,2020-11-23 16:30:14
4641000,464100001320190006,2019-07-02,,폐업,2023-03-03,,,,,,54872,위드랩,I,000,2026-05-11 22:32:40,전북특별자치도 전주시 덕진구 오정*길 ** (중동),폐업,0002,03,0632238150,205457.378534698    ,259325.545415917    ,전북특별자치도 전주시 덕진구 중동 ***-** ,2023-03-06 15:01:26
4641000,464100001320210003,2021-05-28,,폐업,2024-01-02,,,,,,55049,대창에스엠,I,000,2026-05-11 22:32:42,전북특별자치도 전주시 완산구 따박골로 **-* (중화산동*가),폐업,0002,03,0632295470,211298.618585977    ,256809.081511212    ,전북특별자치도 전주시 완산구 중화산동*가 ***-* ,2024-01-02 15:11:51
4641000,464100001320220001,2022-01-14,,폐업,2022-02-11,,,,,,54904,에이앤제이,I,000,2026-05-11 22:32:42,"전북특별자치도 전주시 덕진구 호성*길 **, *층 ***호 (호성동*가)",폐업,0002,03,,213721.740203995    ,262154.07487628     ,전북특별자치도 전주시 덕진구 호성동*가 ***-** ,2022-02-11 13:55:13
4641000,464100001320220014,2022-03-30,,폐업,2025-05-22,,,,,,54932,청결공간,I,000,2026-05-11 22:32:42,"전북특별자치도 전주시 덕진구 전주천동로 ***, 르네블루빌딩 *층 ***호 (금암동)",폐업,0002,03,07080648728,211530.192127519    ,259480.648436559    ,전북특별자치도 전주시 덕진구 금암동 ***-** 르네블루빌딩 ,2025-06-11 14:44:27
4641000,464100001320220022,2022-05-26,,폐업,2023-12-07,,,,,,55123,(주)이마트에브리데이평화점,I,L00,2026-05-11 22:32:42,"전북특별자치도 전주시 완산구 평화로 ***, 우리동네할인마트킴스마트 (평화동*가)",폐업,0002,03,0632361200,212100.319117003    ,254289.899483247    ,전북특별자치도 전주시 완산구 평화동*가 *** 우리동네할인마트킴스마트 ,2023-12-07 15:30:51
4641000,464100001320220035,2022-10-19,,폐업,2024-03-08,,,,,,54976,파파드림,I,000,2026-05-11 22:32:43,"전북특별자치도 전주시 완산구 중산중앙로 **, 대자연빌딩 ***호 (중화산동*가)",폐업,0002,03,,210888.522676883    ,257401.510194232    ,전북특별자치도 전주시 완산구 중화산동*가 ***-** ,2024-03-08 10:49:56
4641000,464100001320220039,2022-11-08,,폐업,2022-12-20,,,,,,54917,꾸미지오,I,000,2026-05-11 22:32:43,"전북특별자치도 전주시 덕진구 거북바우로 **, *층 (인후동*가)",폐업,0002,03,,213096.038442334    ,260178.837644031    ,전북특별자치도 전주시 덕진구 인후동*가 ****-** ,2022-12-20 16:16:56
4641000,464100001320260006,2026-03-26,,영업/정상,,,,,,,54890,(유)엘케이바이오텍,I,000,2026-05-11 22:32:46,"전북특별자치도 전주시 덕진구 추탄로 **, *층 (덕진동*가)",정상,0000,01,,209798.349500787    ,260698.658216857    ,전북특별자치도 전주시 덕진구 덕진동*가 ***-* ,2026-03-26 16:23:46
4641000,464100001320260005,2026-03-13,,영업/정상,,,,,,,54969,다홍메디컬,I,000,2026-05-11 22:32:46,"전북특별자치도 전주시 완산구 홍산로 ***, 엠스퀘어 *층 ***호 (효자동*가)",정상,0000,01,,209548.058429025    ,257418.361187543    ,전북특별자치도 전주시 완산구 효자동*가 ****-* 엠스퀘어 ,2026-03-13 11:03:16
4641000,464100001320260004,2026-02-24,,영업/정상,,,,,,,54883,마이주,I,000,2026-05-11 22:32:46,"전북특별자치도 전주시 덕진구 팔복*길 **, ***호 (팔복동*가)",정상,0000,01,,209346.498280391    ,261169.628818658    ,전북특별자치도 전주시 덕진구 팔복동*가 ***-* ,2026-02-24 13:46:00
4641000,464100001319840001,1984-12-29,,영업/정상,,,,,0,,54928,전북 수의약품(주),I,000,2026-05-11 22:32:35,전북특별자치도 전주시 덕진구 건산*길 **-** (진북동),정상,0000,01,,212623.317176296    ,259279.384321617    ,전북특별자치도 전주시 덕진구 진북동 ***-* ,2013-12-31 10:30:54
4641000,464100001319840002,1984-12-29,,영업/정상,,,,,0,,54928,전북 수의약품(주),I,000,2026-05-11 22:32:35,전북특별자치도 전주시 덕진구 건산*길 **-** (진북동),정상,0000,01,,212623.317176296    ,259279.384321617    ,전북특별자치도 전주시 덕진구 진북동 ***-* ,2013-12-31 10:31:15
4641000,464100001320000001,2000-10-21,,영업/정상,,,,,0,,55043,(유)청십자 동물약품,I,000,2026-05-11 22:32:36,전북특별자치도 전주시 완산구 풍남문*길 ***-** (전동*가),정상,0000,01,,212967.305062165    ,257103.876887688    ,전북특별자치도 전주시 완산구 전동*가 **-* ,2013-12-31 10:31:31
4641000,464100001320000002,2000-10-26,,영업/정상,,,,,0,,55043,이엘 가축약품상사,I,000,2026-05-11 22:32:36,전북특별자치도 전주시 완산구 팔달로 *** (전동),정상,0000,01,,213350.055477874    ,257047.88854842     ,전북특별자치도 전주시 완산구 전동 ***-* ,2011-10-30 16:00:37
4641000,464100001320000003,2000-10-26,,영업/정상,,,,,0,,54910,(주)초원애니멀헬스,I,000,2026-05-11 22:32:37,전북특별자치도 전주시 덕진구 도당산*길 ** (우아동*가),정상,0000,01,,213850.585156394    ,260656.365283539    ,전북특별자치도 전주시 덕진구 우아동*가 ***-** ,2013-12-31 10:31:53
4641000,464100001320010001,2001-03-15,,영업/정상,,,,,0,,54927,호남 가축약품,I,000,2026-05-11 22:32:37,전북특별자치도 전주시 덕진구 안덕원로 *** (인후동*가),정상,0000,01,,213234.892683302    ,259439.658539395    ,전북특별자치도 전주시 덕진구 인후동*가 ***-** ,2013-12-31 10:32:11
4641000,464100001320010002,2001-04-20,,영업/정상,,,,,0,,54818,대영 가축약품,I,000,2026-05-11 22:32:37,전북특별자치도 전주시 덕진구 동부대로 *** (산정동),정상,0000,01,,215114.08891678     ,260147.963034529    ,전북특별자치도 전주시 덕진구 산정동 ***-* ,2013-12-31 10:33:23
4641000,464100001320010004,2001-04-20,,영업/정상,,,,,0,,,주식회사 대영가축약품,I,L00,2026-05-11 22:32:37,전북특별자치도 전주시 덕진구 동부대로 *** (산정동),정상,0000,01,,215026.611889433    ,260267.341532906    ,전북특별자치도 전주시 덕진구 산정동 ***-** ,2020-12-29 10:45:57
4641000,464100001320040001,2004-10-07,,영업/정상,,,,,0,,,이엘가축약품,I,000,2026-05-11 22:32:37,전북특별자치도 전주시 완산구 팔달로 *** (전동),정상,0000,01,0632856364,213350.055477874    ,257047.88854842     ,전북특별자치도 전주시 완산구 전동 ***-* ,2004-10-07 18:32:57
4641000,464100001320090002,2009-08-27,,영업/정상,,,,,0,,54838,엠케이테크,I,000,2026-05-11 22:32:38,전북특별자치도 전주시 덕진구 송천*길 ** (송천동*가),정상,0000,01,0632532922,210660.933212636    ,262112.767769046    ,전북특별자치도 전주시 덕진구 송천동*가 *** 라이프아파트 상가 *층 *호 ,2013-12-31 10:34:53
4641000,464100001320170001,2017-09-25,,영업/정상,,,,,,,54810,(주) 티엔티리써치,I,000,2026-05-11 22:32:38,전북특별자치도 전주시 덕진구 원장동길 *** (장동),정상,0000,01,0632130630,205581.915200481    ,261079.95403016     ,경기도 용인시 기흥구 보라동 ***-* ,2023-05-26 16:19:59
4641000,464100001320180001,2018-02-08,,영업/정상,,,,,,,54852,호미산업,I,000,2026-05-11 22:32:38,"전북특별자치도 전주시 덕진구 기린대로 ***-*, ***호 (여의동)",정상,0000,01,,207257.336646739    ,262643.308880563    ,전북특별자치도 전주시 덕진구 여의동 ***-* ,2023-05-26 17:23:58
4641000,464100001320180002,2018-08-23,,영업/정상,,,,,,,54974,(주)산성헬스케어,I,L00,2026-05-11 22:32:38,전북특별자치도 전주시 완산구 화산천변*길 **-* (중화산동*가),정상,0000,01,0632732565,210259.143589218    ,257890.953221901    ,전북특별자치도 전주시 완산구 중화산동*가 ***-* ,2023-05-26 17:25:08
4641000,464100001320180003,2018-08-27,,영업/정상,,,,,,,54962,송산종합상사,I,000,2026-05-11 22:32:38,"전북특별자치도 전주시 완산구 마전들로 **, 코오롱스포츠 *층 (효자동*가)",정상,0000,01,,209330.646140984    ,257910.56750598     ,전북특별자치도 전주시 완산구 효자동*가 ****-* 코오롱스포츠 ,2023-05-26 17:29:04
4641000,464100001320180004,2018-08-27,,영업/정상,,,,,,,55049,대상엠엔에스,I,000,2026-05-11 22:32:38,전북특별자치도 전주시 완산구 따박골*길 **-** (중화산동*가),정상,0000,01,0632472356,211450.688593291    ,256786.472321475    ,전북특별자치도 전주시 완산구 중화산동*가 ***-* ,2023-05-26 17:32:16
4641000,464100001320190001,2019-04-18,,영업/정상,,,,,,,54954,유한회사 바이오준,I,000,2026-05-11 22:32:38,"전북특별자치도 전주시 완산구 전룡*길 ** (서신동, 왕궁원룸)",정상,0000,01,,210736.402528056    ,258450.763997255    ,전북특별자치도 전주시 완산구 서신동 ***-* 왕궁원룸 ,2023-05-26 17:38:18
4641000,464100001320190003,2019-04-29,,영업/정상,,,,,,,54860,유한회사 지니아텍,I,000,2026-05-11 22:32:39,"전북특별자치도 전주시 덕진구 만성북*길 **, *층 ***호 (만성동)",정상,0000,01,0632290720,206846.201          ,260915.477          ,전북특별자치도 전주시 덕진구 만성동 ****-** ,2024-08-05 14:52:42
4641000,464100001320190004,2019-04-30,,영업/정상,,,,,,,55024,다원,I,000,2026-05-11 22:32:39,"전북특별자치도 전주시 덕진구 무삼지*길 *, ***-*호 (인후동*가)",정상,0000,01,,214537.885366562    ,258601.402832272    ,전북특별자치도 전주시 덕진구 인후동*가 ***-* ***-*호,2023-05-26 17:45:00
4641000,464100001320190005,2019-07-02,,영업/정상,,,,,,,54966,리더스 랩,I,000,2026-05-11 22:32:39,"전북특별자치도 전주시 완산구 홍산로 ***, *층 ***호 (효자동*가)",정상,0000,01,07042615592,209461.480389612    ,257520.823140904    ,전북특별자치도 전주시 완산구 효자동*가 ****-* ,2019-07-02 16:30:18
4641000,464100001320190007,2019-09-23,,영업/정상,,,,,,,55035,이유사이언스,I,000,2026-05-11 22:32:40,전북특별자치도 전주시 완산구 마당재*길 *-* (남노송동),정상,0000,01,0637142568,214455.341829114    ,257768.249262305    ,전북특별자치도 전주시 완산구 남노송동 ***-* ,2019-09-23 11:27:08
4641000,464100001320190008,2019-12-24,,영업/정상,,,,,,,54905,에이앤씨택,I,000,2026-05-11 22:32:40,"전북특별자치도 전주시 덕진구 호성*길 **, 신동아아파트 상가동 ***호 (호성동*가)",정상,0000,01,,213789.552090784    ,261769.816067164    ,전북특별자치도 전주시 덕진구 호성동*가 ***-* 신동아아파트 상가동 ***호,2020-01-21 16:01:29
4641000,464100001320200001,2020-02-24,,영업/정상,,,,,,,54960,드림테크,I,000,2026-05-11 22:32:40,"전북특별자치도 전주시 완산구 황강서원*길 **-**, ***호 (효자동*가)",정상,0000,01,0632365809,208868.954500686    ,258611.445843492    ,전북특별자치도 전주시 완산구 효자동*가 ****-** ***호,2020-02-24 17:07:05
4641000,464100001320200002,2020-03-04,,영업/정상,,,,,,,54965,유대바이오,I,000,2026-05-11 22:32:41,전북특별자치도 전주시 완산구 농소*길 ** (효자동*가),정상,0000,01,,208769.961110382    ,257219.313483928    ,전북특별자치도 전주시 완산구 효자동*가 ****-* ,2020-03-04 09:33:27
4641000,464100001320200003,2020-03-17,,영업/정상,,,,,,,54957,태신코퍼레이션,I,000,2026-05-11 22:32:41,전북특별자치도 전주시 완산구 서곡*길 **-* (효자동*가),정상,0000,01,0632551531,209122.239277438    ,259118.94016942     ,전북특별자치도 전주시 완산구 효자동*가 ****-* ,2020-03-17 16:01:30
4671000,467100001320200001,2020-04-03,,영업/정상,,,,,95.48,,54162,서라벌과학상사,I,000,2026-05-07 22:32:31,전북특별자치도 군산시 칠성*길 ***-* (산북동),정상,0000,01,0634663832,170806.451239837    ,274006.740545551    ,전북특별자치도 군산시 산북동 ****-** ,2020-04-03 15:15:15
4671000,467100001320260002,2026-05-06,,영업/정상,,,,,,,54044,주식회사 서주사이언티픽전북,I,L00,2026-05-07 22:32:31,"전북특별자치도 군산시 서당길 **, 형제빌딩 ***호 (구암동)",정상,0000,01,,177594.4107418      ,275332.793618177    ,전북특별자치도 군산시 구암동 **-** 형제빌딩 ,2026-05-06 13:26:57
4671000,467100001320220001,2022-05-18,,폐업,2023-12-07,,,,3.3,,54144,(주)이마트에브리데이 나운동점,I,L00,2026-05-07 22:32:31,"전북특별자치도 군산시 하나운로 **, 세경아파트 상가 (나운동)",폐업,0002,03,,173015.244506711    ,273432.17647701     ,전북특별자치도 군산시 나운동 *** 세경아파트 상가 ,2023-12-07 16:09:32
4671000,467100001320050001,2005-07-29,,폐업,2016-07-04,,,,0,,54061,서해동물병원,I,000,2026-05-07 22:32:31,전북특별자치도 군산시 대야면 대야관통로 **,폐업,0002,03,,183080.565597914    ,271602.443392054    ,전북특별자치도 군산시 대야면 지경리 ***-** ,2016-07-04 17:03:11
4671000,467100001319900001,1990-01-31,,폐업,2016-08-02,,,,0,,,한국바스프(주),I,000,2026-05-07 22:32:31,전북특별자치도 군산시 외항*길 ** (소룡동),폐업,0002,03,,168672.433960625    ,275467.134965412    ,전북특별자치도 군산시 소룡동 *** ,2016-08-03 16:45:43
4671000,467100001320250001,2025-10-15,,영업/정상,,,,,,,54038,신메디칼,I,000,2026-05-07 22:32:31,"전북특별자치도 군산시 중앙로 **, *층 (대명동)",정상,0000,01,,174877.220933889    ,275301.510563746    ,전북특별자치도 군산시 대명동 ***-* ,2025-10-15 18:04:28
4671000,467100001320240001,2024-12-04,,영업/정상,,,,,,,54060,유한회사마루,I,L00,2026-05-07 22:32:31,전북특별자치도 군산시 대야면 우덕*길 *,정상,0000,01,,182875.468325502    ,271822.128834478    ,전북특별자치도 군산시 대야면 지경리 ***-** ,2024-12-04 17:54:50
4671000,467100001320230004,2023-10-04,,영업/정상,,,,,,,54072,견생냥품 24시무인펫샵 군산디오션시티,I,000,2026-05-07 22:32:31,"전북특별자치도 군산시 궁포*로 **, ***호 (조촌동)",정상,0000,01,,176715.7375         ,275210.654999999    ,전북특별자치도 군산시 조촌동 *-** ,2023-10-04 16:46:20
4671000,467100001320230003,2023-07-17,,영업/정상,,,,,,,54081,주식회사동원코리아,I,L00,2026-05-07 22:32:31,"전북특별자치도 군산시 동메*길 **, *동 (수송동)",정상,0000,01,,174127.888537283    ,274645.774834955    ,전북특별자치도 군산시 수송동 ***-* ,2023-07-17 16:39:41
4671000,467100001320230002,2023-05-31,,영업/정상,,,,,,,54038,동행상사,I,000,2026-05-07 22:32:31,"전북특별자치도 군산시 대명길 *, *층 (대명동)",정상,0000,01,,174903.426122638    ,275298.996942987    ,전북특별자치도 군산시 대명동 ***-** ,2023-05-31 15:36:55
4671000,467100001320230001,2023-04-19,,영업/정상,,,,,,,54135,연우상사,I,000,2026-05-07 22:32:31,"전북특별자치도 군산시 백토로 ***, 현대상가 ***호 (나운동)",정상,0000,01,0634658567,173306.502813049    ,274177.536042208    ,전북특별자치도 군산시 나운동 *** 현대상가 ***호,2023-04-19 16:32:58
4671000,467100001320200002,2020-09-23,,영업/정상,,,,,94,,54027,태성,I,000,2026-05-07 22:32:31,"전북특별자치도 군산시 평화길 **-*, *층 (평화동)",정상,0000,01,0634428098,174531.374647174    ,275984.243032875    ,전북특별자치도 군산시 평화동 ***-* ,2020-09-23 17:47:38
4671000,467100001320160001,2016-02-22,,영업/정상,,,,,132,,54133,(주)브이디하우스,U,L00,2026-05-24 03:03:03,"전북특별자치도 군산시 문화*길 **, 군산사랑의교회교육관 (문화동)",정상,0000,01,,173009.375380403    ,274709.122097729    ,전북특별자치도 군산시 문화동 ***-* 군산사랑의교회교육관 ,2026-05-23 15:39:10
4671000,467100001320260001,2026-04-07,,영업/정상,,,,,96,,54168,유한회사위텍,I,L00,2026-05-07 22:32:31,"전북특별자치도 군산시 옥서면 공항로 ***, ***호",정상,0000,01,0634661333,167418.772670747    ,269736.752579636    ,전북특별자치도 군산시 옥서면 옥봉리 ***-* ,2026-04-07 13:32:00
4681000,468100001320210002,2021-07-28,,폐업,2025-07-07,,,,,,54674,에스디씨,I,000,2026-05-11 22:32:31,"전북특별자치도 익산시 익산대로*길 **-*, ***호 (인화동*가)",폐업,0002,03,,195129.693027213    ,270166.004394299    ,전북특별자치도 익산시 인화동*가 ***-* ,2025-07-28 20:58:29
4681000,468100001320210003,2021-08-05,,영업/정상,,,,,,,54622,황토나라 의료기,I,000,2026-05-11 22:32:31,전북특별자치도 익산시 인북로 ***(남중동),정상,0000,01,,196105.850114827    ,272114.305938825    ,전북특별자치도 익산시 남중동 **-** 큰사랑편의점 ,2021-08-05 08:20:28
4681000,468100001320220001,2022-04-13,,영업/정상,,,,,,,54611,(주)마한건설조명,I,L00,2026-05-11 22:32:31,전북특별자치도 익산시 하나로 **-*(금강동),정상,0000,01,,197970.840486782    ,269928.351768951    ,전북특별자치도 익산시 금강동 ***-* ,2022-04-13 13:29:55
4681000,468100001320220002,2022-05-19,,휴업,,2026-05-10,2026-07-03,,,,54545,홈플러스(주)익산점,U,L00,2026-06-03 03:03:03,"전북특별자치도 익산시 무왕로 ****, 홈플러스 (영등동)",휴업,0001,02,0635408291,197427.898529025    ,273180.627096081    ,서울특별시 강서구 등촌동 ***-* 홈플러스 ,2026-06-02 15:09:20
4681000,468100001320220003,2022-06-16,,영업/정상,,,,,,,54601,네오바이오젠,I,000,2026-05-11 22:32:31,"전북특별자치도 익산시 평동로*길 **, *층 (중앙동*가)",정상,0000,01,,195453.462168311    ,270890.182963286    ,전북특별자치도 익산시 중앙동*가 ***-* ,2022-06-16 14:29:49
4681000,468100001320220004,2022-11-29,,영업/정상,,,,,,,54653,꾸미지오,I,000,2026-05-11 22:32:31,전북특별자치도 익산시 동서로*길 **-*(모현동*가),정상,0000,01,,194374.583474596    ,273111.694788088    ,전북특별자치도 익산시 모현동*가 ***-* ,2022-11-29 15:55:12
4681000,468100001320230001,2023-08-01,,영업/정상,,,,,,,54598,에이치메디칼,I,000,2026-05-11 22:32:31,전북특별자치도 익산시 주현로*길 ** (마동),정상,0000,01,07082873808,196390.716409572    ,270485.373891581    ,전북특별자치도 익산시 마동 ***-* ,2023-08-01 10:09:40
4681000,468100001320240001,2024-06-19,,영업/정상,,,,,,,54662,와이에스바이오,I,000,2026-05-11 22:32:31,"전북특별자치도 익산시 익산대로 ***, *층 (남중동)",정상,0000,01,,195313.637785268    ,271639.235569814    ,전북특별자치도 익산시 남중동 ***-** ,2024-06-21 13:56:03
4681000,468100001320240002,2024-07-02,,영업/정상,,,,,,,54632,와이에스엔지니어링,I,000,2026-05-11 22:32:31,"전북특별자치도 익산시 인북로 ***-*, ***호 (신동)",정상,0000,01,,196511.244001772    ,273297.79964705     ,전북특별자치도 익산시 신동 ***-** ,2024-07-02 15:04:25
4681000,468100001320240003,2024-08-19,,영업/정상,,,,,,,54646,오피스디포 익산점,I,000,2026-05-11 22:32:31,"전북특별자치도 익산시 인북로 ***, 오피스디포 *층 (신동)",정상,0000,01,,196478.459059215    ,273366.092362405    ,전북특별자치도 익산시 신동 ***-** 오피스디포 ,2024-08-20 16:22:54
4681000,468100001320240004,2024-08-19,,영업/정상,,,,,,,54646,디포 익산,I,000,2026-05-11 22:32:31,"전북특별자치도 익산시 인북로 ***, *층 (신동)",정상,0000,01,,196478.459059215    ,273366.092362405    ,전북특별자치도 익산시 신동 ***-** 오피스디포 ,2024-08-20 16:25:54
4681000,468100001320240005,2024-10-06,,영업/정상,,,,,,,54576,하이랩,I,000,2026-05-11 22:32:31,전북특별자치도 익산시 왕궁면 흥암*길 **,정상,0000,01,,207822.258031465    ,273957.110587318    ,전북특별자치도 익산시 왕궁면 흥암리 ***-* ,2024-10-06 15:05:15
4681000,468100001320200006,2020-06-29,,영업/정상,,,,,,,54662,셀바이오,I,000,2026-05-11 22:32:31,"전북특별자치도 익산시 익산대로 ***-*, *층 (남중동)",정상,0000,01,,195318.19310482     ,271652.66590219     ,전북특별자치도 익산시 남중동 ***-** *층 ,2020-06-29 14:35:22
4681000,468100001320200005,2020-06-29,,영업/정상,,,,,,,54662,다아이사이언스,I,000,2026-05-11 22:32:31,"전북특별자치도 익산시 익산대로 ***-*, *층 (남중동)",정상,0000,01,,195318.19310482     ,271652.66590219     ,전북특별자치도 익산시 남중동 ***-** *층 ,2020-06-29 14:07:24
4681000,468100001320200007,2020-10-08,,영업/정상,,,,,,,54603,로하종합상사,I,000,2026-05-11 22:32:31,"전북특별자치도 익산시 평동로*길 **-*, ***호 (인화동*가)",정상,0000,01,0638553377,195222.045484437    ,270401.761824499    ,전북특별자치도 익산시 인화동*가 **-** ,2020-10-08 07:52:58
4681000,468100001320250002,2025-04-07,,영업/정상,,,,,,,54595,아이에스테크,I,000,2026-05-11 22:32:32,"전북특별자치도 익산시 선화로 ***, 아이에스테크 *층 (남중동)",정상,0000,01,,196208.990425142    ,271566.775825998    ,전북특별자치도 익산시 남중동 ***-** ,2025-04-07 13:40:05
4681000,468100001320250003,2025-04-07,,영업/정상,,,,,33,,54595,한성,I,000,2026-05-11 22:32:32,"전북특별자치도 익산시 선화로 ***, 한성 *층 (남중동)",정상,0000,01,,196208.990425142    ,271566.775825998    ,전북특별자치도 익산시 남중동 ***-** ,2025-04-07 13:43:29
4681000,468100001320250004,2025-05-26,,영업/정상,,,,,,,54630,유한회사 신우산업,I,000,2026-05-11 22:32:32,전북특별자치도 익산시 약촌로*길 ** (어양동),정상,0000,01,,198417.421743344    ,272153.242264503    ,전북특별자치도 익산시 어양동 ***-** ,2025-05-26 14:49:10
4681000,468100001320200009,2020-11-13,,영업/정상,,,,,,,54674,에이디 커머스,I,000,2026-05-11 22:32:31,"전북특별자치도 익산시 익산대로*길 **-*, ***호 (인화동*가)",정상,0000,01,,195129.693027213    ,270166.004394299    ,전북특별자치도 익산시 인화동*가 ***-* ,2023-11-22 10:02:51
4681000,468100001320250001,2025-02-27,,폐업,2026-01-15,,,,3.3,,54647,제이비 바이오랩,I,000,2026-05-11 22:32:31,"전북특별자치도 익산시 인북로 ***, *층 (신동)",폐업,0002,03,,196439.365930234    ,273229.993597437    ,전북특별자치도 익산시 신동 ***-* ,2026-01-30 14:43:34
4681000,468100001320020001,2002-03-26,,폐업,2014-11-19,,,,29.7,,54593,익산 가축약품,I,000,2026-05-11 22:32:31,전북특별자치도 익산시 익산대로 ***-* (창인동*가),폐업,0002,03,,195283.912          ,271430.6            ,전북특별자치도 익산시 창인동*가 **-* ,2014-11-19 19:04:47
4681000,468100001320180002,2018-09-18,,폐업,2024-06-03,,,,,,54601,아토즈랩,I,000,2026-05-11 22:32:31,전북특별자치도 익산시 평동로*길 ** (중앙동*가),폐업,0002,03,0638439917,195351.652636664    ,270711.244830878    ,전북특별자치도 익산시 중앙동*가 ***-* ,2024-06-03 10:05:03
4681000,468100001320200008,2020-11-04,,폐업,2022-07-06,,,,,,54621,(유)아성개발,I,000,2026-05-11 22:32:31,"전북특별자치도 익산시 인북로 ***-*, *층 (남중동)",폐업,0002,03,,196010.984333333    ,271834.539          ,전북특별자치도 익산시 남중동 ***-* ,2022-07-06 15:42:05
4681000,468100001320210001,2021-01-22,,영업/정상,,,,,,,54619,바른 한약국,I,000,2026-05-11 22:32:31,"전북특별자치도 익산시 익산대로 ***-*, 바른한약국 (남중동)",정상,0000,01,0638524174,195627.965287203    ,272497.690611428    ,전북특별자치도 익산시 남중동 *** 바른한약국 ,2021-01-22 09:14:33
4681000,468100001320000001,2000-10-20,,영업/정상,,,,,26.6,,,(유)전북가축약품,I,000,2026-05-11 22:32:31,전북특별자치도 익산시 익산대로 *** (창인동*가),정상,0000,01,,195313.764499716    ,271484.775180154    ,전북특별자치도 익산시 창인동*가 ** ,2003-05-06 14:33:42
4681000,468100001320180001,2018-08-21,,영업/정상,,,,,,,54677,다은종합상사,I,000,2026-05-11 22:32:31,"전북특별자치도 익산시 목천로*길 **, *층 (인화동*가)",정상,0000,01,0639176696,195816.525786691    ,269706.320159631    ,전북특별자치도 익산시 인화동*가 ***-* ,2018-08-21 12:58:47
4681000,468100001320200001,2020-03-06,,영업/정상,,,,,,,54531,진엔지니어링,I,000,2026-05-11 22:32:31,전북특별자치도 익산시 하나로**길 *** (월성동),정상,0000,01,0638339223,196999.556913076    ,277079.024684968    ,전북특별자치도 익산시 월성동 ***-* ,2020-03-06 09:20:15
4681000,468100001320200002,2020-05-01,,영업/정상,,,,,,,54531,다올환경ENG,I,000,2026-05-11 22:32:31,"전북특별자치도 익산시 하나로**길 ***, 제*동 (월성동)",정상,0000,01,,196999.556913076    ,277079.024684968    ,전북특별자치도 익산시 월성동 ***-* ,2020-05-21 10:51:32
4681000,468100001320200003,2020-05-25,,영업/정상,,,,,,,54603,(주)대성안전개발,I,000,2026-05-11 22:32:31,"전북특별자치도 익산시 인북로 **, *층 (인화동*가)",정상,0000,01,0638522270,195482.216400983    ,270383.3268356      ,전북특별자치도 익산시 인화동*가 **-** *층 ,2020-05-25 08:57:27
4681000,468100001320200004,2020-06-12,,영업/정상,,,,,,,54531,유한회사 지음산업,I,000,2026-05-11 22:32:31,"전북특별자치도 익산시 하나로**길 ***, *동 (월성동)",정상,0000,01,0638339223,196999.556913076    ,277079.024684968    ,전북특별자치도 익산시 월성동 ***-* ,2020-06-12 09:08:47
4691000,469100001320200001,2020-05-19,,영업/정상,,,,,,,56165,이레사이언텍,I,000,2026-05-05 22:32:33,"전북특별자치도 정읍시 우암로 **, 이레싸이언텍 (수성동)",정상,0000,01,,186940.98086021     ,229659.188231781    ,전북특별자치도 정읍시 수성동 ***-* 이레싸이언텍 ,2024-05-30 14:04:13
4691000,469100001320140001,2014-07-02,,영업/정상,,,,,280.5,,56158,유한회사 시온,I,000,2026-05-05 22:32:33,"전북특별자치도 정읍시 연지*길 *, 유한회사 시온 (연지동)",정상,0000,01,,185612.349725225    ,230018.844799727    ,전북특별자치도 정읍시 연지동 ***-*** 유한회사 시온 ,2024-07-31 14:53:01
4691000,469100001320050001,2005-09-08,,영업/정상,,,,,761,,56159,(유)우성가축약품,I,000,2026-05-05 22:32:33,전북특별자치도 정읍시 충정로 ***(연지동),정상,0000,01,0635348280,186040.293446217    ,230750.78640246     ,전북특별자치도 정읍시 칠보면 시산리 **-** ,2021-10-07 14:44:46
4691000,469100001320030002,2003-07-14,,영업/정상,,,,,450,,56114,농업회사법인 유한회사 정주가축약품,I,L00,2026-05-05 22:32:32,전북특별자치도 정읍시 태인면 석지로 ****,정상,0000,01,,193286.401335855    ,240763.060531016    ,전북특별자치도 정읍시 태인면 오봉리 *** ,2024-12-23 13:09:57
4691000,469100001320020002,2002-02-20,,영업/정상,,,,,121.07,,56161,다래가축약품,I,000,2026-05-05 22:32:32,전북특별자치도 정읍시 명륜길 * (연지동),정상,0000,01,0635322778,186332.42386753     ,230149.07876235     ,전북특별자치도 정읍시 연지동 **-* ,2017-03-30 16:58:08
4691000,469100001320040001,2004-03-29,,폐업,2004-07-30,,,,0,,,비타민 가축약품,I,000,2026-05-05 22:32:33,,폐업,0002,03,,,,전북특별자치도 정읍시 연지동 ,2014-10-22 13:57:11
4691000,469100001320200002,2020-06-11,,영업/정상,,,,,,,56158,삼미상사,I,000,2026-05-05 22:32:33,"전북특별자치도 정읍시 명덕로 *, 귀뚜라미보일러 (연지동)",정상,0000,01,,185579.265483855    ,230322.549337611    ,전북특별자치도 정읍시 연지동 ***-* 귀뚜라미보일러 ,2025-08-14 15:20:22
4691000,469100001320020001,2002-02-20,,폐업,2005-08-24,,,,0,,56159,우성가축약품,I,000,2026-05-05 22:32:32,전북특별자치도 정읍시 충정로 ***-* (연지동),폐업,0002,03,0635348280,185995.348631237    ,230812.247266701    ,전북특별자치도 정읍시 연지동 ***-** ,2011-10-30 17:03:50
4691000,469100001320170001,2017-09-07,,영업/정상,,,,,,,56194,제이앤제이상사,I,000,2026-05-05 22:32:33,"전북특별자치도 정읍시 학산로 ***-** (상동, 샘골전복)",정상,0000,01,,188421.143827532    ,228537.122284893    ,,2017-09-07 14:39:43
4691000,469100001320260001,2026-01-06,,영업/정상,,,,,3.3,,56201,모던테크,U,000,2026-05-20 03:03:03,"전북특별자치도 정읍시 초산로 *-*, 시기현대아파트 상가동 *층 ***호 (시기동)",정상,0000,01,,186391.344922719    ,228988.184008264    ,전북특별자치도 정읍시 시기동 ***-** 시기현대아파트 상가동 ,2026-05-19 15:57:39
4691000,469100001320220002,2022-12-02,,영업/정상,,,,,,,56155,전북코퍼레이션,I,000,2026-05-05 22:32:33,전북특별자치도 정읍시 벚꽃로 ** (농소동),정상,0000,01,,185669.491455115    ,231562.760454194    ,전북특별자치도 정읍시 농소동 **-** ,2024-02-05 13:06:26
4691000,469100001320220001,2022-11-01,,영업/정상,,,,,,,56159,태림산업,I,000,2026-05-05 22:32:33,전북특별자치도 정읍시 연지시장*길 **(연지동),정상,0000,01,,186138.124110782    ,230493.009542163    ,전북특별자치도 정읍시 연지동 **-** ,2022-11-01 17:38:50
4691000,469100001320210001,2021-09-28,,영업/정상,,,,,,,56165,다엘홀딩스,I,000,2026-05-05 22:32:33,"전북특별자치도 정읍시 씨교*길 **, *층 (장명동)",정상,0000,01,,187225.676516889    ,229548.380398957    ,전북특별자치도 정읍시 장명동 ***-* *층 ,2025-08-14 15:31:43
4691000,469100001320030001,2003-02-14,,폐업,2018-06-12,,,,0,,,우성가축약품,I,000,2026-05-05 22:32:32,전북특별자치도 정읍시 충정로 ***-* (연지동),폐업,0002,03,0635348280,185995.348631237    ,230812.247266701    ,전북특별자치도 정읍시 연지동 ***-** ,2018-06-12 11:53:55
4701000,470100001320000001,2000-02-28,,폐업,2019-03-12,,,,0,,55738,홍일의료기,I,000,2026-05-11 22:32:34,전북특별자치도 남원시 시청동로 ** (도통동),폐업,0002,03,,235371.224382713    ,213205.149337704    ,전북특별자치도 남원시 도통동 ***-* ,2019-03-12 11:14:22
4701000,470100001320190001,2019-03-12,,영업/정상,,,,,,,55748,홍일메디(유),I,L00,2026-05-11 22:32:35,전북특별자치도 남원시 마총길 ** (동충동),정상,0000,01,,234335.72612351     ,212671.055600789    ,전북특별자치도 남원시 동충동 ***-* ,2019-03-12 15:59:55
4701000,470100001320200001,2020-05-14,,영업/정상,,,,,,,55769,한국의료기종합상사,I,000,2026-05-11 22:32:36,"전북특별자치도 남원시 고샘길 **, 한국의료기종합상사 (금동)",정상,0000,01,,234163.630263521    ,211806.631009514    ,전북특별자치도 남원시 금동 ***-* 한국의료기종합상사 ,2020-06-12 16:38:25
4701000,470100001320230001,2023-07-07,,폐업,2024-10-28,,,,,,55718,예담,I,000,2026-05-11 22:32:37,전북특별자치도 남원시 운봉읍 운봉로 ***,폐업,0002,03,,248175.402430465    ,215392.338650219    ,전북특별자치도 남원시 운봉읍 동천리 ***-* ,2024-10-28 10:26:10
4701000,470100001320130001,2013-12-30,,폐업,2018-06-22,,,,28,,55729,대주 바이오 라이트,I,L00,2026-05-11 22:32:35,전북특별자치도 남원시 솔터길 ** (광치동),폐업,0002,03,,233389.259151581    ,216110.940088482    ,전북특별자치도 남원시 광치동 ***-* ,2018-06-25 13:23:41
4701000,470100001320240001,2024-04-18,,영업/정상,,,,,,,55774,월드코리아,I,000,2026-05-11 22:32:37,전북특별자치도 남원시 남문로 *** (쌍교동),정상,0000,01,,234899.260100403    ,211901.439922234    ,전북특별자치도 남원시 쌍교동 ** ,2024-04-18 10:34:36
4701000,470100001320200002,2020-10-21,,영업/정상,,,,,,,55764,남원유통의료기상사,I,000,2026-05-11 22:32:36,"전북특별자치도 남원시 의총로 **-**, *층 (왕정동)",정상,0000,01,,234075.933960808    ,212125.658946248    ,전북특별자치도 남원시 왕정동 **-** ,2020-10-21 13:45:47
4711000,471100001320220001,2022-02-15,,폐업,2025-08-18,,,,36,,54392,에이앤제이,I,000,2025-12-15 16:15:28,전북특별자치도 김제시 동서로 ***(요촌동),폐업,0002,03,,189924.878703185    ,255595.832578863    ,전북특별자치도 김제시 요촌동 ***-* ,2025-08-19 16:56:06
4711000,471100001320050001,2005-03-10,,폐업,2019-01-02,,,,0,,,전일가축약품,I,000,2025-12-15 16:15:28,,폐업,0002,03,,,,전북특별자치도 김제시 금구면 금구리 ***-*    ,2019-01-03 08:55:34
4711000,471100001320010001,2001-03-13,,폐업,2024-06-03,,,,79.2,,,동진동물약품.병원,I,000,2025-12-15 16:15:28,,폐업,0002,03,,189487.602256627    ,256102.526816529    ,전북특별자치도 김제시 요촌동 ***-* ,2024-06-06 15:14:08
4711000,471100001320260001,2026-04-16,,영업/정상,,,,,,,54370,제이엠상사,I,000,2026-04-17 23:09:50,전북특별자치도 김제시 죽산로 *** (명덕동),정상,0000,01,,186438.75133338     ,255018.366659552    ,전북특별자치도 김제시 명덕동 ***-* ,2026-04-16 09:41:38
4711000,471100001320250002,2025-08-26,,영업/정상,,,,,,,54353,이엘사이언스,I,000,2025-12-15 16:15:28,전북특별자치도 김제시 황산면 용마로 ***,정상,0000,01,,195776.027137885    ,255452.662220285    ,전북특별자치도 김제시 황산면 용마리 ****-* ,2025-08-27 16:22:27
4711000,471100001320250001,2025-06-25,,영업/정상,,,,,,,54352,유한회사 대일바이오랩,I,000,2025-12-15 16:15:28,전북특별자치도 김제시 모리생길 ** (상동동),정상,0000,01,0635446421,193655.55878666     ,257649.028009075    ,전북특별자치도 김제시 상동동 **-* ,2025-06-25 09:11:45
4711000,471100001320230002,2023-06-28,,영업/정상,,,,,,,54384,김제HA,I,000,2025-12-15 16:15:28,전북특별자치도 김제시 중앙로 ** (요촌동),정상,0000,01,,189557.681217743    ,256075.03969195     ,전북특별자치도 김제시 요촌동 ***-** ,2023-06-28 16:34:34
4711000,471100001320230001,2023-06-28,,영업/정상,,,,,,,54384,가가의료기,I,000,2025-12-15 16:15:28,전북특별자치도 김제시 중앙로 ** (요촌동),정상,0000,01,,189557.681217743    ,256075.03969195     ,전북특별자치도 김제시 요촌동 ***-** ,2023-06-28 16:29:46
4711000,471100001320220003,2022-05-17,,폐업,2026-05-10,,,,,,54399,홈플러스김제점,U,L00,2026-05-19 03:03:03,"전북특별자치도 김제시 금성로 ***, *층 (검산동)",폐업,0002,03,0635408050,191146.883710671    ,255517.370352134    ,전북특별자치도 김제시 검산동 *** ,2026-05-18 13:53:02
4711000,471100001320220002,2022-04-07,,영업/정상,,,,,59.4,,54402,부민의료기,I,000,2025-12-15 16:15:28,"전북특별자치도 김제시 중앙로 ***, *층 (신풍동)",정상,0000,01,,190975.312369831    ,254847.059486437    ,전북특별자치도 김제시 신풍동 ***-* ,2022-04-07 15:22:48
4711000,471100001320210001,2021-03-23,,영업/정상,,,,,10,,54398,네오바이오젠,I,000,2025-12-15 16:15:28,"전북특별자치도 김제시 검산택지*길 **, ***호 (검산동, 김제검산샬레*차아파트)",정상,0000,01,,191523.494226741    ,255841.169173011    ,전북특별자치도 김제시 검산동 **** 김제검산샬레*차아파트 ,2021-04-08 14:53:19
4711000,471100001320200001,2020-07-23,,영업/정상,,,,,,,54325,로얄캐닌코리아 유한회사,I,L00,2025-12-15 16:15:28,전북특별자치도 김제시 백산면 지평선산단*길 **,정상,0000,01,,188356.027619899    ,261166.825654168    ,전북특별자치도 김제시 백산면 부거리 **** ,2020-07-23 10:53:59
4711000,471100001320150001,2015-01-02,,영업/정상,,,,,0,,54407,대한유통,I,000,2025-12-15 16:15:28,전북특별자치도 김제시 금성로 ** (신풍동),정상,0000,01,,190345.483017489    ,255145.603931032    ,전북특별자치도 김제시 신풍동 ***-* ,2015-01-02 10:45:06
4711000,471100001320030001,2003-12-12,,영업/정상,,,,,83.2,,,한빛가축약품상사,I,000,2025-12-15 16:15:28,전북특별자치도 김제시 용지면 콩쥐팥쥐로 ***,정상,0000,01,,199499.593475563    ,257449.648655583    ,전북특별자치도 김제시 용지면 부교리 ** ,2010-10-20 15:03:42
4721000,472100001320170001,2017-02-10,,영업/정상,,,,,,,55367,(유)연합가축약품,I,L00,2026-05-03 22:32:33,전북특별자치도 완주군 이서면 원은교길 *,정상,0000,01,0632224227,200259.142733886    ,257715.720442112    ,,2017-02-10 14:56:29
4721000,472100001320000001,2000-12-29,,폐업,2011-10-17,,,,193,,,(유)연합가축약품,I,000,2026-05-03 22:32:33,,폐업,0002,03,0632224227,200259.142733886    ,257715.720442112    ,전북특별자치도 완주군 이서면 은교리 ***-* ,2014-01-28 09:02:24
4721000,472100001320230002,2023-11-09,,영업/정상,,,,,40,,55340,제이,I,000,2026-05-03 22:32:33,"전북특별자치도 완주군 삼례읍 만경하서길 **, *층 ***호",정상,0000,01,,206537.156167228    ,268044.688173021    ,전북특별자치도 완주군 삼례읍 삼례리 ***-* ,2023-11-09 16:31:51
4721000,472100001320200001,2020-06-15,,영업/정상,,,,,,,55340,조이테크,I,000,2026-05-03 22:32:33,전북특별자치도 완주군 삼례읍 역참로 **,정상,0000,01,,206507.304026152    ,267948.123022183    ,전북특별자치도 완주군 삼례읍 삼례리 ***-* ,2020-06-15 17:38:29
4721000,472100001320210001,2021-10-05,,영업/정상,,,,,,,55311,장생테크,I,000,2026-05-03 22:32:33,전북특별자치도 완주군 고산면 고산로 ***-*,정상,0000,01,,219108.620815791    ,274849.876744191    ,전북특별자치도 완주군 고산면 읍내리 ***-* ,2023-11-01 10:01:10
4721000,472100001320210002,2021-10-26,,영업/정상,,,,,32.5,,55311,우인에스엠,I,000,2026-05-03 22:32:33,전북특별자치도 완주군 고산면 고산천로 ***-**,정상,0000,01,0632638600,218343.367208375    ,275309.306533208    ,전북특별자치도 완주군 고산면 읍내리 *** ,2021-10-26 10:22:02
4721000,472100001320220004,2022-05-18,,폐업,2023-11-13,,,,688.25,,55365,(주)이마트에브리데이 전주혁신점,I,L00,2026-05-03 22:32:33,전북특별자치도 완주군 이서면 출판로 **-*,폐업,0002,03,,204990.386469143    ,259881.923727133    ,전북특별자치도 완주군 이서면 갈산리 ***-** ,2023-11-13 15:44:54
4721000,472100001320220002,2022-03-30,,영업/정상,,,,,96.28,,55367,주선이엔씨,I,000,2026-05-03 22:32:33,"전북특별자치도 완주군 이서면 애통길 ***, 지하*층",정상,0000,01,,199805.899526542    ,257581.260502137    ,전북특별자치도 전주시 완산구 서신동 ***-* 지하*층 ,2023-06-22 16:12:37
4721000,472100001320220003,2022-04-29,,영업/정상,,,,,386.89,,55367,(주) 하나컨설팅,I,000,2026-05-03 22:32:33,"전북특별자치도 완주군 이서면 애통길 ***, *층 *호",정상,0000,01,0637156911,199805.899526542    ,257581.260502137    ,전북특별자치도 완주군 이서면 은교리 ***-* ,2022-04-29 14:13:36
4721000,472100001320220005,2022-09-29,,영업/정상,,,,,64.4,,55367,해신바이오,I,000,2026-05-03 22:32:33,전북특별자치도 완주군 이서면 애통길 ***,정상,0000,01,,199779.292258413    ,257573.540476345    ,전북특별자치도 완주군 이서면 은교리 ***-* ,2022-09-29 10:12:38
4721000,472100001320230001,2023-01-27,,영업/정상,,,,,55.89,,55340,미라클,I,000,2026-05-03 22:32:33,전북특별자치도 완주군 삼례읍 역참로 **,정상,0000,01,,206507.304026152    ,267948.123022183    ,전북특별자치도 완주군 삼례읍 삼례리 ***-* ,2023-01-27 18:28:15
4721000,472100001320170002,2014-01-28,,폐업,,,,,0,,55315,(주) 비에스코렘,I,L00,2026-05-03 22:32:33,전북특별자치도 완주군 봉동읍 완주산단*로 *** ((재)전북테크노파크전북과학기술진흥센터),폐업,0002,03,,210691.850831604    ,273841.316986308    ,전북특별자치도 완주군 봉동읍 둔산리 ***-* ,2022-07-21 09:37:28
4721000,472100001320170003,2017-09-28,,영업/정상,,,,,,,55340,서동가축약품,I,000,2026-05-03 22:32:33,전북특별자치도 완주군 삼례읍 삼봉로 **-**,정상,0000,01,,206785.572749601    ,268459.600190042    ,전북특별자치도 완주군 삼례읍 삼례리 ****-** ,2022-05-20 13:43:51
4721000,472100001320220001,2022-03-30,,영업/정상,,,,,96.28,,55367,은교이앤씨,I,000,2026-05-03 22:32:33,전북특별자치도 완주군 이서면 애통길 ***,정상,0000,01,,199805.899526542    ,257581.260502137    ,전북특별자치도 전주시 덕진구 장동 ***-* ,2024-11-15 15:47:19
4751000,475100001320180001,2018-08-28,,폐업,2021-06-18,,,,66,,55613,장생메디칼,I,000,2026-05-03 22:32:35,전북특별자치도 장수군 장계면 한들로 **,폐업,0002,03,0633532358,252363.738369309    ,248239.457552656    ,전북특별자치도 장수군 장계면 장계리 ***-* ,2021-06-18 09:53:13
4751000,475100001320230001,2023-05-12,,영업/정상,,,,,128.22,,55615,굿싸이언스,I,000,2026-05-03 22:32:35,"전북특별자치도 장수군 장계면 한들로 ***, *동 *층",정상,0000,01,,252921.398627761    ,248101.536002135    ,전북특별자치도 장수군 장계면 장계리 ***-** ,2023-05-12 09:13:19
4751000,475100001320220001,2022-05-30,,영업/정상,,,,,99,,55610,누리97,I,000,2026-05-03 22:32:35,전북특별자치도 장수군 천천면 비룡로 ***-*,정상,0000,01,,,,전북특별자치도 장수군 천천면 남양리 ***-* ,2022-05-30 13:26:58
4761000,476100001320220001,2022-05-20,,폐업,2023-11-24,,,,,,55927,이마트에브리데이 임실점,I,L00,2026-05-11 22:35:32,"전북특별자치도 임실군 임실읍 운수로 **, 이마트에브리데이",폐업,0002,03,0637787200,225690.249038772    ,235002.355980377    ,전북특별자치도 임실군 임실읍 이도리 ***-** 정마트 ,2023-11-24 15:52:58
4781000,478100001320230003,2023-05-15,,영업/정상,,,,,125.2,,56436,고창의료기,I,000,2026-05-11 22:32:36,"전북특별자치도 고창군 고창읍 중앙로 ***, 한울빌딩",정상,0000,01,,172041.97649213     ,215157.433186516    ,전북특별자치도 고창군 고창읍 읍내리 *** 한울빌딩 ,2023-10-06 16:16:49
4781000,478100001320020001,2002-01-28,,폐업,2010-06-24,,,,0,,56436,고창가축약품,I,000,2026-05-11 22:32:35,전북특별자치도 고창군 고창읍 중앙로 ***,폐업,0002,03,,172182.686755984    ,215143.754681978    ,전북특별자치도 고창군 고창읍 읍내리 ***-* ,2011-11-01 09:23:32
4781000,478100001320230001,2023-03-02,,영업/정상,,,,,,,56432,모던테크,I,000,2026-05-11 22:32:35,"전북특별자치도 고창군 고창읍 중앙로 ***, *층 ***호",정상,0000,01,,173042.345128359    ,215068.169181506    ,전북특별자치도 고창군 고창읍 교촌리 **-* ,2023-03-02 18:33:12
4781000,478100001320230002,2023-05-15,,영업/정상,,,,,125.2,,56436,포낙에이치에이(HA),I,000,2026-05-11 22:32:35,"전북특별자치도 고창군 고창읍 중앙로 ***, 한울빌딩",정상,0000,01,,172041.97649213     ,215157.433186516    ,전북특별자치도 고창군 고창읍 읍내리 *** 한울빌딩 ,2023-10-06 16:36:27
4781000,478100001320230004,2023-09-25,,영업/정상,,,,,109.99,,56413,한길축산,I,000,2026-05-11 22:32:36,"전북특별자치도 고창군 흥덕면 선운대로 ****, 한길동물약품",정상,0000,01,,173008.963601099    ,224702.168252094    ,전북특별자치도 고창군 흥덕면 흥덕리 **-** 한길동물약품 ,2023-09-25 17:00:40
4791000,479100001320250001,2025-07-10,,영업/정상,,,,,,,56303,금강이앤씨,I,000,2026-05-07 22:32:35,전북특별자치도 부안군 동진면 동진로 ***,정상,0000,01,,176369.287836838    ,250080.445734249    ,전북특별자치도 부안군 동진면 봉황리 ***-** 한화종합화학 ,2025-07-10 18:06:55
4791000,479100001320220002,2022-04-15,,폐업,2025-07-03,,,,,,56303,(주)하나이앤씨,I,L00,2026-05-07 22:32:35,전북특별자치도 부안군 동진면 동진로 ***,폐업,0002,03,0637156911,176369.287836838    ,250080.445734249    ,전북특별자치도 부안군 동진면 봉황리 ***-** 한화종합화학 ,2025-07-08 15:52:52
4791000,479100001320200001,2020-08-10,,영업/정상,,,,,,,56313,가나의료기,I,000,2026-05-07 22:32:35,"전북특별자치도 부안군 부안읍 번영로 ***, *층",정상,0000,01,0635822103,175978.572890653    ,247355.818602976    ,전북특별자치도 부안군 부안읍 서외리 *-* ,2020-08-10 11:20:03
4791000,479100001320200002,2020-08-10,,영업/정상,,,,,,,56313,포낙보청기헬스케어,I,000,2026-05-07 22:32:35,"전북특별자치도 부안군 부안읍 번영로 ***, *층",정상,0000,01,0635822106,175978.572890653    ,247355.818602976    ,전북특별자치도 부안군 부안읍 서외리 *-* ,2020-08-10 13:09:38
4791000,479100001320220001,2022-02-10,,영업/정상,,,,,,,56345,바이오포레스트,I,000,2026-05-07 22:32:35,전북특별자치도 부안군 진서면 베틀재로 **-**,정상,0000,01,,165298.585023089    ,233771.593710686    ,전북특별자치도 부안군 진서면 진서리 *** ,2022-02-10 10:01:01
4800000,480000001320210001,2021-12-14,,영업/정상,,,,,187.12,,58750,주식회사 티엘파트너센터,I,L00,2026-05-08 22:36:05,"전라남도 목포시 미항로 ***-*, *층 (상동)",정상,0000,01,,148226.296769251    ,144420.985578712    ,전라남도 목포시 상동 ****-* ,2021-12-14 13:26:44
4800000,480000001320220003,2022-10-13,,영업/정상,,,,,,,58687,폴리파크 목포점,I,000,2026-05-08 22:36:07,전라남도 목포시 옥암로 **(옥암동),정상,0000,01,,147897.467905772    ,144865.618280293    ,전라남도 목포시 옥암동 ****-* ,2022-10-13 16:18:28
4800000,480000001320220002,2022-05-23,,휴업,,2026-05-10,2027-05-09,,,,58651,홈플러스(주)목포점,U,L00,2026-05-22 03:03:03,"전라남도 목포시 영산로 ***, 홈플러스목포점 (용당동)",휴업,0001,02,0612418000,144991.481278312    ,145423.716150726    ,서울특별시 강서구 등촌동 ****-* 홈플러스목포점 ,2026-05-21 17:31:20
4800000,480000001320220001,2022-03-04,,영업/정상,,,,,14,,58731,혜안,I,000,2026-05-08 22:36:06,"전라남도 목포시 산정로***번길 **, *층 (산정동)",정상,0000,01,,144216.122060187    ,144577.734390637    ,전라남도 목포시 산정동 ****-*** ,2022-03-04 16:16:06
4810000,481000001320250003,2025-06-10,,영업/정상,,,,,95.95,,59691,튼튼슬링운동센터,I,000,2025-12-15 16:15:28,전라남도 여수시 웅남*길 **-** (웅천동),정상,0000,01,,261909.823561135    ,139364.026405538    ,전라남도 여수시 웅천동 ****-* ,2025-06-10 14:00:02
4810000,481000001320250004,2025-09-15,,영업/정상,,,,,266.14,,59687,라라,I,000,2025-12-15 16:15:28,"전라남도 여수시 선소로 **, *층 (신기동)",정상,0000,01,,261142.780769297    ,140467.797271577    ,전라남도 여수시 신기동 ***-** ,2025-09-15 10:02:12
4810000,481000001320240001,2024-04-09,,영업/정상,,,,,127,,59643,영테크,I,000,2025-12-15 16:15:28,전라남도 여수시 화산*길 **-* (화장동),정상,0000,01,0619056009,258746.918084685    ,141610.279329582    ,전라남도 여수시 화장동 ***-* ,2024-04-09 15:01:22
4810000,481000001320240002,2024-04-09,,영업/정상,,,,,75,,59736,웰테크,I,000,2025-12-15 16:15:28,전라남도 여수시 진남상가길 **-* (교동),정상,0000,01,,267188.4691434      ,138347.983787347    ,전라남도 여수시 교동 *** ,2024-04-09 16:13:05
4810000,481000001320250001,2025-05-12,,영업/정상,,,,,545.91,,59701,한국방역,I,000,2025-12-15 16:15:28,전라남도 여수시 문수로 ** (문수동),정상,0000,01,,264435.749910674    ,139797.603376194    ,전라남도 여수시 문수동 ***-* ,2025-05-12 13:26:59
4810000,481000001320250002,2025-05-12,,영업/정상,,,,,217.07,,59701,한국특판기획,I,000,2025-12-15 16:15:28,"전라남도 여수시 문수로 **, *층 (문수동)",정상,0000,01,,264435.749910674    ,139797.603376194    ,전라남도 여수시 문수동 ***-* ,2025-05-12 14:05:11
4820000,482000001320170001,2017-02-21,,영업/정상,,,,,,,57956,주식회사 엠61,I,L00,2026-05-10 22:32:55,전라남도 순천시 중앙*길 * (장천동),정상,0000,01,,244193.62621025     ,161554.808395024    ,,2017-02-21 09:55:37
4820000,482000001320260001,2026-03-30,,영업/정상,,,,,,,57923,유한회사 정도컴퍼니,I,000,2026-05-10 22:32:56,전라남도 순천시 가곡길 *** (가곡동),정상,0000,01,,243847.406324182    ,164295.900292312    ,전라남도 순천시 가곡동 ***-* ,2026-03-30 09:16:39
4820000,482000001320250001,2025-10-23,,영업/정상,,,,,10,,57991,바이오필,I,000,2026-05-10 22:32:56,"전라남도 순천시 덕연로 **, 새롬 주방물류 (연향동)",정상,0000,01,,246815.031942188    ,161170.887802474    ,전라남도 순천시 연향동 ****-* 새롬 주방물류 ,2025-10-23 17:40:28
4820000,482000001320240007,2024-06-18,,영업/정상,,,,,,,57962,디지(DG)글로벌마켓팅,I,000,2026-05-10 22:32:56,"전라남도 순천시 풍덕주택길 **, *층 ***호 (풍덕동)",정상,0000,01,,245902.583607372    ,160388.430005249    ,전라남도 순천시 풍덕동 ***-** ,2024-06-18 09:24:53
4820000,482000001320240006,2024-04-09,,영업/정상,,,,,,,57964,겸이유통,I,000,2026-05-10 22:32:56,"전라남도 순천시 팔마로 ***, 겸이유통 (덕암동)",정상,0000,01,0619080800,246451.051190845    ,160402.704784253    ,전라남도 순천시 덕암동 ***-* 겸이유통 ,2024-04-09 09:35:39
4820000,482000001320240005,2024-04-09,,영업/정상,,,,,,,57979,매일유통,I,000,2026-05-10 22:32:56,"전라남도 순천시 연향*로 **, 매일유통 (연향동)",정상,0000,01,0617270004,247224.852071572    ,160815.726112623    ,전라남도 순천시 연향동 ****-* 매일유통 ,2024-04-09 09:20:26
4820000,482000001320240004,2024-04-08,,영업/정상,,,,,,,57963,청도상사,I,000,2026-05-10 22:32:56,전라남도 순천시 역전장길 ** (조곡동),정상,0000,01,07081919193,245845.005903591    ,160758.215538039    ,전라남도 순천시 조곡동 ***-** ,2024-04-08 09:21:37
4820000,482000001320240003,2024-04-08,,영업/정상,,,,,,,57935,로드파크,I,000,2026-05-10 22:32:56,전라남도 순천시 충숙길 ** (용당동),정상,0000,01,0619052016,245765.286707998    ,164631.610325816    ,전라남도 순천시 용당동 **-* ,2024-04-08 15:25:23
4820000,482000001320240002,2024-04-04,,영업/정상,,,,,,,57963,삼우테크,I,000,2026-05-10 22:32:56,전라남도 순천시 역전장길 ** (조곡동),정상,0000,01,07081913527,245845.005903591    ,160758.215538039    ,전라남도 순천시 조곡동 ***-** ,2024-04-04 10:50:10
4820000,482000001320240001,2024-01-30,,영업/정상,,,,,,,57924,유진과학상사,I,000,2026-05-10 22:32:56,전라남도 순천시 원가곡*길 **-** (가곡동),정상,0000,01,0617557580,244341.437817398    ,165304.370729837    ,전라남도 순천시 가곡동 ****-* ,2024-02-02 14:46:17
4820000,482000001320230005,2023-12-12,,영업/정상,,,,,,,57965,그린유통,I,000,2026-05-10 22:32:56,전라남도 순천시 이수*길 ** (덕암동),정상,0000,01,,245860.029835327    ,161089.04219597     ,전라남도 순천시 덕암동 ***-** ,2023-12-12 13:18:03
4820000,482000001320230004,2023-08-21,,영업/정상,,,,,,,57999,견생냥품,I,000,2026-05-10 22:32:56,전라남도 순천시 오천*길 ** (오천동),정상,0000,01,,245165.71206101     ,159433.230691438    ,전라남도 순천시 오천동 ***-* ,2023-08-21 15:07:51
4820000,482000001320230003,2023-08-21,,영업/정상,,,,,,,58007,견생냥품,I,000,2026-05-10 22:32:56,"전라남도 순천시 해룡면 좌야로 ***, ***동 ***호 (중흥에코시티*단지)",정상,0000,01,,249910.05950657     ,159965.054429979    ,전라남도 순천시 해룡면 신대리 **** 중흥에코시티*단지 ***동 ***호,2023-08-21 09:40:46
4820000,482000001320230002,2023-04-21,,영업/정상,,,,,,,57956,가우정인,I,000,2026-05-10 22:32:56,전라남도 순천시 장명로 ** (장천동),정상,0000,01,,244401.848456803    ,161481.904161489    ,전라남도 순천시 장천동 **-* ,2023-04-21 11:21:34
4820000,482000001320230001,2023-01-15,,영업/정상,,,,,,,58021,(주)도이프,I,000,2026-05-10 22:32:56,전라남도 순천시 해룡면 해룡산단*로 **-***,정상,0000,01,0617213077,251971.457139461    ,156920.695759436    ,전라남도 순천시 해룡면 선월리 ***-** ,2023-01-15 13:31:51
4820000,482000001320220005,2022-12-16,,영업/정상,,,,,,,57970,바르개맛있개,I,000,2026-05-10 22:32:56,"전라남도 순천시 왕궁길 **, 투스파 (조례동)",정상,0000,01,,248583.547116275    ,162188.059438166    ,전라남도 순천시 조례동 ****-* 투스파 ,2022-12-16 16:21:55
4820000,482000001320220004,2022-05-12,,휴업,,2026-05-10,2026-07-03,,,,57993,홈플러스(주)순천풍덕점,U,L00,2026-05-16 03:03:03,"전라남도 순천시 팔마로 ***, 홈플러스풍덕점 (풍덕동)",휴업,0001,02,0617462080,246427.675879142    ,160255.485969845    ,서울특별시 강서구 등촌동 *** 홈플러스풍덕점 ,2026-05-15 10:16:58
4820000,482000001320220003,2022-05-12,,영업/정상,,,,,,,57946,홈플러스 순천점,I,L00,2026-05-10 22:32:56,"전라남도 순천시 신월큰길 **, 삼성홈플러스 (조례동)",정상,0000,01,0617298000,247445.068249994    ,162608.714838679    ,서울특별시 강서구 등촌동 ***-* 삼성홈플러스 ,2024-02-26 15:57:12
4820000,482000001320220002,2022-04-08,,영업/정상,,,,,,,57956,유바이오젠,I,000,2026-05-10 22:32:56,"전라남도 순천시 장천*길 **-**, ****호 (장천동)",정상,0000,01,07075659095,244673.11192827     ,161363.676893536    ,전라남도 순천시 장천동 **-* ,2022-04-08 12:00:38
4820000,482000001320220001,2022-02-08,,영업/정상,,,,,,,57922,세븐일레븐 순천대후문점,I,000,2026-05-10 22:32:56,"전라남도 순천시 석현길 *, 사이버메니아pc, 압구정손만두 (석현동)",정상,0000,01,,243695.938450658    ,163700.401341117    ,"전라남도 순천시 석현동 *** 사이버메니아pc, 압구정손만두 ",2022-02-08 09:19:59
4820000,482000001320210001,2021-06-22,,영업/정상,,,,,,,58034,(주)메디렉스,I,000,2026-05-10 22:32:56,"전라남도 순천시 해룡면 율촌산단*로 **, ***-*호",정상,0000,01,0617275446,252681.528535701    ,155581.913407729    ,전라남도 순천시 해룡면 선월리 ***-* ,2021-06-22 13:52:29
4820000,482000001320200002,2020-04-17,,영업/정상,,,,,63,,57965,지엔피메디텍,I,000,2026-05-10 22:32:55,전라남도 순천시 이수*길 ** (생목동),정상,0000,01,0617410973,246217.857770028    ,161248.74885866     ,전라남도 순천시 생목동 **-* ,2020-04-21 16:03:08
4820000,482000001320200001,2020-04-08,,영업/정상,,,,,62.55,,57941,씨케이팜,I,000,2026-05-10 22:32:55,"전라남도 순천시 옥천길 ***, 옥천동 *층 (옥천동)",정상,0000,01,,243116.062826584    ,161497.221037061    ,전라남도 순천시 옥천동 ***-* ,2020-04-08 17:18:15
4820000,482000001320190002,2019-11-11,,영업/정상,,,,,,,57939,알파ENC,I,000,2026-05-10 22:32:55,"전라남도 순천시 북문길 ***, *호 (매곡동)",정상,0000,01,07086141297,244231.005466097    ,162824.255954081    ,전라남도 순천시 매곡동 ***-* ,2019-11-11 10:55:45
4820000,482000001320170002,2017-03-27,,영업/정상,,,,,,,57963,팔마종합상사,I,000,2026-05-10 22:32:55,"전라남도 순천시 중앙초등*길 **, *층 (풍덕동)",정상,0000,01,,245936.141760221    ,160527.536033228    ,전라남도 순천시 풍덕동 ***-** ,2021-03-08 09:24:52
4820000,482000001320190001,2019-07-29,,폐업,2024-01-08,,,,,,58024,동부특수지앤에스주식회사,I,000,2026-05-10 22:32:55,전라남도 순천시 해룡면 율촌로 ***,폐업,0002,03,,251619.098426318    ,154783.148782493    ,전라남도 순천시 해룡면 호두리 ***-* ,2024-01-08 16:10:51
4830000,483000001320210003,2021-07-02,,영업/정상,,,,,22,,58228,진스텍,I,000,2026-05-11 22:34:38,"전라남도 나주시 남평읍 원촌길 *, c동 *호",정상,0000,01,,185450.701309393    ,170928.543496895    ,전라남도 나주시 남평읍 교원리 ***-** ,2021-07-05 09:48:14
4830000,483000001320150001,2015-12-16,,영업/정상,,,,,,,58257,신진팜,I,000,2026-05-11 22:34:37,전라남도 나주시 금성길 **-* (중앙동),정상,0000,01,,174160.881979548    ,170429.238994737    ,전라남도 나주시 중앙동 **-** ,2015-12-16 16:46:59
4830000,483000001320200001,2020-06-18,,폐업,2021-01-27,,,,,,58227,원테크,I,000,2026-05-11 22:34:38,전라남도 나주시 남평읍 남평*로 **,폐업,0002,03,,185612.021233885    ,171665.436917375    ,전라남도 나주시 남평읍 대교리 *** 주연미용실 ,2021-02-01 18:21:19
4830000,483000001320210006,2021-11-26,,폐업,2024-04-05,,,,84.52,,58228,청도상사,I,000,2026-05-11 22:34:38,"전라남도 나주시 남평읍 원촌길 *, A-*호",폐업,0002,03,,185450.701309393    ,170928.543496895    ,전라남도 나주시 남평읍 교원리 ***-** A-*호,2024-04-05 14:12:07
4830000,483000001320220001,2022-05-31,,폐업,2023-12-04,,,,2283.66,,58329,(주)이마트에브리데이 나주혁신점,I,L00,2026-05-11 22:34:38,"전라남도 나주시 그린로 ***, 이마트에브리데이 (빛가람동)",폐업,0002,03,0618207005,180615.671590246    ,167830.528263334    ,전라남도 나주시 빛가람동 ***-* 이마트에브리데이 ,2023-12-04 16:29:49
4830000,483000001320220002,2022-07-04,,폐업,2022-12-19,,,,5502.13,,58217,(주)이마트에브리데이 나주빛가람점,I,L00,2026-05-11 22:34:38,"전라남도 나주시 상야*길 **, 킹덤프라자 D동 ***호 (빛가람동)",폐업,0002,03,,180527.043994998    ,169329.442224069    ,전라남도 나주시 빛가람동 ***-* 킹덤프라자 D동 ***호,2022-12-19 15:33:32
4830000,483000001320160001,2016-01-04,,영업/정상,,,,,,,58269,삼성가축약품,I,000,2026-05-11 22:34:37,전라남도 나주시 금영로 **-* (이창동),정상,0000,01,0613338941,173982.042594024    ,166249.924498786    ,전라남도 나주시 이창동 ***-** ,2016-01-04 17:59:19
4830000,483000001320190001,2019-04-23,,영업/정상,,,,,1395,,58227,에스엠텍,I,000,2026-05-11 22:34:37,"전라남도 나주시 남평읍 지석로 **, 다동 *층 ***호",정상,0000,01,,185417.917524019    ,171702.343913673    ,전라남도 나주시 남평읍 대교리 ***-* 다동 ***호,2019-04-23 15:14:33
4830000,483000001320190002,2019-04-29,,영업/정상,,,,,150,,58227,대한과학,I,000,2026-05-11 22:34:38,"전라남도 나주시 남평읍 남평*로 **-*, *층 ***호",정상,0000,01,,185514.443098038    ,172015.448911291    ,전라남도 나주시 남평읍 남평리 *-* ,2019-04-29 16:32:40
4830000,483000001320200002,2020-07-10,,영업/정상,,,,,,,58257,와이티바이오텍,I,000,2026-05-11 22:34:38,전라남도 나주시 금성길 **-* (성북동),정상,0000,01,,174146.628152131    ,170626.927817206    ,전라남도 나주시 성북동 *** ,2020-07-10 09:45:11
4830000,483000001320200003,2020-08-31,,영업/정상,,,,,,,58261,바이오큐,I,000,2026-05-11 22:34:38,"전라남도 나주시 송월*길 **, ***-A호 (송월동)",정상,0000,01,,174265.757175702    ,168641.25746646     ,전라남도 나주시 송월동 **** ***-A호,2025-10-28 14:08:28
4830000,483000001320140001,2014-03-18,,영업/정상,,,,,,,58275,효진가축약품주식회사,I,000,2026-05-11 22:34:37,전라남도 나주시 왕곡면 나주서부로 *,정상,0000,01,0613324007,172855.813763297    ,165227.465973686    ,,2014-03-18 17:58:14
4830000,483000001320230003,2023-11-07,,영업/정상,,,,,35,,58325,클린축산,I,000,2026-05-11 22:34:38,"전라남도 나주시 그린로 ***, 그랜드타워 *동 *층 ***-*호 (빛가람동)",정상,0000,01,0619301416,181116.462500112    ,168880.479332711    ,전라남도 나주시 빛가람동 ***-* ,2023-11-07 10:01:39
4830000,483000001320230002,2023-11-02,,영업/정상,,,,,15.84,,58214,주식회사 진바이오,I,000,2026-05-11 22:34:38,전라남도 나주시 산포면 산포로 ***,정상,0000,01,0613310833,182037.531794674    ,170749.432941773    ,전라남도 나주시 산포면 매성리 ***-* 혁신공인중개사 ,2023-11-02 12:49:59
4830000,483000001320230001,2023-08-23,,영업/정상,,,,,,,58217,견생냥품 무인24시 나주혁신도시점,I,000,2026-05-11 22:34:38,"전라남도 나주시 우정로 ***, 토담스타타워 B동 ***호 (빛가람동)",정상,0000,01,,180922.70915539     ,169400.361520614    ,전라남도 나주시 빛가람동 ***-* ,2023-08-23 09:44:09
4830000,483000001320220003,2022-12-02,,영업/정상,,,,,,,58205,아이리스,I,000,2026-05-11 22:34:38,"전라남도 나주시 노안면 이슬촌길 **, *층",정상,0000,01,,171205.004491427    ,178713.856380409    ,전라남도 나주시 노안면 양천리 ***-* ,2023-09-04 13:23:28
4830000,483000001320210005,2021-08-05,,영업/정상,,,,,84.52,,58228,우성하이텍,I,000,2026-05-11 22:34:38,"전라남도 나주시 남평읍 원촌길 *, A-*호",정상,0000,01,,185450.701309393    ,170928.543496895    ,전라남도 나주시 남평읍 교원리 ***-** A-*호,2021-08-05 19:05:11
4830000,483000001320210004,2021-07-08,,영업/정상,,,,,22,,58228,유테크,I,000,2026-05-11 22:34:38,"전라남도 나주시 남평읍 원촌길 *, B-*호",정상,0000,01,,185450.701309393    ,170928.543496895    ,전라남도 나주시 남평읍 교원리 ***-** ,2021-07-08 11:10:31
4830000,483000001320210002,2021-03-29,,영업/정상,,,,,84.52,,58228,엠케이통상,I,000,2026-05-11 22:34:38,"전라남도 나주시 남평읍 원촌길 *, B-*호",정상,0000,01,,185450.701309393    ,170928.543496895    ,전라남도 나주시 남평읍 교원리 ***-** B-*호,2021-07-21 17:55:47
4830000,483000001320210001,2021-03-02,,영업/정상,,,,,,,58227,지에프시스템,I,000,2026-05-11 22:34:38,"전라남도 나주시 남평읍 남평*로 **, ***호",정상,0000,01,,185612.021233885    ,171665.436917375    ,전라남도 나주시 남평읍 대교리 *** ,2021-03-02 13:56:21
4830000,483000001320200004,2020-12-15,,영업/정상,,,,,,,58227,비엔바이오(BnB),I,000,2026-05-11 22:34:38,"전라남도 나주시 남평읍 남평*로 **, *층",정상,0000,01,,185624.203840863    ,171610.47022469     ,전라남도 나주시 남평읍 대교리 *** ,2020-12-15 18:57:13
4840000,484000001320180001,2018-08-31,,영업/정상,,,,,79,,57743,요셉동물병원,I,000,2026-05-11 22:32:33,전라남도 광양시 광양읍 칠성로 **,정상,0000,01,0617637582,253500.083786814    ,164576.238820248    ,전라남도 광양시 광양읍 칠성리 ***-* ,2018-09-03 15:03:46
4840000,484000001320190001,2019-11-11,,영업/정상,,,,,99.35,,57724,(주) 그린에스엔티,I,L00,2026-05-11 22:32:33,전라남도 광양시 도촌길 *-** (광영동),정상,0000,01,0617913863,,,전라남도 광양시 광영동 ***-* ,2019-11-11 16:47:55
4840000,484000001320220001,2022-05-16,,영업/정상,,,,,,,57793,광양점 홈플러스,I,L00,2026-05-11 22:32:33,"전라남도 광양시 항만**로 **, 홈플러스 광양점 (중동)",정상,0000,01,0617608000,263409.919971471    ,159060.647898764    ,서울특별시 강서구 등촌동 ****-* 홈플러스 광양점 ,2024-02-22 14:48:35
4850000,485000001320210001,2021-02-03,,영업/정상,,,,,,,57347,한마음동물약품병원,I,000,2026-05-09 22:36:12,"전라남도 담양군 담양읍 삼거리길 **, *층 ***호",정상,0000,01,,198592.102069893    ,201073.071832605    ,전라남도 담양군 담양읍 백동리 **-* ***호,2022-02-11 10:51:37
4850000,485000001320200001,2020-10-12,,폐업,2020-12-22,,,,63,,57345,담양동물병원,I,000,2026-05-09 22:36:12,전라남도 담양군 담양읍 지침*길 **-**,폐업,0002,03,,198992.082272338    ,201990.301537492    ,전라남도 담양군 담양읍 남산리 *** ,2020-12-22 16:50:54
4860000,486000001320140001,2014-09-22,,영업/정상,,,,,,,57541,동부가축약품,I,000,2026-05-11 22:33:13,전라남도 곡성군 곡성읍 곡성로 ***,정상,0000,01,0613636288,226614.338993571    ,197709.483058955    ,전라남도 곡성군 곡성읍 읍내리 ***-* ,2014-09-22 11:23:21
4860000,486000001320240002,2024-05-10,,영업/정상,,,,,165.28,,57542,티앤엠,I,000,2026-05-11 22:33:13,"전라남도 곡성군 곡성읍 군청로 **, *층 ***호",정상,0000,01,0613631661,226634.231740606    ,197808.112527537    ,전라남도 곡성군 곡성읍 읍내리 ***-* ,2024-05-10 13:24:15
4860000,486000001320240001,2024-05-10,,영업/정상,,,,,165.28,,57542,파크테크,I,000,2026-05-11 22:33:13,"전라남도 곡성군 곡성읍 군청로 **, *층 ***호",정상,0000,01,0613631661,226634.231740606    ,197808.112527537    ,전라남도 곡성군 곡성읍 읍내리 ***-* ,2024-05-10 13:21:15
4880000,488000001320220001,2022-05-18,,폐업,2023-12-18,,,,,,59535,(주)이마트에브리데이 고흥점,I,L00,2026-05-14 22:32:20,"전라남도 고흥군 고흥읍 고흥로 ****, 이마트에브리데이",폐업,0002,03,,226646.574371401    ,124226.472388748    ,전라남도 고흥군 고흥읍 남계리 *** 이마트에브리데이 ,2023-12-18 14:25:09
4880000,488000001320150001,2015-04-03,,영업/정상,,,,,,,59540,드림동물약품,I,000,2026-05-14 22:32:20,전라남도 고흥군 고흥읍 두원로 *,정상,0000,01,,225494.020968128    ,123316.554478992    ,,2015-04-03 13:35:21
4890000,489000001320200001,2020-07-24,,영업/정상,,,,,33,,59435,엔바이오,I,000,2026-04-29 22:33:14,전라남도 보성군 조성면 조성안심길 **,정상,0000,01,0613347234,220896.106121735    ,145330.054232719    ,전라남도 보성군 조성면 우천리 *** ,2020-07-24 10:00:45
4900000,490000001320200001,2020-02-05,,영업/정상,,,,,,,58113,진산산업,I,000,2026-05-14 22:32:20,전라남도 화순군 화순읍 도내기길 *,정상,0000,01,,198810.855828477    ,174253.148447716    ,전라남도 화순군 화순읍 훈리 **-* ,2020-02-05 15:01:01
4900000,490000001320260001,2026-01-26,,영업/정상,,,,,,,58141,(주)박셀바이오,I,L00,2026-05-14 22:32:21,전라남도 화순군 화순읍 산단길 **-*,정상,0000,01,,197052.421029982    ,170391.127617629    ,전라남도 화순군 화순읍 감도리 *** ,2026-01-26 14:10:13
4900000,490000001320250001,2025-05-20,,영업/정상,,,,,,,58141,제이셀(J.CELL),I,000,2026-05-14 22:32:21,전라남도 화순군 능주면 백암*길 **,정상,0000,01,,196368.401128539    ,169533.348345983    ,전라남도 화순군 능주면 백암리 *** ,2025-05-20 11:11:29
4900000,490000001320180001,2018-05-21,,영업/정상,,,,,,,58126,아이비케이주식회사,I,000,2026-05-14 22:32:20,전라남도 화순군 화순읍 일심*길 *-*,정상,0000,01,,199269.072514557    ,173092.592852702    ,전라남도 화순군 화순읍 일심리 *** ,2018-05-21 10:08:57
4900000,490000001320180002,2018-11-19,,영업/정상,,,,,,,58159,주식회사 마크젠,I,L00,2026-05-14 22:32:20,전라남도 화순군 춘양면 변천길 ***,정상,0000,01,,193780.505413579    ,157842.260423844    ,전라남도 화순군 춘양면 월평리 ***-* ,2018-11-19 15:09:12
4900000,490000001320240001,2024-01-22,,영업/정상,,,,,,,58136,주식회사 바이오로드,I,000,2026-05-14 22:32:21,"전라남도 화순군 화순읍 덕촌길 **-*, 오픈오피스 데스크* ***호",정상,0000,01,,198709.126983146    ,172776.131272784    ,전라남도 화순군 화순읍 광덕리 ***-* ,2024-01-22 14:52:02
4900000,490000001320210001,2021-01-20,,영업/정상,,,,,337.95,,58126,진(GENE)21,I,000,2026-05-14 22:32:20,전라남도 화순군 화순읍 일심*길 *-**,정상,0000,01,,199269.797509101    ,173184.480661138    ,전라남도 화순군 화순읍 일심리 *** ***호 ,2021-01-20 09:56:14
4900000,490000001320220001,2022-07-27,,영업/정상,,,,,,,58118,주식회사 도원씨앤씨,I,L00,2026-05-14 22:32:20,전라남도 화순군 화순읍 만연중앙길 **,정상,0000,01,,198853.904762819    ,173772.053301324    ,전라남도 화순군 화순읍 만연리 *** ,2022-07-27 14:12:20
4900000,490000001320230001,2023-04-03,,영업/정상,,,,,,,58120,(주)엑시토인터내셔널,I,000,2026-05-14 22:32:21,"전라남도 화순군 화순읍 자치샘로 **, ***호",정상,0000,01,,198469.633680739    ,173717.710679944    ,전라남도 화순군 화순읍 교리 ***-** ***호,2023-04-03 11:10:18
4900000,490000001320230002,2023-04-03,,영업/정상,,,,,,,58120,메디레스큐,I,000,2026-05-14 22:32:21,"전라남도 화순군 화순읍 자치샘로 **, ***호",정상,0000,01,,198469.633680739    ,173717.710679944    ,전라남도 화순군 화순읍 교리 ***-** ***호,2023-04-03 11:15:40
4910000,491000001320220001,2022-02-04,,영업/정상,,,,,,,59333,선경가축약품,I,000,2026-05-06 22:32:31,"전라남도 장흥군 장흥읍 읍성로 **, 선경가축약품",정상,0000,01,0618645556,190302.805153856    ,130221.866341672    ,전라남도 장흥군 장흥읍 남외리 ***-* ,2022-02-04 09:24:56
4930000,493000001320150001,2015-04-02,,영업/정상,,,,,,,59042,하나로동물약품,I,000,2026-05-07 22:32:33,전라남도 해남군 해남읍 남부순환로 ***,정상,0000,01,0615366652,163085.165435154    ,118613.160179186    ,전라남도 해남군 해남읍 고도리 ***-* ,2015-04-02 16:47:59
4930000,493000001320230001,2023-09-21,,영업/정상,,,,,,,59042,제이바이오,I,000,2026-05-07 22:32:33,"전라남도 해남군 해남읍 남부순환로 ***, 황소타이루 *층",정상,0000,01,0615356653,163085.165435154    ,118613.160179186    ,전라남도 해남군 해남읍 고도리 ***-* 황소타이루 ,2023-09-21 15:51:16
4940000,494000001320220001,2022-07-14,,폐업,2022-07-20,,,,,,58449,GS25 목포3함대점,I,000,2026-05-08 22:32:32,전라남도 영암군 삼호읍 용당로 ***,폐업,0002,03,0614630920,144435.413643081    ,140735.243451329    ,전라남도 영암군 삼호읍 용당리 ***-* ,2022-07-20 13:44:26
4940000,494000001319940001,1994-01-26,,영업/정상,,,,,0,,,시종동물병원,I,000,2026-05-08 22:32:32,전라남도 영암군 시종면 내동중앙로 **,정상,0000,01,,164094.488209781    ,152151.838057645    ,전라남도 영암군 시종면 만수리 ***-** ,2002-12-30 17:05:39
4940000,494000001319800001,1980-07-30,,영업/정상,,,,,0,,,밀알동물병원,I,000,2026-05-08 22:32:32,,정상,0000,01,,172653.287889797    ,144233.338528828    ,전라남도 영암군 영암읍 남풍리 *** ,2002-12-30 16:49:06
4950000,495000001320220002,2022-08-23,,폐업,2023-11-24,,,,676.15,,58581,(주)이마트에브리데이 무안오룡점,I,000,2026-05-07 22:32:32,"전라남도 무안군 일로읍 오남로*길 *-*, ***,***호",폐업,0002,03,,152708.510181542    ,145282.092944752    ,전라남도 무안군 일로읍 오룡리 ** ,2023-11-24 13:48:16
4950000,495000001320230001,2023-04-03,,영업/정상,,,,,,,58567,만능의료기,I,L00,2026-05-07 22:32:32,"전라남도 무안군 삼향읍 남악*로 **, 제일프라자 ***호",정상,0000,01,0612732326,150578.818232649    ,146136.298964843    ,전라남도 무안군 삼향읍 남악리 **** 제일프라자 ***호,2023-04-17 17:37:37
4950000,495000001320220001,2022-05-10,,영업/정상,,,,,141.16,,58565,해선,I,000,2026-05-07 22:32:32,"전라남도 무안군 삼향읍 삼향로 **, ***호",정상,0000,01,0612425164,149855.461668936    ,147095.338008817    ,전라남도 무안군 삼향읍 임성리 *** ***호,2024-04-25 16:52:28
4960000,496000001320050001,2005-03-17,,영업/정상,,,,,61.69,,,청정동물약품,I,000,2026-05-03 22:32:35,,정상,0000,01,,,,전라남도 함평군 함평읍 내교리 ***-**   ,2005-03-17 14:53:17
4960000,496000001320020001,2002-09-05,,폐업,2005-03-16,,,,0,,,청정가축약품,I,000,2026-05-03 22:32:35,,폐업,0002,03,,156506.051297911    ,173845.015387664    ,전라남도 함평군 함평읍 기각리 ***-* ,2005-03-16 10:37:55
4970000,497000001320250001,2025-05-22,,영업/정상,,,,,39,,57044,유한회사 영광엠디,I,000,2026-05-07 22:32:35,"전라남도 영광군 영광읍 천년로**길 **, *층",정상,0000,01,,155072.3665652      ,197534.889067098    ,전라남도 영광군 영광읍 남천리 ***-* ,2025-05-22 13:02:43
4970000,497000001320250002,2025-05-22,,영업/정상,,,,,39,,57044,유한회사 가나,I,000,2026-05-07 22:32:35,"전라남도 영광군 영광읍 천년로**길 **, *층",정상,0000,01,0613538737,155072.3665652      ,197534.889067098    ,전라남도 영광군 영광읍 남천리 ***-* ,2025-05-22 13:03:52
4980000,498000001320180001,2018-07-24,,영업/정상,,,,,,,57244,엔케이텍,I,000,2026-05-08 22:32:31,전라남도 장성군 진원면 노사로 ***,정상,0000,01,,184561.68846757     ,197146.852004353    ,전라남도 장성군 진원면 선적리 ***-* ,2020-05-19 14:48:32
4980000,498000001320210001,2021-12-07,,영업/정상,,,,,,,57219,전남과학,I,000,2026-05-08 22:32:31,"전라남도 장성군 장성읍 영천로 ***-*, *층",정상,0000,01,07087115945,180201.541311963    ,200186.22473769     ,전라남도 장성군 장성읍 영천리 ****-* ,2021-12-07 14:03:04
5000000,500000001320150001,2015-01-12,,폐업,2017-09-26,,,,42.98,,58902,영아트 마이크로칩,I,000,2026-05-03 22:32:31,전라남도 진도군 군내면 금골길 **,폐업,0002,03,,135000.164076165    ,115550.654735025    ,전라남도 진도군 군내면 둔전리 *** ,2017-09-26 17:36:20
5020000,502000001320260002,2026-05-13,,영업/정상,,,,,,,37578,스쿨문구 주식회사,I,L00,2026-05-14 22:02:20,"경상북도 포항시 북구 침촌로 *-**, 알파빌딩 지하*층 (장성동)",정상,0000,01,,414281.463692345    ,289262.346017044    ,경상북도 포항시 북구 장성동 ****-* ,2026-05-13 18:19:44
5020000,502000001320260001,2026-02-24,,영업/정상,,,,,,,37711,포림,I,000,2026-05-10 22:59:07,"경상북도 포항시 북구 삼호로***번길 *, 청운빌라 사무실동 *층 ***호 (두호동)",정상,0000,01,,414077.213863802    ,286761.349732512    ,경상북도 포항시 북구 두호동 ****-* 청운빌라 사무실동동 ***호,2026-02-24 16:46:09
5020000,502000001320250005,2025-09-25,,영업/정상,,,,,,,37748,엠제이(MJ)사이언스,I,000,2026-05-10 22:59:07,"경상북도 포항시 북구 중흥로 ***, ***호 (죽도동)",정상,0000,01,,412720.393837185    ,283267.350574204    ,경상북도 포항시 북구 죽도동 ***-* ,2025-09-25 15:08:45
5020000,502000001320250004,2025-09-01,,영업/정상,,,,,,,37788,은월테크,I,000,2026-05-10 22:59:07,"경상북도 포항시 남구 중앙로 ***, 학산타워빌딩 **층 ****호 (해도동)",정상,0000,01,,413388.788969914    ,283306.93120258     ,경상북도 포항시 남구 해도동 **-** 학산타워빌딩 ,2025-09-01 15:49:26
5020000,502000001320250003,2025-05-22,,영업/정상,,,,,,,37592,기장유통,I,000,2026-05-10 22:59:07,경상북도 포항시 북구 양덕로**번길 ** (양덕동),정상,0000,01,,416454.497057674    ,289553.648278223    ,경상북도 포항시 북구 양덕동 **** ,2025-05-22 17:12:06
5020000,502000001320250002,2025-05-16,,영업/정상,,,,,,,37751,서원,I,000,2026-05-10 22:59:07,"경상북도 포항시 북구 대해로 **, *층 (죽도동)",정상,0000,01,,412412.025845677    ,283068.057284001    ,경상북도 포항시 북구 죽도동 ***-* ,2025-05-16 17:20:04
5020000,502000001320240001,2024-06-17,,영업/정상,,,,,223.33,,37736,강남 바이오텍 종합상사,I,000,2026-05-10 22:59:07,"경상북도 포항시 북구 중앙로***번길 **-*, *층 (여천동)",정상,0000,01,0542314886,413294.940849831    ,284680.723648035    ,경상북도 포항시 북구 여천동 ***-* ,2024-06-17 08:55:45
5020000,502000001320230001,2023-12-07,,영업/정상,,,,,,,37810,정도산업,I,000,2026-05-10 22:59:07,경상북도 포항시 남구 희망대로 ***-* (해도동),정상,0000,01,,413905.48986824     ,282358.575518713    ,경상북도 포항시 남구 해도동 **-** ,2023-12-07 10:56:44
5020000,502000001320220007,2022-08-01,,영업/정상,,,,,,,37926,에스에이치테크,I,000,2026-05-10 22:59:07,경상북도 포항시 남구 동해면 일월로**번길 **-*,정상,0000,01,,419704.228648152    ,279080.100115594    ,경상북도 포항시 남구 동해면 도구리 *** ,2022-08-01 13:25:33
5020000,502000001320220006,2022-08-01,,영업/정상,,,,,,,37926,제이피디,I,000,2026-05-10 22:59:06,경상북도 포항시 남구 동해면 일월로**번길 **-*,정상,0000,01,,419704.228648152    ,279080.100115594    ,경상북도 포항시 남구 동해면 도구리 *** ,2022-08-01 11:03:23
5020000,502000001320220005,2022-06-27,,영업/정상,,,,,,,37655,디케이인스트루먼트,I,000,2026-05-10 22:59:06,"경상북도 포항시 남구 연일읍 유강길 **-**, *층",정상,0000,01,0542770851,409147.051961612    ,280810.996536489    ,경상북도 포항시 남구 연일읍 유강리 ***-* ,2022-06-27 13:26:12
5020000,502000001320220002,2022-05-17,,폐업,2026-05-14,,,,,,37761,홈플러스(주) 포항점,U,L00,2026-05-15 03:03:03,"경상북도 포항시 남구 중흥로 **, 홈플러스 포항점 (상도동)",폐업,0002,03,0545598014,411699.716488058    ,281700.620899084    ,경상북도 포항시 남구 상도동 *** 밸류플러스 ,2026-05-14 19:01:57
5020000,502000001320220001,2022-05-13,,폐업,2026-05-14,,,,,,37773,홈플러스 죽도점,U,L00,2026-05-15 03:03:03,"경상북도 포항시 북구 중흥로 ***, 홈플러스 죽도점 (죽도동)",폐업,0002,03,0542888125,413111.190838679    ,283750.326688713    ,경상북도 포항시 북구 죽도동 **-* ,2026-05-14 19:02:59
5020000,502000001320210003,2021-05-18,,영업/정상,,,,,,,37736,영남교구종합상가,I,000,2026-05-10 22:59:06,경상북도 포항시 북구 중앙로***번길 **-* (여천동),정상,0000,01,0542314886,413294.940849831    ,284680.723648035    ,경상북도 포항시 북구 여천동 ***-* ,2021-05-18 16:39:40
5020000,502000001320210002,2021-04-02,,영업/정상,,,,,,,37769,(주)포파코 포항상도지점,I,L00,2026-05-10 22:59:06,경상북도 포항시 남구 중흥로 *** (상도동),정상,0000,01,0542849015,411938.412438993    ,281856.52796519     ,경상북도 포항시 남구 상도동 ***-* ,2021-04-06 14:48:29
5020000,502000001320210001,2021-01-22,,영업/정상,,,,,,,37656,진바이오텍,I,000,2026-05-10 22:59:06,"경상북도 포항시 남구 연일읍 유강길*번길 **, 대림*차상가 ***호",정상,0000,01,,408592.966553537    ,281011.133614235    ,경상북도 포항시 남구 연일읍 유강리 ***-* 대림*차상가 ***호,2021-02-10 09:39:00
5020000,502000001320200004,2020-11-11,,영업/정상,,,,,,,37903,에덴테크,I,000,2026-05-10 22:59:06,경상북도 포항시 남구 오천읍 정몽주로***번길 **-*,정상,0000,01,,417687.998474914    ,277953.790020254    ,경상북도 포항시 남구 오천읍 구정리 **-* ,2020-11-11 13:09:48
5020000,502000001320200003,2020-08-10,,영업/정상,,,,,121.4,,37531,디엠메디칼 주식회사,I,000,2026-05-10 22:59:06,"경상북도 포항시 북구 흥해읍 동해대로****번길 **-*, D동",정상,0000,01,,411338.807262787    ,296820.137383655    ,경상북도 포항시 북구 흥해읍 용천리 ****-** D동 ,2020-08-10 16:42:26
5020000,502000001320200002,2020-03-17,,영업/정상,,,,,,,37527,포항축산농협,I,L00,2026-05-10 22:59:06,경상북도 포항시 북구 기계면 새마을로 ****,정상,0000,01,,400150.215977168    ,287307.171010009    ,경상북도 포항시 북구 기계면 내단리 *** ,2020-03-17 17:58:01
5020000,502000001320200001,2020-03-03,,영업/정상,,,,,,,37835,엠제이랩(MJLAB),I,000,2026-05-10 22:59:06,"경상북도 포항시 남구 효성로**번길 *, ***호 (효자동)",정상,0000,01,,410994.775739989    ,280829.002372785    ,경상북도 포항시 남구 효자동 *** ,2020-03-03 15:37:16
5020000,502000001320190001,2019-05-17,,영업/정상,,,,,,,37655,디케이인스트루먼트,I,000,2026-05-10 22:59:06,"경상북도 포항시 남구 연일읍 유강길 **-**, *층",정상,0000,01,0542770851,409147.051961612    ,280810.996536489    ,경상북도 포항시 남구 연일읍 유강리 ***-* ,2019-05-17 09:12:40
5020000,502000001319840001,1984-09-26,,영업/정상,,,,,77,,37707,영일약품,I,000,2026-05-10 22:59:06,경상북도 포항시 북구 용당로 *-* (용흥동),정상,0000,01,0542749871,412271.970576764    ,283544.057043485    ,경상북도 포항시 북구 용흥동 ***-* ,2021-04-01 18:43:57
5020000,502000001320220003,2022-05-20,,폐업,2023-11-29,,,,,,37656,(주)이마트에브리데이포항연일점,I,L00,2026-05-10 22:59:06,경상북도 포항시 남구 연일읍 유강길 **,폐업,0002,03,0542834664,408994.316830541    ,280795.937885499    ,경상북도 포항시 남구 연일읍 유강리 ***-** ,2023-11-29 18:09:26
5020000,502000001320220004,2022-06-23,,폐업,2023-11-16,,,,,,37572,(주)이마트에브리데이 포항양덕점,I,L00,2026-05-10 22:59:06,경상북도 포항시 북구 장량중앙로 **(양덕동),폐업,0002,03,,414941.851857801    ,290414.28565306     ,경상북도 포항시 북구 양덕동 ***-* ,2023-11-16 11:34:16
5020000,502000001320250001,2025-03-13,,영업/정상,,,,,,,37526,에스와이상사,I,000,2026-05-10 22:59:07,경상북도 포항시 북구 기계면 기계로 ***-*,정상,0000,01,,394897.32409564     ,289744.820053893    ,경상북도 포항시 북구 기계면 지가리 ****-* ,2025-06-04 13:39:45
5050000,505000001320210001,2021-11-29,,영업/정상,,,,,,,38214,코드센스,I,000,2026-03-26 22:39:22,"경상북도 경주시 외동읍 본동길 **, ***동 ****호 (경주외동엘에이치아파트)",정상,0000,01,,410812.566930135    ,248534.728796713    ,경상북도 경주시 외동읍 입실리 **** 경주외동엘에이치아파트 ***동 ****호,2021-11-29 10:25:12
5050000,505000001320220001,2022-05-11,,영업/정상,,,,,,,38071,홈플러스(주) 경주점,I,L00,2026-03-26 22:39:22,"경상북도 경주시 공단로 **, 홈플러스 (용강동)",정상,0000,01,,400842.311928564    ,265950.991877537    ,경상북도 경주시 용강동 ***-** 홈플러스 ,2024-02-20 17:08:57
5050000,505000001320220002,2022-10-21,,폐업,2023-11-08,,,,,,38138,루즈비오[LUZBIO],I,000,2026-03-26 22:39:22,"경상북도 경주시 원화로 ***, ***호 **호 (성동동)",폐업,0002,03,,400230.047745245    ,263529.902357891    ,경상북도 경주시 성동동 ***-* ,2023-11-08 09:40:14
5050000,505000001320260001,2026-01-15,,영업/정상,,,,,,,,청진유통,I,000,2026-03-26 22:39:22,,정상,0000,01,0546229811,401192.38063929     ,267106.056246986    ,경상북도 경주시 용강동 **** ,2026-01-15 10:01:34
5050000,505000001320260002,2026-01-20,,영업/정상,,,,,,,,효경상사,I,000,2026-03-26 22:39:22,,정상,0000,01,,401192.38063929     ,267106.056246986    ,경상북도 경주시 용강동 **** ,2026-01-20 10:09:29
5050000,505000001320150001,2015-01-23,,영업/정상,,,,,30,,38083,폼스키,I,000,2026-03-26 22:39:22,경상북도 경주시 용담로**번길 ** (황성동),정상,0000,01,,399762.437533424    ,265136.632914152    ,경상북도 경주시 황성동 ,2015-01-29 13:10:26
5060000,506000001320160004,2016-07-21,,영업/정상,,,,,39,,39647,리젠바이오,I,000,2026-05-10 22:11:55,경상북도 김천시 지좌길 ** (지좌동),정상,0000,01,,302970.55956063     ,291680.445285907    ,경상북도 김천시 지좌동 ***-** ,2019-03-14 09:34:12
5060000,506000001320160003,2016-05-10,,영업/정상,,,,,50,,39652,자연SCIENCE,I,000,2026-05-10 22:11:55,"경상북도 김천시 황산*길 *-* (지좌동, *호)",정상,0000,01,07050555741,301998.616353999    ,291293.130628941    ,,2016-05-10 08:34:09
5060000,506000001320160002,2016-04-22,,영업/정상,,,,,28.25,,39660,신바이오,I,000,2026-05-10 22:11:55,"경상북도 김천시 혁신*로 **, 한신휴시티오피스텔 ***호 (율곡동)",정상,0000,01,,306114.961706327    ,291260.432237211    ,경상북도 김천시 율곡동 *** 한신휴시티오피스텔 ,2025-06-27 15:58:47
5060000,506000001320160001,2016-03-15,,영업/정상,,,,,56.55,,39660,사이언스 팩토리,I,000,2026-05-10 22:11:55,"경상북도 김천시 혁신*로 **, 한신휴시티오피스텔 ***호 (율곡동)",정상,0000,01,0544357709,306114.961706327    ,291260.432237211    ,경상북도 김천시 율곡동 *** 한신휴시티오피스텔 ,2025-03-12 15:22:57
5060000,506000001320240002,2024-03-15,,영업/정상,,,,,3,,39660,랩퍼스트,I,000,2026-05-10 22:11:58,"경상북도 김천시 혁신로 ***, 메타폴리스 ***호 (율곡동)",정상,0000,01,,306522.349965278    ,291426.847732283    ,경상북도 김천시 율곡동 *** 메타폴리스 ,2024-03-15 13:26:38
5060000,506000001320240001,2024-03-12,,영업/정상,,,,,74.4,,39660,지오리서치,I,L00,2026-05-10 22:11:57,"경상북도 김천시 혁신*로 *, 율곡테크노밸리 ***호 (율곡동)",정상,0000,01,0537104790,306302.788146256    ,292574.257337524    ,경상북도 김천시 율곡동 **** 율곡테크노밸리 ,2024-03-12 13:53:41
5060000,506000001320220003,2022-09-01,,영업/정상,,,,,75.9,,39675,랩투스,I,000,2026-05-10 22:11:57,"경상북도 김천시 아포읍 한지*길 **-**, *층 오른쪽(상점)호",정상,0000,01,,313490.636578974    ,296120.681207713    ,경상북도 김천시 아포읍 국사리 **** ,2022-09-01 09:06:12
5060000,506000001320220002,2022-05-09,,영업/정상,,,,,3,,39660,이노랩텍,I,F00,2026-05-10 22:11:56,"경상북도 김천시 혁신로 ***, 메타폴리스 *층 ***-**호 (율곡동)",정상,0000,01,0548107775,306522.349965278    ,291426.847732283    ,경상북도 김천시 율곡동 *** 메타폴리스 ,2024-05-28 14:56:03
5060000,506000001320160005,2016-08-02,,영업/정상,,,,,15.9,,39611,코리아젠,I,000,2026-05-10 22:11:55,경상북도 김천시 김천로 *** (평화동),정상,0000,01,07075659095,300443.305351024    ,291801.734909412    ,,2017-02-09 13:50:05
5060000,506000001320170001,2017-11-14,,영업/정상,,,,,198,,39516,대일바이오사이언스,I,000,2026-05-10 22:11:56,경상북도 김천시 개령면 신룡길 ***,정상,0000,01,,303755.667828996    ,296322.169363619    ,경상북도 김천시 개령면 신룡리 *** ,2017-11-14 09:52:02
5060000,506000001320190001,2019-10-23,,영업/정상,,,,,40.48,,39660,에이치바이오랩,I,000,2026-05-10 22:11:56,"경상북도 김천시 혁신*로 **, 더스퀘어 *층 ***호 (율곡동)",정상,0000,01,,306479.064526885    ,291131.588890058    ,경상북도 김천시 율곡동 **** 더스퀘어*층 ***호 ,2022-01-12 16:34:50
5060000,506000001320210001,2021-01-25,,영업/정상,,,,,,,39547,폴리파크 김천시청점,I,000,2026-05-10 22:11:56,"경상북도 김천시 시청로 **-*, 연수빌딩 *층 (신음동)",정상,0000,01,,300467.911718993    ,293390.167729134    ,경상북도 김천시 신음동 ***-* ,2021-01-25 08:33:53
5060000,506000001320240003,2024-04-08,,영업/정상,,,,,,,39516,주식회사 대일바이오사이언스,I,L00,2026-05-10 22:11:58,경상북도 김천시 개령면 신룡길 ***,정상,0000,01,0544376421,303755.667828996    ,296322.169363619    ,경상북도 김천시 개령면 신룡리 *** ,2024-04-08 10:20:59
5060000,506000001320220001,2022-03-14,,영업/정상,,,,,,,39660,퍼블릭바이오,I,000,2026-05-10 22:11:56,"경상북도 김천시 혁신*로 *, 율곡테크노밸리 *층 ***호 (율곡동)",정상,0000,01,07087781774,306302.788146256    ,292574.257337524    ,경상북도 김천시 율곡동 **** 율곡테크노밸리 ,2023-12-22 17:32:33
5060000,506000001320210002,2021-12-02,,영업/정상,,,,,,,39660,폴리파크 김천혁신점,I,000,2026-05-10 22:11:56,"경상북도 김천시 혁신*로 **, ***~***호 (율곡동)",정상,0000,01,0548108890,306095.85168671     ,291130.415449805    ,경상북도 김천시 율곡동 *** ,2021-12-02 13:34:47
5070000,507000001320240001,2024-03-22,,영업/정상,,,,,,,36715,유앤바이오,I,000,2026-03-26 22:39:35,"경상북도 안동시 전거리길 **, *층 (용상동)",정상,0000,01,,356165.702704656    ,341437.745250844    ,경상북도 안동시 용상동 ****-* ,2024-03-22 15:13:33
5070000,507000001320240002,2024-11-01,,영업/정상,,,,,,,36695,장춘당약국,I,000,2026-03-26 22:39:35,"경상북도 안동시 남문로 **, *층 (서부동)",정상,0000,01,,354774.13531574     ,341873.613069591    ,경상북도 안동시 서부동 *** ,2024-11-01 15:06:35
5070000,507000001320250001,2025-05-27,,영업/정상,,,,,,,36702,이현,I,000,2026-03-26 22:39:35,"경상북도 안동시 서동문로 ***, *층 ***호 (동문동)",정상,0000,01,,355273.945252395    ,341892.4814018      ,경상북도 안동시 동문동 ***-** ,2025-05-27 16:25:50
5070000,507000001320250002,2025-09-30,,영업/정상,,,,,,,36644,에이치제이컴퍼니,I,000,2026-03-26 22:39:35,"경상북도 안동시 경동로 ***-*, *층 (태화동)",정상,0000,01,,352785.533773336    ,342117.318637239    ,경상북도 안동시 태화동 ***-* ,2025-09-30 13:36:20
5070000,507000001320250003,2025-09-30,,영업/정상,,,,,,,36696,천리사,I,000,2026-03-26 22:39:35,경상북도 안동시 중앙로 *-* (목성동),정상,0000,01,,354531.308639021    ,341999.155813101    ,경상북도 안동시 목성동 **-* ,2025-09-30 13:44:19
5070000,507000001320180001,2019-03-08,,영업/정상,,,,,109.71,,36715,수미테크,I,000,2026-03-26 22:39:34,경상북도 안동시 전거리길 ** (용상동),정상,0000,01,,356165.702704656    ,341437.745250844    ,경상북도 안동시 용상동 ****-* ,2019-03-11 14:02:10
5070000,507000001320180002,2018-11-13,,영업/정상,,,,,109.71,,36715,주식회사 동양약품,I,000,2026-03-26 22:39:34,경상북도 안동시 전거리길 ** (용상동),정상,0000,01,0548236277,356165.702704656    ,341437.745250844    ,경상북도 안동시 용상동 ****-* ,2018-11-14 09:14:07
5070000,507000001320190001,2019-04-02,,영업/정상,,,,,704,,36706,야옹아 멍멍해봐,I,000,2026-03-26 22:39:34,경상북도 안동시 경동로 *** (운흥동),정상,0000,01,0548560049,354952.107319681    ,341596.058255812    ,경상북도 안동시 운흥동 ***-* ,2019-04-02 09:13:27
5070000,507000001320220001,2022-05-16,,영업/정상,,,,,,,36706,홈플러스 안동점,I,L00,2026-03-26 22:39:34,"경상북도 안동시 경동로 ***, 홈플러스 (운흥동)",정상,0000,01,0548408300,354764.104994681    ,341554.03301387     ,서울특별시 강서구 등촌동 ***-** 홈플러스 ,2024-03-08 16:42:33
5080000,508000001320160001,2016-02-22,,영업/정상,,,,,,,39152,라파동물약품,I,000,2025-12-15 16:15:28,경상북도 구미시 고아읍 송평로 **,정상,0000,01,0544543666,321803.712089893    ,296706.460779353    ,경상북도 구미시 고아읍 문성리 ***-* ,2016-02-22 13:12:08
5080000,508000001320180001,2018-06-15,,영업/정상,,,,,,,39397,폴리파크 진평점,I,000,2025-12-15 16:15:28,경상북도 구미시 인동남길 ** (진평동),정상,0000,01,0544755425,328099.809432963    ,289908.240062019    ,경상북도 구미시 진평동 ****-** ,2018-06-15 17:10:42
5080000,508000001320180002,2018-07-05,,영업/정상,,,,,,,39333,폴리파크 사곡점,I,000,2025-12-15 16:15:28,"경상북도 구미시 상사서로 ***, *층 (사곡동)",정상,0000,01,,321973.404499107    ,288853.16710673     ,경상북도 구미시 사곡동 ***-* ,2018-07-05 17:34:19
5080000,508000001320180003,2018-07-05,,영업/정상,,,,,,,39209,폴리파크,I,L00,2025-12-15 16:15:28,"경상북도 구미시 봉곡남로 **, *층 (봉곡동)",정상,0000,01,0544571580,317816.091147838    ,295021.026170068    ,대구광역시 남구 대명동 ***-** ,2019-07-05 15:31:48
5080000,508000001320180004,2018-09-27,,영업/정상,,,,,,,39317,폴리파크 형곡점,I,000,2025-12-15 16:15:28,"경상북도 구미시 형곡로 ***, *층 (형곡동)",정상,0000,01,0544581927,320339.802900925    ,290413.545575803    ,경상북도 구미시 형곡동 ***-* ,2018-09-27 14:11:15
5080000,508000001320180006,2018-12-27,,영업/정상,,,,,,,39184,폴리파크 옥계점,I,000,2025-12-15 16:15:28,"경상북도 구미시 옥계북로 **, *층 (옥계동)",정상,0000,01,0547413221,328391.29599949     ,294004.493268225    ,경상북도 구미시 옥계동 ***-* ,2018-12-27 17:34:44
5080000,508000001320200001,2020-11-16,,영업/정상,,,,,,,39286,이노랩텍,I,000,2025-12-15 16:15:28,"경상북도 구미시 송정대로 **, 지하호 (송정동)",정상,0000,01,,320680.810054129    ,291528.591066927    ,경상북도 구미시 송정동 ***-* ,2020-11-16 12:56:24
5080000,508000001320210001,2021-07-28,,영업/정상,,,,,,,39371,(주)레이바이오,I,L00,2025-12-15 16:15:28,"경상북도 구미시 산호대로 ***, 구미첨단의료기술타워 *층 (공단동)",정상,0000,01,0547155540,324579.633264857    ,290432.762724351    ,경상북도 구미시 공단동 ***-** ,2023-03-02 16:53:20
5080000,508000001320220001,2022-03-25,,영업/정상,,,,,55493,,39208,다온,I,000,2025-12-15 16:15:28,"경상북도 구미시 봉곡로**길 **, ***호 (봉곡동)",정상,0000,01,,317677.551818766    ,295256.675609653    ,경상북도 구미시 봉곡동 ***-* ,2022-03-25 17:17:52
5080000,508000001320260001,2026-03-25,,영업/정상,,,,,661.85,,39297,케이비애니케어,I,000,2026-03-26 22:43:48,경상북도 구미시 형곡로 *** (형곡동),정상,0000,01,,319914.378198598    ,290954.642928295    ,경상북도 구미시 형곡동 ***-** ,2026-03-25 10:58:29
5080000,508000001320180005,2018-12-27,,폐업,2025-12-21,,,,,,39367,지앤유,I,000,2025-12-23 02:40:00,"경상북도 구미시 *공단로*길 **-*, 동아비즈니스센터 ***호 (공단동)",폐업,0002,03,,323976.111276765    ,290813.78461308     ,경상북도 구미시 공단동 *** ,2025-12-21 14:16:55
5080000,508000001320220003,2022-05-18,,폐업,2023-11-30,,,,,,39294,(주)이마트에브리데이 형곡동점,I,000,2025-12-15 16:15:28,"경상북도 구미시 경은로 **, 이마트에브리데이 (형곡동)",폐업,0002,03,0544527008,320332.482703667    ,291158.238362821    ,경상북도 구미시 형곡동 ***-** 이마트에브리데이 ,2023-11-30 17:42:27
5080000,508000001320220004,2022-05-24,,폐업,2023-11-23,,,,,,39205,(주)이마트에브리데이 구미봉곡점,I,L00,2025-12-15 16:15:28,"경상북도 구미시 봉곡로**길 **, *층 (봉곡동)",폐업,0002,03,0547162021,318000.537212692    ,295658.165761432    ,경상북도 구미시 봉곡동 ***-* ,2023-11-23 16:22:16
5080000,508000001320220005,2022-05-24,,폐업,2023-11-23,,,,,,39445,(주)이마트에브리데이 구미구평점,I,L00,2025-12-15 16:15:28,경상북도 구미시 인동가산로 ***(구평동),폐업,0002,03,0544762405,329911.77534568     ,288956.658092097    ,경상북도 구미시 구평동 ***-* ,2023-11-23 16:25:47
5080000,508000001320220006,2022-05-26,,폐업,2023-05-16,,,,,,39186,(주)이마트에브리데이 구미옥계점,I,L00,2025-12-15 16:15:28,경상북도 구미시 산호대로**길 **(옥계동),폐업,0002,03,,327415.295291527    ,293940.002636181    ,경상북도 구미시 옥계동 ***-* ,2023-05-19 18:20:48
5080000,508000001320220002,2022-05-18,,휴업,,2026-05-10,2026-07-03,,,,39347,홈플러스 구미광평점,U,L00,2026-05-16 03:03:03,"경상북도 구미시 구미대로 ***, 홈플러스 구미광평점 (광평동)",휴업,0001,02,0544598000,322735.286027559    ,290001.107358242    ,서울특별시 강서구 등촌동 ***-** 홈플러스 구미광평점 ,2026-05-15 14:56:28
5080000,508000001320230001,2023-06-15,,영업/정상,,,,,361.98,,39408,유준상사,I,000,2025-12-15 16:15:28,"경상북도 구미시 인동남길 ***, ***호 (진평동)",정상,0000,01,,328499.247916039    ,289443.856216275    ,경상북도 구미시 진평동 **-* ,2023-06-15 13:20:14
5080000,508000001320230002,2023-06-28,,영업/정상,,,,,391.76,,39412,케이피솔루션,I,000,2025-12-15 16:15:28,"경상북도 구미시 인동**길 **-**, ***호 (진평동)",정상,0000,01,,328762.735967969    ,288881.882712736    ,경상북도 구미시 진평동 ***-* ,2023-06-28 12:43:04
5080000,508000001320230003,2023-07-31,,영업/정상,,,,,,,39108,(주)대경,I,L00,2025-12-15 16:15:28,경상북도 구미시 선산읍 조남로 ***,정상,0000,01,,318597.904441833    ,304858.372848035    ,경상북도 구미시 선산읍 화조리 *** ,2023-07-31 11:06:44
5080000,508000001320230004,2023-10-20,,영업/정상,,,,,,,39317,주식회사 포파코 형곡지점,I,L00,2025-12-15 16:15:28,"경상북도 구미시 형곡로 ***, *층 (형곡동)",정상,0000,01,0544581927,320339.802900925    ,290413.545575803    ,경상북도 구미시 형곡동 ***-* ,2023-10-20 17:59:48
5080000,508000001320240001,2024-04-17,,영업/정상,,,,,,,39452,금오팜,I,000,2025-12-15 16:15:28,경상북도 구미시 장천면 장군로 *,정상,0000,01,0544769560,334562.52841933     ,292849.955870328    ,경상북도 구미시 장천면 상장리 ***-* ,2024-04-17 18:40:45
5080000,508000001320240002,2024-04-17,,영업/정상,,,,,,,39452,오상약품,I,000,2025-12-15 16:15:28,경상북도 구미시 장천면 하장*길 **-**,정상,0000,01,0544758228,335075.817129267    ,293721.220205345    ,경상북도 구미시 장천면 하장리 *** ,2024-04-17 19:35:05
5080000,508000001320250001,2025-04-23,,폐업,2026-04-24,,,,88,,39272,지엠상사,U,000,2026-04-25 03:03:03,"경상북도 구미시 화신로 ***-*, *층 (송정동)",폐업,0002,03,,321890.749847539    ,291611.309195634    ,경상북도 구미시 송정동 ***-* ,2026-04-24 17:31:33
5080000,508000001320250002,2025-05-22,,영업/정상,,,,,5080.12,,39271,비트,I,000,2025-12-15 16:15:28,"경상북도 구미시 구미중앙로**길 *-**, *층 **호 (송정동)",정상,0000,01,,321756.407245933    ,291848.485397961    ,경상북도 구미시 송정동 ***-* ,2025-05-22 17:50:27
5080000,508000001320250004,2025-06-09,,영업/정상,,,,,33,,39464,유니컴퍼니,I,000,2025-12-15 16:15:28,"경상북도 구미시 산동읍 신당*로 **, 아이앤씨 *층 ***호",정상,0000,01,,328584.958041614    ,295972.128482089    ,경상북도 구미시 산동읍 신당리 **** ,2025-06-09 17:47:17
5090000,509000001320220001,2022-09-05,,영업/정상,,,,,,,36050,하민바이오,I,000,2026-03-26 22:30:52,"경상북도 영주시 안정면 용주로 ****, 하민바이오",정상,0000,01,0546315829,,,경상북도 영주시 안정면 신전리 ***-** ,2025-09-02 16:20:11
5100000,510000001320230001,2023-05-31,,영업/정상,,,,,35.28,,38861,케이컴퍼니,I,000,2026-05-10 22:10:26,"경상북도 영천시 문화새길 **, A동 *층 **호 (야사동, 문화아파트상가)",정상,0000,01,,375547.393141137    ,276535.554088812    ,경상북도 영천시 야사동 ***-* 문화아파트상가 ,2023-05-31 14:57:01
5100000,510000001320190001,2019-08-30,,폐업,2026-01-19,,,,93.65,,38831,폴리파크영천점(강아지반상회),I,000,2026-05-10 22:10:26,경상북도 영천시 망정로 ** (망정동),폐업,0002,03,0543346669,376000.533145003    ,277562.046122469    ,경상북도 영천시 망정동 *** ,2026-01-19 17:32:41
5100000,510000001320200001,2020-05-01,,영업/정상,,,,,26,,38877,주식회사 누리숲,I,L00,2026-05-10 22:10:26,경상북도 영천시 금호읍 금호시장길 **-*,정상,0000,01,,369316.067150948    ,271897.427887582    ,경상북도 영천시 금호읍 교대리 ***-* ,2020-05-04 09:55:34
5100000,510000001320210001,2021-02-18,,영업/정상,,,,,31.05,,38861,신화렌탈,I,000,2026-05-10 22:10:26,"경상북도 영천시 문화새길 ** (야사동, 문화아파트상가)",정상,0000,01,,375547.393141137    ,276535.554088812    ,경상북도 영천시 야사동 ***-* 문화아파트상가 E동 *호,2025-12-04 09:53:05
5110000,511000001320110001,2011-09-22,,영업/정상,,,,,0,,,제일축산,I,000,2026-03-26 22:36:47,,정상,0000,01,,304260.88322475     ,323896.531176186    ,경상북도 상주시 남성동 ***-** ,2011-09-26 15:41:05
5120000,512000001320240001,2024-08-26,,영업/정상,,,,,2585.45,,36943,(주)하나엔텍,I,L00,2026-05-10 22:09:58,경상북도 문경시 영순면 영순공단길 *,정상,0000,01,0545536007,310482.39885692     ,340494.596969586    ,경상북도 문경시 영순면 율곡리 **** ,2024-08-26 16:46:39
5120000,512000001320220001,2022-05-17,,영업/정상,,,,,,,36981,홈플러스 문경점,I,000,2026-05-10 22:09:58,경상북도 문경시 모전로 **(모전동),정상,0000,01,0545598000,306449.794700085    ,343567.171140178    ,경상북도 문경시 모전동 ***-* ,2022-05-17 21:39:17
5120000,512000001320220002,2022-05-17,,영업/정상,,,,,,,36981,홈플러스 문경점,I,L00,2026-05-10 22:09:58,경상북도 문경시 모전로 **(모전동),정상,0000,01,0545598000,306449.794700085    ,343567.171140178    ,경상북도 문경시 모전동 ***-* ,2024-02-26 15:38:34
5120000,512000001320230001,2023-04-21,,영업/정상,,,,,,,36967,종합축산,I,000,2026-05-10 22:09:58,경상북도 문경시 중앙로 *** (흥덕동),정상,0000,01,0545522233,307527.091239299    ,344953.317176839    ,경상북도 문경시 흥덕동 ***-* ,2023-04-21 11:32:24
5130000,513000001320210001,2021-04-15,,영업/정상,,,,,,,38436,폴리파크 하양점,I,000,2026-03-26 22:37:11,경상북도 경산시 하양읍 대경로 ***,정상,0000,01,,363615.82436204     ,268976.257238033    ,경상북도 경산시 하양읍 금락리 ***-** ,2021-04-15 17:42:00
5130000,513000001320210002,2021-06-23,,영업/정상,,,,,,,38686,청솔애니텍,I,000,2026-03-26 22:37:11,경상북도 경산시 경산로**길 *-** (옥곡동),정상,0000,01,,356458.236681619    ,258649.821154074    ,경상북도 경산시 옥곡동 ***-* ,2021-06-23 16:56:05
5130000,513000001320220001,2022-01-28,,영업/정상,,,,,37.9,,38541,주식회사 지오리서치,I,L00,2026-03-26 22:37:11,"경상북도 경산시 대학로 ***, 영남대학교 (대동)",정상,0000,01,0537104790,358344.532314777    ,260626.839725737    ,경상북도 경산시 대동 ***-* 영남대학교 ,2022-01-28 09:23:20
5130000,513000001320220002,2022-05-17,,영업/정상,,,,,,,38612,홈플러스(주)경산점,I,L00,2026-03-26 22:37:11,"경상북도 경산시 경안로 ***, 홈플러스 경산점 (중방동)",정상,0000,01,,356759.626317364    ,260575.764529063    ,서울특별시 강서구 등촌동 *** 홈플러스 경산점 ,2024-02-23 11:42:25
5130000,513000001320230001,2023-03-30,,영업/정상,,,,,30,,38535,팜피크,I,000,2026-03-26 22:37:11,경상북도 경산시 압량읍 화랑로**길 **-*,정상,0000,01,,359086.204901523    ,261409.119957469    ,경상북도 경산시 압량읍 부적리 ***-** ,2023-03-30 09:09:14
5130000,513000001320230002,2023-11-10,,영업/정상,,,,,,,38615,루즈비오,I,000,2026-03-26 22:37:11,"경상북도 경산시 남매공원로*길 **, *동 ***호 (계양동)",정상,0000,01,,357469.892451633    ,260683.946022716    ,경상북도 경산시 계양동 *** ,2023-11-10 20:57:51
5130000,513000001320240001,2024-03-28,,영업/정상,,,,,49,,38578,주식회사 스카이젠,I,L00,2026-03-26 22:37:11,"경상북도 경산시 어봉지길 ***-**, 대구한의대 융합관 ***-*호 (여천동)",정상,0000,01,0537104790,361633.895326838    ,255561.666177474    ,경상북도 경산시 여천동 ***-* 대구한의대 융합관 ***-*호,2024-03-28 14:50:07
5130000,513000001320240002,2024-06-21,,영업/정상,,,,,,,38623,퓨어바이오랩,I,000,2026-03-26 22:37:12,"경상북도 경산시 경안로**길 **, *층 *호 (중방동)",정상,0000,01,,356651.560069357    ,259530.358133305    ,경상북도 경산시 중방동 ***-* ,2024-06-21 14:40:13
5130000,513000001320240003,2024-10-08,,영업/정상,,,,,,,38675,탑앤탑(TNT),I,000,2026-03-26 22:37:12,"경상북도 경산시 경산로**길 **, ***호 (옥산동)",정상,0000,01,,356025.346958612    ,259813.641534151    ,경상북도 경산시 옥산동 ***-* ***호,2024-10-08 14:01:53
5130000,513000001320250001,2025-01-24,,영업/정상,,,,,,,38411,성창바이오텍,I,000,2026-03-26 22:37:12,경상북도 경산시 와촌면 박사강변로 ***,정상,0000,01,0532526747,364611.717126422    ,275131.145840299    ,경상북도 경산시 와촌면 소월리 *** ,2025-01-24 17:26:55
5130000,513000001320250002,2025-08-13,,영업/정상,,,,,,,38675,대호이엠이,I,000,2026-03-26 22:37:12,"경상북도 경산시 경산로**길 **, *층 ***-**호 (옥산동)",정상,0000,01,0538126168,356025.346958612    ,259813.641534151    ,경상북도 경산시 옥산동 ***-* ,2025-08-13 15:49:04
5130000,513000001320200003,2020-10-22,,영업/정상,,,,,,,38500,주식회사 이솔사이언스,I,L00,2026-03-26 22:37:11,"경상북도 경산시 대평길*길 **-**, *층 (대평동)",정상,0000,01,,356381.154526255    ,261413.427548778    ,경상북도 경산시 대평동 ***-** ,2022-02-22 11:34:05
5130000,513000001320200002,2020-06-01,,영업/정상,,,,,,,38673,동은전기테크,I,000,2026-03-26 22:37:11,"경상북도 경산시 성암로**길 **-**, *층 (옥산동)",정상,0000,01,,355592.024081697    ,259779.118079407    ,경상북도 경산시 옥산동 ***-* ,2020-06-01 09:45:37
5130000,513000001320200001,2020-04-27,,영업/정상,,,,,,,38577,주식회사 그린이지,I,L00,2026-03-26 22:37:11,경상북도 경산시 삼성현마을*길 * (여천동),정상,0000,01,07087163337,362178.887217009    ,257685.227986237    ,경상북도 경산시 여천동 *-** ,2023-04-18 09:30:19
5130000,513000001320180002,2018-08-02,,취소/말소/만료/정지/중지,,,,,,,38671,폴리파크옥산점,I,000,2026-03-26 22:37:11,경상북도 경산시 성암로 ** (옥산동),말소,0004,04,0538137789,355442.367831938    ,259461.038504794    ,경상북도 경산시 옥산동 ***-* ,2018-08-02 13:38:02
5130000,513000001320180001,2018-06-12,,영업/정상,,,,,,,38671,폴리파크 옥산점,I,000,2026-03-26 22:37:11,"경상북도 경산시 성암로 **, 대백마트 (옥산동)",정상,0000,01,0538137789,355442.367831938    ,259461.038504794    ,경상북도 경산시 옥산동 ***-* ,2018-06-12 10:51:31
5130000,513000001320170001,2017-06-30,,영업/정상,,,,,16.5,,38500,이에스지테크 경산영업소,I,000,2026-03-26 22:37:11,경상북도 경산시 강변동로 *** (대평동),정상,0000,01,,356067.23863153     ,261587.074638792    ,경상북도 경산시 대평동 **-* ,2017-07-03 09:50:51
5130000,513000001320220005,2022-05-24,,폐업,2023-11-28,,,,,,38458,(주)이마트에브리데이 진량점,I,L00,2026-03-26 22:37:11,경상북도 경산시 진량읍 공단*로 *,폐업,0002,03,0538536114,364228.429015116    ,265228.444391662    ,경상북도 경산시 진량읍 신상리 ***-* ,2023-11-28 17:26:42
5130000,513000001320220004,2022-05-24,,폐업,2023-11-28,,,,,,38437,(주)이마트에브리데이 하양점,I,L00,2026-03-26 22:37:11,경상북도 경산시 하양읍 대학로***길 *,폐업,0002,03,0538578900,364473.951877198    ,269325.259827528    ,경상북도 경산시 하양읍 금락리 ***-* ,2023-11-28 17:25:51
5130000,513000001320180003,2018-09-10,,폐업,2020-07-14,,,,40,,38637,진바이오텍,I,000,2026-03-26 22:37:11,경상북도 경산시 원효로 ** (계양동),폐업,0002,03,,357726.791336511    ,259523.807494844    ,경상북도 경산시 계양동 *** ,2021-01-15 14:59:22
5130000,513000001320220003,2022-05-24,,폐업,2023-11-28,,,,,,38699,(주)이마트에브리데이 경산무학점,I,L00,2026-03-26 22:37:11,경상북도 경산시 하양읍 서사도리*로 *,폐업,0002,03,0537101244,363181.924592778    ,270283.834577387    ,경상북도 경산시 하양읍 양지리 *** ,2023-11-28 17:24:37
5141000,514100001320240002,2024-10-28,,영업/정상,,,,,,,43149,삼원테크,I,000,2026-05-07 22:32:39,대구광역시 군위군 의흥면 읍내길 **-*,정상,0000,01,,354483.935476712    ,298428.193838666    ,대구광역시 군위군 의흥면 읍내리 ***-* ,2024-11-05 13:35:44
5141000,514100001320240001,2024-07-29,,영업/정상,,,,,,,43144,퓨리티,I,000,2026-05-07 22:32:39,대구광역시 군위군 우보면 봉산*길 **,정상,0000,01,,346831.846476376    ,297932.005680442    ,대구광역시 군위군 우보면 봉산리 *** ,2024-07-29 10:10:33
5190000,519000001320250001,2025-06-10,,영업/정상,,,,,,,38355,선아(SUNA),I,000,2025-12-15 16:15:28,경상북도 청도군 매전면 오남길 ***-**,정상,0000,01,,371616.830605368    ,241209.214468366    ,경상북도 청도군 매전면 남양리 *** ,2025-06-10 09:21:41
5200000,520000001320210001,2021-04-23,,영업/정상,,,,,10.5,,40116,유경동물병원,I,000,2026-05-09 22:04:04,경상북도 고령군 성산면 성산로 ****,정상,0000,01,0549553075,324016.276498274    ,251157.307710384    ,경상북도 고령군 성산면 득성리 ***-* ,2021-04-23 13:57:42
5210000,521000001320220001,2022-05-25,,폐업,2023-11-21,,,,150763,,40028,(주)이마트에브리데이 성주점,I,000,2026-05-10 22:10:34,"경상북도 성주군 성주읍 성주로 ****, (주)이마트에브리데이 성주점",폐업,0002,03,0549319710,316256.794096928    ,269352.801332245    ,경상북도 성주군 성주읍 성산리 ***-* ,2023-11-21 16:26:23
5210000,521000001320250001,2025-01-24,,영업/정상,,,,,280,,40050,넷상가게,I,000,2026-05-10 22:10:34,경상북도 성주군 용암면 상언*길 **,정상,0000,01,,319935.717140692    ,260088.800789435    ,경상북도 성주군 용암면 상언리 *** ,2025-01-24 15:36:06
5220000,522000001320200001,2020-05-29,,영업/정상,,,,,,,39858,앤비바이텍,I,000,2026-05-07 22:32:36,경상북도 칠곡군 동명면 동명팔거천*길 **,정상,0000,01,,339923.954900711    ,277594.635984545    ,경상북도 칠곡군 동명면 금암리 ****-*** ,2020-05-29 08:54:56
5220000,522000001320250001,2025-07-14,,영업/정상,,,,,40,,39909,서광바이오,I,000,2026-05-07 22:32:36,"경상북도 칠곡군 왜관읍 공단로 **, *층 ***호",정상,0000,01,,326218.948820427    ,274296.701393247    ,경상북도 칠곡군 왜관읍 금산리 ***-* ,2025-07-14 09:28:10
5220000,522000001320240001,2024-03-25,,영업/정상,,,,,20,,39863,미래계측시스템,I,000,2026-05-07 22:32:36,경상북도 칠곡군 지천면 지천로 ***-**,정상,0000,01,,334133.019884409    ,275837.086927127    ,경상북도 칠곡군 지천면 창평리 ***-* ,2024-03-25 08:39:58
5220000,522000001320160001,2016-01-27,,영업/정상,,,,,160.58,,39858,디케이(DK) 동물병원,I,000,2026-05-07 22:32:36,경상북도 칠곡군 동명면 동명팔거천*길 **,정상,0000,01,,339923.954900711    ,277594.635984545    ,경상북도 칠곡군 동명면 금암리 ****-*** ,2019-05-14 10:00:42
5220000,522000001320180001,2018-01-11,,영업/정상,,,,,66,,39858,대성메디팜,I,000,2026-05-07 22:32:36,경상북도 칠곡군 동명면 금암중앙길 ***,정상,0000,01,,340068.472257697    ,277493.26497916     ,경상북도 칠곡군 동명면 금암리 ***-* ,2018-01-11 18:05:04
5220000,522000001320260001,2026-05-11,,영업/정상,,,,,,,39831,IB(International Bridge),I,000,2026-05-12 22:02:20,"경상북도 칠곡군 석적읍 강변대로 ****-*, *층",정상,0000,01,,326823.648045614    ,287487.7640199      ,경상북도 칠곡군 석적읍 중리 ***-** ,2026-05-11 09:49:00
5220000,522000001320210001,2021-02-05,,영업/정상,,,,,318.88,,39871,(주)한림,I,L00,2026-05-07 22:32:36,경상북도 칠곡군 왜관읍 현대로 ***-*,정상,0000,01,0549729494,329234.257216183    ,277104.547433167    ,경상북도 칠곡군 왜관읍 삼청리 *** ,2021-02-05 09:42:29
5230000,523000001320240001,2024-06-28,,영업/정상,,,,,,,36828,에스더블유,I,000,2026-03-26 22:34:56,경상북도 예천군 예천읍 맛고을길 *,정상,0000,01,,329589.239408395    ,351404.151907435    ,경상북도 예천군 예천읍 남본리 ***-* ,2024-06-28 15:16:56
5230000,523000001320220001,2022-03-17,,폐업,2023-05-03,,,,,,36848,신세계동물병원,I,000,2026-03-26 22:34:56,"경상북도 예천군 호명읍 호명로 ***-*, ***호",폐업,0002,03,,331436.437963654    ,344925.869222437    ,경상북도 예천군 호명읍 오천리 ***-* ,2023-05-04 17:05:19
5250000,525000001320220001,2022-02-14,,영업/정상,,,,,70,,36358,코리아레드파인,I,000,2026-03-26 22:34:10,"경상북도 울진군 온정면 백암온천로 ****, 동화민속식당",정상,0000,01,,409242.760722884    ,360476.411664863    ,경상북도 울진군 온정면 소태리 ***-* 동화민속식당 ,2022-02-14 15:11:34
5310000,531000001320200001,2020-05-06,,폐업,2023-08-08,,,,,,52807,태평양과학,I,000,2026-03-26 22:42:41,"경상남도 진주시 공단로**번길 *, *층 (상평동)",폐업,0002,03,0552756330,300318.221531165    ,186805.239935814    ,경상남도 진주시 상평동 ***-* ,2023-08-08 18:09:47
5310000,531000001320240001,2024-06-04,,영업/정상,,,,,,,52828,(주)이지메스,I,L00,2026-03-26 22:42:42,"경상남도 진주시 진주대로 ***, 경상국립대학교 가좌캠퍼스 농업생명과학대학***동 ***-*호 (가좌동)",정상,0000,01,0557721908,299974.640093388    ,184196.415879105    ,경상남도 진주시 가좌동 *** 경상국립대학교 가좌캠퍼스 ,2024-06-04 08:58:00
5310000,531000001320220004,2022-09-14,,폐업,2023-10-24,,,,,,52860,(주)이마트에브리데이 진주가좌점,I,L00,2026-03-26 22:42:42,경상남도 진주시 관문로 **(가좌동),폐업,0002,03,,301747.243915177    ,184320.018528416    ,경상남도 진주시 가좌동 ****-* ,2023-10-24 16:05:36
5310000,531000001320210001,2021-03-02,,폐업,2022-11-07,,,,73.68,,52818,야미샵,I,000,2026-03-26 22:42:41,"경상남도 진주시 동부로***번길 **, 윙스타워 A동 ****호 (충무공동)",폐업,0002,03,07046337080,302626.809267343    ,185667.81402946     ,경상남도 진주시 충무공동 **-* 윙스타워 ,2022-11-07 15:15:52
5310000,531000001320230005,2023-09-22,,영업/정상,,,,,,,52807,세계로과학,I,000,2026-03-26 22:42:42,"경상남도 진주시 공단로**번길 *, *층 (상평동)",정상,0000,01,0552756331,300318.221531165    ,186805.239935814    ,경상남도 진주시 상평동 ***-* ,2023-09-22 11:50:24
5310000,531000001320230004,2023-08-22,,영업/정상,,,,,,,52834,라온과학주식회사,I,L00,2026-03-26 22:42:42,"경상남도 진주시 문산읍 월아산로 ****, *층",정상,0000,01,0557566999,306068.089129097    ,185585.186326113    ,경상남도 진주시 문산읍 삼곡리 ****-* ,2025-03-27 12:23:57
5310000,531000001320230003,2023-08-22,,폐업,2025-09-01,,,,,,52834,바이오메디 이루,U,000,2026-03-28 03:03:03,"경상남도 진주시 문산읍 월아산로 ****, *층",폐업,0002,03,0557535999,306068.089129097    ,185585.186326113    ,경상남도 진주시 문산읍 삼곡리 ****-* ,2026-03-27 10:22:03
5310000,531000001320230002,2023-03-28,,영업/정상,,,,,,,52706,에스엠바이오테크,I,000,2026-03-26 22:42:42,경상남도 진주시 망경로***번길 *(망경동),정상,0000,01,0557625095,298514.335557899    ,187864.320065203    ,경상남도 진주시 망경동 **-* ,2023-03-28 13:57:10
5310000,531000001320230001,2023-01-14,,영업/정상,,,,,,,52751,(주)제이와이바이오테크,I,L00,2026-03-26 22:42:42,"경상남도 진주시 의곡길**번길 *-*, *층 (평안동)",정상,0000,01,,298565.064592877    ,189370.107391915    ,경상남도 진주시 평안동 * ,2023-01-14 09:53:29
5310000,531000001320220005,2022-09-15,,영업/정상,,,,,,,52703,제이에스테크,I,000,2026-03-26 22:42:42,경상남도 진주시 순환로 ***(평거동),정상,0000,01,,296609.51524241     ,186320.287135016    ,경상남도 진주시 평거동 *** ,2022-09-15 14:54:36
5310000,531000001320220001,2022-05-21,,영업/정상,,,,,,,52812,(주)피오피바이오,I,000,2026-03-26 22:42:41,경상남도 진주시 대신로 ***(상평동),정상,0000,01,,301825.941403308    ,186245.33565429     ,경상남도 진주시 상평동 ***-* ,2022-05-21 10:16:02
5310000,531000001320210003,2021-03-17,,영업/정상,,,,,,,52780,제이와이(JY),I,000,2026-03-26 22:42:41,"경상남도 진주시 도동로***번길 **, *층 (하대동)",정상,0000,01,,302338.109031196    ,188017.974170196    ,경상남도 진주시 하대동 ***-* ,2021-03-17 18:09:29
5310000,531000001320210002,2021-03-15,,영업/정상,,,,,,,52776,바이오드림(주),I,000,2026-03-26 22:42:41,경상남도 진주시 도동로***번길 ** (하대동),정상,0000,01,0557628059,301944.321129601    ,187869.283646853    ,경상남도 진주시 하대동 **-** ,2021-03-15 09:57:06
5310000,531000001320200002,2020-06-09,,영업/정상,,,,,,,52688,하이메디텍,I,000,2026-03-26 22:42:41,"경상남도 진주시 진양호로 ***-*, *층 (인사동)",정상,0000,01,0557457999,297642.018981407    ,188331.706096308    ,경상남도 진주시 인사동 ***-** ,2020-06-09 11:00:10
5310000,531000001320190002,2019-12-11,,영업/정상,,,,,77.54,,52669,영성바이오텍,I,000,2026-03-26 22:42:41,경상남도 진주시 숙호산로 ** (이현동),정상,0000,01,0557480384,296789.461106268    ,188012.656723105    ,경상남도 진주시 이현동 ***-** ,2019-12-11 11:24:13
5310000,531000001320190001,2019-08-07,,영업/정상,,,,,,,52740,(주)선일과학,I,L00,2026-03-26 22:42:41,경상남도 진주시 대신로 ***-* (초전동),정상,0000,01,0557458622,301560.481257239    ,189311.499579066    ,경상남도 진주시 초전동 ****-* ,2019-08-07 10:06:40
5310000,531000001320220003,2022-08-09,,영업/정상,,,,,,,52721,이엔바이오,I,000,2026-03-26 22:42:42,경상남도 진주시 강남로***번길 **(칠암동),정상,0000,01,0557611036,299104.514160874    ,188181.478830088    ,경상남도 진주시 칠암동 ***-** ,2022-08-09 15:11:42
5310000,531000001320220002,2022-05-21,,휴업,,2026-05-10,2026-07-03,,,,52775,홈플러스 진주점,U,000,2026-05-15 03:03:03,"경상남도 진주시 대신로 ***, 홈플러스 (상대동)",휴업,0001,02,0557718121,301729.02108352     ,188168.815314509    ,경상남도 진주시 상대동 ***-* 홈플러스 ,2026-05-14 17:26:17
5310000,531000001320240002,2024-06-24,,영업/정상,,,,,3.3,,52762,주식회사 스카이젠,I,L00,2026-03-26 22:42:42,"경상남도 진주시 하대로 **, *층 (하대동)",정상,0000,01,,301713.278583759    ,188783.859276345    ,경상남도 진주시 하대동 ***-** ,2024-06-24 09:38:18
5330000,533000001320210002,2021-11-01,,영업/정상,,,,,,,53229,미르비전,I,000,2026-03-26 22:37:52,"경상남도 거제시 옥포성안로 **, *층 ***호 (옥포동, 이던플레이스)",정상,0000,01,,354824.855857754    ,156206.550173815    ,경상남도 거제시 옥포동 ***-* 이던플레이스 ***호,2021-11-01 14:37:55
5330000,533000001320210001,2021-05-06,,영업/정상,,,,,,,52943,GS25 고성다이노스,I,000,2026-03-26 22:37:52,"경상남도 고성군 고성읍 중앙로 **, *호",정상,0000,01,,320683.464905375    ,164731.555301999    ,경상남도 고성군 고성읍 성내리 *** *호,2021-05-06 17:01:42
5340000,534000001320210001,2021-04-22,,영업/정상,,,,,,,52519,채우리약국(핑크마고),I,000,2026-03-26 22:40:05,"경상남도 사천시 사천읍 진삼로 ****, 사천메디칼빌딩 ***동 B호",정상,0000,01,0558552356,298949.462425802    ,176499.912785025    ,경상남도 사천시 사천읍 수석리 ***-* ,2021-04-22 13:25:04
5340000,534000001320210003,2021-08-25,,영업/정상,,,,,,,52517,야옹아멍멍해봐,I,000,2026-03-26 22:40:05,"경상남도 사천시 사천읍 수양로 **, 신발한국",정상,0000,01,0558542585,299310.386838061    ,176248.996817399    ,경상남도 사천시 사천읍 평화리 ***-* 신발한국 ,2021-08-25 11:12:19
5340000,534000001320210002,2021-08-25,,영업/정상,,,,,,,52560,야옹아멍멍해봐,I,000,2026-03-26 22:40:05,경상남도 사천시 삼상로 **(벌리동),정상,0000,01,0558340022,299109.255616179    ,160434.955344066    ,경상남도 사천시 벌리동 ***-* ,2021-08-25 11:33:21
5340000,534000001320240001,2024-09-06,,영업/정상,,,,,,,52523,비키,I,000,2026-03-26 22:40:06,경상남도 사천시 정동면 여옥길 ** (송보파인빌),정상,0000,01,,301323.079689634    ,174921.260599946    ,경상남도 사천시 정동면 풍정리 *** 송보파인빌 ,2024-09-06 13:19:36
5340000,534000001320220001,2022-05-16,,영업/정상,,,,,,,52558,홈플러스 삼천포점,I,000,2026-03-26 22:40:06,"경상남도 사천시 중앙로 ***, 홈플러스 (벌리동)",정상,0000,01,0558318124,298587.268961901    ,160715.237733786    ,경상남도 사천시 벌리동 **-* 홈플러스 ,2024-02-26 09:39:57
5340000,534000001320210004,2021-10-15,,영업/정상,,,,,,,52552,멍멍펫스토어,I,000,2026-03-26 22:40:06,경상남도 사천시 중앙로 ***(벌리동),정상,0000,01,0558328008,298617.743770071    ,160914.986382758    ,경상남도 사천시 벌리동 **-** ,2021-10-15 14:33:03
5350000,535000001320250001,2025-04-07,,영업/정상,,,,,,,50801,휴메디테크(주),I,000,2025-12-15 16:15:28,경상남도 김해시 생림면 여차로 **,정상,0000,01,0559040095,370692.555398616    ,202944.815587404    ,경상남도 김해시 생림면 사촌리 **-* ,2025-04-07 09:05:19
5350000,535000001320240001,2024-05-07,,영업/정상,,,,,,,50805,비에이이인텔리전스 주식회사,I,L00,2025-12-15 16:15:28,경상남도 김해시 상동면 상동로 ***,정상,0000,01,0553243302,372325.656681756    ,201890.910335089    ,경상남도 김해시 상동면 우계리 ****-* ,2024-05-07 16:55:31
5350000,535000001320230004,2023-09-04,,영업/정상,,,,,,,51003,견생냥품 김해장유점,I,000,2025-12-15 16:15:28,"경상남도 김해시 번화*로**번길 *, *층 (대청동)",정상,0000,01,,363893.077921095    ,189265.04393207     ,경상남도 김해시 대청동 ***-** ,2023-09-04 09:10:15
5350000,535000001320230003,2023-08-18,,영업/정상,,,,,,,51018,주식회사 파이온텍,I,L00,2025-12-15 16:15:28,"경상남도 김해시 율하*로 ***, ***호 (율하동)",정상,0000,01,,365539.644111486    ,187025.141652175    ,경상남도 김해시 율하동 ****-* ,2025-10-10 11:45:11
5350000,535000001320230002,2023-02-14,,영업/정상,,,,,,,51004,주식회사 메디워커 지점,I,L00,2025-12-15 16:15:28,"경상남도 김해시 번화*로**번길 **, 사파이어빌딩 ***호 (대청동)",정상,0000,01,,364173.5739014      ,189531.248529563    ,경상남도 김해시 대청동 ***-* 사파이어빌딩 ***호,2023-02-14 11:30:43
5350000,535000001320230001,2023-02-13,,영업/정상,,,,,,,50805,(주)오토일렉스,I,000,2025-12-15 16:15:28,"경상남도 김해시 상동면 상동로 ***, 오토일렉스",정상,0000,01,0553372561,372325.656681756    ,201890.910335089    ,경상남도 김해시 상동면 우계리 ****-* ,2023-02-13 09:39:57
5350000,535000001320220001,2022-05-17,,휴업,,2026-05-10,2026-07-03,,,,50943,홈플러스 김해점,U,L00,2026-05-16 03:03:03,"경상남도 김해시 김해대로 ****, 삼성홈플러스 *동 (내동)",휴업,0001,02,0553208020,370158.843415118    ,195217.779643226    ,서울특별시 강서구 등촌동 ****-* 삼성홈플러스 ,2026-05-15 14:33:52
5350000,535000001320220002,2022-05-19,,폐업,2023-10-24,,,,,,50896,이마트에브리데이 김해점,I,L00,2025-12-15 16:15:28,"경상남도 김해시 가야로**번길 **, *층 (삼계동)",폐업,0002,03,0553346101,369564.145225786    ,198222.020275441    ,경상남도 김해시 삼계동 ****-* ,2023-10-24 11:26:44
5350000,535000001320210001,2021-08-10,,폐업,2024-08-06,,,,,,50938,꼴레트멍멍,I,000,2025-12-15 16:15:28,"경상남도 김해시 김해대로 ****, 신세계백화점 김해점 *층 (외동)",폐업,0002,03,0552721377,370364.763087449    ,193812.296089474    ,경상남도 김해시 외동 **** ,2024-08-06 10:48:38
5350000,535000001320220003,2022-05-23,,폐업,2023-11-27,,,,,,51017,이마트에브리데이 김해율하점,I,L00,2025-12-15 16:15:28,"경상남도 김해시 율하*로 ***, *층 (율하동)",폐업,0002,03,0557232332,365373.454794161    ,187003.526015497    ,경상남도 김해시 율하동 **** ,2023-11-27 13:54:25
5350000,535000001320220004,2022-05-23,,폐업,2023-10-30,,,,,,51025,이마트에브리데이 김해주촌점,I,L00,2025-12-15 16:15:28,"경상남도 김해시 주촌면 천곡로 **, *층",폐업,0002,03,,367201.342879405    ,194237.661600425    ,경상남도 김해시 주촌면 천곡리 ****-* ,2023-10-30 13:29:50
5360000,536000001320220001,2022-05-13,,영업/정상,,,,,20185,,50425,홈플러스(주),I,L00,2026-03-26 22:36:59,"경상남도 밀양시 점필재로 **, 홈플러스 (내이동)",정상,0000,01,0553598000,357864.797458156    ,222457.808113413    ,경상남도 밀양시 내이동 ****-** 홈플러스 ,2024-02-22 15:52:50
5360000,536000001320230001,2023-05-10,,영업/정상,,,,,,,50404,밀양대동물진료센터,I,000,2026-03-26 22:36:59,경상남도 밀양시 부북면 사포로 **,정상,0000,01,,358314.225499102    ,220603.617499979    ,경상남도 밀양시 부북면 전사포리 ***-* ,2024-06-07 18:11:51
5360000,536000001320190001,2019-10-09,,폐업,2025-08-14,,,,168.2,,50438,폴리파크 밀양삼문점,I,000,2026-03-26 22:36:59,"경상남도 밀양시 미리벌로 **, 가동 (삼문동)",폐업,0002,03,0553561790,358835.375887252    ,221728.74418866     ,경상남도 밀양시 삼문동 ***-** 가동 ,2025-08-20 17:08:06
5370000,537000001320190001,2019-03-26,,영업/정상,,,,,50,,53236,펫앤캣,I,000,2026-03-26 22:38:39,"경상남도 거제시 수양로 ***, *호 (양정동)",정상,0000,01,,349649.951114195    ,155969.62006117     ,경상남도 거제시 양정동 ***-* ,2019-03-26 13:25:14
5370000,537000001320210001,2021-11-01,,폐업,2025-01-21,,,,,,53229,미르비전,I,000,2026-03-26 22:38:39,"경상남도 거제시 옥포성안로 **, *층 ***호 (옥포동, 이던플레이스)",폐업,0002,03,,354824.855857754    ,156206.550173815    ,경상남도 거제시 옥포동 ***-* 이던플레이스 ,2025-01-21 17:20:14
5370000,537000001320220002,2022-05-19,,폐업,2023-10-25,,,,,,53237,(주)이마트에브리데이 거제 수월점,I,L00,2026-03-26 22:38:39,"경상남도 거제시 수양로 ***-**, ***호 (수월동)",폐업,0002,03,,350100.081635167    ,156301.507476196    ,경상남도 거제시 수월동 ****-* ***호,2023-10-25 09:45:59
5370000,537000001320220003,2022-09-27,,폐업,2023-10-25,,,,,,53290,(주)이마트에브리데이 거제상동점,I,L00,2026-03-26 22:38:39,경상남도 거제시 거제중앙로 ****(상동동),폐업,0002,03,,349351.67773083     ,153753.14317929     ,경상남도 거제시 상동동 ***-* ,2023-10-25 09:43:15
5370000,537000001320220001,2022-05-18,,영업/정상,,,,,,,53267,홈플러스 거제점,I,L00,2026-03-26 22:38:39,"경상남도 거제시 장평로 **, 디큐브백화점 지하*층 (장평동)",정상,0000,01,0556868000,347704.205856611    ,155893.001589544    ,"서울특별시 강서구 등촌동 **** 디큐브백화점, 지하*층 비식품 애견코너 ",2024-02-23 13:11:13
5380000,538000001320200002,2020-06-08,,영업/정상,,,,,,,50603,드림사이언스,I,000,2026-03-26 22:42:30,경상남도 양산시 물금읍 가촌동*길 **,정상,0000,01,07078438385,381285.949496292    ,204155.534398193    ,경상남도 양산시 물금읍 가촌리 ***-** ,2020-06-08 11:24:46
5380000,538000001320190001,2019-11-27,,영업/정상,,,,,,,50625,동산과학,I,000,2026-03-26 22:42:30,"경상남도 양산시 양주로 ***, ***동 ***호 (중부동, 대동황토방아파트)",정상,0000,01,,384840.106810764    ,206210.196079308    ,경상남도 양산시 중부동 ***-* 대동황토방아파트 ,2020-12-04 11:08:46
5380000,538000001320160001,2016-03-22,,영업/정상,,,,,,,50603,씨엠통상,I,000,2026-03-26 22:42:30,경상남도 양산시 물금읍 가촌서*길 **,정상,0000,01,0553836393,381250.569011892    ,204419.378714795    ,경상남도 양산시 물금읍 가촌리 ***-* ,2016-03-22 13:35:56
5380000,538000001320160002,2016-05-10,,폐업,2020-03-31,,,,,,50629,지디메디컬,I,000,2026-03-26 22:42:30,"경상남도 양산시 양산역*길 **, ***호 (중부동)",폐업,0002,03,,384337.734814972    ,206229.465819844    ,경상남도 양산시 중부동 ***-* ***호,2020-04-07 11:08:42
5380000,538000001320200001,2020-04-09,,폐업,2020-06-05,,,,,,50603,케이바이오,I,000,2026-03-26 22:42:30,경상남도 양산시 물금읍 가촌동*길 **,폐업,0002,03,07078438385,381285.949496292    ,204155.534398193    ,경상남도 양산시 물금읍 가촌리 ***-** ,2020-06-05 16:47:31
5380000,538000001320220001,2022-05-18,,폐업,2023-10-25,,,,,,50650,(주) 이마트에브리데이 양산시 석산점,I,L00,2026-03-26 22:42:30,경상남도 양산시 동면 금오**길 **,폐업,0002,03,0557811009,384070.335797026    ,204197.223565623    ,경상남도 양산시 동면 석산리 ****-* ,2023-10-25 16:46:17
5380000,538000001320220002,2022-05-19,,폐업,2023-10-25,,,,,,50653,(주) 이마트에브리데이 양산시 물금점,I,L00,2026-03-26 22:42:30,"경상남도 양산시 물금읍 야리로 **, E-PLAZA",폐업,0002,03,0553678552,382096.344705893    ,203678.102334639    ,경상남도 양산시 물금읍 가촌리 ****-* E-PLAZA ,2023-10-25 16:48:42
5380000,538000001320250001,2025-12-30,,영업/정상,,,,,,,50611,주식회사 제노텍,I,L00,2026-03-26 22:42:31,"경상남도 양산시 물금읍 범어로 ***, 범서미라클 ***호",정상,0000,01,,383491.305484296    ,204802.681000707    ,경상남도 양산시 물금읍 범어리 ****-* 범서미라클 ,2025-12-30 16:45:34
5380000,538000001320240002,2024-04-01,,영업/정상,,,,,,,50613,와이에스랩(YS Lab),I,000,2026-03-26 22:42:31,"경상남도 양산시 물금읍 백호*길 *, ***호",정상,0000,01,,381614.339317438    ,204185.303196761    ,경상남도 양산시 물금읍 가촌리 ****-* ,2024-04-01 09:30:29
5380000,538000001320240001,2024-01-17,,영업/정상,,,,,,,50618,에스제이(SJ)컴퍼니,I,000,2026-03-26 22:42:31,"경상남도 양산시 북안남*길 *-*, 장작불 (북부동)",정상,0000,01,,385422.935464569    ,207163.306831792    ,경상남도 양산시 북부동 *** 장작불 ,2024-01-17 14:19:27
5380000,538000001320210001,2021-04-23,,영업/정상,,,,,,,50653,바이오 트렌드,I,000,2026-03-26 22:42:30,"경상남도 양산시 물금읍 서들로 ***, 나래스타 ***호",정상,0000,01,0553846884,382372.067361055    ,203164.689366482    ,경상남도 양산시 물금읍 가촌리 ****-* 나래스타 ,2021-04-23 17:56:38
5380000,538000001320220003,2022-09-01,,영업/정상,,,,,,,50653,주식회사 패나,I,L00,2026-03-26 22:42:31,"경상남도 양산시 물금읍 서들로 ***, 세원스타 ***-*호",정상,0000,01,,382396.236649476    ,203190.026597814    ,경상남도 양산시 물금읍 가촌리 ****-* 세원스타 ,2022-09-07 10:23:49
5460000,546000001320240001,2024-02-16,,영업/정상,,,,,173.25,,50044,팜스테크,I,000,2025-12-15 16:15:28,"경상남도 함양군 함양읍 한들로 **-*, A동 *호",정상,0000,01,,265938.154662773    ,223976.775604084    ,경상남도 함양군 함양읍 이은리 ***-** ,2024-02-16 15:59:57
5470000,547000001320200001,2020-06-11,,영업/정상,,,,,,,50131,글로벌 송림,I,000,2026-05-02 22:03:55,"경상남도 거창군 거창읍 공수들*길 **, 호프만",정상,0000,01,,281488.45825739     ,243281.954340971    ,경상남도 거창군 거창읍 상림리 ***-* 호프만 ,2020-06-11 15:46:09
5470000,547000001320120001,2012-11-22,,폐업,2025-07-16,,,,363.42,,,거창종합동물병원,I,000,2026-05-02 22:03:55,,폐업,0002,03,,282866.288034718    ,243844.241233824    ,경상남도 거창군 거창읍 대동리 ****-**** ,2025-08-20 09:34:44
5530000,553000001320240001,2024-05-22,,영업/정상,,,,,0,,18469,엘투제이바이오 주식회사,I,L00,2026-03-26 22:42:22,"경기도 화성시 동탄구 동탄기흥로 ***, 더퍼스트타워투 ***호 (영천동)",정상,0000,01,0313731513,,,경기도 화성시 동탄구 영천동 ***-* ,2024-05-22 11:35:02
5530000,553000001320240002,2024-05-28,,영업/정상,,,,,0,,18581,(주)세인비에스,I,L00,2026-03-26 22:42:22,경기도 화성시 만세구 장안면 황골길 ***,정상,0000,01,0313584919,188265.598754755    ,399865.319850236    ,경기도 화성시 만세구 장안면 수촌리 **** ,2024-05-30 17:30:12
5530000,553000001320240003,2024-06-21,,영업/정상,,,,,,,18467,마켓메이븐,I,000,2026-03-26 22:42:22,"경기도 화성시 동탄구 동탄영천로 ***, ***호 (영천동)",정상,0000,01,,,,경기도 화성시 동탄구 영천동 ***-* ,2024-06-21 11:34:40
5530000,553000001320240004,2024-07-11,,영업/정상,,,,,7,,18434,주식회사 곰달달,I,L00,2026-03-26 22:42:23,"경기도 화성시 동탄구 동탄지성로 ***, 반송프라자 ***호 (반송동)",정상,0000,01,03180038874,205536.777108235    ,411884.69431858     ,경기도 화성시 동탄구 반송동 **-* ,2024-07-11 10:50:10
5530000,553000001320240005,2024-08-08,,영업/정상,,,,,,,18581,오렌지,I,000,2026-03-26 22:42:23,"경기도 화성시 만세구 장안면 *.*만세로 ***, 대진빌딩 *호",정상,0000,01,,185923.110665634    ,400144.549703328    ,경기도 화성시 만세구 장안면 수촌리 ***-** 대진빌딩 *호,2024-08-08 09:41:56
5530000,553000001320240007,2024-11-07,,영업/정상,,,,,,,18321,코드앤크런치,I,000,2026-03-26 22:42:23,"경기도 화성시 효행구 봉담읍 와우로**번길 **, ***동 ***호 (봉담 그대家 *단지)",정상,0000,01,,197412.336660225    ,412630.728388457    ,경기도 화성시 효행구 봉담읍 와우리 *** 봉담 그대家 *단지 ***동 ***호,2024-11-07 09:49:52
5530000,553000001320240008,2024-12-06,,영업/정상,,,,,,,18453,주식회사 주엘,I,000,2026-03-26 22:42:23,"경기도 화성시 동탄구 동탄중심상가*길 **, 필프라자 ***호 (반송동)",정상,0000,01,07077701617,203665.92           ,441952.09           ,서울특별시 서초구 양재동 **-* 필프라자 ***호,2026-02-09 10:27:28
5530000,553000001320240009,2024-12-06,,영업/정상,,,,,,,18502,주식회사 늘해랑컴퍼니,I,L00,2026-03-26 22:42:23,"경기도 화성시 동탄구 동탄순환대로**길 **, 제이제이파크프라자 이레스페이스-디**호 (산척동)",정상,0000,01,07041097450,210562.762704626    ,407445.616267138    ,경기도 화성시 동탄구 산척동 ***-* 제이제이파크프라자 이레스페이스-디**호 ,2024-12-06 10:22:57
5530000,553000001320240010,2024-12-23,,영업/정상,,,,,,,18471,주식회사 리센스메디컬,U,L00,2026-06-13 03:03:03,"경기도 화성시 동탄구 동탄순환대로 ***, 에이팩시티 B***호 (영천동)",정상,0000,01,,208603.217648405    ,411878.01945484     ,경기도 화성시 동탄구 영천동 ***-* 에이팩시티 B***호,2026-06-12 09:48:17
5530000,553000001320250001,2025-01-07,,영업/정상,,,,,,,18423,포에버마이펫,I,000,2026-03-26 22:42:23,"경기도 화성시 동탄구 동탄하나*길 **, ***호 (능동)",정상,0000,01,,205111.783258681    ,413029.753473784    ,경기도 화성시 동탄구 능동 ****-* ***호,2026-02-11 09:26:05
5530000,553000001320250002,2025-02-10,,영업/정상,,,,,,,18403,주식회사 자연바이오,I,000,2026-03-26 22:42:23,"경기도 화성시 병점구 병점동로**번길 *-*, *층 (병점동)",정상,0000,01,0312923041,203653.504063345    ,412088.06058977     ,경기도 화성시 병점구 병점동 ***-* ,2025-02-10 14:51:51
5530000,553000001320250003,2025-06-18,,영업/정상,,,,,,,18462,주식회사 리비오젠,I,000,2026-03-26 22:42:23,"경기도 화성시 동탄구 동탄영천로 ***, A동 ****,****호 (영천동)",정상,0000,01,0313762204,,,경기도 화성시 동탄구 영천동 ***-* A동 ****~호,2025-06-18 14:23:22
5530000,553000001320250004,2025-08-28,,영업/정상,,,,,,,18469,주식회사 에스앤알티 영업지점,U,L00,2026-06-13 03:03:03,"경기도 화성시 동탄구 동탄첨단산업*로 **, 금강펜테리움 IX타워 B동 **층 ****호 (영천동)",정상,0000,01,,207902.474796614    ,412102.059482355    ,경기도 화성시 동탄구 영천동 ***-* 금강펜테리움 IX타워 ,2026-06-12 11:01:10
5530000,553000001320260004,2026-03-06,,영업/정상,,,,,,,18469,(주)디에이블,I,000,2026-03-26 22:42:24,"경기도 화성시 동탄구 동탄첨단산업*로 **, 금강펜테리움 IX타워 ****호 (영천동)",정상,0000,01,,207902.474796614    ,412102.059482355    ,경기도 화성시 동탄구 영천동 ***-* 금강펜테리움 IX타워 ,2026-03-06 15:05:24
5530000,553000001320260003,2026-02-20,,영업/정상,,,,,,,18488,주식회사 약쏙팜,I,000,2026-03-26 22:42:24,"경기도 화성시 동탄구 동탄대로*가길 **, A동 ***호 (송동)",정상,0000,01,,208717.84655305     ,407955.853423285    ,경기도 화성시 동탄구 송동 ***-* ,2026-02-20 16:14:40
5530000,553000001320200002,2020-04-02,,폐업,2023-01-25,,,,,,18434,동탄센트럴의료기,I,000,2026-03-26 22:42:21,경기도 화성시 동탄구 동탄지성로 *** (반송동),폐업,0002,03,0316139861,205536.777108235    ,411884.69431858     ,경기도 화성시 동탄구 반송동 **-* ,2023-02-08 16:31:31
5530000,553000001320220005,2022-05-19,,폐업,2023-11-21,,,,,,18421,(주)이마트에브리데이 능동점,I,L00,2026-03-26 22:42:22,경기도 화성시 병점구 동탄숲속로 **-*(능동),폐업,0002,03,0316137214,204713.083195603    ,411869.933072068    ,경기도 화성시 병점구 능동 ***-* ,2026-02-11 08:57:22
5530000,553000001320220006,2022-05-19,,폐업,2023-11-20,,,,,,18321,㈜이마트에브리데이 봉담2호점,I,L00,2026-03-26 22:42:22,"경기도 화성시 효행구 봉담읍 와우로**번길 *, 태천센타 B*층",폐업,0002,03,0312228812,197627.089137563    ,412461.269426304    ,경기도 화성시 효행구 봉담읍 와우리 **-** 태천센타 ,2023-11-21 16:47:40
5530000,553000001320220007,2022-05-19,,폐업,2023-11-20,,,,,,18417,㈜이마트에브리데이 병점점,I,L00,2026-03-26 22:42:22,"경기도 화성시 병점구 병점*로 **-**, *층 (병점동)",폐업,0002,03,0315468442,203610.879914001    ,411165.734917658    ,경기도 화성시 병점구 병점동 ***-* ,2023-11-21 17:41:48
5530000,553000001320220008,2022-05-19,,폐업,2023-11-13,,,,,,18497,㈜이마트에브리데이 동탄호수점,I,L00,2026-03-26 22:42:22,"경기도 화성시 동탄구 동탄대로 ***, B동 ***호 (송동, 동탄린스트라우스더레이크)",폐업,0002,03,03180779401,209253.387443815    ,407725.114639407    ,경기도 화성시 동탄구 송동 *** 동탄린스트라우스더레이크 ,2023-11-14 15:25:16
5530000,553000001320220009,2022-05-19,,폐업,2023-11-20,,,,,,18377,㈜이마트에브리데이 신영통점,I,L00,2026-03-26 22:42:22,경기도 화성시 병점구 영통로 **(반월동),폐업,0002,03,0312029923,205286.37852317     ,414919.53541375     ,경기도 화성시 병점구 반월동 ***-* ,2023-11-21 18:06:46
5530000,553000001320220010,2022-05-19,,폐업,2023-11-20,,,,,,18476,㈜이마트에브리데이 동탄카림점,I,L00,2026-03-26 22:42:22,"경기도 화성시 동탄구 동탄대로시범길 ***, ***~***호 (청계동, 동탄역시범반도유보라아이비파크*.*)",폐업,0002,03,03180557428,210075.319585403    ,410817.645865226    ,경기도 화성시 동탄구 청계동 *** 동탄역시범반도유보라아이비파크*.* ,2023-11-21 17:39:20
5530000,553000001320220011,2022-06-28,,폐업,2024-12-28,,,,,,18382,자이언트포레스트,I,000,2026-03-26 22:42:22,"경기도 화성시 병점구 효행로 ****-**, ***동 ***호 (반월동, 신동탄 롯데캐슬)",폐업,0002,03,,206040.88347424     ,413982.379581197    ,경기도 화성시 병점구 반월동 *** 신동탄 롯데캐슬 ,2025-01-03 19:50:05
5530000,553000001320220012,2022-08-23,,폐업,2023-06-09,,,,,,18342,인우,I,000,2026-03-26 22:42:22,"경기도 화성시 효행구 융건로 **, ***동 ****호 (기안동, 기안마을풍성신미주아파트)",폐업,0002,03,07076368781,198808.895428777    ,413279.325508164    ,경기도 화성시 효행구 기안동 *** 기안마을풍성신미주아파트 ,2023-06-12 10:52:17
5530000,553000001320220013,2022-11-18,,폐업,2024-01-31,,,,,,18477,다시보자,I,000,2026-03-26 22:42:22,"경기도 화성시 동탄구 동탄대로시범길 ***, ***동 ****호 (청계동, 동탄역 시범우남퍼스트빌아파트)",폐업,0002,03,,208892.05384217     ,411248.583583282    ,경기도 화성시 동탄구 청계동 *** 동탄역 시범우남퍼스트빌아파트 ,2024-02-14 17:42:25
5530000,553000001320260005,2026-04-22,,영업/정상,,,,,,,18503,아임케이,I,000,2026-04-24 21:32:27,"경기도 화성시 동탄구 동탄순환대로**길 **, ****동 ****호 (산척동, 레이크힐 반도유보라 아이비파크 **.*)",정상,0000,01,,211415.98697332     ,407047.896959074    ,경기도 화성시 동탄구 산척동 *** 레이크힐 반도유보라 아이비파크 **.* ,2026-04-22 16:04:17
5530000,553000001320260002,2026-02-10,,영업/정상,,,,,,,18562,상욱축산,I,000,2026-03-26 22:42:23,"경기도 화성시 만세구 우정읍 버들로 ***-**, *동",정상,0000,01,,180999.838196492    ,399396.1754385      ,경기도 화성시 만세구 우정읍 원안리 *** ,2026-02-10 09:42:33
5530000,553000001320240006,2024-10-16,,폐업,2025-01-31,,,,,,18401,주식회사 마음파트너스,I,L00,2026-03-26 22:42:23,"경기도 화성시 병점구 병점로 **, *층 에프*호 (진안동)",폐업,0002,03,07077701617,203196.696940304    ,411940.445969249    ,경기도 화성시 병점구 진안동 ***-** *층 에프*호,2025-02-06 19:32:19
5530000,553000001320250005,2025-09-25,,영업/정상,,,,,,,18240,코드테크코리아,I,000,2026-03-26 22:42:23,"경기도 화성시 만세구 수노을중앙로 ***, ***동 ***호 (새솔동, 메종 드 엘리프 송산)",정상,0000,01,0313579033,185168.285117906    ,419051.007279254    ,경기도 화성시 만세구 새솔동 *** 메종 드 엘리프 송산 ***동 ***호,2025-09-25 19:36:01
5530000,553000001320250006,2025-10-23,,영업/정상,,,,,,,18469,스타온메디컬,I,000,2026-03-26 22:42:23,"경기도 화성시 동탄구 동탄기흥로 ***-**, 서린글로벌센터 *층 (영천동)",정상,0000,01,0317425319,208098.511435298    ,412428.243121482    ,경기도 화성시 동탄구 영천동 ***-* 서린글로벌센터 ,2025-10-23 11:36:07
5530000,553000001320250007,2025-11-17,,영업/정상,,,,,,,18297,수노을동물병원,I,000,2026-03-26 22:42:23,"경기도 화성시 효행구 매송면 매송고색로***번길 *, *동 ***호",정상,0000,01,,195666.780493979    ,415642.738306795    ,경기도 화성시 효행구 매송면 천천리 **-* ,2025-11-17 13:09:31
5530000,553000001320260001,2026-01-29,,영업/정상,,,,,,,18598,냥츠개릿유통센터,I,000,2026-03-26 22:42:23,경기도 화성시 만세구 향남읍 행정서로*길 **,정상,0000,01,,192223.441662435    ,403169.859410202    ,경기도 화성시 만세구 향남읍 행정리 ***-** ,2026-01-29 10:58:40
5530000,553000001320210002,2021-03-03,,영업/정상,,,,,,,18244,펫투고,I,000,2026-03-26 22:42:21,"경기도 화성시 만세구 수노을중앙로 ***, 폴리프라자 *동 ***호 (새솔동)",정상,0000,01,,183880.297894732    ,420167.545794207    ,경기도 화성시 만세구 새솔동 **-** ,2021-03-03 14:23:12
5530000,553000001320150001,2009-01-30,,영업/정상,,,,,0,,18593,한미 농축,I,000,2026-03-26 22:42:21,"경기도 화성시 만세구 향남읍 삼천병마로 ***-*, ***-*호",정상,0000,01,,,,경기도 화성시 만세구 향남읍 평리 ,2015-03-18 16:40:15
5530000,553000001320180001,2018-04-13,,영업/정상,,,,,,,18574,(주)민우,I,000,2026-03-26 22:42:21,경기도 화성시 만세구 장안면 석포로**번길 **-*,정상,0000,01,0313582860,185925.625789909    ,404026.894911326    ,경기도 화성시 만세구 장안면 석포리 ***-** ,2018-04-13 11:45:38
5530000,553000001320180002,2018-06-07,,영업/정상,,,,,,,18455,폴리파크 반송점,I,000,2026-03-26 22:42:21,"경기도 화성시 동탄구 노작로 ***, 돌모루프라자 ***호 (반송동)",정상,0000,01,03180039328,206447.475841143    ,411021.948564702    ,경기도 화성시 동탄구 반송동 ***-* 돌모루프라자 ***호,2018-06-07 16:55:38
5530000,553000001320180003,2018-06-11,,영업/정상,,,,,,,18435,켄과콩나무,I,000,2026-03-26 22:42:21,"경기도 화성시 동탄구 동탄공원로*길 **, *층 (반송동)",정상,0000,01,,205509.768311931    ,411792.403598151    ,경기도 화성시 동탄구 반송동 **-* ,2018-06-11 13:04:10
5530000,553000001320190001,2019-05-01,,영업/정상,,,,,,,18598,솔축산약품도매상사,I,000,2026-03-26 22:42:21,경기도 화성시 만세구 향남읍 행정서로*길 **-*,정상,0000,01,0313533166,192231.258416045    ,403249.697726012    ,경기도 화성시 만세구 향남읍 행정리 ***-* ,2019-05-01 17:06:41
5530000,553000001320190002,2019-12-02,,영업/정상,,,,,,,18543,(주)펫퍼스,I,000,2026-03-26 22:42:21,경기도 화성시 만세구 마도면 청원산단*길 ***,정상,0000,01,0312275701,179099.974152193    ,407203.781972228    ,경기도 화성시 만세구 마도면 청원리 **** ,2019-12-02 13:37:28
5530000,553000001320200001,2020-03-25,,영업/정상,,,,,,,18546,에스와이컴퍼니,I,000,2026-03-26 22:42:21,경기도 화성시 만세구 송산면 문지안길 **,정상,0000,01,,173226.341851505    ,416793.198227367    ,경기도 화성시 만세구 송산면 독지리 *** ,2020-03-25 09:42:39
5530000,553000001320200003,2014-05-02,,영업/정상,,,,,0,,18628,우진비앤지주식회사,I,000,2026-03-26 22:42:21,경기도 화성시 만세구 양감면 정문송산로 ***,정상,0000,01,0313520185,199062.876777222    ,401119.277030195    ,경기도 화성시 만세구 양감면 송산리 ***-* ,2023-05-01 15:44:07
5530000,553000001320210001,2021-01-14,,영업/정상,,,,,,,18505,폴리파크 동탄호수공원점,I,000,2026-03-26 22:42:21,"경기도 화성시 동탄구 동탄순환대로 ***-**, 동탄에스비타운 ***호 (산척동)",정상,0000,01,,209456.590689976    ,407290.50724525     ,경기도 화성시 동탄구 산척동 ***-* 동탄에스비타운 ,2021-01-14 13:21:46
5530000,553000001320210003,2021-10-06,,영업/정상,,,,,,,18316,도그캣코리아(펫클럽봉담점),I,000,2026-03-26 22:42:21,경기도 화성시 효행구 봉담읍 삼천병마로 ****,정상,0000,01,,195579.609542925    ,413249.868095206    ,경기도 화성시 효행구 봉담읍 동화리 ***-** ,2021-10-06 15:48:08
5530000,553000001320220001,2022-04-12,,영업/정상,,,,,,,18332,주식회사 다나코리아,I,L00,2026-03-26 22:42:21,경기도 화성시 효행구 봉담읍 왕림북길 **,정상,0000,01,0312232177,195052.03688022     ,411236.73778227     ,경기도 화성시 효행구 봉담읍 왕림리 **-** ,2022-04-12 15:21:06
5530000,553000001320220002,2022-05-12,,영업/정상,,,,,,,18600,홈플러스 화성향남점,I,L00,2026-03-26 22:42:21,"경기도 화성시 만세구 향남읍 향남로 ***, 홈플러스 화성향남점",정상,0000,01,03180598722,,,서울특별시 강서구 등촌동 ***-* 홈플러스 화성향남점 ,2026-02-09 10:27:28
5530000,553000001320220003,2022-05-17,,휴업,,2026-04-15,2027-04-14,,,,18445,홈플러스(주)화성동탄점,U,L00,2026-04-18 03:03:03,"경기도 화성시 동탄구 동탄중앙로 ***(반송동, 메타폴리스)",휴업,0001,02,03180157125,,,서울특별시 강서구 등촌동 ** 메타폴리스 ,2026-04-17 15:54:55
5530000,553000001320220004,2022-05-17,,영업/정상,,,,,,,18412,홈플러스 병점점,I,L00,2026-03-26 22:42:22,"경기도 화성시 병점구 경기대로 ***, 홈플러스 병점점 (병점동)",정상,0000,01,0312012080,,,서울특별시 강서구 등촌동 ***-* 홈플러스 병점점 ,2026-02-09 10:27:28
5530000,553000001320230001,2023-06-28,,영업/정상,,,,,,,18501,디엠메디칼 주식회사,I,000,2026-03-26 22:42:22,"경기도 화성시 동탄구 동탄대로*길 **, 센트럴 레이크 ***호 (산척동)",정상,0000,01,,209559.943753593    ,407438.679446601    ,경기도 화성시 동탄구 산척동 ***-* 센트럴 레이크 ***호,2023-06-28 14:43:50
5530000,553000001320230002,2023-08-22,,영업/정상,,,,,,,18309,견생냥품 무인24시 봉담메트로점,I,000,2026-03-26 22:42:22,"경기도 화성시 효행구 봉담읍 상리중심상가길 *-*, ***호",정상,0000,01,,195171.147648202    ,413607.404761459    ,경기도 화성시 효행구 봉담읍 상리 ***-* ***호,2023-08-22 10:57:40
5530000,553000001320230003,2023-08-22,,영업/정상,,,,,,,18502,견생냥품 무인24시 동탄 산척점,I,000,2026-03-26 22:42:22,"경기도 화성시 동탄구 동탄순환대로**길 **-*, *층 ***호 (산척동)",정상,0000,01,,210746.416372582    ,407782.596504699    ,경기도 화성시 동탄구 산척동 ***-* ***호,2023-08-22 17:27:12
5530000,553000001320230004,2023-08-22,,영업/정상,,,,,,,18467,견생냥품 무인24시 동탄 영천동점,I,000,2026-03-26 22:42:22,"경기도 화성시 동탄구 동탄영천로 **-*, ***호 (영천동)",정상,0000,01,,209040.741882331    ,411970.326950963    ,경기도 화성시 동탄구 영천동 ***-* ***호,2023-08-22 17:34:10
5530000,553000001320230005,2023-08-22,,영업/정상,,,,,,,18484,하나한,I,000,2026-03-26 22:42:22,"경기도 화성시 동탄구 동탄순환대로**길 **, ****동 ****호 (목동, 엔에이치에프경남아너스빌)",정상,0000,01,,,,경기도 화성시 동탄구 목동 *** 엔에이치에프경남아너스빌 ****동 ****호,2023-08-22 17:36:21
5540000,554000001320130001,2013-05-13,,폐업,2023-03-29,,,,,,12815,(주)동진비엘에스,I,000,2026-03-10 21:30:12,경기도 광주시 도척면 도척윗로 ***,폐업,0002,03,0317656245,229189.790628483    ,422752.952101387    ,경기도 광주시 도척면 노곡리 **-* ,2023-03-29 08:25:28
5540000,554000001320260001,2026-04-21,,영업/정상,,,,,,,12767,(주)드림케어,I,L00,2026-04-22 21:02:21,경기도 광주시 삼지곡길**번길 *-* (삼동),정상,0000,01,0317970980,217870.471278904    ,435074.231431529    ,경기도 광주시 삼동 *** ,2026-04-21 10:12:55
5540000,554000001320220004,2022-05-25,,폐업,2023-11-29,,,,,,12820,(주)이마트에브리데이 오포신현점,I,L00,2026-03-10 21:30:14,"경기도 광주시 신현동 새말길 **, *동",폐업,0002,03,,,,경기도 광주시 신현동 ***-* ,2023-11-29 16:29:53
5540000,554000001320220005,2022-05-25,,폐업,2023-11-29,,,,,,12820,(주)이마트에브리데이 오포신현2점,I,L00,2026-03-10 21:30:15,"경기도 광주시 신현동 문형산길 **, *층",폐업,0002,03,,,,경기도 광주시 신현동 ***-* ,2023-11-29 16:28:54
5540000,554000001320220003,2022-05-25,,폐업,2023-11-20,,,,,,12771,(주)이마트에브리데이 오포점,I,L00,2026-03-10 21:30:14,경기도 광주시 신현동 신현로 **-**,폐업,0002,03,,,,경기도 광주시 신현동 *** ,2023-11-20 16:24:41
5540000,554000001320250002,2025-09-25,,영업/정상,,,,,,,12774,주식회사 팜솔루션,I,000,2026-03-10 21:30:17,경기도 광주시 오포로 *** (문형동),정상,0000,01,,,,경기도 광주시 문형동 ***-** ,2025-09-25 10:53:44
5540000,554000001320250001,2025-09-16,,영업/정상,,,,,,,12806,(주)엔퓨텍,I,000,2026-03-10 21:30:17,경기도 광주시 곤지암읍 백고개길***번길 **,정상,0000,01,,227886.130168432    ,427748.660605124    ,경기도 광주시 곤지암읍 삼리 ***-** ,2025-09-16 15:43:23
5540000,554000001320240002,2024-09-13,,영업/정상,,,,,,,12770,주식회사 파이안,I,L00,2026-03-10 21:30:17,경기도 광주시 광남안로 ***-** (목동),정상,0000,01,,217692.319159214    ,431888.09900348     ,경기도 광주시 목동 *** ,2024-09-13 10:50:16
5540000,554000001320240001,2024-04-16,,영업/정상,,,,,,,12768,주식회사 씨앤에스,I,000,2026-03-10 21:30:16,"경기도 광주시 경충대로 ****, 동우빌딩 ***호 (중대동)",정상,0000,01,,219780.120314617    ,433710.279904457    ,경기도 광주시 중대동 ***-* 동우빌딩 ,2024-04-16 19:32:44
5540000,554000001320230002,2023-10-11,,영업/정상,,,,,,,12738,지안,I,000,2026-03-10 21:30:16,"경기도 광주시 행정타운로 **, ***호 (송정동)",정상,0000,01,,222103.885268065    ,436378.379260244    ,경기도 광주시 송정동 ***-** ,2023-10-11 08:32:25
5540000,554000001320230001,2023-09-13,,영업/정상,,,,,190,,12767,드림케어,I,000,2026-03-10 21:30:16,경기도 광주시 삼지곡길**번길 *-* (삼동),정상,0000,01,,217870.471278904    ,435074.231431529    ,경기도 광주시 삼동 *** ,2025-11-26 16:39:59
5540000,554000001320220006,2022-12-05,,영업/정상,,,,,,,12798,가온플러스,I,000,2026-03-10 21:30:15,경기도 광주시 회안대로 ***-*(매산동),정상,0000,01,,,,경기도 광주시 매산동 ***-* ,2024-08-26 11:03:03
5540000,554000001320220002,2022-04-07,,영업/정상,,,,,,,12723,주식회사 케이세이프티,I,000,2026-03-10 21:30:13,"경기도 광주시 곤지암읍 가마을길 ***, *호",정상,0000,01,,234771.593593338    ,428508.238611809    ,경기도 광주시 곤지암읍 부항리 *** ,2022-07-28 15:57:28
5540000,554000001320220001,2022-03-11,,영업/정상,,,,,,,12791,다시건강,I,000,2026-03-10 21:30:13,"경기도 광주시 경충대로 ****, ***동 **층 *호 (쌍령동, 대광로제비앙)",정상,0000,01,,224319.057301047    ,432896.750272684    ,경기도 광주시 쌍령동 *** 대광로제비앙 ,2022-03-11 17:32:11
5540000,554000001320210003,2021-04-15,,영업/정상,,,,,,,12718,지에스펫,I,000,2026-03-10 21:30:13,"경기도 광주시 곤지암읍 광여로***번길 *, *층",정상,0000,01,,233055.021258409    ,428630.672606207    ,경기도 광주시 곤지암읍 오향리 ***-* ,2021-04-15 08:11:11
5540000,554000001320210002,2021-04-02,,영업/정상,,,,,50,,12774,나비팜스,I,000,2026-03-10 21:30:13,"경기도 광주시 오포로 ***, ***호 (문형동)",정상,0000,01,0317623669,,,경기도 광주시 문형동 ***-* ,2026-01-23 13:20:59
5540000,554000001320210001,2021-02-01,,영업/정상,,,,,15,,12781,드림케어,I,000,2026-03-10 21:30:12,"경기도 광주시 고불로 ***, *층 (태전동)",정상,0000,01,,219948.863098042    ,432382.932038608    ,경기도 광주시 태전동 ***-* ,2021-02-01 20:11:43
5540000,554000001320190002,2019-12-26,,영업/정상,,,,,,,12774,에이스상사,I,000,2026-03-10 21:30:12,경기도 광주시 문형동 오포안로 ***,정상,0000,01,,,,경기도 광주시 문형동 *** ,2019-12-26 14:47:46
5540000,554000001320190001,2019-05-31,,영업/정상,,,,,223.13,,12774,팜솔루션,I,000,2026-03-10 21:30:12,경기도 광주시 문형동 오포로 ***,정상,0000,01,0317639922,,,경기도 광주시 문형동 ***-** ,2019-05-31 16:39:31
5540000,554000001320180001,2018-06-21,,영업/정상,,,,,,,12749,현호상사,I,000,2026-03-10 21:30:12,경기도 광주시 경안로 *** (경안동),정상,0000,01,,221897.011398569    ,434216.30816722     ,경기도 광주시 경안동 ***-** ,2018-06-21 09:20:32
5540000,554000001320170001,2017-02-23,,영업/정상,,,,,,,12774,(주)대진시스템,I,000,2026-03-10 21:30:12,경기도 광주시 오포읍 수렁개들길 **,정상,0000,01,0317615050,,,경기도 성남시 분당구 서현동 ***-* ,2017-11-06 13:15:17
5580000,558000001320250001,2025-05-13,,영업/정상,,,,,,,32826,다일테크,I,000,2026-05-11 22:32:33,"충청남도 계룡시 장안로 **, ***(C*)호 (금암동)",정상,0000,01,,222556.55319736     ,308141.1402596      ,충청남도 계룡시 금암동 ***-* ,2025-05-13 17:03:35
5580000,558000001320220001,2022-05-17,,휴업,,2026-05-10,2026-07-03,,,,32832,홈플러스 계룡점,U,000,2026-05-15 03:03:03,충청남도 계룡시 계룡대로 ***(금암동),휴업,0001,02,,223032.827784192    ,308171.543487808    ,서울특별시 강남구 압구정동 **-* ,2026-05-14 17:34:14
5580000,558000001320220002,2022-11-03,,영업/정상,,,,,,,32832,에스제이오엔에스,I,000,2026-05-11 22:32:33,"충청남도 계룡시 금암로 ***-**, *층 (금암동)",정상,0000,01,,223125.918386575    ,308274.424822401    ,충청남도 계룡시 금암동 **-** ,2022-11-03 14:14:55
5580000,558000001320240001,2024-05-02,,영업/정상,,,,,,,32826,구르미상사,I,000,2026-05-11 22:32:33,"충청남도 계룡시 장안로 **, ***호 (금암동)",정상,0000,01,,222556.55319736     ,308141.1402596      ,충청남도 계룡시 금암동 ***-* ,2024-05-02 15:48:50
5580000,558000001320240002,2024-07-05,,영업/정상,,,,,,,32821,주식회사 엘케이테크,I,L00,2026-05-11 22:32:33,"충청남도 계룡시 엄사면 번영*길 **, 제상가동 ***호 (대동황토방아파트)",정상,0000,01,,221283.563314521    ,308886.408169277    ,충청남도 계룡시 엄사면 유동리 **-* 대동황토방아파트 ,2024-07-05 12:44:46
5590000,559000001320210002,2021-02-01,,영업/정상,,,,,,,11481,야옹아 멍멍해봐 양주점,I,000,2025-12-15 16:15:28,"경기도 양주시 고덕로 ***, *층 (고읍동)",정상,0000,01,0318480047,206844.813680698    ,477768.810623839    ,경기도 양주시 고읍동 *** ,2021-02-01 18:16:04
5590000,559000001320220006,2022-05-24,,폐업,2023-11-30,,,,,,11478,이마트에브리데이 양주옥정점,I,000,2025-12-15 16:15:28,경기도 양주시 옥정로 ***(옥정동),폐업,0002,03,0319287232,207912.043681713    ,479112.361559092    ,경기도 양주시 옥정동 ****-* ,2023-12-01 10:54:37
5590000,559000001320220005,2022-05-24,,폐업,2023-11-24,,,,,,11456,이마트에브리데이 덕정점,I,000,2025-12-15 16:15:28,"경기도 양주시 회정로 ***, 양주그랑시떼빌딩 *층 (덕정동)",폐업,0002,03,,205827.45588019     ,481628.783662425    ,경기도 양주시 덕정동 ***-* 양주그랑시떼빌딩 ,2023-11-24 15:18:10
5590000,559000001320220004,2022-05-20,,폐업,2023-11-20,,,,,,11473,이마트에브리데이 옥정중앙점,I,000,2025-12-15 16:15:28,경기도 양주시 옥정로*길 *(옥정동),폐업,0002,03,,208050.068634139    ,479956.745436322    ,경기도 양주시 옥정동 ***-* ,2023-11-20 16:45:59
5590000,559000001320220003,2022-05-20,,폐업,2023-08-16,,,,,,11486,이마트에브리데이 삼숭동점,I,000,2025-12-15 16:15:28,경기도 양주시 삼숭로**번길 **(삼숭동),폐업,0002,03,,209003.666297585    ,477235.967689368    ,경기도 양주시 삼숭동 ***-* ,2023-08-16 13:21:00
5590000,559000001320220002,2022-05-18,,폐업,2023-11-24,,,,,,11492,이마트에브리데이 광사동점,I,000,2025-12-15 16:15:28,"경기도 양주시 고읍남로 **, 메가시티프라자 (광사동)",폐업,0002,03,,206931.384577156    ,476829.151159683    ,경기도 양주시 광사동 *** 메가시티프라자 ,2023-11-24 15:11:57
5590000,559000001320220001,2022-05-18,,폐업,2023-11-20,,,,,,11512,이마트에브리데이 백석점,I,000,2025-12-15 16:15:28,경기도 양주시 백석읍 양주산성로 ***,폐업,0002,03,0318798799,199120.448985676    ,476037.364336226    ,경기도 양주시 백석읍 복지리 ***-* ,2023-11-20 14:21:05
5590000,559000001320220007,2022-08-17,,영업/정상,,,,,,,11464,폴리파크 양주점,I,000,2025-12-15 16:15:28,경기도 양주시 화합로 ****(율정동),정상,0000,01,0318584392,207867.471910725    ,481823.965903309    ,경기도 양주시 율정동 ***-** ,2022-08-17 09:18:44
5590000,559000001320180001,2018-10-22,,폐업,2025-07-18,,,,,,11414,도기도기펫,I,000,2025-12-15 16:15:28,경기도 양주시 광적면 광적로***번길 ***,폐업,0002,03,,197202.139132067    ,481206.643180902    ,경기도 양주시 광적면 석우리 *** ,2025-07-18 15:07:04
5590000,559000001320230002,2023-09-25,,영업/정상,,,,,,,11444,견생냥품 무인24시 양주 덕계점,I,000,2025-12-15 16:15:28,"경기도 양주시 회천중앙로 ***, *층 *호 (덕계동)",정상,0000,01,,204629.017523924    ,479651.652961756    ,경기도 양주시 덕계동 ***-* ,2023-09-25 18:55:27
5590000,559000001320240001,2024-04-12,,영업/정상,,,,,,,11416,아이디피트레이딩,I,000,2025-12-15 16:15:28,"경기도 양주시 광적면 부흥로 ***, 양주테크노시티 *층 **호",정상,0000,01,,198891.501404664    ,479375.49456073     ,경기도 양주시 광적면 가납리 *** 양주테크노시티 ,2024-04-12 08:52:10
5590000,559000001320210001,2021-01-07,,영업/정상,,,,,,,11417,밀크파워텍,I,000,2025-12-15 16:15:28,경기도 양주시 광적면 부흥로 ***,정상,0000,01,0318773126,199109.97652195     ,478797.491174545    ,경기도 양주시 광적면 가납리 ***-* ,2021-01-07 09:20:30
5590000,559000001320230001,2023-08-23,,영업/정상,,,,,,,11492,견생냥품 무인24시 양주 고읍점,I,000,2025-12-15 16:15:28,"경기도 양주시 부흥로 ****, 오션타워 *층 ***호 (광사동)",정상,0000,01,,206811.891880144    ,476932.875165896    ,경기도 양주시 광사동 ***-* 오션타워 ,2023-08-23 16:19:46
5600000,560000001320210002,2021-02-03,,영업/정상,,,,,,,11184,이루다컴퍼니,I,000,2026-05-07 22:01:30,"경기도 포천시 소흘읍 호국로***번길 **-**, *동 ***호",정상,0000,01,07088368523,210964.008877795    ,477587.308084125    ,경기도 포천시 소흘읍 이동교리 ***-** *동 ***호,2021-02-03 20:04:09
5600000,560000001320210001,2021-01-06,,영업/정상,,,,,99,,11144,포천바이웰,I,000,2026-05-07 22:01:30,경기도 포천시 중앙로 *** (신읍동),정상,0000,01,0315358268,217959.605773712    ,488558.182673939    ,경기도 포천시 신읍동 ***-** ,2021-01-06 18:21:35
5600000,560000001320220004,2022-05-19,,폐업,2023-11-15,,,,810.14,,11104,(주)이마트에브리데이 (포천 영북점),I,L00,2026-05-07 22:01:30,"경기도 포천시 영북면 영북로 ***, (주) 이마트에브리데이 (포천 영북점)",폐업,0002,03,0315325327,224070.86410856     ,509736.119699549    ,경기도 포천시 영북면 운천리 ***-* ,2023-11-15 16:36:53
5600000,560000001320220002,2022-05-18,,폐업,2024-02-22,,,,37000.7,,11180,홈플러스(주)포천송우점,I,000,2026-05-07 22:01:30,"경기도 포천시 소흘읍 솔모루로 *, 홈플러스",폐업,0002,03,0315407000,212370.178657853    ,480201.182904       ,경기도 포천시 소흘읍 송우리 ***-** 홈플러스 ,2024-02-22 16:08:53
5600000,560000001320220001,2022-04-22,,영업/정상,,,,,196.65,,11181,성진벳,I,000,2026-05-07 22:01:30,경기도 포천시 소흘읍 죽엽산로***번길 *,정상,0000,01,,213827.857302294    ,479984.530674542    ,경기도 포천시 소흘읍 이가팔리 ***-* 지층 ,2022-04-25 13:37:03
5600000,560000001320230001,2023-11-17,,영업/정상,,,,,657.6,,11160,와이쥐(YG)메디케어,I,000,2026-05-07 22:01:30,경기도 포천시 동교로 ** (동교동),정상,0000,01,,211717.964785162    ,482687.98804178     ,경기도 포천시 동교동 ***-** ,2023-11-17 13:21:48
5600000,560000001320220006,2022-08-26,,영업/정상,,,,,,,11183,굿드림,I,000,2026-05-07 22:01:30,"경기도 포천시 소흘읍 소흘로 **-**, 더가온",정상,0000,01,,212115.332901546    ,478698.909778409    ,경기도 포천시 소흘읍 무봉리 *** 더가온 ,2022-08-26 16:24:18
5600000,560000001320220003,2022-05-18,,휴업,,2026-05-10,2027-05-14,,37000.7,,11180,홈플러스(주)포천송우점,U,L00,2026-05-16 03:03:03,"경기도 포천시 소흘읍 솔모루로 *, 홈플러스",휴업,0001,02,0315407000,212370.178657853    ,480201.182904       ,경기도 포천시 소흘읍 송우리 ***-** 홈플러스 ,2026-05-15 17:53:03
5600000,560000001320220005,2022-05-20,,폐업,2023-11-24,,,,681.27,,11148,이마트에브리데이(포천 신읍동),I,L00,2026-05-07 22:01:30,경기도 포천시 호병로*길 *(신읍동),폐업,0002,03,0315368444,217110.199085537    ,488128.00744971     ,경기도 포천시 신읍동 ***-* ,2023-11-24 11:29:41
5670000,567000001320220001,2022-04-01,,영업/정상,,,,,,,51496,신바이오젠,I,000,2025-12-15 16:15:28,"경상남도 창원시 성산구 마디미서로 **, 보보스빌딩 ***호 (상남동)",정상,0000,01,,353077.835237225    ,192746.77503106     ,경상남도 창원시 성산구 상남동 **-* 보보스빌딩 ,2022-04-01 09:37:26
5670000,567000001320210002,2021-02-02,,영업/정상,,,,,,,51481,멍멍수랏간,I,000,2025-12-15 16:15:28,"경상남도 창원시 성산구 가음로 **, 지하*층 (남양동)",정상,0000,01,,354899.306363203    ,191196.005868112    ,경상남도 창원시 성산구 남양동 **-** ,2021-02-02 17:34:27
5670000,567000001320200002,2020-04-20,,영업/정상,,,,,,,51402,센텀,I,000,2025-12-15 16:15:28,"경상남도 창원시 의창구 무역로***번길 *, B동 *층 (사화동)",정상,0000,01,,349303.446966263    ,193545.678479903    ,경상남도 창원시 의창구 사화동 **-* ,2020-04-20 16:06:59
5670000,567000001320200001,2020-04-14,,영업/정상,,,,,,,51416,유현하이텍 주식회사,I,L00,2025-12-15 16:15:28,경상남도 창원시 성산구 두대로 **-* (대원동),정상,0000,01,,350343.195453261    ,193643.578780518    ,경상남도 창원시 성산구 대원동 ***-** ,2020-04-14 11:01:34
5670000,567000001320130001,2013-08-21,,영업/정상,,,,,,,51111,제이엔에스,I,000,2025-12-15 16:15:28,경상남도 창원시 의창구 북면 동전로 ***,정상,0000,01,0552566063,345307.154429463    ,202258.457116358    ,경상남도 창원시 의창구 북면 화천리 ***-* ,2013-08-21 16:59:43
5670000,567000001320220008,2022-06-24,,폐업,2023-11-22,,,,,,51143,(주)이마트에브리데이 창원사림점,I,L00,2025-12-15 16:15:28,"경상남도 창원시 의창구 사림로**번길 *, e조은마트 (사림동)",폐업,0002,03,0557148291,352662.39135862     ,195573.118375138    ,경상남도 창원시 의창구 사림동 ***-* e조은마트 ,2023-11-23 13:23:20
5670000,567000001320220007,2022-05-25,,폐업,2023-11-29,,,,,,51754,(주)이마트에브리데이 월영마린애시앙점,I,L00,2025-12-15 16:15:28,"경상남도 창원시 마산합포구 가포순환로 **(월영동, 마린애시앙부영)",폐업,0002,03,0557133313,342459.419901498    ,187235.520692451    ,경상남도 창원시 마산합포구 월영동 *** 마린애시앙부영 ,2023-11-29 15:56:54
5670000,567000001320220006,2022-05-25,,폐업,2023-11-28,,,,,,51471,(주)이마트에브리데이 창원더스퀘어점,I,L00,2025-12-15 16:15:28,"경상남도 창원시 성산구 대암로 ***, 더 스퀘어 (성주동)",폐업,0002,03,,355800.178264689    ,190741.564492406    ,경상남도 창원시 성산구 성주동 *** 더 스퀘어 ,2023-11-28 16:04:26
5670000,567000001320220005,2022-05-25,,폐업,2023-12-01,,,,,,51111,(주)이마트에브리데이 창원북면점,I,L00,2025-12-15 16:15:28,경상남도 창원시 의창구 북면 감계로 ***(창원감계 아내에코프리미엄*차),폐업,0002,03,,345264.904484369    ,201356.495387302    ,경상남도 창원시 의창구 북면 감계리 ***-* 창원감계 아내에코프리미엄*차 ,2023-12-04 08:12:58
5670000,567000001320210001,2021-01-14,,폐업,2025-02-03,,,,,,51389,폴리파크,I,000,2025-12-15 16:15:28,"경상남도 창원시 의창구 평산로 ***, 녹주빌딩 ***호 (팔용동)",폐업,0002,03,,347363.218175606    ,195963.144886347    ,경상남도 창원시 의창구 팔용동 **-** 녹주빌딩 ,2025-02-03 18:15:34
5670000,567000001320220002,2022-05-18,,영업/정상,,,,,,,51687,홈플러스 주식회사 진해점,I,L00,2025-12-15 16:15:28,"경상남도 창원시 진해구 충장로 ***, 홈플러스진해점 (이동)",정상,0000,01,,354027.572779734    ,185091.047013466    ,경상남도 창원시 진해구 이동 ***-** 홈플러스진해점 ,2024-02-21 15:02:09
5670000,567000001320250002,2025-09-10,,영업/정상,,,,,,,51325,스페이스종합상사,I,000,2025-12-15 16:15:28,경상남도 창원시 마산회원구 회원동**길 **-* (회원동),정상,0000,01,,343392.686587324    ,192349.867777102    ,경상남도 창원시 마산회원구 회원동 *-** ,2025-09-10 11:26:15
5670000,567000001320250001,2025-06-09,,영업/정상,,,,,,,51695,주식회사 경진유통,I,L00,2025-12-15 16:15:28,"경상남도 창원시 진해구 여좌로 ***-*, ***호 (여좌동, 수진빌라)",정상,0000,01,,351456.876528222    ,185919.316276475    ,경상남도 창원시 진해구 여좌동 ***-* 수진빌라 ,2025-06-09 13:59:47
5670000,567000001320240002,2024-10-08,,영업/정상,,,,,,,51320,진해상사,I,000,2025-12-15 16:15:28,"경상남도 창원시 마산회원구 삼호로 **, 한백빌딩 *층 **호 (양덕동)",정상,0000,01,07070792933,344381.820732302    ,192519.389669758    ,경상남도 창원시 마산회원구 양덕동 ***-** 한백빌딩 ,2024-10-08 17:15:07
5670000,567000001320240001,2024-03-25,,영업/정상,,,,,,,51603,(주)복은,I,000,2025-12-15 16:15:28,경상남도 창원시 진해구 용원북로**번길 ** (용원동),정상,0000,01,,365329.899790543    ,179883.23232431     ,경상남도 창원시 진해구 용원동 ****-* ,2024-03-25 11:36:41
5670000,567000001320230001,2023-06-02,,영업/정상,,,,,,,51520,마루마켓,I,000,2025-12-15 16:15:28,경상남도 창원시 성산구 외동반림로**번길 ** (중앙동),정상,0000,01,,352431.057057411    ,192956.771020262    ,경상남도 창원시 성산구 중앙동 **-* ,2023-06-02 17:36:00
5670000,567000001320220004,2022-05-18,,영업/정상,,,,,,,51393,홈플러스 주식회사 창원점,I,L00,2025-12-15 16:15:28,"경상남도 창원시 의창구 창원대로 ***, 삼성홈플러스 (팔용동)",정상,0000,01,0552708124,349554.531300316    ,193997.823602934    ,경상남도 창원시 의창구 팔용동 **-* 삼성홈플러스 ,2024-02-22 09:56:49
5670000,567000001320220003,2022-05-18,,휴업,,2026-05-10,2026-08-31,,,,51320,홈플러스 주식회사 마산점,U,L00,2026-05-19 03:03:03,"경상남도 창원시 마산회원구 삼호로 **, 삼성홈플러스 (양덕동)",휴업,0001,02,0552598120,344300.256802514    ,192639.515073523    ,경상남도 창원시 마산회원구 양덕동 ***-* 삼성홈플러스 ,2026-05-18 20:47:42
5680000,568000001320220001,2022-06-17,,영업/정상,,,,,,,31783,(주)한결통상,I,L00,2026-05-10 22:31:09,충청남도 당진시 원행정길 **(행정동),정상,0000,01,,165174.666355499    ,375191.127894282    ,충청남도 당진시 행정동 ***-* ,2022-06-17 16:37:50
5680000,568000001320230001,2023-03-28,,영업/정상,,,,,,,31757,더 함,I,000,2026-05-10 22:31:09,"충청남도 당진시 순성면 순성로 ***-**, ***동 ***호 (순성중명아파트)",정상,0000,01,,174104.145333333    ,371545.095666667    ,충청남도 당진시 순성면 봉소리 **-** 순성중명아파트 ,2023-03-28 19:40:36
5680000,568000001320230002,2023-03-29,,영업/정상,,,,,,,31757,더 좋은날,I,000,2026-05-10 22:31:09,충청남도 당진시 순성면 주동길 **,정상,0000,01,,173001.556143343    ,371898.25700681     ,충청남도 당진시 순성면 봉소리 ***-* ,2023-03-30 09:36:59
5680000,568000001320230003,2023-05-08,,영업/정상,,,,,48.61,,31727,주식회사 하티젤,I,000,2026-05-10 22:31:09,"충청남도 당진시 송악읍 송악로 ***, ***동 ***호 (수웅누리아파트)",정상,0000,01,,175899.051699837    ,381253.411470264    ,충청남도 당진시 송악읍 석포리 ***-* 수웅누리아파트 ,2023-05-08 17:47:01
5680000,568000001320260003,2026-02-02,,영업/정상,,,,,,,31772,루신트,I,000,2026-05-10 22:31:10,"충청남도 당진시 무수동로 ***, ***호 (읍내동)",정상,0000,01,,167605.528329581    ,377326.959598459    ,충청남도 당진시 읍내동 *** 자미온 ,2026-02-02 23:27:42
5680000,568000001320240002,2024-08-29,,폐업,2026-01-14,,,,,,31817,엠와이엘티,I,000,2026-05-10 22:31:09,"충청남도 당진시 수청*로 **, ***동 ****호 (수청동, 호반써밋 시그니처 *차)",폐업,0002,03,,169053.608527795    ,376516.188834425    ,충청남도 당진시 수청동 **** 호반써밋 시그니처 *차 ,2026-01-14 13:05:24
5680000,568000001320260001,2026-02-02,,영업/정상,,,,,,,31772,벨로라 솔루션,I,000,2026-05-10 22:31:10,"충청남도 당진시 무수동로 ***, ***호 (읍내동)",정상,0000,01,,167605.528329581    ,377326.959598459    ,충청남도 당진시 읍내동 *** 자미온 ,2026-02-02 23:13:37
5680000,568000001320250003,2025-10-22,,영업/정상,,,,,,,31769,에이치에스(HS) 바이오,I,000,2026-05-10 22:31:10,"충청남도 당진시 당진중앙*로 **, ***호 (읍내동)",정상,0000,01,,166917.095129426    ,376977.596260268    ,충청남도 당진시 읍내동 ***-* 스타프라자 ,2025-10-22 13:54:19
5680000,568000001320250002,2025-06-25,,영업/정상,,,,,,,31733,미소바이오텍,I,000,2026-05-10 22:31:10,"충청남도 당진시 송악읍 틀모시로 ***, 대교트윈타워 A동 ***호",정상,0000,01,,172567.447394571    ,377818.425584449    ,충청남도 당진시 송악읍 기지시리 *** ,2025-06-25 14:20:31
5680000,568000001320250001,2025-04-28,,영업/정상,,,,,13.2,,31783,에스제이컴퍼니,I,000,2026-05-10 22:31:09,충청남도 당진시 아미로 *** (채운동),정상,0000,01,0413586425,167134.309909152    ,375767.692866445    ,충청남도 당진시 채운동 **-* ,2025-04-28 19:11:58
5680000,568000001320240001,2024-08-29,,영업/정상,,,,,,,31710,에이치엠,I,000,2026-05-10 22:31:09,"충청남도 당진시 송산면 유곡로 **, ***동 ****호 (당진엠코타운)",정상,0000,01,,172107.868720004    ,384748.811256444    ,충청남도 당진시 송산면 유곡리 *** 당진엠코타운 ,2024-08-29 11:18:37
5680000,568000001320260002,2026-02-02,,영업/정상,,,,,,,31772,바른한결,I,000,2026-05-10 22:31:10,"충청남도 당진시 무수동로 ***, ***호 (읍내동)",정상,0000,01,,167605.528329581    ,377326.959598459    ,충청남도 당진시 읍내동 *** 자미온 ,2026-02-02 23:22:10
5690000,569000001320220014,2022-05-20,,폐업,2023-11-14,,,,,,30151,(주)이마트에브리데이 세종신동아점,I,L00,2025-12-15 16:15:28,"세종특별자치시 시청대로 **, 상가동 (보람동, 호려울마을*단지)",폐업,0002,03,0444176113,225200.242050323    ,330681.871250214    ,세종특별자치시 보람동 *** 호려울마을*단지 ,2023-11-15 11:30:37
5690000,569000001320220015,2022-05-20,,폐업,2023-11-14,,,,,,30124,(주)이마트에브리데이 세종다정점,I,L00,2025-12-15 16:15:28,"세종특별자치시 다정중앙로 **, 페스티발* ***-***호 (다정동)",폐업,0002,03,0447157998,222196.877033025    ,332728.252748327    ,세종특별자치시 다정동 *** 페스티발* ,2023-11-15 11:14:20
5690000,569000001320220016,2022-05-20,,폐업,2023-11-20,,,,,,30126,(주)이마트에브리데이 세종캐슬점,I,L00,2025-12-15 16:15:28,"세종특별자치시 새롬북로 **, 상가동 ***-***호 (새롬동, 새뜸마을*단지)",폐업,0002,03,0444176771,221974.033065526    ,331918.39598175     ,세종특별자치시 새롬동 *** 새뜸마을*단지 ,2023-11-21 13:34:49
5690000,569000001320220017,2022-05-20,,폐업,2023-11-14,,,,,,30064,(주)이마트에브리데이 세종종촌점,I,L00,2025-12-15 16:15:28,"세종특별자치시 도움*로 ***-*, 스마트빌딩 *층 (종촌동)",폐업,0002,03,0448686441,222239.800606324    ,333755.852479817    ,세종특별자치시 종촌동 *** 스마트빌딩 ,2023-11-15 16:24:52
5690000,569000001320220018,2022-05-20,,폐업,2023-11-14,,,,,,30062,(주)이마트에브리데이 세종고운점,I,L00,2025-12-15 16:15:28,"세종특별자치시 마음안*로 ***, 성진프라자 ***호 (고운동)",폐업,0002,03,0447157428,220958.583961785    ,335360.548645554    ,세종특별자치시 고운동 **** 성진프라자 ,2023-11-15 11:29:44
5690000,569000001320220019,2022-05-20,,폐업,2023-11-14,,,,,,30098,(주)이마트에브리데리 세종도담점,I,L00,2025-12-15 16:15:28,"세종특별자치시 보람로 **, 상가동 *층 (도담동, 도램마을**단지)",폐업,0002,03,0444176003,223545.107721127    ,335150.916060742    ,세종특별자치시 도담동 *** 도램마을**단지 ,2023-11-15 16:26:01
5690000,569000001320220020,2022-05-20,,폐업,2023-11-14,,,,,,30100,(주)이마트에브리데이 세종아름점,I,L00,2025-12-15 16:15:28,"세종특별자치시 보듬*로 **, 상가동 *층 (아름동, 범지기마을 **단지)",폐업,0002,03,0444171555,222433.273366586    ,334416.319117392    ,세종특별자치시 아름동 **** 범지기마을 **단지 ,2023-11-15 11:28:18
5690000,569000001320220021,2022-06-10,,폐업,2025-02-03,,,,,,30128,제이케이컴퍼니,I,000,2025-12-15 16:15:28,"세종특별자치시 나성로 ***-*, 세종엔에스타워 * ***호 (나성동)",폐업,0002,03,,223061.520174601    ,332204.756539978    ,세종특별자치시 나성동 *** 세종엔에스타워 * ,2025-02-03 15:46:53
5690000,569000001320220022,2022-07-14,,폐업,2023-06-26,,,,,,30128,주식회사 한컴헬스케어,I,L00,2025-12-15 16:15:28,"세종특별자치시 나성북로 **, MVG *층 (나성동)",폐업,0002,03,0448644285,223082.154561222    ,332111.535873778    ,세종특별자치시 나성동 *** MVG ,2023-06-30 11:29:25
5690000,569000001320220023,2022-09-05,,폐업,2024-01-05,,,,,,30019,더블유 원,I,000,2025-12-15 16:15:28,"세종특별자치시 조치원읍 내창*길 *-**, ***호",폐업,0002,03,0447157698,225762.455317143    ,345211.793910723    ,세종특별자치시 조치원읍 서창리 ***-** ,2024-01-05 18:08:53
5690000,569000001320240004,2024-12-18,,폐업,2025-10-21,,,,,,30128,에스티,I,000,2025-12-15 16:15:28,"세종특별자치시 나성로 **, 더센트럴 *층 *** h**호 (나성동)",폐업,0002,03,,223317.842639252    ,331905.249659658    ,세종특별자치시 나성동 *** 더센트럴 ,2025-10-23 14:33:34
5690000,569000001320220010,2022-05-20,,폐업,2023-10-18,,,,,,30151,(주)이마트에브리데이 소담점,I,L00,2025-12-15 16:15:28,"세종특별자치시 시청대로 ***, 상가동 *층 (소담동, 새샘마을*단지)",폐업,0002,03,0447157151,226514.454774112    ,331484.332304088    ,세종특별자치시 소담동 *** 새샘마을*단지 ,2023-10-18 15:03:43
5690000,569000001320220013,2022-05-20,,폐업,2023-11-14,,,,,,30150,(주)이마트에브리데이 세종중흥점,I,L00,2025-12-15 16:15:28,"세종특별자치시 보람동로 **, 상가동 (보람동, 호려울마을*단지)",폐업,0002,03,0444176444,226545.234284639    ,330911.43828476     ,세종특별자치시 보람동 *** 호려울마을*단지 ,2023-11-15 16:23:48
5690000,569000001320210002,2021-07-23,,영업/정상,,,,,31.2,,30122,세화비에스,I,000,2025-12-15 16:15:28,"세종특별자치시 다솜로 *, B동 ***호 (어진동, 한뜰마을*단지)",정상,0000,01,0448688073,222909.305073491    ,332984.964816571    ,세종특별자치시 어진동 *** 파크블랑 B동 ***호,2025-09-16 13:54:58
5690000,569000001320220001,2022-02-04,,영업/정상,,,,,,,30141,오피스알파집현,I,000,2025-12-15 16:15:28,"세종특별자치시 집현중앙*로 *, 지식산업센터 (집현동)",정상,0000,01,0448649441,229603.658375285    ,333091.54308466     ,세종특별자치시 집현동 *** 지식산업센터 ,2022-02-04 13:53:29
5690000,569000001320220002,2022-02-25,,영업/정상,,,,,,,30077,(주)에이원,I,000,2025-12-15 16:15:28,세종특별자치시 부강면 부강금호로 ***,정상,0000,01,,232555.47344247     ,334085.373159471    ,세종특별자치시 부강면 금호리 ***-* ,2022-02-25 17:48:51
5690000,569000001320220003,2022-03-10,,영업/정상,,,,,,,30100,주식회사 휴먼젠,I,L00,2025-12-15 16:15:28,"세종특별자치시 아름서*길 **-*, 마드리드R ***호 (아름동)",정상,0000,01,0448672600,221654.869950633    ,334469.573632298    ,세종특별자치시 아름동 **** 마드리드R ,2022-03-10 09:23:54
5690000,569000001320220004,2022-03-10,,영업/정상,,,,,,,30121,주식회사 디비테크,I,L00,2025-12-15 16:15:28,"세종특별자치시 가름로 ***, 세종비지니스센터 B동 ***호 (어진동)",정상,0000,01,0448626484,223663.463627093    ,332767.324869772    ,세종특별자치시 어진동 *** 세종비지니스센터 ,2022-03-10 18:05:40
5690000,569000001320220005,2022-03-11,,영업/정상,,,,,,,30121,주식회사 디비테크,I,L00,2025-12-15 16:15:28,"세종특별자치시 가름로 ***, 세종비지니스센터 B동 ***호 (어진동)",정상,0000,01,0448626484,223663.463627093    ,332767.324869772    ,세종특별자치시 어진동 *** 세종비지니스센터 ,2022-03-11 13:16:52
5690000,569000001320220006,2022-04-21,,영업/정상,,,,,,,30049,에스제이(SJ)오엔에스,I,000,2025-12-15 16:15:28,"세종특별자치시 연서면 세종로 ****, ***호",정상,0000,01,,226078.994631499    ,341952.311202129    ,세종특별자치시 연서면 월하리 *** ,2022-04-21 17:22:31
5690000,569000001320220007,2022-05-02,,영업/정상,,,,,,,30141,주식회사 그레비티,I,L00,2025-12-15 16:15:28,"세종특별자치시 집현중앙*로 *, 지식산업센터 주*동 A***호 (집현동)",정상,0000,01,,229603.658375285    ,333091.54308466     ,세종특별자치시 집현동 *** 지식산업센터 ,2022-05-02 14:57:09
5690000,569000001320220008,2022-05-02,,영업/정상,,,,,,,30141,주식회사 그레비티,I,000,2025-12-15 16:15:28,"세종특별자치시 집현중앙*로 *, 지식산업센터 주*동 A***호 (집현동)",정상,0000,01,,229603.658375285    ,333091.54308466     ,세종특별자치시 집현동 *** 지식산업센터 ,2022-05-02 14:57:14
5690000,569000001320220009,2022-05-03,,영업/정상,,,,,,,30141,(주)그레비티,I,000,2025-12-15 16:15:28,"세종특별자치시 집현중앙*로 *, 지식산업센터 주*동 A***호 (집현동)",정상,0000,01,,229603.658375285    ,333091.54308466     ,세종특별자치시 집현동 *** 지식산업센터 ,2022-05-03 15:21:04
5690000,569000001320220011,2022-05-20,,휴업,,2026-04-15,2029-04-14,,,,30036,홈플러스 조치원점,U,L00,2026-04-04 03:03:03,"세종특별자치시 조치원읍 허만석로 **, 홈플러스 조치원점",휴업,0001,02,0448618124,226564.668968332    ,342839.206240872    ,서울특별시 강서구 등촌동 ** 홈플러스 조치원점 ,2026-04-03 19:08:57
5690000,569000001320220012,2022-05-20,,영업/정상,,,,,,,30102,홈플러스(주)세종점,U,L00,2026-04-07 03:03:03,"세종특별자치시 절재로 ***, 홈플러스 세종점 (어진동)",정상,0000,01,,223118.17941601     ,334063.124365711    ,서울특별시 강서구 등촌동 *** 홈플러스 세종점 ,2026-04-06 09:22:40
5690000,569000001320220024,2022-10-11,,영업/정상,,,,,,,30141,다온바이오,I,000,2025-12-15 16:15:28,"세종특별자치시 시청대로 ***, ***동 ***호 (집현동, 새나루마을 *단지)",정상,0000,01,0428224565,228885.273019637    ,332421.415067566    ,세종특별자치시 집현동 ***-** 새나루마을 *단지 ,2022-10-11 09:50:20
5690000,569000001320230001,2023-01-11,,영업/정상,,,,,,,30129,썬울타리,I,000,2025-12-15 16:15:28,"세종특별자치시 나성로 **, 세종가로수길 *층 A***호 (나성동)",정상,0000,01,,223564.340370637    ,331420.827167454    ,세종특별자치시 나성동 *** 세종가로수길 ,2025-05-29 14:27:34
5690000,569000001320230002,2023-03-03,,영업/정상,,,,,,,30083,나노그람,I,000,2025-12-15 16:15:28,세종특별자치시 금남면 용포로 **-*,정상,0000,01,,225167.81222337     ,329374.245617425    ,세종특별자치시 금남면 용포리 ***-* ,2023-03-03 09:17:27
5690000,569000001320230003,2023-03-15,,영업/정상,,,,,,,30068,(주)유진랩,I,L00,2025-12-15 16:15:28,세종특별자치시 연동면 청연로 ***,정상,0000,01,0448647607,229061.077881066    ,339695.714624101    ,세종특별자치시 연동면 내판리 **-* ,2023-03-15 13:48:25
5690000,569000001320230004,2023-03-29,,영업/정상,,,,,,,30064,제국트러스트,I,000,2025-12-15 16:15:28,"세종특별자치시 도움*로 ***-*, 종촌 중앙프라자 ***호 (종촌동)",정상,0000,01,,222283.069920934    ,333778.218109933    ,세종특별자치시 종촌동 *** 종촌 중앙프라자 ,2023-03-29 13:04:51
5690000,569000001320230005,2023-04-26,,영업/정상,,,,,69.96,,30075,다옴,I,000,2025-12-15 16:15:28,"세종특별자치시 부강면 시장길 **, *층 ***호",정상,0000,01,0448678802,232884.0736884      ,336514.524781229    ,세종특별자치시 부강면 부강리 ***-* ,2023-04-26 15:27:27
5690000,569000001320230006,2023-08-24,,영업/정상,,,,,,,30152,견생냥품 무인24시 세종대평동점,I,000,2025-12-15 16:15:28,"세종특별자치시 대평로 **, 해비치빌딩 ***호 (대평동)",정상,0000,01,,224735.996151707    ,330337.38458302     ,세종특별자치시 대평동 *** 해비치빌딩 ,2023-08-24 14:58:37
5690000,569000001320230007,2023-10-26,,영업/정상,,,,,101.05,,30121,세종비티,I,000,2025-12-15 16:15:28,"세종특별자치시 가름로 ***, 세종비지니스센터 B동 ***호 (어진동)",정상,0000,01,0448626484,223663.463627093    ,332767.324869772    ,세종특별자치시 어진동 *** 세종비지니스센터 ,2023-10-26 11:46:45
5690000,569000001320240001,2024-04-16,,영업/정상,,,,,,,30140,사회적협동조합 우선구매24,I,L00,2025-12-15 16:15:28,"세종특별자치시 집현북로 **, ****동 *층 사회적기업공간*호 (집현동, 새나루마을 **단지)",정상,0000,01,0448682080,229041.815580827    ,333403.335229107    ,세종특별자치시 집현동 *** 새나루마을 **단지 ,2024-04-16 14:21:47
5690000,569000001320240002,2024-04-16,,영업/정상,,,,,,,30047,한걸음,I,L00,2025-12-15 16:15:28,세종특별자치시 연서면 당산로 ***,정상,0000,01,,225151.940558106    ,340029.783536459    ,세종특별자치시 연서면 봉암리 ***-* ,2024-04-16 14:24:55
5690000,569000001320240003,2025-07-22,,영업/정상,,,,,,,30128,(주)블루핸드,I,000,2025-12-15 16:15:28,"세종특별자치시 나성북로 **, 센트럴타워 ***-에이***호 (나성동)",정상,0000,01,07077701617,223130.16408512     ,332120.976177086    ,경기도 광명시 소하동 *** 센트럴타워 ,2025-07-22 14:09:12
5690000,569000001320250001,2025-01-22,,영업/정상,,,,,,,30063,다온바이오,I,000,2025-12-15 16:15:28,"세종특별자치시 마음로 **, ***동 ***호 (고운동, 가락마을*단지)",정상,0000,01,,220849.730002794    ,333648.804251889    ,세종특별자치시 고운동 **** 가락마을*단지 ***동 ***호,2025-01-22 11:20:07
5690000,569000001320250002,2025-03-05,,영업/정상,,,,,,,30002,에이앤트레이드,I,000,2025-12-15 16:15:28,"세종특별자치시 소정면 서정길 ***-*, (주)행복에스앤피제지 ***호",정상,0000,01,0448640527,217138.036451219    ,355894.943677011    ,세종특별자치시 소정면 고등리 ***-* (주)행복에스앤피제지 ,2025-03-06 16:18:37
5690000,569000001320250003,2025-03-12,,영업/정상,,,,,,,30141,인포랩,I,000,2025-12-15 16:15:28,"세종특별자치시 집현중앙*로 *, 지식산업센터 b동 ***호 (집현동)",정상,0000,01,,229603.658375285    ,333091.54308466     ,세종특별자치시 집현동 **** 지식산업센터 ,2025-03-12 09:23:06
5690000,569000001320250004,2025-05-16,,영업/정상,,,,,,,30129,써니테크,I,000,2025-12-15 16:15:28,"세종특별자치시 나성로 **-*, ***-*호 (나성동)",정상,0000,01,,223481.073714268    ,331335.801853786    ,세종특별자치시 나성동 *** ***-*호,2025-05-16 14:02:11
5690000,569000001320250005,2025-12-19,,영업/정상,,,,,,,30128,이연솔루션,I,000,2025-12-21 03:00:02,"세종특별자치시 나성로 **, 더센트럴 *층 ***호 h**호 (나성동)",정상,0000,01,,223317.842639252    ,331905.249659658    ,세종특별자치시 나성동 *** 더센트럴 ,2025-12-19 13:50:28
5690000,569000001320260001,2026-02-02,,영업/정상,,,,,,,30124,소소산,I,000,2026-02-06 21:02:30,"세종특별자치시 다정북로 ***, ***동 ***호 (다정동, 가온마을*단지)",정상,0000,01,,221668.466089781    ,332973.820730043    ,세종특별자치시 다정동 *** 가온마을*단지 ,2026-02-05 09:08:37
5690000,569000001320260002,2026-02-03,,영업/정상,,,,,,,30141,주식회사 모두사이언스,I,L00,2026-02-04 21:02:30,"세종특별자치시 집현중앙*로 *, 지식산업센터 A동 ***호,***호 (집현동)",정상,0000,01,0448638265,229603.658375285    ,333091.54308466     ,세종특별자치시 집현동 **** 지식산업센터 ,2026-02-03 13:09:56
5690000,569000001320190001,2019-11-06,,영업/정상,,,,,,,30049,세종축산동물약품,I,000,2025-12-15 16:15:28,"세종특별자치시 연서면 세종로 ****, 세종패션타운 B동 ***호",정상,0000,01,0448625852,225911.164926059    ,341358.17754157     ,세종특별자치시 연서면 월하리 ***-* ,2019-11-06 15:51:25
5690000,569000001320200001,2020-09-18,,영업/정상,,,,,,,30053,(주)흥성유통,I,000,2025-12-15 16:15:28,세종특별자치시 장군면 장기초교길 **-**,정상,0000,01,0448627626,218881.296741828    ,332457.939296177    ,세종특별자치시 장군면 은용리 ** ,2020-09-18 09:40:22
5690000,569000001320210001,2021-03-15,,영업/정상,,,,,,,30141,에이치엔바이오텍,I,000,2025-12-15 16:15:28,"세종특별자치시 집현중앙*로 **, *층 (집현동)",정상,0000,01,,,,세종특별자치시 집현동 **** ,2023-08-30 10:31:39
5700000,570000001320230002,2023-09-01,,영업/정상,,,,,,,12628,견생냥품 무인24시 여주홍문동점,I,000,2026-03-26 22:38:10,경기도 여주시 세종로 ** (홍문동),정상,0000,01,,256351.184002479    ,421529.886944957    ,경기도 여주시 홍문동 ***-* ,2023-09-01 16:47:07
5700000,570000001320230001,2023-08-23,,영업/정상,,,,,68,,12636,주식회사 이엠티헬스케어,I,000,2026-03-26 22:38:10,"경기도 여주시 신륵로 **, *층 (천송동)",정상,0000,01,,214204.031013954    ,446406.284482182    ,경기도 하남시 감북동 ***-* ,2024-03-06 09:19:52
5700000,570000001320220001,2022-06-23,,영업/정상,,,,,,,12654,견생템,I,000,2026-03-26 22:38:10,경기도 여주시 신단*길 **-**(신진동),정상,0000,01,,259706.598576658    ,419912.852011874    ,경기도 여주시 신진동 **-** ,2022-06-23 09:10:18
5700000,570000001320210001,2021-04-19,,영업/정상,,,,,317,,12653,(주)엠엔비물산 여주지점(장보는 강아지와 고양이 여주점),I,000,2026-03-26 22:38:10,"경기도 여주시 세종로 ***, *층 (점봉동)",정상,0000,01,07041043354,232797.879541149    ,397024.029427513    ,경기도 안성시 삼죽면 내강리 ***-* ,2024-02-26 16:13:38
5700000,570000001320200001,2020-04-23,,폐업,2022-12-30,,,,,,12662,잡스,I,000,2026-03-26 22:38:10,"경기도 여주시 가남읍 일신로 **, 상가동 ***호 (굿모닝타워아파트)",폐업,0002,03,0316325555,248067.919548995    ,412502.817117366    ,경기도 여주시 가남읍 태평리 ***-* 굿모닝타워아파트 상가동 ***호,2022-12-30 14:46:36
5700000,411000001320130001,2013-07-05,,폐업,2015-06-25,,,,120,,12622,테오종합동물병원,I,000,2026-03-26 22:38:10,경기도 여주시 홍문동 세종로 **-*,폐업,0002,03,0318830279,256351.288108837    ,421772.590479693    ,경기도 여주시 홍문동 ** ,2015-09-03 11:19:11
5700000,570000001320250001,2025-02-05,,영업/정상,,,,,,,12665,넥스온,I,000,2026-03-26 22:38:10,경기도 여주시 점동면 점동로 ***-***,정상,0000,01,,263454.204146541    ,410106.546863413    ,경기도 여주시 점동면 장안리 ***-* ,2025-02-05 09:21:10
5700000,570000001320230003,2023-11-07,,영업/정상,,,,,,,12662,주식회사 2000아키,I,000,2026-03-26 22:38:10,"경기도 여주시 가남읍 일신로 **, 상가 ***호 (굿모닝타워아파트)",정상,0000,01,,248067.919548995    ,412502.817117366    ,경기도 여주시 가남읍 태평리 ***-* 굿모닝타워아파트 ,2023-11-07 16:44:53
5710000,571000001320220009,2022-05-24,,폐업,2023-11-21,,,,1178,,28679,(주)이마트에브리데이 모충동점,I,L00,2026-05-11 22:32:38,충청북도 청주시 서원구 남들로 **(모충동),폐업,0002,03,,243318.996124728    ,346873.954541843    ,충청북도 청주시 서원구 모충동 ***-* ,2023-11-21 16:40:55
5710000,571000001320220011,2022-05-24,,폐업,2023-12-07,,,,662,,28125,(주)이마트에브리데이 충북오창점,I,L00,2026-05-11 22:32:38,충청북도 청주시 청원구 오창읍 과학산업*로 ***-*,폐업,0002,03,,238275.058145556    ,356301.036997065    ,충청북도 청주시 청원구 오창읍 각리 ***-* ,2023-12-07 16:59:43
5710000,571000001320230001,2023-03-06,,폐업,2025-01-15,,,,97.9,,28677,에스티,I,000,2026-05-11 22:32:40,"충청북도 청주시 서원구 청남로 ****-*, *층 (수곡동)",폐업,0002,03,,243503.515002138    ,346673.055380066    ,충청북도 청주시 서원구 수곡동 **-** ,2025-01-15 17:11:58
5710000,571000001320230003,2023-06-16,,폐업,2023-09-26,,,,10,,28119,(주)지프로셀,I,L00,2026-05-11 22:32:40,"충청북도 청주시 청원구 오창읍 중심상업로 **-**, 엔젤프리존 *층 ***-***호",폐업,0002,03,,238443.548227644    ,357058.920279298    ,충청북도 청주시 청원구 오창읍 양청리 ***-* 엔젤프리존 ***호,2023-09-26 14:52:47
5710000,571000001320230002,2023-03-17,,영업/정상,,,,,197.53,,28453,신성바이오,I,000,2026-05-11 22:32:40,충청북도 청주시 흥덕구 과상미로*번길 ***(봉명동),정상,0000,01,,240691.352569819    ,349265.305705491    ,충청북도 청주시 흥덕구 봉명동 ****-* ,2023-03-17 09:20:11
5710000,571000001320240001,2024-03-13,,영업/정상,,,,,,,28219,에이치앤(주),I,L00,2026-05-11 22:32:41,"충청북도 청주시 서원구 남이면 양촌*길 **-*, 에이치앤(주)",정상,0000,01,0432688305,241848.276987542    ,343479.491786474    ,충청북도 청주시 서원구 남이면 양촌리 ***-* 에이치앤(주) ,2024-03-13 14:30:56
5710000,571000001320240002,2024-03-14,,영업/정상,,,,,,,28404,주식회사 바이오코리아(차민주),I,L00,2026-05-11 22:32:41,충청북도 청주시 흥덕구 풍년로**번길 **-* (가경동),정상,0000,01,0432600942,238814.260577367    ,346756.505221089    ,충청북도 청주시 흥덕구 가경동 ****-* ,2024-03-19 17:25:21
5710000,571000001320240003,2024-04-30,,영업/정상,,,,,,,28749,드림메디랩,I,000,2026-05-11 22:32:41,충청북도 청주시 상당구 영운천로***번길 ** (용정동),정상,0000,01,0432980902,246191.23915791     ,347351.399411304    ,충청북도 청주시 상당구 용정동 **** ,2024-04-30 14:16:47
5710000,571000001320240004,2024-08-28,,영업/정상,,,,,,,28329,넘버원,I,000,2026-05-11 22:32:41,"충청북도 청주시 청원구 율봉로***번길 **-*, 스톰비오피스센터 ***호 (율량동)",정상,0000,01,,217934.548667137    ,466030.112492838    ,경기도 남양주시 오남읍 오남리 *** ,2024-09-06 17:27:16
5710000,571000001320240005,2024-08-28,,영업/정상,,,,,,,28329,뉴스타,I,000,2026-05-11 22:32:41,"충청북도 청주시 청원구 율봉로***번길 **-*, 스톰비오피스센터 ***호 (율량동)",정상,0000,01,,217934.548667137    ,466030.112492838    ,경기도 남양주시 오남읍 오남리 *** ,2024-09-06 16:09:26
5710000,571000001320240006,2024-10-18,,영업/정상,,,,,,,28543,피그랑,I,L00,2026-05-11 22:32:41,"충청북도 청주시 상당구 상당로 ***, 자연타워빌딩 (북문로*가)",정상,0000,01,,243723.369767664    ,348816.59682045     ,충청북도 청주시 상당구 북문로*가 ***-*** 자연타워빌딩 *동 ***호,2024-10-18 14:47:13
5710000,571000001320240007,2024-11-06,,영업/정상,,,,,,,28341,(주)킴벌리화을,I,L00,2026-05-11 22:32:41,충청북도 청주시 청원구 주성로 **-* (사천동),정상,0000,01,0432662828,242146.963356568    ,351666.544076819    ,충청북도 청주시 청원구 사천동 ***-* ,2024-11-06 18:03:20
5710000,571000001320250001,2025-02-25,,영업/정상,,,,,,,28389,MS메디,I,000,2026-05-11 22:32:41,충청북도 청주시 흥덕구 풍년로***번길 ** (가경동),정상,0000,01,,238539.881957504    ,347897.108674764    ,충청북도 청주시 흥덕구 가경동 *** ,2025-02-25 14:08:47
5710000,571000001320250002,2025-02-25,,영업/정상,,,,,,,28389,MS메디,I,000,2026-05-11 22:32:41,"충청북도 청주시 흥덕구 풍년로***번길 **, B층 ***호 (가경동)",정상,0000,01,,238539.881957504    ,347897.108674764    ,충청북도 청주시 흥덕구 가경동 *** ,2025-03-05 10:25:18
5710000,571000001320250003,2025-08-20,,영업/정상,,,,,,,28347,딜문,I,000,2026-05-11 22:32:41,"충청북도 청주시 청원구 율봉로**번길 **, ***호 (사천동)",정상,0000,01,,242537.910181022    ,351371.588872844    ,충청북도 청주시 청원구 사천동 ***-** ***호,2025-08-20 10:19:48
5710000,571000001320250004,2025-08-22,,영업/정상,,,,,,,28107,(주)알이티,I,L00,2026-05-11 22:32:41,충청북도 청주시 청원구 오창읍 두릉유리로 ***-*,정상,0000,01,07040661049,236891.645584704    ,359047.942961875    ,충청북도 청주시 청원구 오창읍 성산리 ***-* ,2025-08-22 14:26:56
5710000,571000001319933001,1993-03-27,,영업/정상,,,,,0,,,현도축산,I,000,2026-05-11 22:32:34,,정상,0000,01,,,,충청북도 청주시 서원구 현도면 달계리 ***-*    ,2003-06-03 17:48:01
5710000,571000001320190001,2019-04-09,,영업/정상,,,,,699.7,,28320,야옹아멍멍해봐,I,L00,2026-05-11 22:32:35,"충청북도 청주시 청원구 *순환로 ***, *층 (율량동)",정상,0000,01,,244292.59247411     ,351599.223961941    ,충청북도 청주시 청원구 율량동 **** ,2019-04-09 10:23:29
5710000,571000001320190002,2019-07-16,,영업/정상,,,,,,,28358,주식회사 옵티젠,I,000,2026-05-11 22:32:36,충청북도 청주시 흥덕구 동촌로**번길 ** (지동동),정상,0000,01,0432665842,236442.68697126     ,349746.121278852    ,충청북도 청주시 흥덕구 지동동 ***-* ,2025-11-27 13:39:02
5710000,571000001320190003,2019-09-09,,영업/정상,,,,,,,28158,(주)옵티팜,I,000,2026-05-11 22:32:36,"충청북도 청주시 흥덕구 오송읍 오송생명*로 **, (주)옵티팜",정상,0000,01,0432497524,228501.372460198    ,347532.643023833    ,충청북도 청주시 흥덕구 오송읍 연제리 *** (주)옵티팜 ,2021-12-22 13:26:50
5710000,571000001320190004,2019-10-04,,영업/정상,,,,,,,28589,(주)현일,I,000,2026-05-11 22:32:37,"충청북도 청주시 흥덕구 봉명로 **, 티원타워지식산업센터 지하 *층 ***호 (복대동)",정상,0000,01,0432371060,239701.107668069    ,348680.255355013    ,충청북도 청주시 흥덕구 복대동 ***-* ,2022-05-03 08:52:59
5710000,571000001320200002,2020-03-16,,휴업,,2025-11-24,2055-11-23,,,,28576,주식회사 제트바이오텍,I,000,2026-05-11 22:32:37,"충청북도 청주시 흥덕구 공단로 ***, 세중테크노밸리 **층 *호 (송정동)",휴업,0001,02,0432640075,239010.6234622      ,349120.175075603    ,충청북도 청주시 흥덕구 송정동 ***-* 세중테크노밸리 ,2025-11-24 09:59:02
5710000,571000001320200003,2020-09-02,,영업/정상,,,,,,,28386,주식회사 중수,I,L00,2026-05-11 22:32:37,"충청북도 청주시 서원구 대림로***번길 **, *층 (죽림동)",정상,0000,01,0432352300,239281.238230483    ,345276.776301146    ,충청북도 청주시 서원구 죽림동 ***-* ,2024-02-13 11:45:11
5710000,571000001320210001,2021-01-12,,영업/정상,,,,,,,28711,혜인동물약품,I,000,2026-05-11 22:32:37,"충청북도 청주시 상당구 청남로 ****, *층 (석교동)",정상,0000,01,0432574747,243882.06406976     ,347516.128562569    ,충청북도 청주시 상당구 석교동 *** ,2021-01-12 17:51:53
5710000,571000001320210002,2021-05-13,,영업/정상,,,,,,,28353,충북과학(주),I,000,2026-05-11 22:32:37,"충청북도 청주시 청원구 토성로 **, 충북과학(주) (정하동)",정상,0000,01,0432346200,241404.525073617    ,352683.620734431    ,충청북도 청주시 청원구 정하동 *** 충북과학(주) ,2021-05-13 16:33:43
5710000,571000001320210003,2021-05-20,,영업/정상,,,,,,,28354,선광테크,I,000,2026-05-11 22:32:37,"충청북도 청주시 청원구 *순환로 ***, 충북산업용재유통단지 ***동동 *층 ***호 (사천동)",정상,0000,01,0432170131,242775.598035445    ,352643.019482515    ,충청북도 청주시 청원구 사천동 **-* 충북산업용재유통단지 ,2021-05-20 13:54:08
5710000,571000001320210004,2021-08-30,,영업/정상,,,,,,,28462,티엘테크,I,000,2026-05-11 22:32:37,"충청북도 청주시 흥덕구 월명로 ***, 청주 파비뇽 아울렛 A동 ***호 (봉명동)",정상,0000,01,,240618.093580519    ,350373.725552173    ,충청북도 청주시 흥덕구 봉명동 **** 청주 파비뇽 아울렛 A동 ***호,2021-09-28 15:36:33
5710000,571000001320220001,2022-01-10,,영업/정상,,,,,259.47,,28113,케이제이테크,I,000,2026-05-11 22:32:37,"충청북도 청주시 흥덕구 옥산면 가락길 **, *층",정상,0000,01,,234203.7089684      ,352091.009525994    ,충청북도 청주시 흥덕구 옥산면 가락리 ***-* ,2022-01-10 15:14:16
5710000,571000001320220002,2022-02-07,,영업/정상,,,,,227,,28359,주식회사 모어랩,I,L00,2026-05-11 22:32:37,충청북도 청주시 흥덕구 강촌로***번길 ** (서촌동),정상,0000,01,,,,충청북도 청주시 흥덕구 서촌동 ***-** ,2025-05-27 11:39:26
5710000,571000001320220003,2022-03-15,,영업/정상,,,,,12552,,28419,태유테크,I,000,2026-05-11 22:32:37,"충청북도 청주시 흥덕구 진재로*번길 **-*, ***호 (복대동)",정상,0000,01,,238376.520672752    ,347903.269284152    ,충청북도 청주시 흥덕구 복대동 **** ,2022-03-15 17:27:30
5710000,571000001320220004,2022-05-16,,영업/정상,,,,,10177,,28413,홈플러스 청주점,I,L00,2026-05-11 22:32:38,"충청북도 청주시 흥덕구 서부로 ****, 홈플러스 청주점 (가경동)",정상,0000,01,,239497.206513638    ,346120.918099259    ,서울특별시 강서구 등촌동 **** 홈플러스 청주점 ,2024-02-26 09:37:59
5710000,571000001320220005,2022-05-16,,폐업,2026-01-10,,,,13681,,28320,홈플러스 동청주점,I,L00,2026-05-11 22:32:38,"충청북도 청주시 청원구 충청대로 ***, 그랜드플라자청주호텔 지하*층 (율량동)",폐업,0002,03,,244184.944567344    ,351834.595747257    ,서울특별시 강서구 등촌동 ***-* 그랜드플라자청주호텔 ,2026-02-11 14:36:02
5710000,571000001320220006,2022-05-18,,영업/정상,,,,,6111,,28120,홈플러스 오창점,I,L00,2026-05-11 22:32:38,충청북도 청주시 청원구 오창읍 중심상업*로 *-**,정상,0000,01,,238188.127636011    ,356944.128244481    ,서울특별시 강서구 등촌동 *** ,2024-02-26 09:43:36
5710000,571000001320220007,2022-05-18,,영업/정상,,,,,4913,,28524,홈플러스 청주성안점,I,L00,2026-05-11 22:32:38,충청북도 청주시 상당구 사직대로 ***(서문동),정상,0000,01,,243392.101658257    ,348454.159533439    ,서울특별시 강서구 등촌동 ***-** ,2024-02-26 10:36:12
5710000,571000001320220012,2022-06-15,,영업/정상,,,,,137.75,,28616,에이엔에스,I,000,2026-05-11 22:32:38,충청북도 청주시 서원구 구룡산로**번가길 **(성화동),정상,0000,01,,240181.129930875    ,345939.137578215    ,충청북도 청주시 서원구 성화동 *** ,2022-06-15 17:22:27
5710000,571000001320220013,2022-09-01,,영업/정상,,,,,84.51,,28156,신동물병원,I,000,2026-05-11 22:32:38,충청북도 청주시 흥덕구 오송읍 상정*길 ***-*,정상,0000,01,,229429.742868452    ,350200.915706702    ,충청북도 청주시 흥덕구 오송읍 상정리 **-** ,2022-09-01 11:16:19
5710000,571000001320220014,2022-09-01,,영업/정상,,,,,32.65,,28493,메타바이오,I,000,2026-05-11 22:32:38,"충청북도 청주시 청원구 *순환로***번길 **, *층 (내덕동)",정상,0000,01,,243786.120073885    ,351263.610421723    ,충청북도 청주시 청원구 내덕동 ***-* ,2025-07-15 17:26:38
5710000,571000001320220015,2022-09-01,,영업/정상,,,,,,,28589,주식회사 대한티앤에스,I,L00,2026-05-11 22:32:38,"충청북도 청주시 흥덕구 봉명로 **, 티원타워 지식산업센터 ***호 (복대동)",정상,0000,01,0432353401,239701.107668069    ,348680.255355013    ,충청북도 청주시 흥덕구 복대동 ***-* ,2022-09-01 11:24:57
5710000,571000001320220016,2022-10-12,,영업/정상,,,,,167.35,,28616,샘테크 주식회사,I,000,2026-05-11 22:32:38,"충청북도 청주시 서원구 구룡산로**번가길 *, *층 (성화동)",정상,0000,01,,240246.816027472    ,345936.958139165    ,충청북도 청주시 서원구 성화동 *** ,2022-10-12 10:55:20
5710000,571000001320220017,2022-10-12,,영업/정상,,,,,114.91,,28107,충북테크,I,000,2026-05-11 22:32:38,충청북도 청주시 청원구 오창읍 두릉유리로 ***,정상,0000,01,,,,충청북도 청주시 청원구 오창읍 성산리 ***-* ,2025-11-25 15:32:44
5710000,571000001320220018,2022-10-12,,영업/정상,,,,,106.75,,28539,주식회사 세종테크놀러지,I,L00,2026-05-11 22:32:39,"충청북도 청주시 청원구 직지대로***번길 **, *층 (우암동)",정상,0000,01,,243319.771883104    ,349686.987079087    ,충청북도 청주시 청원구 우암동 ***-* ,2022-10-12 17:01:35
5710000,571000001320220019,2022-10-12,,영업/정상,,,,,,,28338,삼일의료기상사,I,000,2026-05-11 22:32:39,"충청북도 청주시 청원구 공항로 ***, *층 *호 (사천동)",정상,0000,01,,243068.25913117     ,352292.852198147    ,충청북도 청주시 청원구 사천동 **-* ,2022-10-12 17:06:20
5710000,571000001320220020,2022-11-18,,영업/정상,,,,,130.36,,28347,제이케이컴퍼니,I,000,2026-05-11 22:32:40,"충청북도 청주시 청원구 율봉로**번길 **, *층 (사천동)",정상,0000,01,,242537.910181022    ,351371.588872844    ,충청북도 청주시 청원구 사천동 ***-** ,2022-11-18 18:31:16
5710000,571000001320220021,2022-11-26,,영업/정상,,,,,,,28179,그린종합사무기,I,000,2026-05-11 22:32:40,충청북도 청주시 서원구 남이면 남석로 ***,정상,0000,01,,238309.140506627    ,342622.664162419    ,충청북도 청주시 서원구 남이면 석실리 ***-* ,2022-11-26 10:56:07
5710000,571000001320250005,2025-12-04,,영업/정상,,,,,,,28374,루미랩(LumiLab),I,000,2026-05-11 22:32:41,"충청북도 청주시 흥덕구 가로수로 ***, ***호 (휴암동)",정상,0000,01,,236023.929117933    ,346699.835981469    ,충청북도 청주시 흥덕구 휴암동 ***-* ,2025-12-04 17:23:10
5710000,571000001320260001,2026-01-14,,영업/정상,,,,,,,28222,주식회사 비엘이,I,000,2026-05-11 22:32:41,"충청북도 청주시 흥덕구 오송읍 봉산*길 *-*, ***호",정상,0000,01,,228614.416671217    ,346414.245120819    ,충청북도 청주시 흥덕구 오송읍 봉산리 **** ,2026-01-14 18:06:47
5710000,571000001320220008,2022-05-19,,폐업,2023-12-01,,,,981,,28522,(주)이마트에브리데이 탑동점,I,L00,2026-05-11 22:32:38,"충청북도 청주시 상당구 용담로**번길 **, *층 (탑동)",폐업,0002,03,,244718.133719497    ,347969.158970147    ,충청북도 청주시 상당구 탑동 **-* ,2023-12-01 16:08:03
5710000,571000001320210005,2021-09-16,,폐업,2025-08-01,,,,331.52,,28107,(주)라파아이텍,I,000,2026-05-11 22:32:37,충청북도 청주시 청원구 오창읍 두릉유리로 ***-*,폐업,0002,03,0802631470,236891.645584704    ,359047.942961875    ,충청북도 청주시 청원구 오창읍 성산리 ***-* ,2025-08-21 10:49:01
5710000,571000001320200001,2020-02-28,,폐업,2025-11-20,,,,,,28119,주식회사 케이투헬스케어,I,000,2026-05-11 22:32:37,"충청북도 청주시 청원구 오창읍 중심상업로 **, 거묵빌딩 *층 ***-*호",폐업,0002,03,,238370.774444525    ,356890.502555414    ,충청북도 청주시 청원구 오창읍 양청리 ***-* 거묵빌딩 ,2025-11-20 14:30:37
5710000,571000001320170002,2017-09-04,,폐업,2019-10-08,,,,,,28403,(주)현일,I,L00,2026-05-11 22:32:35,"충청북도 청주시 흥덕구 풍년로***번길 *, *층 (가경동, (주)현일)",폐업,0002,03,0432371060,238939.760653335    ,346970.756860635    ,충청북도 청주시 흥덕구 가경동 ****-* ,2019-10-08 11:14:37
5710000,571000001320170001,2017-06-30,,폐업,2020-02-01,,,,,,28166,비에스오송(주),I,L00,2026-05-11 22:32:34,"충청북도 청주시 흥덕구 오송읍 오송생명*로 ***, ***호 (프라임시티)",폐업,0002,03,,229216.418190526    ,346830.502667408    ,충청북도 청주시 흥덕구 오송읍 만수리 *** ,2020-01-31 08:59:45
5710000,571000001320130001,2013-04-25,,폐업,2014-03-17,,,,13.22,,28389,코리아젠,I,000,2026-05-11 22:32:34,"충청북도 청주시 흥덕구 풍년로***번길 **, *층 *호 (가경동, 오피스밸리)",폐업,0002,03,,238539.881957504    ,347897.108674764    ,충청북도 청주시 흥덕구 가경동 *** ,2014-03-17 16:08:17
5710000,571000001320260002,2026-01-16,,영업/정상,,,,,,,28449,명사이언스,I,000,2026-05-11 22:32:41,"충청북도 청주시 흥덕구 과상미로**번길 **, *층 (봉명동)",정상,0000,01,,241099.164601201    ,349696.138354651    ,충청북도 청주시 흥덕구 봉명동 **** ,2026-01-16 09:58:43
5710000,571000001320260003,2026-03-25,,영업/정상,,,,,,,28480,주식회사 알파벳,I,000,2026-05-11 22:32:41,"충청북도 청주시 청원구 향군로***번길 **, **호 (우암동, 우성상가맨션)",정상,0000,01,,243178.866799077    ,350514.21649184     ,충청북도 청주시 청원구 우암동 ***-* 우성상가맨션 ,2026-03-25 17:00:00
5710000,571000001320220010,2022-05-24,,폐업,2023-11-14,,,,1032,,28117,(주)이마트에브리데이 오창산단점,I,L00,2026-05-11 22:32:38,충청북도 청주시 청원구 오창읍 주성*길 **-*,폐업,0002,03,,240295.502596486    ,359246.119843978    ,충청북도 청주시 청원구 오창읍 주성리 *** ,2023-11-14 10:34:19
5780000,578000001320220003,2022-10-13,,영업/정상,,,,,,,58687,폴리파크 목포점,I,000,2026-07-01 11:19:54,전남광주통합특별시 목포시 옥암로 **(옥암동),정상,0000,01,,147897.467905772    ,147897.467905772    ,전남광주통합특별시 목포시 옥암동 ****-* ,2022-10-13 16:18:28
5780000,578000001320210001,2021-12-14,,영업/정상,,,,,187.12,,58750,주식회사 티엘파트너센터,I,L00,2026-07-01 11:19:54,"전남광주통합특별시 목포시 미항로 ***-*, *층 (상동)",정상,0000,01,,148226.296769251    ,148226.296769251    ,전남광주통합특별시 목포시 상동 ****-* ,2021-12-14 13:26:44
5780000,578000001320220001,2022-03-04,,영업/정상,,,,,14,,58731,혜안,I,000,2026-07-01 11:19:54,"전남광주통합특별시 목포시 산정로***번길 **, *층 (산정동)",정상,0000,01,,144216.122060187    ,144216.122060187    ,전남광주통합특별시 목포시 산정동 ****-*** ,2022-03-04 16:16:06
5780000,578000001320220002,2022-05-23,,휴업,,2026-05-10,2027-05-09,,,,58651,홈플러스(주)목포점,I,L00,2026-07-01 11:19:54,"전남광주통합특별시 목포시 영산로 ***, 홈플러스목포점 (용당동)",휴업,0001,02,0612418000,,,서울특별시 강서구 등촌동 ****-* 홈플러스목포점 ,2026-05-21 17:31:20
5785000,578500001320240002,2024-04-09,,영업/정상,,,,,75,,59736,웰테크,I,000,2026-07-01 11:37:07,전남광주통합특별시 여수시 진남상가길 **-* (교동),정상,0000,01,,267188.4691434      ,267188.4691434      ,전남광주통합특별시 여수시 교동 *** ,2024-04-09 16:13:05
5785000,578500001320240001,2024-04-09,,영업/정상,,,,,127,,59643,영테크,I,000,2026-07-01 11:37:07,전남광주통합특별시 여수시 화산*길 **-* (화장동),정상,0000,01,0619056009,258746.918084685    ,258746.918084685    ,전남광주통합특별시 여수시 화장동 ***-* ,2024-04-09 15:01:22
5785000,578500001320250004,2025-09-15,,영업/정상,,,,,266.14,,59687,라라,I,000,2026-07-01 11:37:07,"전남광주통합특별시 여수시 선소로 **, *층 (신기동)",정상,0000,01,,261142.780769297    ,261142.780769297    ,전남광주통합특별시 여수시 신기동 ***-** ,2025-09-15 10:02:12
5785000,578500001320250003,2025-06-10,,영업/정상,,,,,95.95,,59691,튼튼슬링운동센터,I,000,2026-07-01 11:37:07,전남광주통합특별시 여수시 웅남*길 **-** (웅천동),정상,0000,01,,261909.823561135    ,261909.823561135    ,전남광주통합특별시 여수시 웅천동 ****-* ,2025-06-10 14:00:02
5785000,578500001320250002,2025-05-12,,영업/정상,,,,,217.07,,59701,한국특판기획,I,000,2026-07-01 11:37:07,"전남광주통합특별시 여수시 문수로 **, *층 (문수동)",정상,0000,01,,264435.749910674    ,264435.749910674    ,전남광주통합특별시 여수시 문수동 ***-* ,2025-05-12 14:05:11
5785000,578500001320250001,2025-05-12,,영업/정상,,,,,545.91,,59701,한국방역,I,000,2026-07-01 11:37:07,전남광주통합특별시 여수시 문수로 ** (문수동),정상,0000,01,,264435.749910674    ,264435.749910674    ,전남광주통합특별시 여수시 문수동 ***-* ,2025-05-12 13:26:59
5790000,579000001320210001,2021-06-22,,영업/정상,,,,,,,58034,(주)메디렉스,I,000,2026-07-01 11:45:57,"전남광주통합특별시 순천시 해룡면 율촌산단*로 **, ***-*호",정상,0000,01,0617275446,252681.528535701    ,252681.528535701    ,전남광주통합특별시 순천시 해룡면 선월리 ***-* ,2021-06-22 13:52:29
5790000,579000001320220001,2022-02-08,,영업/정상,,,,,,,57922,세븐일레븐 순천대후문점,I,000,2026-07-01 11:45:57,"전남광주통합특별시 순천시 석현길 *, 사이버메니아pc, 압구정손만두 (석현동)",정상,0000,01,,243695.938450658    ,243695.938450658    ,"전남광주통합특별시 순천시 석현동 *** 사이버메니아pc, 압구정손만두 ",2022-02-08 09:19:59
5790000,579000001320220002,2022-04-08,,영업/정상,,,,,,,57956,유바이오젠,I,000,2026-07-01 11:45:57,"전남광주통합특별시 순천시 장천*길 **-**, ****호 (장천동)",정상,0000,01,07075659095,244673.11192827     ,244673.11192827     ,전남광주통합특별시 순천시 장천동 **-* ,2022-04-08 12:00:38
5790000,579000001320220003,2022-05-12,,영업/정상,,,,,,,57946,홈플러스 순천점,I,L00,2026-07-01 11:45:57,"전남광주통합특별시 순천시 신월큰길 **, 삼성홈플러스 (조례동)",정상,0000,01,0617298000,,,서울특별시 강서구 등촌동 ***-* 삼성홈플러스 ,2024-02-26 15:57:12
5790000,579000001320220004,2022-05-12,,휴업,,2026-05-10,2026-07-03,,,,57993,홈플러스(주)순천풍덕점,I,L00,2026-07-01 11:45:57,"전남광주통합특별시 순천시 팔마로 ***, 홈플러스풍덕점 (풍덕동)",휴업,0001,02,0617462080,,,서울특별시 강서구 등촌동 *** 홈플러스풍덕점 ,2026-05-15 10:16:58
5790000,579000001320220005,2022-12-16,,영업/정상,,,,,,,57970,바르개맛있개,I,000,2026-07-01 11:45:57,"전남광주통합특별시 순천시 왕궁길 **, 투스파 (조례동)",정상,0000,01,,248583.547116275    ,248583.547116275    ,전남광주통합특별시 순천시 조례동 ****-* 투스파 ,2022-12-16 16:21:55
5790000,579000001320230001,2023-01-15,,영업/정상,,,,,,,58021,(주)도이프,I,000,2026-07-01 11:45:57,전남광주통합특별시 순천시 해룡면 해룡산단*로 **-***,정상,0000,01,0617213077,251971.457139461    ,251971.457139461    ,전남광주통합특별시 순천시 해룡면 선월리 ***-** ,2023-01-15 13:31:51
5790000,579000001320230002,2023-04-21,,영업/정상,,,,,,,57956,가우정인,I,000,2026-07-01 11:45:57,전남광주통합특별시 순천시 장명로 ** (장천동),정상,0000,01,,244401.848456803    ,244401.848456803    ,전남광주통합특별시 순천시 장천동 **-* ,2023-04-21 11:21:34
5790000,579000001320230003,2023-08-21,,영업/정상,,,,,,,58007,견생냥품,I,000,2026-07-01 11:45:58,"전남광주통합특별시 순천시 해룡면 좌야로 ***, ***동 ***호 (중흥에코시티*단지)",정상,0000,01,,249910.05950657     ,249910.05950657     ,전남광주통합특별시 순천시 해룡면 신대리 **** 중흥에코시티*단지 ***동 ***호,2023-08-21 09:40:46
5790000,579000001320230004,2023-08-21,,영업/정상,,,,,,,57999,견생냥품,I,000,2026-07-01 11:45:58,전남광주통합특별시 순천시 오천*길 ** (오천동),정상,0000,01,,245165.71206101     ,245165.71206101     ,전남광주통합특별시 순천시 오천동 ***-* ,2023-08-21 15:07:51
5790000,579000001320230005,2023-12-12,,영업/정상,,,,,,,57965,그린유통,I,000,2026-07-01 11:45:58,전남광주통합특별시 순천시 이수*길 ** (덕암동),정상,0000,01,,245860.029835327    ,245860.029835327    ,전남광주통합특별시 순천시 덕암동 ***-** ,2023-12-12 13:18:03
5790000,579000001320240001,2024-01-30,,영업/정상,,,,,,,57924,유진과학상사,I,000,2026-07-01 11:45:58,전남광주통합특별시 순천시 원가곡*길 **-** (가곡동),정상,0000,01,0617557580,244341.437817398    ,244341.437817398    ,전남광주통합특별시 순천시 가곡동 ****-* ,2024-02-02 14:46:17
5790000,579000001320240002,2024-04-04,,영업/정상,,,,,,,57963,삼우테크,I,000,2026-07-01 11:45:58,전남광주통합특별시 순천시 역전장길 ** (조곡동),정상,0000,01,07081913527,245845.005903591    ,245845.005903591    ,전남광주통합특별시 순천시 조곡동 ***-** ,2024-04-04 10:50:10
5790000,579000001320240003,2024-04-08,,영업/정상,,,,,,,57935,로드파크,I,000,2026-07-01 11:45:58,전남광주통합특별시 순천시 충숙길 ** (용당동),정상,0000,01,0619052016,245765.286707998    ,245765.286707998    ,전남광주통합특별시 순천시 용당동 **-* ,2024-04-08 15:25:23
5790000,579000001320200002,2020-04-17,,영업/정상,,,,,63,,57965,지엔피메디텍,I,000,2026-07-01 11:45:57,전남광주통합특별시 순천시 이수*길 ** (생목동),정상,0000,01,0617410973,246217.857770028    ,246217.857770028    ,전남광주통합특별시 순천시 생목동 **-* ,2020-04-21 16:03:08
5790000,579000001320200001,2020-04-08,,영업/정상,,,,,62.55,,57941,씨케이팜,I,000,2026-07-01 11:45:57,"전남광주통합특별시 순천시 옥천길 ***, 옥천동 *층 (옥천동)",정상,0000,01,,243116.062826584    ,243116.062826584    ,전남광주통합특별시 순천시 옥천동 ***-* ,2020-04-08 17:18:15
5790000,579000001320190002,2019-11-11,,영업/정상,,,,,,,57939,알파ENC,I,000,2026-07-01 11:45:57,"전남광주통합특별시 순천시 북문길 ***, *호 (매곡동)",정상,0000,01,07086141297,244231.005466097    ,244231.005466097    ,전남광주통합특별시 순천시 매곡동 ***-* ,2019-11-11 10:55:45
5790000,579000001320190001,2019-07-29,,폐업,2024-01-08,,,,,,58024,동부특수지앤에스주식회사,I,000,2026-07-01 11:45:57,전남광주통합특별시 순천시 해룡면 율촌로 ***,폐업,0002,03,,251619.098426318    ,251619.098426318    ,전남광주통합특별시 순천시 해룡면 호두리 ***-* ,2024-01-08 16:10:51
5790000,579000001320170002,2017-03-27,,영업/정상,,,,,,,57963,팔마종합상사,I,000,2026-07-01 11:45:57,"전남광주통합특별시 순천시 중앙초등*길 **, *층 (풍덕동)",정상,0000,01,,245936.141760221    ,245936.141760221    ,전남광주통합특별시 순천시 풍덕동 ***-** ,2021-03-08 09:24:52
5790000,579000001320170001,2017-02-21,,영업/정상,,,,,,,57956,주식회사 엠61,I,L00,2026-07-01 11:45:57,전남광주통합특별시 순천시 중앙*길 * (장천동),정상,0000,01,,,,,2017-02-21 09:55:37
5790000,579000001320240004,2024-04-08,,영업/정상,,,,,,,57963,청도상사,I,000,2026-07-01 11:45:59,전남광주통합특별시 순천시 역전장길 ** (조곡동),정상,0000,01,07081919193,245845.005903591    ,245845.005903591    ,전남광주통합특별시 순천시 조곡동 ***-** ,2024-04-08 09:21:37
5790000,579000001320260001,2026-03-30,,영업/정상,,,,,,,57923,유한회사 정도컴퍼니,I,000,2026-07-01 11:45:59,전남광주통합특별시 순천시 가곡길 *** (가곡동),정상,0000,01,,243847.406324182    ,243847.406324182    ,전남광주통합특별시 순천시 가곡동 ***-* ,2026-03-30 09:16:39
5790000,579000001320250001,2025-10-23,,영업/정상,,,,,10,,57991,바이오필,I,000,2026-07-01 11:45:59,"전남광주통합특별시 순천시 덕연로 **, 새롬 주방물류 (연향동)",정상,0000,01,,246815.031942188    ,246815.031942188    ,전남광주통합특별시 순천시 연향동 ****-* 새롬 주방물류 ,2025-10-23 17:40:28
5790000,579000001320240007,2024-06-18,,영업/정상,,,,,,,57962,디지(DG)글로벌마켓팅,I,000,2026-07-01 11:45:59,"전남광주통합특별시 순천시 풍덕주택길 **, *층 ***호 (풍덕동)",정상,0000,01,,245902.583607372    ,245902.583607372    ,전남광주통합특별시 순천시 풍덕동 ***-** ,2024-06-18 09:24:53
5790000,579000001320240006,2024-04-09,,영업/정상,,,,,,,57964,겸이유통,I,000,2026-07-01 11:45:59,"전남광주통합특별시 순천시 팔마로 ***, 겸이유통 (덕암동)",정상,0000,01,0619080800,246451.051190845    ,246451.051190845    ,전남광주통합특별시 순천시 덕암동 ***-* 겸이유통 ,2024-04-09 09:35:39
5790000,579000001320240005,2024-04-09,,영업/정상,,,,,,,57979,매일유통,I,000,2026-07-01 11:45:59,"전남광주통합특별시 순천시 연향*로 **, 매일유통 (연향동)",정상,0000,01,0617270004,247224.852071572    ,247224.852071572    ,전남광주통합특별시 순천시 연향동 ****-* 매일유통 ,2024-04-09 09:20:26
5795000,579500001320140001,2014-03-18,,영업/정상,,,,,,,58275,효진가축약품주식회사,I,000,2026-07-01 12:13:46,전남광주통합특별시 나주시 왕곡면 나주서부로 *,정상,0000,01,0613324007,,,,2014-03-18 17:58:14
5795000,579500001320230003,2023-11-07,,영업/정상,,,,,35,,58325,클린축산,I,000,2026-07-01 12:13:46,"전남광주통합특별시 나주시 그린로 ***, 그랜드타워 *동 *층 ***-*호 (빛가람동)",정상,0000,01,0619301416,181116.462500112    ,181116.462500112    ,전남광주통합특별시 나주시 빛가람동 ***-* ,2023-11-07 10:01:39
5795000,579500001320160001,2016-01-04,,영업/정상,,,,,,,58269,삼성가축약품,I,000,2026-07-01 12:13:46,전남광주통합특별시 나주시 금영로 **-* (이창동),정상,0000,01,0613338941,173982.042594024    ,173982.042594024    ,전남광주통합특별시 나주시 이창동 ***-** ,2016-01-04 17:59:19
5795000,579500001320190001,2019-04-23,,영업/정상,,,,,1395,,58227,에스엠텍,I,000,2026-07-01 12:13:46,"전남광주통합특별시 나주시 남평읍 지석로 **, 다동 *층 ***호",정상,0000,01,,185417.917524019    ,185417.917524019    ,전남광주통합특별시 나주시 남평읍 대교리 ***-* 다동 ***호,2019-04-23 15:14:33
5795000,579500001320190002,2019-04-29,,영업/정상,,,,,150,,58227,대한과학,I,000,2026-07-01 12:13:46,"전남광주통합특별시 나주시 남평읍 남평*로 **-*, *층 ***호",정상,0000,01,,185514.443098038    ,185514.443098038    ,전남광주통합특별시 나주시 남평읍 남평리 *-* ,2019-04-29 16:32:40
5795000,579500001320200001,2020-06-18,,폐업,2021-01-27,,,,,,58227,원테크,I,000,2026-07-01 12:13:46,전남광주통합특별시 나주시 남평읍 남평*로 **,폐업,0002,03,,185612.021233885    ,185612.021233885    ,전남광주통합특별시 나주시 남평읍 대교리 *** 주연미용실 ,2021-02-01 18:21:19
5795000,579500001320200002,2020-07-10,,영업/정상,,,,,,,58257,와이티바이오텍,I,000,2026-07-01 12:13:46,전남광주통합특별시 나주시 금성길 **-* (성북동),정상,0000,01,,174146.628152131    ,174146.628152131    ,전남광주통합특별시 나주시 성북동 *** ,2020-07-10 09:45:11
5795000,579500001320200003,2020-08-31,,영업/정상,,,,,,,58261,바이오큐,I,000,2026-07-01 12:13:46,"전남광주통합특별시 나주시 송월*길 **, ***-A호 (송월동)",정상,0000,01,,174265.757175702    ,174265.757175702    ,전남광주통합특별시 나주시 송월동 **** ***-A호,2025-10-28 14:08:28
5795000,579500001320200004,2020-12-15,,영업/정상,,,,,,,58227,비엔바이오(BnB),I,000,2026-07-01 12:13:46,"전남광주통합특별시 나주시 남평읍 남평*로 **, *층",정상,0000,01,,185624.203840863    ,185624.203840863    ,전남광주통합특별시 나주시 남평읍 대교리 *** ,2020-12-15 18:57:13
5795000,579500001320210001,2021-03-02,,영업/정상,,,,,,,58227,지에프시스템,I,000,2026-07-01 12:13:46,"전남광주통합특별시 나주시 남평읍 남평*로 **, ***호",정상,0000,01,,185612.021233885    ,185612.021233885    ,전남광주통합특별시 나주시 남평읍 대교리 *** ,2021-03-02 13:56:21
5795000,579500001320210002,2021-03-29,,영업/정상,,,,,84.52,,58228,엠케이통상,I,000,2026-07-01 12:13:46,"전남광주통합특별시 나주시 남평읍 원촌길 *, B-*호",정상,0000,01,,185450.701309393    ,185450.701309393    ,전남광주통합특별시 나주시 남평읍 교원리 ***-** B-*호,2021-07-21 17:55:47
5795000,579500001320210003,2021-07-02,,영업/정상,,,,,22,,58228,진스텍,I,000,2026-07-01 12:13:46,"전남광주통합특별시 나주시 남평읍 원촌길 *, c동 *호",정상,0000,01,,185450.701309393    ,185450.701309393    ,전남광주통합특별시 나주시 남평읍 교원리 ***-** ,2021-07-05 09:48:14
5795000,579500001320210004,2021-07-08,,영업/정상,,,,,22,,58228,유테크,I,000,2026-07-01 12:13:46,"전남광주통합특별시 나주시 남평읍 원촌길 *, B-*호",정상,0000,01,,185450.701309393    ,185450.701309393    ,전남광주통합특별시 나주시 남평읍 교원리 ***-** ,2021-07-08 11:10:31
5795000,579500001320210005,2021-08-05,,영업/정상,,,,,84.52,,58228,우성하이텍,I,000,2026-07-01 12:13:46,"전남광주통합특별시 나주시 남평읍 원촌길 *, A-*호",정상,0000,01,,185450.701309393    ,185450.701309393    ,전남광주통합특별시 나주시 남평읍 교원리 ***-** A-*호,2021-08-05 19:05:11
5795000,579500001320210006,2021-11-26,,폐업,2024-04-05,,,,84.52,,58228,청도상사,I,000,2026-07-01 12:13:46,"전남광주통합특별시 나주시 남평읍 원촌길 *, A-*호",폐업,0002,03,,185450.701309393    ,185450.701309393    ,전남광주통합특별시 나주시 남평읍 교원리 ***-** A-*호,2024-04-05 14:12:07
5795000,579500001320230002,2023-11-02,,영업/정상,,,,,15.84,,58214,주식회사 진바이오,I,000,2026-07-01 12:13:46,전남광주통합특별시 나주시 산포면 산포로 ***,정상,0000,01,0613310833,182037.531794674    ,182037.531794674    ,전남광주통합특별시 나주시 산포면 매성리 ***-* 혁신공인중개사 ,2023-11-02 12:49:59
5795000,579500001320230001,2023-08-23,,영업/정상,,,,,,,58217,견생냥품 무인24시 나주혁신도시점,I,000,2026-07-01 12:13:46,"전남광주통합특별시 나주시 우정로 ***, 토담스타타워 B동 ***호 (빛가람동)",정상,0000,01,,180922.70915539     ,180922.70915539     ,전남광주통합특별시 나주시 빛가람동 ***-* ,2023-08-23 09:44:09
5795000,579500001320220003,2022-12-02,,영업/정상,,,,,,,58205,아이리스,I,000,2026-07-01 12:13:46,"전남광주통합특별시 나주시 노안면 이슬촌길 **, *층",정상,0000,01,,171205.004491427    ,171205.004491427    ,전남광주통합특별시 나주시 노안면 양천리 ***-* ,2023-09-04 13:23:28
5795000,579500001320220002,2022-07-04,,폐업,2022-12-19,,,,5502.13,,58217,(주)이마트에브리데이 나주빛가람점,I,L00,2026-07-01 12:13:46,"전남광주통합특별시 나주시 상야*길 **, 킹덤프라자 D동 ***호 (빛가람동)",폐업,0002,03,,180527.043994998    ,180527.043994998    ,전남광주통합특별시 나주시 빛가람동 ***-* 킹덤프라자 D동 ***호,2022-12-19 15:33:32
5795000,579500001320220001,2022-05-31,,폐업,2023-12-04,,,,2283.66,,58329,(주)이마트에브리데이 나주혁신점,I,L00,2026-07-01 12:13:46,"전남광주통합특별시 나주시 그린로 ***, 이마트에브리데이 (빛가람동)",폐업,0002,03,0618207005,180615.671590246    ,180615.671590246    ,전남광주통합특별시 나주시 빛가람동 ***-* 이마트에브리데이 ,2023-12-04 16:29:49
5795000,579500001320150001,2015-12-16,,영업/정상,,,,,,,58257,신진팜,I,000,2026-07-01 12:13:46,전남광주통합특별시 나주시 금성길 **-* (중앙동),정상,0000,01,,174160.881979548    ,174160.881979548    ,전남광주통합특별시 나주시 중앙동 **-** ,2015-12-16 16:46:59
5800000,580000001320220001,2022-05-16,,영업/정상,,,,,,,57793,광양점 홈플러스,I,L00,2026-07-01 12:28:02,"전남광주통합특별시 광양시 항만**로 **, 홈플러스 광양점 (중동)",정상,0000,01,0617608000,,,서울특별시 강서구 등촌동 ****-* 홈플러스 광양점 ,2024-02-22 14:48:35
5800000,580000001320190001,2019-11-11,,영업/정상,,,,,99.35,,57724,(주) 그린에스엔티,I,L00,2026-07-01 12:28:02,전남광주통합특별시 광양시 도촌길 *-** (광영동),정상,0000,01,0617913863,,,전남광주통합특별시 광양시 광영동 ***-* ,2019-11-11 16:47:55
5800000,580000001320180001,2018-08-31,,영업/정상,,,,,79,,57743,요셉동물병원,I,000,2026-07-01 12:28:02,전남광주통합특별시 광양시 광양읍 칠성로 **,정상,0000,01,0617637582,253500.083786814    ,253500.083786814    ,전남광주통합특별시 광양시 광양읍 칠성리 ***-* ,2018-09-03 15:03:46
5805000,580500001320240002,2024-06-10,,영업/정상,,,,,10,,61446,엠제이컴퍼니,I,000,2026-07-01 10:31:12,"전남광주통합특별시 동구 무등로 ***, *층 ***호 (산수동, 무등파크맨션)",정상,0000,01,,194428.547005557    ,194428.547005557    ,전남광주통합특별시 동구 산수동 **-* 무등파크맨션 ,2024-06-10 16:22:37
5805000,580500001320200002,2020-12-09,,취소/말소/만료/정지/중지,,,,,,,61436,주식회사 알파도,I,L00,2026-07-01 10:31:12,"전남광주통합특별시 동구 동계천로 ***, I-PLEX 광주 *층 ***호 (동명동)",행정처분,0003,04,,193161.301078       ,193161.301078       ,전남광주통합특별시 동구 동명동 ***-** I-PLEX 광주 ,2026-01-14 16:02:28
5805000,580500001320220001,2022-05-16,,폐업,2024-12-07,,,,,,61419,홈플러스 광주계림점,I,L00,2026-07-01 10:31:12,"전남광주통합특별시 동구 무등로 ***, 홈플러스 광주계림점 (계림동)",폐업,0002,03,0626168048,,,서울특별시 강서구 등촌동 ***-*** 홈플러스 광주계림점 ,2024-12-24 08:59:29
5805000,580500001320220002,2022-05-25,,영업/정상,,,,,65.41,,61506,에스제이 엠텍,I,000,2026-07-01 10:31:12,전남광주통합특별시 동구 천변좌로***번길 **-*(소태동),정상,0000,01,,193378.197668068    ,193378.197668068    ,전남광주통합특별시 동구 소태동 *** ,2022-05-25 08:54:16
5805000,580500001320220003,2022-07-27,,영업/정상,,,,,198,,61418,주식회사진성에스엠알,I,L00,2026-07-01 10:31:12,전남광주통합특별시 동구 무등로 ***(산수동),정상,0000,01,0626727631,193551.090994909    ,193551.090994909    ,전남광주통합특별시 동구 산수동 ***-* ,2022-07-27 18:54:34
5805000,580500001320240001,2024-06-10,,영업/정상,,,,,10,,61446,유진컴퍼니,I,000,2026-07-01 10:31:12,"전남광주통합특별시 동구 무등로 ***, *층 ***호 (산수동, 무등파크맨션)",정상,0000,01,,194428.547005557    ,194428.547005557    ,전남광주통합특별시 동구 산수동 **-* 무등파크맨션 ,2024-06-10 16:18:44
5805000,580500001320210001,2021-03-03,,영업/정상,,,,,,,61473,(주)프로진,I,000,2026-07-01 10:31:12,전남광주통합특별시 동구 제봉로 *** (대인동),정상,0000,01,0623627766,192228.020838871    ,192228.020838871    ,전남광주통합특별시 동구 대인동 **-* ,2021-03-03 14:24:43
5805000,580500001320210002,2021-04-29,,영업/정상,,,,,0,,61405,(주)동아하이-택,I,L00,2026-07-01 10:31:12,전남광주통합특별시 동구 필문대로 ***(계림동),정상,0000,01,0625312701,193532.30608951     ,193532.30608951     ,전남광주통합특별시 동구 계림동 **** ,2022-05-17 14:06:00
5805000,580500001320240003,2024-06-11,,영업/정상,,,,,33,,61487,나우프린팅,I,000,2026-07-01 10:31:12,전남광주통합특별시 동구 문화전당로**번길 * (남동),정상,0000,01,,192523.984333333    ,192523.984333333    ,전남광주통합특별시 동구 남동 ***-* ,2025-12-04 14:07:03
5805000,580500001320200001,2020-08-03,,폐업,2022-08-03,,,,,,61478,벨로젠,I,000,2026-07-01 10:31:12,"전남광주통합특별시 동구 천변우로 ***, 제일오피스텔빌딩 ***호 (수기동)",폐업,0002,03,0624161515,191696.411285266    ,191696.411285266    ,전남광주통합특별시 동구 수기동 **-* 제일오피스텔빌딩 ,2022-08-04 09:16:54
5810000,581000001320240001,2024-01-31,,영업/정상,,,,,,,61905,클리어하우스,I,000,2026-07-01 10:41:56,"전남광주통합특별시 서구 유림로**번길 **, *층 (쌍촌동)",정상,0000,01,,187308.591579574    ,187308.591579574    ,전남광주통합특별시 서구 쌍촌동 **** ,2024-01-31 15:19:17
5810000,581000001320140001,2014-02-03,,영업/정상,,,,,,,62022,주식회사 모드셀,I,L00,2026-07-01 10:41:56,전남광주통합특별시 서구 풍금로 ** (금호동),정상,0000,01,,187122.391728883    ,187122.391728883    ,전남광주통합특별시 서구 금호동 ***-* ,2014-02-03 11:54:11
5810000,581000001320240003,2024-08-01,,영업/정상,,,,,,,61901,삼성메디칼,I,000,2026-07-01 10:41:56,"전남광주통합특별시 서구 유덕로*번길 **, *층 (유촌동)",정상,0000,01,0623726770,186655.829213168    ,186655.829213168    ,전남광주통합특별시 서구 유촌동 ***-* ,2024-08-01 13:56:20
5810000,581000001320240002,2024-07-19,,영업/정상,,,,,,,61901,주식회사 삼일티엔씨,I,L00,2026-07-01 10:41:56,전남광주통합특별시 서구 유덕로*번길 ** (유촌동),정상,0000,01,0625226770,186655.829213168    ,186655.829213168    ,전남광주통합특별시 서구 유촌동 ***-* ,2024-07-19 14:08:14
5810000,581000001320220002,2022-07-22,,영업/정상,,,,,98,,61927,비티랩,I,000,2026-07-01 10:41:56,전남광주통합특별시 서구 대남대로 ***-*(농성동),정상,0000,01,0625290772,189652.395397227    ,189652.395397227    ,전남광주통합특별시 서구 농성동 ***-** ,2026-05-13 10:01:47
5810000,581000001320220001,2022-04-04,,영업/정상,,,,,95,,61992,제국리버티 주식회사,I,L00,2026-07-01 10:41:56,"전남광주통합특별시 서구 쌍촌로 **, *층 (쌍촌동)",정상,0000,01,,187592.582697934    ,187592.582697934    ,전남광주통합특별시 서구 쌍촌동 ***-** ,2022-04-04 10:27:09
5810000,581000001320190001,2019-05-10,,영업/정상,,,,,145.01,,61911,(주)제노필,I,L00,2026-07-01 10:41:56,"전남광주통합특별시 서구 상무버들로**번길 *, *층 (유촌동)",정상,0000,01,0623835816,186926.642027766    ,186926.642027766    ,전남광주통합특별시 서구 유촌동 ***-* *층 ,2019-05-10 10:55:37
5810000,581000001320190002,2019-05-10,,영업/정상,,,,,145.01,,61944,(주)제노필,I,L00,2026-07-01 10:41:56,전남광주통합특별시 서구 시청서편로**번길 ** (치평동),정상,0000,01,0623835816,186007.702126962    ,186007.702126962    ,전남광주통합특별시 서구 치평동 ****-** ,2021-05-03 17:43:25
5810000,581000001320200001,2020-01-31,,영업/정상,,,,,99.17,,62048,롯데쇼핑(주)롯데마트 광주점,I,L00,2026-07-01 10:41:56,"전남광주통합특별시 서구 금화로 ***, 롯데마트 월드컵점 *층 (풍암동)",정상,0000,01,0626102500,188791.275961965    ,188791.275961965    ,"전남광주통합특별시 서구 풍암동 ***-* 롯데마트 월드컵점, *층 ",2020-01-31 15:04:46
5810000,581000001320200002,2020-01-31,,영업/정상,,,,,99.17,,62048,롯데쇼핑(주)롯데마트 광주점,I,000,2026-07-01 10:41:56,"전남광주통합특별시 서구 금화로 ***, 롯데마트 월드컵점 *층 (풍암동)",정상,0000,01,0626102500,188791.275961965    ,188791.275961965    ,"전남광주통합특별시 서구 풍암동 ***-* 롯데마트 월드컵점, *층 ",2020-01-31 15:06:33
5810000,581000001320200003,2020-01-31,,영업/정상,,,,,99.17,,62048,롯데쇼핑(주)롯데마트 광주점,I,L00,2026-07-01 10:41:56,"전남광주통합특별시 서구 금화로 ***, 롯데마트 월드컵점 *층 (풍암동)",정상,0000,01,0626102500,,,"전남광주통합특별시 서구 치평동 ***-* 롯데마트 월드컵점, *층 ",2026-04-29 09:20:58
5815000,581500001320210003,2021-11-19,,폐업,2022-04-29,,,,,,61742,주식회사 지케이정보통신,I,L00,2026-07-01 10:44:56,"전남광주통합특별시 남구 서문대로***번길 *, 상가비동 *층 ***호 (송하동, 삼익아파트)",폐업,0002,03,0626722777,190287.406535711    ,190287.406535711    ,전남광주통합특별시 남구 송하동 **-* 삼익아파트 ,2022-04-29 14:49:19
5815000,581500001320210002,2021-04-27,,영업/정상,,,,,,,61665,씨앤디메디텍,I,000,2026-07-01 10:44:56,"전남광주통합특별시 남구 봉선중앙로***번길 **, *층 (방림동)",정상,0000,01,,192023.368802116    ,192023.368802116    ,전남광주통합특별시 남구 방림동 ***-** ,2021-04-27 15:36:13
5815000,581500001320210001,2021-01-20,,폐업,2021-01-21,,,,,,61626,주식회사 프로진,I,000,2026-07-01 10:44:56,"전남광주통합특별시 남구 월산로 ***, RXOtower *층 (월산동)",폐업,0002,03,07051800751,190446.01602381     ,190446.01602381     ,전남광주통합특별시 남구 월산동 ***-* *층 ,2021-01-21 17:33:01
5815000,581500001320220001,2022-05-19,,영업/정상,,,,,,,61729,이룸바이오,I,000,2026-07-01 10:44:56,"전남광주통합특별시 남구 회재로 ****-*, 호반베르디움*차아파트 상가동 ***호 (주월동)",정상,0000,01,,189882.933497392    ,189882.933497392    ,전남광주통합특별시 남구 주월동 *** 호반베르디움*차아파트 ,2022-05-19 15:26:20
5815000,581500001320230001,2023-07-05,,영업/정상,,,,,258.78,,61660,한걸음 더 보조기,I,000,2026-07-01 10:44:56,"전남광주통합특별시 남구 백양로 **, *층 (백운동)",정상,0000,01,,191100.442872996    ,191100.442872996    ,전남광주통합특별시 남구 백운동 ***-** *층 ,2026-01-09 15:43:20
5820000,582000001320190002,2019-04-10,,영업/정상,,,,,258,,61234,(주)광주과학,I,L00,2026-07-01 11:23:45,"전남광주통합특별시 북구 무등로***번길 **, *층 (중흥동)",정상,0000,01,0625251155,191863.611072039    ,191863.611072039    ,전남광주통합특별시 북구 중흥동 ***-* ,2019-04-10 12:45:21
5820000,582000001320190003,2019-04-29,,영업/정상,,,,,,,61228,(주)엘비텍,I,L00,2026-07-01 11:23:45,전남광주통합특별시 북구 독립로***번길 ** (중흥동),정상,0000,01,,192180.757787027    ,192180.757787027    ,전남광주통합특별시 북구 중흥동 ***-* ,2019-04-29 09:32:36
5820000,582000001320190004,2019-08-02,,영업/정상,,,,,108,,61156,무진과학,I,000,2026-07-01 11:23:45,"전남광주통합특별시 북구 참판로 ***, *층 (두암동)",정상,0000,01,0625278635,193872.393374834    ,193872.393374834    ,전남광주통합특별시 북구 두암동 ***-** ,2019-08-02 18:08:20
5820000,582000001320190005,2019-08-19,,영업/정상,,,,,0,,61155,(주)서린사이언스,I,L00,2026-07-01 11:23:45,전남광주통합특별시 북구 삼정로***번길 ** (두암동),정상,0000,01,0622650071,194058.84029439     ,194058.84029439     ,전남광주통합특별시 북구 두암동 ** ,2023-09-12 10:06:33
5820000,582000001320210001,2021-03-02,,영업/정상,,,,,,,61228,휴랩,I,000,2026-07-01 11:23:45,"전남광주통합특별시 북구 독립로***번길 **, ***호 (중흥동)",정상,0000,01,,192180.757787027    ,192180.757787027    ,전남광주통합특별시 북구 중흥동 ***-* ,2021-03-02 16:00:21
5820000,582000001320210002,2021-04-16,,영업/정상,,,,,,,61228,지미테크,I,000,2026-07-01 11:23:45,"전남광주통합특별시 북구 독립로***번길 **, ***호 (중흥동)",정상,0000,01,,192180.757787027    ,192180.757787027    ,전남광주통합특별시 북구 중흥동 ***-* ,2023-12-15 11:17:20
5820000,582000001320210003,2021-05-03,,영업/정상,,,,,,,61234,케이비젠,I,000,2026-07-01 11:23:45,"전남광주통합특별시 북구 무등로***번길 **, ***호 (중흥동)",정상,0000,01,,191863.611072039    ,191863.611072039    ,전남광주통합특별시 북구 중흥동 ***-* ,2021-05-17 14:34:53
5820000,582000001320210004,2021-09-09,,영업/정상,,,,,,,61050,야옹아 멍멍해봐 삼각점,I,000,2026-07-01 11:23:45,전남광주통합특별시 북구 설죽로 ***-*(삼각동),정상,0000,01,0624008665,190849.666718823    ,190849.666718823    ,전남광주통합특별시 북구 삼각동 ***-* ,2021-09-09 08:52:10
5820000,582000001320210005,2021-12-23,,영업/정상,,,,,,,61050,주식회사 이코랩,I,000,2026-07-01 11:23:45,전남광주통합특별시 북구 우치로***번길 *(삼각동),정상,0000,01,,191058.053344485    ,191058.053344485    ,전남광주통합특별시 북구 삼각동 ***-* ,2021-12-23 13:02:41
5820000,582000001320220001,2022-05-04,,영업/정상,,,,,,,61270,주식회사 지케이정보통신,I,000,2026-07-01 11:23:46,"전남광주통합특별시 북구 동운로 **-*, *층 (동림동)",정상,0000,01,,187084.923719513    ,187084.923719513    ,전남광주통합특별시 북구 동림동 ***-* ,2022-05-04 20:22:49
5820000,582000001320220002,2022-05-04,,영업/정상,,,,,,,61270,주식회사 지케이정보통신,I,L00,2026-07-01 11:23:46,"전남광주통합특별시 북구 동운로 **-*, *층 (동림동)",정상,0000,01,,187084.923719513    ,187084.923719513    ,전남광주통합특별시 북구 동림동 ***-* ,2022-05-04 20:07:11
5820000,582000001320220003,2022-05-04,,영업/정상,,,,,,,61270,주식회사 지케이정보통신,I,000,2026-07-01 11:23:46,"전남광주통합특별시 북구 동운로 **-*, *층 (동림동)",정상,0000,01,,187084.923719513    ,187084.923719513    ,전남광주통합특별시 북구 동림동 ***-* ,2022-05-04 20:07:23
5820000,582000001320220004,2022-05-04,,영업/정상,,,,,,,61270,주식회사 지케이정보통신,I,000,2026-07-01 11:23:46,"전남광주통합특별시 북구 동운로 **-*, *층 (동림동)",정상,0000,01,,187084.923719513    ,187084.923719513    ,전남광주통합특별시 북구 동림동 ***-* ,2022-05-04 20:07:30
5820000,582000001320220005,2022-05-13,,영업/정상,,,,,,,61165,홈플러스 동광주점,I,L00,2026-07-01 11:23:46,"전남광주통합특별시 북구 동문대로 ***, 홈플러스 동광주점 지하*층 (두암동)",정상,0000,01,0626168015,193592.366836384    ,193592.366836384    ,전남광주통합특별시 북구 두암동 ***-* 삼성홈플러스 ,2024-02-21 18:05:35
5820000,582000001320220006,2022-05-19,,폐업,2023-12-08,,,,,,61096,(주)이마트에브리데이 동림동점,I,L00,2026-07-01 11:23:46,전남광주통합특별시 북구 북문대로***번길 *(동림동),폐업,0002,03,0625126884,187678.757472164    ,187678.757472164    ,전남광주통합특별시 북구 동림동 ****-* ,2023-12-08 17:06:32
5820000,582000001320220007,2022-05-23,,폐업,2023-11-21,,,,,,61040,(주)이마트에브리데이 일곡동점,I,L00,2026-07-01 11:23:46,전남광주통합특별시 북구 설죽로 ***-*(일곡동),폐업,0002,03,0625747632,190564.274075557    ,190564.274075557    ,전남광주통합특별시 북구 일곡동 ***-* ,2023-11-21 09:29:49
5820000,582000001320220008,2022-05-30,,영업/정상,,,,,,,61089,첨단의지제작소,I,000,2026-07-01 11:23:46,"전남광주통합특별시 북구 첨단연신로 **, ***호 (연제동)",정상,0000,01,,187459.108435329    ,187459.108435329    ,전남광주통합특별시 북구 연제동 **** ,2022-05-30 13:32:33
5820000,582000001320230001,2023-04-24,,영업/정상,,,,,,,61273,폴리파크 광주 동림점,I,000,2026-07-01 11:23:46,"전남광주통합특별시 북구 하남대로 ***, *층 (동림동)",정상,0000,01,0625222700,187708.711339768    ,187708.711339768    ,전남광주통합특별시 북구 동림동 ***-* ,2023-04-24 17:19:12
5820000,582000001320230002,2023-10-27,,영업/정상,,,,,0,,61127,(주) 유노테크,I,000,2026-07-01 11:23:46,전남광주통합특별시 북구 부남길**번길 ** (문흥동),정상,0000,01,0622662825,193195.479150061    ,193195.479150061    ,전남광주통합특별시 북구 문흥동 ***-** ,2023-10-30 12:20:18
5820000,582000001320240001,2024-01-09,,영업/정상,,,,,0,,61011,헬로댕구르,I,000,2026-07-01 11:23:46,"전남광주통합특별시 북구 첨단과기로***번길 **-**, 애플지식센타 (오룡동)",정상,0000,01,,186439.275891372    ,186439.275891372    ,전남광주통합특별시 북구 오룡동 ****-** 애플지식센타 그린A동 *호,2024-01-09 10:06:06
5820000,582000001320240002,2024-02-06,,영업/정상,,,,,,,61127,테피티,I,000,2026-07-01 11:23:46,"전남광주통합특별시 북구 부남길**번길 **, *층 ***호 (문흥동)",정상,0000,01,0627194232,193195.479150061    ,193195.479150061    ,전남광주통합특별시 북구 문흥동 ***-** *층 ***호,2024-02-15 10:01:56
5820000,582000001320240003,2024-06-10,,영업/정상,,,,,60,,61020,한수과학,I,000,2026-07-01 11:23:46,"전남광주통합특별시 북구 본촌택지로**번길 **, ***호 (본촌동)",정상,0000,01,0625275945,188938.659663354    ,188938.659663354    ,전남광주통합특별시 북구 본촌동 **** ***호,2024-06-10 09:51:02
5820000,582000001320240004,2024-07-26,,영업/정상,,,,,115,,61057,(주)한독사이언스,I,L00,2026-07-01 11:23:46,"전남광주통합특별시 북구 설죽로***번길 **-*, *층 (삼각동)",정상,0000,01,0625731887,190670.821109358    ,190670.821109358    ,전남광주통합특별시 북구 삼각동 ***-* ,2024-07-26 13:07:55
5820000,582000001320250001,2025-06-25,,영업/정상,,,,,,,61181,삼우,I,000,2026-07-01 11:23:46,"전남광주통합특별시 북구 반룡로*번길 **, *층 (용봉동)",정상,0000,01,,190897.945997803    ,190897.945997803    ,전남광주통합특별시 북구 용봉동 ****-** ,2025-06-25 10:57:22
5820000,582000001320250002,2025-10-10,,영업/정상,,,,,0,,61022,(주)우수헬스케어,I,L00,2026-07-01 11:23:46,"전남광주통합특별시 북구 상촌로**번길 **-*, *층 (양산동)",정상,0000,01,0625763945,188860.037210577    ,188860.037210577    ,전남광주통합특별시 북구 양산동 ***-** ,2025-10-10 19:55:40
5820000,582000001320250003,2025-11-28,,영업/정상,,,,,,,61109,광주 반려동물용품 위글리 펫 용봉점,I,000,2026-07-01 11:23:46,"전남광주통합특별시 북구 비엔날레로 **, 용봉동 금호아파트 ***동 *층 (용봉동)",정상,0000,01,,189943.672458477    ,189943.672458477    ,전남광주통합특별시 북구 용봉동 ****-* 용봉동 금호아파트 ,2025-11-28 16:46:10
5820000,582000001320260001,2026-04-20,,영업/정상,,,,,,,61250,선률사이언스,I,000,2026-07-01 11:23:46,"전남광주통합특별시 북구 중흥로**번길 *-*, ***호 (신안동)",정상,0000,01,,191084.349421373    ,191084.349421373    ,전남광주통합특별시 북구 신안동 ***-* ,2026-04-20 11:24:05
5820000,582000001320120001,2012-01-18,,폐업,2021-12-30,,,,50,,61207,(주)천우의료기상사,I,L00,2026-07-01 11:23:45,전남광주통합특별시 북구 향토문화로 **-* (중흥동),폐업,0002,03,,192146.340318347    ,192146.340318347    ,전남광주통합특별시 북구 중흥동 ***-** ,2021-12-30 15:42:29
5820000,582000001320130001,2013-03-29,,폐업,2014-03-26,,,,105.53,,61120,(주)모드셀,I,L00,2026-07-01 11:23:45,"전남광주통합특별시 북구 우치로 ***, *층 (오치동)",폐업,0002,03,07074328001,191268.611858413    ,191268.611858413    ,전남광주통합특별시 북구 오치동 ***-** ,2014-03-27 18:14:00
5820000,582000001320140001,2014-11-26,,영업/정상,,,,,,,61244,(유) 금강티에스,I,L00,2026-07-01 11:23:45,전남광주통합특별시 북구 태봉로 **-* (임동),정상,0000,01,0625147224,191120.420030082    ,191120.420030082    ,전남광주통합특별시 북구 임동 *-** ,2014-11-26 11:13:07
5820000,582000001320160001,2016-11-09,,영업/정상,,,,,0,,61224,무등헬스케어,I,000,2026-07-01 11:23:45,전남광주통합특별시 북구 서암대로***번길 ** (신안동),정상,0000,01,,,,,2017-07-04 13:28:11
5820000,582000001320190001,2019-04-05,,영업/정상,,,,,99,,61273,(주)영재과학,I,L00,2026-07-01 11:23:45,"전남광주통합특별시 북구 하남대로 ***, C동 *층 (동림동)",정상,0000,01,0622610973,187736.940454861    ,187736.940454861    ,전남광주통합특별시 북구 동림동 ***-* ,2019-04-05 17:17:06
5825000,582500001320100001,2010-11-25,,영업/정상,,,,,0,,62293,(주)젬스메디컬(호남지점),I,L00,2026-07-01 10:17:31,"전남광주통합특별시 광산구 신창로 **, *층 ***호 (신창동)",정상,0000,01,0629627321,185108.012090814    ,185108.012090814    ,전남광주통합특별시 광산구 신창동 ****-* ,2017-12-26 17:56:03
5825000,582500001320180001,2018-06-26,,영업/정상,,,,,,,62267,두리바이오텍,I,000,2026-07-01 10:17:31,"전남광주통합특별시 광산구 첨단중앙로**번길 **, *층 (월계동)",정상,0000,01,0629715500,185409.340966465    ,185409.340966465    ,전남광주통합특별시 광산구 월계동 ***-* ,2018-06-26 17:19:00
5825000,582500001320260002,2026-05-20,,영업/정상,,,,,,,62244,성호테크,I,000,2026-07-01 10:17:32,"전남광주통합특별시 광산구 도천남길 **, 다동 (도천동)",정상,0000,01,0629549548,183494.946567441    ,183494.946567441    ,전남광주통합특별시 광산구 도천동 ***-* ,2026-05-20 15:50:52
5825000,582500001320260001,2026-03-25,,영업/정상,,,,,,,62265,리베온펫,I,000,2026-07-01 10:17:32,"전남광주통합특별시 광산구 첨단내촌로 **-**, *층 (월계동)",정상,0000,01,,185000.654334415    ,185000.654334415    ,전남광주통합특별시 광산구 월계동 ***-* ,2026-03-27 16:16:36
5825000,582500001320240003,2024-04-18,,영업/정상,,,,,66,,62267,멍냥창고,I,000,2026-07-01 10:17:32,전남광주통합특별시 광산구 첨단내촌로**번길 **-* (월계동),정상,0000,01,,185488.01           ,185488.01           ,전남광주통합특별시 광산구 월계동 ***-** ,2024-04-18 09:14:05
5825000,582500001320240002,2024-04-12,,영업/정상,,,,,24,,62428,우성사이언스,I,000,2026-07-01 10:17:32,"전남광주통합특별시 광산구 광산로 **-*, *층 ***호 (송정동)",정상,0000,01,0625145012,181415.705585085    ,181415.705585085    ,전남광주통합특별시 광산구 송정동 ***-* ,2024-04-12 13:13:45
5825000,582500001320180002,2018-07-26,,폐업,2020-06-15,,,,,,62298,뉴메딕스,I,000,2026-07-01 10:17:31,"전남광주통합특별시 광산구 수등로***번길 **, *층 ***호 (신가동)",폐업,0002,03,0629538704,184924.675869902    ,184924.675869902    ,전남광주통합특별시 광산구 신가동 ***-* ,2020-06-15 11:04:16
5825000,582500001320210001,2021-01-21,,폐업,2022-01-10,,,,,,62300,뉴바이오텍,I,000,2026-07-01 10:17:31,"전남광주통합특별시 광산구 목련로***번길 **-**, *층 (신가동)",폐업,0002,03,0629551901,184781.764261237    ,184781.764261237    ,전남광주통합특별시 광산구 신가동 ****-* ,2022-01-10 13:51:52
5825000,582500001320210002,2021-04-14,,영업/정상,,,,,,,62428,유원상사,I,000,2026-07-01 10:17:31,전남광주통합특별시 광산구 광산로 **-* (송정동),정상,0000,01,,181415.705585085    ,181415.705585085    ,전남광주통합특별시 광산구 송정동 ***-* ,2021-04-14 16:13:11
5825000,582500001320210003,2021-05-10,,영업/정상,,,,,,,62428,씨스텍,I,000,2026-07-01 10:17:31,"전남광주통합특별시 광산구 광산로 **-*, ***호 (송정동)",정상,0000,01,07044898912,181415.705585085    ,181415.705585085    ,전남광주통합특별시 광산구 송정동 ***-* ,2023-12-15 11:20:45
5825000,582500001320220001,2022-01-10,,영업/정상,,,,,,,62300,유한회사 뉴바이오텍,I,L00,2026-07-01 10:17:31,"전남광주통합특별시 광산구 목련로***번길 **-**, *층 (신가동)",정상,0000,01,0629551901,184781.764261237    ,184781.764261237    ,전남광주통합특별시 광산구 신가동 ****-* ,2022-01-10 13:13:07
5825000,582500001320220002,2022-01-24,,영업/정상,,,,,,,62308,유한회사 셀랙트,I,L00,2026-07-01 10:17:31,"전남광주통합특별시 광산구 수완로*번길 **-**, 해오름 *층 (신가동)",정상,0000,01,,184179.698923743    ,184179.698923743    ,전남광주통합특별시 광산구 신가동 **** 해오름 ,2022-01-24 17:50:12
5825000,582500001320220003,2022-05-16,,영업/정상,,,,,,,62331,홈플러스(주)광주하남점,I,L00,2026-07-01 10:17:31,전남광주통합특별시 광산구 용아로 ***(하남동),정상,0000,01,,,,서울특별시 강서구 등촌동 *** ,2024-03-04 09:52:06
5825000,582500001320220004,2022-08-10,,영업/정상,,,,,,,62216,벨로젠,I,000,2026-07-01 10:17:32,"전남광주통합특별시 광산구 하남산단*번로 **, KBI 하남지식센터 지식동동 *층 ***호 (오선동)",정상,0000,01,,,,전남광주통합특별시 남구 백운동 ***-*** ,2023-09-21 17:00:20
5825000,582500001320230001,2023-02-10,,영업/정상,,,,,92,,62220,씨엔에스 주식회사,I,000,2026-07-01 10:17:32,"전남광주통합특별시 광산구 장덕로**번길 *-*, ***호 (장덕동)",정상,0000,01,0624308150,182997.602417866    ,182997.602417866    ,전남광주통합특별시 광산구 장덕동 **** ,2023-06-20 14:37:00
5825000,582500001320230002,2023-04-05,,폐업,2026-04-23,,,,33,,62434,선률사이언스,I,000,2026-07-01 10:17:32,"전남광주통합특별시 광산구 송정로 **, *층 (송정동)",폐업,0002,03,,181767.882774753    ,181767.882774753    ,전남광주통합특별시 광산구 송정동 ***-* ,2026-04-23 16:42:16
5825000,582500001320230003,2023-07-12,,영업/정상,,,,,179,,62275,주식회사 지바이오,I,L00,2026-07-01 10:17:32,"전남광주통합특별시 광산구 첨단중앙로***번길 **, *층 ***호 (쌍암동)",정상,0000,01,0622680851,186105.167632744    ,186105.167632744    ,전남광주통합특별시 광산구 쌍암동 ***-** ,2023-07-24 14:17:10
5825000,582500001320230004,2023-08-23,,폐업,2025-09-01,,,,32,,62401,견생냥품 광주선운점,I,000,2026-07-01 10:17:32,"전남광주통합특별시 광산구 선운중앙로 **, ***동 B***호 (선암동, 광주 선운지구 EG the* *단지)",폐업,0002,03,,179537.663948415    ,179537.663948415    ,전남광주통합특별시 광산구 선암동 *** 광주 선운지구 EG the* *단지 ,2026-01-30 13:31:54
5825000,582500001320240001,2024-04-12,,영업/정상,,,,,21,,62428,에스앤디,I,000,2026-07-01 10:17:32,"전남광주통합특별시 광산구 광산로 **-*, *층 ***호 (송정동)",정상,0000,01,,181415.705585085    ,181415.705585085    ,전남광주통합특별시 광산구 송정동 ***-* ,2024-04-12 13:09:28
5830000,583000001320210001,2021-02-03,,영업/정상,,,,,,,57347,한마음동물약품병원,I,000,2026-07-01 12:57:48,"전남광주통합특별시 담양군 담양읍 삼거리길 **, *층 ***호",정상,0000,01,,198592.102069893    ,198592.102069893    ,전남광주통합특별시 담양군 담양읍 백동리 **-* ***호,2022-02-11 10:51:37
5830000,583000001320200001,2020-10-12,,폐업,2020-12-22,,,,63,,57345,담양동물병원,I,000,2026-07-01 12:57:48,전남광주통합특별시 담양군 담양읍 지침*길 **-**,폐업,0002,03,,198992.082272338    ,198992.082272338    ,전남광주통합특별시 담양군 담양읍 남산리 *** ,2020-12-22 16:50:54
5835000,583500001320140001,2014-09-22,,영업/정상,,,,,,,57541,동부가축약품,I,000,2026-07-01 12:59:16,전남광주통합특별시 곡성군 곡성읍 곡성로 ***,정상,0000,01,0613636288,226614.338993571    ,226614.338993571    ,전남광주통합특별시 곡성군 곡성읍 읍내리 ***-* ,2014-09-22 11:23:21
5835000,583500001320240001,2024-05-10,,영업/정상,,,,,165.28,,57542,파크테크,I,000,2026-07-01 12:59:16,"전남광주통합특별시 곡성군 곡성읍 군청로 **, *층 ***호",정상,0000,01,0613631661,226634.231740606    ,226634.231740606    ,전남광주통합특별시 곡성군 곡성읍 읍내리 ***-* ,2024-05-10 13:21:15
5835000,583500001320240002,2024-05-10,,영업/정상,,,,,165.28,,57542,티앤엠,I,000,2026-07-01 12:59:16,"전남광주통합특별시 곡성군 곡성읍 군청로 **, *층 ***호",정상,0000,01,0613631661,226634.231740606    ,226634.231740606    ,전남광주통합특별시 곡성군 곡성읍 읍내리 ***-* ,2024-05-10 13:24:15
5845000,584500001320150001,2015-04-03,,영업/정상,,,,,,,59540,드림동물약품,I,000,2026-07-01 13:00:58,전남광주통합특별시 고흥군 고흥읍 두원로 *,정상,0000,01,0618321628,,,,2015-04-03 13:35:21
5845000,584500001320220001,2022-05-18,,폐업,2023-12-18,,,,,,59535,(주)이마트에브리데이 고흥점,I,L00,2026-07-01 13:00:58,"전남광주통합특별시 고흥군 고흥읍 고흥로 ****, 이마트에브리데이",폐업,0002,03,0618321336,226646.574371401    ,226646.574371401    ,전남광주통합특별시 고흥군 고흥읍 남계리 *** 이마트에브리데이 ,2023-12-18 14:25:09
5850000,585000001320200001,2020-07-24,,영업/정상,,,,,33,,59435,엔바이오,I,000,2026-07-01 13:01:49,전남광주통합특별시 보성군 조성면 조성안심길 **,정상,0000,01,0613347234,220896.106121735    ,220896.106121735    ,전남광주통합특별시 보성군 조성면 우천리 *** ,2020-07-24 10:00:45
5855000,585500001320180002,2018-11-19,,영업/정상,,,,,,,58159,주식회사 마크젠,I,L00,2026-07-01 13:14:13,전남광주통합특별시 화순군 춘양면 변천길 ***,정상,0000,01,,193780.505413579    ,193780.505413579    ,전남광주통합특별시 화순군 춘양면 월평리 ***-* ,2018-11-19 15:09:12
5855000,585500001320200001,2020-02-05,,영업/정상,,,,,,,58113,진산산업,I,000,2026-07-01 13:14:13,전남광주통합특별시 화순군 화순읍 도내기길 *,정상,0000,01,,198810.855828477    ,198810.855828477    ,전남광주통합특별시 화순군 화순읍 훈리 **-* ,2020-02-05 15:01:01
5855000,585500001320210001,2021-01-20,,영업/정상,,,,,337.95,,58126,진(GENE)21,I,000,2026-07-01 13:14:13,전남광주통합특별시 화순군 화순읍 일심*길 *-**,정상,0000,01,,199269.797509101    ,199269.797509101    ,전남광주통합특별시 화순군 화순읍 일심리 *** ***호 ,2021-01-20 09:56:14
5855000,585500001320180001,2018-05-21,,영업/정상,,,,,,,58126,아이비케이주식회사,I,000,2026-07-01 13:14:13,전남광주통합특별시 화순군 화순읍 일심*길 *-*,정상,0000,01,,199269.072514557    ,199269.072514557    ,전남광주통합특별시 화순군 화순읍 일심리 *** ,2018-05-21 10:08:57
5855000,585500001320220001,2022-07-27,,영업/정상,,,,,,,58118,주식회사 도원씨앤씨,I,L00,2026-07-01 13:14:13,전남광주통합특별시 화순군 화순읍 만연중앙길 **,정상,0000,01,0613711190,198853.904762819    ,198853.904762819    ,전남광주통합특별시 화순군 화순읍 만연리 *** ,2022-07-27 14:12:20
5855000,585500001320230001,2023-04-03,,영업/정상,,,,,,,58120,(주)엑시토인터내셔널,I,000,2026-07-01 13:14:13,"전남광주통합특별시 화순군 화순읍 자치샘로 **, ***호",정상,0000,01,0613738025,198469.633680739    ,198469.633680739    ,전남광주통합특별시 화순군 화순읍 교리 ***-** ***호,2023-04-03 11:10:18
5855000,585500001320230002,2023-04-03,,영업/정상,,,,,,,58120,메디레스큐,I,000,2026-07-01 13:14:13,"전남광주통합특별시 화순군 화순읍 자치샘로 **, ***호",정상,0000,01,0613722015,198469.633680739    ,198469.633680739    ,전남광주통합특별시 화순군 화순읍 교리 ***-** ***호,2023-04-03 11:15:40
5855000,585500001320240001,2024-01-22,,영업/정상,,,,,,,58136,주식회사 바이오로드,I,000,2026-07-01 13:14:13,"전남광주통합특별시 화순군 화순읍 덕촌길 **-*, 오픈오피스 데스크* ***호",정상,0000,01,07078434732,198709.126983146    ,198709.126983146    ,전남광주통합특별시 화순군 화순읍 광덕리 ***-* ,2024-01-22 14:52:02
5855000,585500001320250001,2025-05-20,,영업/정상,,,,,,,58141,제이셀(J.CELL),I,000,2026-07-01 13:14:13,전남광주통합특별시 화순군 능주면 백암*길 **,정상,0000,01,,196368.401128539    ,196368.401128539    ,전남광주통합특별시 화순군 능주면 백암리 *** ,2025-05-20 11:11:29
5855000,585500001320260001,2026-01-26,,영업/정상,,,,,,,58141,(주)박셀바이오,I,L00,2026-07-01 13:14:13,전남광주통합특별시 화순군 화순읍 산단길 **-*,정상,0000,01,0613730046,197052.421029982    ,197052.421029982    ,전남광주통합특별시 화순군 화순읍 감도리 *** ,2026-01-26 14:10:13
5860000,586000001320220001,2022-02-04,,영업/정상,,,,,,,59333,선경가축약품,I,000,2026-07-01 13:13:58,"전남광주통합특별시 장흥군 장흥읍 읍성로 **, 선경가축약품",정상,0000,01,0618645556,190302.805153856    ,190302.805153856    ,전남광주통합특별시 장흥군 장흥읍 남외리 ***-* ,2022-02-04 09:24:56
5870000,587000001320150001,2015-04-02,,영업/정상,,,,,,,59042,하나로동물약품,I,000,2026-07-01 13:17:47,전남광주통합특별시 해남군 해남읍 남부순환로 ***,정상,0000,01,0615366652,163085.165435154    ,163085.165435154    ,전남광주통합특별시 해남군 해남읍 고도리 ***-* ,2015-04-02 16:47:59
5870000,587000001320230001,2023-09-21,,영업/정상,,,,,,,59042,제이바이오,I,000,2026-07-01 13:17:47,"전남광주통합특별시 해남군 해남읍 남부순환로 ***, 황소타이루 *층",정상,0000,01,0615356653,163085.165435154    ,163085.165435154    ,전남광주통합특별시 해남군 해남읍 고도리 ***-* 황소타이루 ,2023-09-21 15:51:16
5875000,587500001319940001,1994-01-26,,영업/정상,,,,,0,,,시종동물병원,I,000,2026-07-01 13:32:13,전남광주통합특별시 영암군 시종면 내동중앙로 **,정상,0000,01,,164094.488209781    ,164094.488209781    ,전남광주통합특별시 영암군 시종면 만수리 ***-** ,2002-12-30 17:05:39
5875000,587500001320220001,2022-07-14,,폐업,2022-07-20,,,,,,58449,GS25 목포3함대점,I,000,2026-07-01 13:32:13,전남광주통합특별시 영암군 삼호읍 용당로 ***,폐업,0002,03,0614630920,144435.413643081    ,144435.413643081    ,전남광주통합특별시 영암군 삼호읍 용당리 ***-* ,2022-07-20 13:44:26
5875000,587500001319800001,1980-07-30,,영업/정상,,,,,0,,,밀알동물병원,I,000,2026-07-01 13:32:13,,정상,0000,01,,172653.287889797    ,172653.287889797    ,전남광주통합특별시 영암군 영암읍 남풍리 *** ,2002-12-30 16:49:06
5880000,588000001320220001,2022-05-10,,영업/정상,,,,,141.16,,58565,해선,I,000,2026-07-01 13:32:52,"전남광주통합특별시 무안군 삼향읍 삼향로 **, ***호",정상,0000,01,0612425164,149855.461668936    ,149855.461668936    ,전남광주통합특별시 무안군 삼향읍 임성리 *** ***호,2024-04-25 16:52:28
5880000,588000001320220002,2022-08-23,,폐업,2023-11-24,,,,676.15,,58581,(주)이마트에브리데이 무안오룡점,I,000,2026-07-01 13:32:52,"전남광주통합특별시 무안군 일로읍 오남로*길 *-*, ***,***호",폐업,0002,03,,152708.510181542    ,152708.510181542    ,전남광주통합특별시 무안군 일로읍 오룡리 ** ,2023-11-24 13:48:16
5880000,588000001320230001,2023-04-03,,영업/정상,,,,,,,58567,만능의료기,I,L00,2026-07-01 13:32:52,"전남광주통합특별시 무안군 삼향읍 남악*로 **, 제일프라자 ***호",정상,0000,01,0612732326,150578.818232649    ,150578.818232649    ,전남광주통합특별시 무안군 삼향읍 남악리 **** 제일프라자 ***호,2023-04-17 17:37:37
5885000,588500001320020001,2002-09-05,,폐업,2005-03-16,,,,0,,,청정가축약품,I,000,2026-07-01 13:32:48,,폐업,0002,03,,156506.051297911    ,156506.051297911    ,전남광주통합특별시 함평군 함평읍 기각리 ***-* ,2005-03-16 10:37:55
5885000,588500001320050001,2005-03-17,,영업/정상,,,,,61.69,,,청정동물약품,I,000,2026-07-01 13:32:48,,정상,0000,01,,,,전남광주통합특별시 함평군 함평읍 내교리 ***-**   ,2005-03-17 14:53:17
5890000,589000001320250001,2025-05-22,,영업/정상,,,,,39,,57044,유한회사 영광엠디,I,000,2026-07-01 13:33:04,"전남광주통합특별시 영광군 영광읍 천년로**길 **, *층",정상,0000,01,,155072.3665652      ,155072.3665652      ,전남광주통합특별시 영광군 영광읍 남천리 ***-* ,2025-05-22 13:02:43
5890000,589000001320250002,2025-05-22,,영업/정상,,,,,39,,57044,유한회사 가나,I,000,2026-07-01 13:33:04,"전남광주통합특별시 영광군 영광읍 천년로**길 **, *층",정상,0000,01,0613538737,155072.3665652      ,155072.3665652      ,전남광주통합특별시 영광군 영광읍 남천리 ***-* ,2025-05-22 13:03:52
5895000,589500001320180001,2018-07-24,,영업/정상,,,,,,,57244,엔케이텍,I,000,2026-07-01 13:53:58,전남광주통합특별시 장성군 진원면 노사로 ***,정상,0000,01,,184561.68846757     ,184561.68846757     ,전남광주통합특별시 장성군 진원면 선적리 ***-* ,2020-05-19 14:48:32
5895000,589500001320210001,2021-12-07,,영업/정상,,,,,,,57219,전남과학,I,000,2026-07-01 13:53:58,"전남광주통합특별시 장성군 장성읍 영천로 ***-*, *층",정상,0000,01,07087115945,180201.541311963    ,180201.541311963    ,전남광주통합특별시 장성군 장성읍 영천리 ****-* ,2021-12-07 14:03:04
5905000,590500001320150001,2015-01-12,,폐업,2017-09-26,,,,42.98,,58902,영아트 마이크로칩,I,000,2026-07-01 13:59:58,전남광주통합특별시 진도군 군내면 금골길 **,폐업,0002,03,,135000.164076165    ,135000.164076165    ,전남광주통합특별시 진도군 군내면 둔전리 *** ,2017-09-26 17:36:20
6510000,651000001319931001,1993-08-05,,영업/정상,,,,,0,,63029,제주양돈농협 동물병원 의료기기 판매장,I,000,2026-05-07 22:32:30,"제주특별자치도 제주시 한림읍 한림상로 ***-*, 지층",정상,0000,01,,131698.517212075    ,-9211.5029297033    ,제주특별자치도 제주시 한림읍 한림리 ***-* ,2020-05-08 10:20:30
6510000,651000001320220002,2022-02-08,,폐업,2022-02-10,,,,,,63242,지에스25제주난타파크점,I,000,2026-05-07 22:32:31,"제주특별자치도 제주시 선돌목동길 **-**, 호텔난타 *층 (오등동)",폐업,0002,03,,157858.570077978    ,-5539.15779446767   ,제주특별자치도 제주시 오등동 **-* ,2022-02-10 17:50:49
6510000,651000001320040001,2004-08-17,,영업/정상,,,,,0,,63147,고려동물약품,I,000,2026-05-07 22:32:30,제주특별자치도 제주시 오남로 *** (오라이동),정상,0000,01,,154738.253422485    ,-3437.23616901222   ,제주특별자치도 제주시 오라이동 ***-** ,2018-06-21 16:24:39
6510000,651000001320090001,2009-05-15,,영업/정상,,,,,75,,,중앙아이엔티제주대리점,I,000,2026-05-07 22:32:30,,정상,0000,01,,151440.43164092     ,-2083.75418359407   ,제주특별자치도 제주시 노형동 *** (한라대학로 **) ,2009-05-15 09:20:59
6510000,651000001320090002,2009-06-25,,영업/정상,,,,,0,,63124,씨제이넷주식회사,I,L00,2026-05-07 22:32:30,"제주특별자치도 제주시 신대로**길 **, 로얄쇼핑센타및오피스텔 (연동)",정상,0000,01,,152631.300292882    ,-753.971230180774   ,제주특별자치도 제주시 연동 ***-** 로얄쇼핑센타 및 오피스텔 ***호,2020-11-17 10:14:55
6510000,651000001320140001,2014-03-18,,영업/정상,,,,,,,63029,제주신도테크,I,000,2026-05-07 22:32:30,"제주특별자치도 제주시 한림읍 명랑로 **-*, *호",정상,0000,01,,131700.876526918    ,-8862.1102729081    ,제주특별자치도 제주시 한림읍 **** ,2017-09-06 10:21:31
6510000,651000001320150001,2015-08-24,,영업/정상,,,,,,,63030,농업회사법인(주)씨엔에프팜테크,I,L00,2026-05-07 22:32:30,제주특별자치도 제주시 한림읍 한림상로 ***,정상,0000,01,0647968545,131862.564172904    ,-8623.24297656502   ,제주특별자치도 제주시 한림읍 한림리 **** ,2016-12-02 10:48:37
6510000,651000001320180001,2018-04-17,,영업/정상,,,,,,,63129,양진비엘텍,I,000,2026-05-07 22:32:30,"제주특별자치도 제주시 신광로*길 **, 조성빌 ***호 (연동)",정상,0000,01,0647116243,152168.468587076    ,-724.356418922007   ,제주특별자치도 제주시 연동 ***-** ***호,2018-04-17 16:14:55
6510000,651000001320190001,2019-04-03,,영업/정상,,,,,,,63249,(주)켐바이오텍,I,000,2026-05-07 22:32:30,제주특별자치도 제주시 능선길 *** (아라이동),정상,0000,01,07082895545,,,제주특별자치도 제주시 아라이동 **-* ,2026-03-09 15:10:32
6510000,651000001320190002,2019-04-04,,영업/정상,,,,,,,63232,(주)셀피스,I,000,2026-05-07 22:32:30,"제주특별자치도 제주시 구남로 **, *층 (이도이동)",정상,0000,01,,156664.390414206    ,-583.856995405683   ,제주특별자치도 제주시 이도이동 ****-** ,2019-04-04 14:30:36
6510000,651000001320190003,2019-05-07,,영업/정상,,,,,,,63081,지사이언스,I,000,2026-05-07 22:32:30,"제주특별자치도 제주시 도령로 **, 한신오피스텔 ****호 (노형동)",정상,0000,01,07088000722,152029.527816865    ,-738.23680002545    ,제주특별자치도 제주시 노형동 ***-* 한신오피스텔 ,2019-05-07 13:09:48
6510000,651000001320190004,2019-06-03,,영업/정상,,,,,,,63242,한라바이오랩,I,L00,2026-05-07 22:32:30,"제주특별자치도 제주시 죽성서길 *-**, *층 (오등동)",정상,0000,01,,156668.829114421    ,-3832.71424591203   ,제주특별자치도 제주시 오라삼동 ***-* ,2023-01-17 17:16:33
6510000,651000001320190005,2019-07-04,,영업/정상,,,,,,,63065,동진비엘에스(BLS),I,000,2026-05-07 22:32:30,"제주특별자치도 제주시 애월읍 고성남*길 **-*, *층",정상,0000,01,0647394202,146513.315620304    ,-6937.72465299911   ,제주특별자치도 제주시 애월읍 고성리 **-* ,2019-07-04 14:03:50
6510000,651000001320190006,2019-09-19,,영업/정상,,,,,,,63309,엘케이사이언스 주식회사,I,L00,2026-05-07 22:32:30,"제주특별자치도 제주시 첨단로 ***-*, JDC스마트빌딩 (영평동)",정상,0000,01,0649013665,160179.219209535    ,-4648.71536911068   ,제주특별자치도 제주시 영평동 ****-* JDC스마트빌딩 비동 ***호,2019-09-19 11:42:20
6510000,651000001320190007,2019-09-19,,영업/정상,,,,,,,63309,엘케이사이언스 주식회사,I,000,2026-05-07 22:32:30,"제주특별자치도 제주시 첨단로 ***-*, JDC스마트빌딩 (영평동)",정상,0000,01,0649013665,160179.219209535    ,-4648.71536911068   ,제주특별자치도 제주시 영평동 ****-* JDC스마트빌딩 비동 ***호,2019-09-19 11:42:35
6510000,651000001320190009,2019-09-19,,영업/정상,,,,,,,63309,엘케이사이언스 주식회사,I,000,2026-05-07 22:32:30,"제주특별자치도 제주시 첨단로 ***-*, JDC스마트빌딩 비동 ***호 (영평동)",정상,0000,01,0649013665,160179.219209535    ,-4648.71536911068   ,제주특별자치도 제주시 영평동 ****-* JDC스마트빌딩 ,2019-09-19 16:54:40
6510000,651000001320190010,2019-09-19,,영업/정상,,,,,,,63309,엘케이사이언스 주식회사,I,000,2026-05-07 22:32:30,"제주특별자치도 제주시 첨단로 ***-*, JDC스마트빌딩 비동 ***호 (영평동)",정상,0000,01,0649013665,160179.219209535    ,-4648.71536911068   ,제주특별자치도 제주시 영평동 ****-* JDC스마트빌딩 ,2019-09-19 16:54:54
6510000,651000001320190011,2019-09-19,,영업/정상,,,,,,,63309,엘케이사이언스 주식회사,I,000,2026-05-07 22:32:30,"제주특별자치도 제주시 첨단로 ***-*, JDC스마트빌딩 비동 ***호 (영평동)",정상,0000,01,0649013665,160179.219209535    ,-4648.71536911068   ,제주특별자치도 제주시 영평동 ****-* JDC스마트빌딩 ,2019-09-19 16:55:49
6510000,651000001320190012,2019-09-20,,영업/정상,,,,,,,63309,엘케이사이언스 주식회사,I,L00,2026-05-07 22:32:30,"제주특별자치도 제주시 첨단로 ***-*, JDC스마트빌딩 비동 ***호 (영평동)",정상,0000,01,0649013665,160179.219209535    ,-4648.71536911068   ,제주특별자치도 제주시 영평동 ****-* JDC스마트빌딩 ,2019-09-20 18:02:11
6510000,651000001320190013,2019-09-20,,영업/정상,,,,,,,63309,엘케이사이언스 주식회사,I,000,2026-05-07 22:32:30,"제주특별자치도 제주시 첨단로 ***-*, JDC스마트빌딩 비동 ***호 (영평동)",정상,0000,01,0649013665,160179.219209535    ,-4648.71536911068   ,제주특별자치도 제주시 영평동 ****-* JDC스마트빌딩 ,2019-09-20 18:02:24
6510000,651000001320190014,2019-09-20,,영업/정상,,,,,,,63309,엘케이사이언스 주식회사,I,000,2026-05-07 22:32:30,"제주특별자치도 제주시 첨단로 ***-*, JDC스마트빌딩 비동 ***호 (영평동)",정상,0000,01,0649013665,160179.219209535    ,-4648.71536911068   ,제주특별자치도 제주시 영평동 ****-* JDC스마트빌딩 ,2019-09-20 18:04:26
6510000,651000001320190015,2020-01-09,,영업/정상,,,,,,,63309,엘케이사이언스 주식회사,I,L00,2026-05-07 22:32:30,"제주특별자치도 제주시 첨단로 ***-*, JDC스마트빌딩 비동 ***호 (영평동)",정상,0000,01,0649013665,160179.219209535    ,-4648.71536911068   ,제주특별자치도 제주시 영평동 ****-* JDC스마트빌딩 ,2020-01-13 09:42:16
6510000,651000001320190016,2019-12-31,,영업/정상,,,,,,,63126,폴리파크 제주연동점,I,000,2026-05-07 22:32:30,"제주특별자치도 제주시 도령로**길 *, *층 (연동)",정상,0000,01,0647113703,152434.693259961    ,-382.135772301832   ,제주특별자치도 제주시 연동 ****-** ,2019-12-31 16:56:51
6510000,651000001320200001,2020-03-12,,영업/정상,,,,,69.44,,63126,제주동물메디컬센터,I,000,2026-05-07 22:32:30,"제주특별자치도 제주시 성신로*길 **, ***호 (연동, 신우스위트빌)",정상,0000,01,,152335.537918505    ,-419.255239300272   ,제주특별자치도 제주시 연동 ****-* 신우스위트빌 ,2023-12-08 13:16:56
6510000,651000001320200002,2020-04-21,,영업/정상,,,,,,,63147,제이원솔루션,I,000,2026-05-07 22:32:30,"제주특별자치도 제주시 오남로 ***, *층 (오라이동)",정상,0000,01,0647225918,154738.253422485    ,-3437.23616901222   ,제주특별자치도 제주시 오라이동 ***-** ,2020-04-21 10:30:18
6510000,651000001320200003,2020-09-18,,영업/정상,,,,,,,63308,한라사료,I,000,2026-05-07 22:32:30,제주특별자치도 제주시 영강길 ***-** (영평동),정상,0000,01,,160539.12317338     ,-1290.48613153361   ,제주특별자치도 제주시 영평동 ***-* ,2020-09-18 10:15:16
6510000,651000001320200004,2020-10-21,,영업/정상,,,,,,,63108,(주)대진에스시아이,I,000,2026-05-07 22:32:30,"제주특별자치도 제주시 일주서로 ****, 지층 (이호일동)",정상,0000,01,0647136735,149518.100403885    ,58.6989323755874    ,제주특별자치도 제주시 이호일동 ***-* ,2020-10-21 08:53:29
6510000,651000001320210001,2021-06-14,,영업/정상,,,,,,,63331,제왕메딕스,I,000,2026-05-07 22:32:30,제주특별자치도 제주시 조천읍 조천*길 *,정상,0000,01,,166082.036453881    ,4416.54066004446    ,제주특별자치도 제주시 조천읍 조천리 **** ,2024-07-22 18:13:32
6510000,651000001320210002,2021-06-17,,영업/정상,,,,,,,63201,위드랩,I,000,2026-05-07 22:32:30,제주특별자치도 제주시 서광로**길 **-* (도남동),정상,0000,01,0647565822,155454.176384454    ,97.2080276125715    ,제주특별자치도 제주시 도남동 ***-* ,2021-06-17 20:43:47
6510000,651000001320210003,2021-06-25,,영업/정상,,,,,,,63134,알파케미칼,I,000,2026-05-07 22:32:30,"제주특별자치도 제주시 신대로 ***, 플라워몰빌딩 *층 M***호 (연동)",정상,0000,01,,153149.263543091    ,-1230.93969170856   ,제주특별자치도 제주시 연동 ***-** ,2021-06-25 09:27:53
6510000,651000001320210004,2021-07-02,,영업/정상,,,,,,,63153,미추홀메디텍,I,000,2026-05-07 22:32:31,제주특별자치도 제주시 서문로 **(용담일동),정상,0000,01,,155211.833474737    ,1891.23928543756    ,제주특별자치도 제주시 용담일동 ***-* ,2021-07-02 09:17:11
6510000,651000001320210005,2021-08-09,,영업/정상,,,,,59.4,,63147,제주싸이언스,I,000,2026-05-07 22:32:31,"제주특별자치도 제주시 정실동*길 *-*, *층 (오라이동)",정상,0000,01,0647020887,154854.991690294    ,-3313.11418672564   ,제주특별자치도 제주시 오라이동 ***-** ,2021-08-09 14:30:47
6510000,651000001320220001,2022-01-22,,영업/정상,,,,,,,63003,제이팜테크,I,000,2026-05-07 22:32:31,제주특별자치도 제주시 한경면 금등대안*길 **-*,정상,0000,01,,126626.948668691    ,-16635.9694100301   ,제주특별자치도 제주시 한경면 금등리 ***-* ,2022-01-22 13:01:23
6510000,651000001320220003,2022-03-06,,영업/정상,,,,,,,63195,조이메디랩,I,000,2026-05-07 22:32:31,"제주특별자치도 제주시 오현길 **, *층 (이도일동)",정상,0000,01,,155925.558874339    ,1414.10826245739    ,제주특별자치도 제주시 아라이동 ****-* ,2026-02-19 10:40:50
6510000,651000001320220004,2022-11-18,,영업/정상,,,,,,,63323,삼원캐슬폴리파크 제주 삼화점,I,000,2026-05-07 22:32:31,"제주특별자치도 제주시 건주로*길 *-*, 골드빌딩 *층 ***호 (도련일동)",정상,0000,01,,160893.863617276    ,2266.74799350785    ,제주특별자치도 제주시 도련일동 ****-* ,2022-11-18 08:47:32
6510000,651000001320230001,2023-02-02,,영업/정상,,,,,122.06,,63058,세인트원 주식회사,I,000,2026-05-07 22:32:31,"제주특별자치도 제주시 애월읍 광성로 ***, C동",정상,0000,01,,145971.490204526    ,-3945.32170832597   ,제주특별자치도 제주시 애월읍 고성리 ***-* C동 ,2023-02-02 08:20:23
6510000,651000001320230002,2023-03-29,,영업/정상,,,,,,,63134,제국아일랜드,I,000,2026-05-07 22:32:31,"제주특별자치도 제주시 신대로 ***, *층 (연동)",정상,0000,01,,153149.263543091    ,-1230.93969170856   ,제주특별자치도 제주시 연동 ***-** ,2023-03-29 14:50:24
6510000,651000001320230003,2023-07-10,,영업/정상,,,,,,,63211,더로하스,I,000,2026-05-07 22:32:31,"제주특별자치도 제주시 오복*길 **, ***호 (이도이동, 삼국빌라)",정상,0000,01,0647232333,156792.620082844    ,295.091712007813    ,제주특별자치도 제주시 이도이동 ****-* 삼국빌라 ,2023-07-10 10:26:49
6510000,651000001320240001,2024-03-25,,영업/정상,,,,,,,63084,주식회사 우정상사,I,L00,2026-05-07 22:32:31,"제주특별자치도 제주시 연북로 **, ****호 (노형동)",정상,0000,01,07046512888,151925.551460265    ,-1434.99968397933   ,제주특별자치도 제주시 노형동 ***-* ,2025-06-24 08:20:54
6510000,651000001320240002,2024-03-29,,영업/정상,,,,,,,63084,알파유통주식회사,I,000,2026-05-07 22:32:31,"제주특별자치도 제주시 연북로 **, ****호 (노형동)",정상,0000,01,,151925.551460265    ,-1434.99968397933   ,제주특별자치도 제주시 노형동 ***-* ****호,2024-03-29 13:28:45
6510000,651000001320240003,2024-04-02,,영업/정상,,,,,,,63054,에스에스코리아,I,000,2026-05-07 22:32:31,"제주특별자치도 제주시 애월읍 하귀*길 *, 제주모닝시티오피스텔 ***호",정상,0000,01,,145509.33445332     ,-946.051373231134   ,제주특별자치도 제주시 애월읍 하귀*리 ***-* 제주모닝시티오피스텔 ***호,2024-04-02 08:52:57
6510000,651000001320240004,2024-05-30,,영업/정상,,,,,,,63218,JPmedical,I,000,2026-05-07 22:32:31,"제주특별자치도 제주시 천수로*길 **, *층 ***호 (이도이동)",정상,0000,01,,157445.809335331    ,645.420140803863    ,제주특별자치도 제주시 이도이동 ***-** ,2024-05-30 22:48:06
6510000,651000001320240005,2024-09-13,,영업/정상,,,,,,,63234,에스엠비,I,000,2026-05-07 22:32:31,"제주특별자치도 제주시 원남*길 **, ***호 (도남동)",정상,0000,01,0649004608,156199.747177926    ,-1472.43036910893   ,제주특별자치도 제주시 도남동 ***-* ,2024-09-13 13:17:03
6510000,651000001320250001,2025-04-02,,영업/정상,,,,,,,63206,케엠에스바이오랩,I,000,2026-05-07 22:32:31,"제주특별자치도 제주시 신성로**길 *, *층 (이도이동)",정상,0000,01,,156278.31372342     ,97.4610148663028    ,제주특별자치도 제주시 이도이동 ****-** ,2025-04-02 17:46:11
6510000,651000001320250002,2025-06-18,,영업/정상,,,,,,,63083,탐나는스토어,I,000,2026-05-07 22:32:31,"제주특별자치도 제주시 ****로 ****, *동 ****호 (노형동, 인텔리전트한빛아파트)",정상,0000,01,,151517.269124226    ,-1153.04165055414   ,제주특별자치도 제주시 노형동 ****-* 인텔리전트한빛아파트 ,2025-06-18 14:06:20
6510000,651000001320250003,2025-08-18,,영업/정상,,,,,,,63097,신제주스포츠,I,000,2026-05-07 22:32:31,"제주특별자치도 제주시 다랑곶*길 **, 나동 *층 ***호 (노형동, 삼성주택)",정상,0000,01,0647127878,151439.654366175    ,-709.176204559367   ,제주특별자치도 제주시 노형동 ****-** 삼성주택 ,2025-08-18 08:50:53
6510000,651000001320250004,2025-09-08,,영업/정상,,,,,,,63151,바오산업,I,000,2026-05-07 22:32:31,제주특별자치도 제주시 용마로*길 ** (용담삼동),정상,0000,01,0647493642,154105.16298003     ,2080.10366120393    ,제주특별자치도 제주시 용담삼동 ***-** ,2025-09-08 08:24:09
6510000,651000001320250005,2025-09-16,,영업/정상,,,,,,,63125,첨단개발,I,000,2026-05-07 22:32:31,"제주특별자치도 제주시 신대로 **, ***호 (연동, 현일센츄럴파크뷰)",정상,0000,01,,153104.319511813    ,-491.213133448616   ,제주특별자치도 제주시 연동 ***-* 현일센츄럴파크뷰 ,2025-09-16 08:18:43
6510000,651000001320250006,2025-10-01,,영업/정상,,,,,,,63107,용광전기,I,000,2026-05-07 22:32:31,"제주특별자치도 제주시 노형로 ***, *층 (노형동)",정상,0000,01,0647118020,150317.381147225    ,-2069.95808686326   ,제주특별자치도 제주시 노형동 ****-* ,2025-10-01 07:19:59
6510000,651000001320250007,2025-10-01,,영업/정상,,,,,,,63107,유나전력 주식회사,I,L00,2026-05-07 22:32:31,"제주특별자치도 제주시 광평서길 **, *층 (노형동)",정상,0000,01,0647448020,150301.496663931    ,-2056.73986246788   ,제주특별자치도 제주시 노형동 ****-* ,2025-10-01 07:29:39
6510000,651000001320030001,2003-07-25,,영업/정상,,,,,0,,63147,(유)금성하이텍,I,L00,2026-05-07 22:32:30,제주특별자치도 제주시 정실동*길 *-* (오라이동),정상,0000,01,,154854.991690294    ,-3313.11418672564   ,제주특별자치도 제주시 오라이동 ***-** ,2020-11-17 08:45:40
6510000,651000001320060001,2006-10-30,,폐업,2009-04-01,,,,0,,,제주축산약품,I,000,2026-05-07 22:32:30,,폐업,0002,03,,,,제주특별자치도 제주시 이도이동 ****-**   ,2009-04-02 09:58:28
6520000,652000001320220001,2022-05-19,,영업/정상,,,,,,,63585,홈플러스 서귀포점,I,L00,2026-04-25 22:32:42,"제주특별자치도 서귀포시 중앙로 ***, 홈플러스서귀포점 (동홍동)",정상,0000,01,0647618121,158926.90550064     ,-26074.3935350279   ,제주특별자치도 서귀포시 동홍동 **** 홈플러스서귀포점 ,2024-02-28 14:39:39
6520000,652000001320190001,2019-10-08,,영업/정상,,,,,,,63605,현클리닉,I,000,2026-04-25 22:32:42,제주특별자치도 서귀포시 하신상로 ***-** (신효동),정상,0000,01,,163597.377005565    ,-24619.7177812153   ,제주특별자치도 서귀포시 신효동 ***-* ,2019-10-08 09:27:59
