개방자치단체코드,관리번호,인허가일자,인허가취소일자,영업상태명,폐업일자,휴업시작일자,휴업종료일자,재개업일자,소재지면적,소재지우편번호,도로명우편번호,사업장명,데이터갱신구분,권리주체일련번호,데이터갱신시점,도로명주소,상세영업상태명,상세영업상태코드,영업상태코드,전화번호,좌표정보(X),좌표정보(Y),지번주소,최종수정시점
3000000,300000001220210001,2021-07-30,,영업/정상,,,,,0,,03184,주식회사 엘엑스판토스,I,L00,2026-05-03 22:32:41,"서울특별시 종로구 새문안로 58, LG광화문빌딩 (신문로2가)",정상,0000,01,0237712114,197413.260397461    ,451896.027279239    ,서울특별시 종로구 홍파동 92 LG광화문빌딩 ,2024-05-24 10:32:16
3000000,300000001220000001,2000-02-24,,폐업,2005-07-04,,,,115.5,,,(주)국전약품,I,000,2026-05-03 22:32:41,,폐업,0002,03,,200299.046811578    ,452229.638206671    ,서울특별시 종로구 효제동 208 ,2005-07-04 15:12:43
3010000,301000001220190001,2019-10-14,,영업/정상,,,,,0,,04527,한국베링거인겔하임동물약품(주),I,L00,2026-05-08 22:32:41,"서울특별시 중구 통일로 10, 연세대학교 세브란스빌딩 16층 (남대문로5가)",정상,0000,01,0263888406,197612.995083649    ,450539.857693464    ,서울특별시 중구 남대문로5가 84-11 연세대학교 세브란스빌딩 ,2025-05-01 15:28:45
3010000,301000001220170001,2017-09-25,,영업/정상,,,,,8013,,04637,한국엠에스디동물약품(주),I,L00,2026-05-08 22:32:41,"서울특별시 중구 한강대로 416, 22층 (남대문로5가, 서울스퀘어)",정상,0000,01,023312582,197620.676444642    ,450361.506112161    ,서울특별시 중구 남대문로5가 541 ,2024-06-20 17:15:31
3010000,301000001220080001,2008-08-22,,폐업,2010-10-04,,,,0,,,한국화이자동물약품주식회사,I,000,2026-05-08 22:32:41,,폐업,0002,03,,198531.297994629    ,450909.106572106    ,서울특별시 중구 회현동3가 1-11 화이자타워 4층 ,2010-10-04 16:55:10
3020000,302000001220070001,2007-03-27,,폐업,2015-07-13,,,,0,,04419,한국엠에스디동물약품(주),I,L00,2026-05-03 22:32:42,"서울특별시 용산구 한남대로20길 13, 수영빌딩4층 (한남동)",폐업,0002,03,027697500,200597.940803088    ,448069.782121815    ,서울특별시 용산구 한남동 64-1 수영빌딩4층 ,2015-07-13 13:13:50
3020000,302000001220080001,2008-01-21,,폐업,2008-01-21,,,,0,,,케어사이드코리아,I,000,2026-05-03 22:32:42,,폐업,0002,03,,196715.727830381    ,447010.511469994    ,서울특별시 용산구 한강로3가 40-604 ,2008-01-21 17:01:36
3020000,302000001220140001,2014-05-28,,폐업,2015-05-21,,,,0,,04384,(주)성보애니멀헬스,I,L00,2026-05-03 22:32:42,"서울특별시 용산구 서빙고로51길 15, 2층 201호 (서빙고동)",폐업,0002,03,0226716932,199092.539603512    ,446542.984322235    ,서울특별시 용산구 서빙고동 235-135 201호,2015-05-21 13:28:22
3020000,302000001220230001,2023-05-31,,폐업,2024-11-20,,,2024-11-20,0,,04365,(주)제이비즈,I,L00,2026-05-03 22:32:42,"서울특별시 용산구 원효로 70, 신정빌딩 5층 (원효로4가)",폐업,0002,03,07051586566,195653.553341643    ,447808.18379926     ,서울특별시 용산구 원효로4가 118-1 신정빌딩 ,2024-11-20 09:31:00
3020000,302000001219990001,1999-05-21,,폐업,2008-03-12,,,,36.52,,,우진양행,I,000,2026-05-03 22:32:42,,폐업,0002,03,,,,서울특별시 용산구 한강로2가 316-1 이원빌딩 603호 ,2008-03-12 14:36:43
3020000,302000001220000001,2000-12-11,,폐업,2006-12-22,,,,226,,04419,인터베트코리아(주),I,L00,2026-05-03 22:32:42,서울특별시 용산구 한남대로20길 13 (한남동),폐업,0002,03,,200597.940803088    ,448069.782121815    ,서울특별시 용산구 한남동 64-1 ,2011-10-30 13:29:38
3020000,302000001220050001,2005-08-03,,폐업,2010-07-12,,,,124.4,,,케어사이드코리아,I,000,2026-05-03 22:32:42,,폐업,0002,03,027963642,196715.727830381    ,447010.511469994    ,서울특별시 용산구 한강로3가 40-604 B동 2층 ,2010-07-12 11:24:52
3030000,303000001219810001,1981-04-18,,폐업,2006-07-31,,,,0,,,(주)이-글벳,I,L00,2026-05-07 22:36:21,,폐업,0002,03,,205328.899267705    ,449397.07280351     ,서울특별시 성동구 성수동2가 278-20 ,2006-07-31 15:39:17
3030000,303000001220160001,2016-07-19,,폐업,2021-04-22,,,2021-04-22,0,,04799,주식회사 에스피씨텍,I,L00,2026-05-07 22:36:21,"서울특별시 성동구 광나루로8길 10, 802호 (성수동2가, 에이스성수타워1)",폐업,0002,03,0226776931,205557.941680639    ,449473.46380541     ,서울특별시 성동구 성수동2가 280-15 802호,2021-04-23 17:28:28
3030000,303000001220180001,2018-10-08,,폐업,2019-11-18,,,2019-11-18,0,,04808,(주)카카오팜,I,L00,2026-05-07 22:36:21,"서울특별시 성동구 자동차시장1길 18, 화성개발장한평 4층 406호 (용답동)",폐업,0002,03,0264029690,205204.624667769    ,450982.009547642    ,서울특별시 성동구 용답동 227-1 화성개발장한평 406호,2019-11-18 17:07:28
3030000,303000001220230001,2023-08-08,,영업/정상,,,,,1242.82,,04808,로아팜,I,000,2026-05-07 22:36:21,"서울특별시 성동구 천호대로 448, 대신빌딩 302호 (용답동)",정상,0000,01,,205996.36323681     ,450904.337067925    ,서울특별시 성동구 용답동 236-2 대신빌딩 ,2023-08-08 17:50:21
3030000,303000001220210001,2021-04-20,,폐업,2021-12-21,,,2021-12-21,0,,04796,브이피엘 주식회사,I,L00,2026-05-07 22:36:21,"서울특별시 성동구 광나루로 294, 성동세무타워 지하 1층 (성수동2가)",폐업,0002,03,,205436.410713525    ,449518.331562425    ,서울특별시 성동구 성수동2가 280-44 성동세무타워 ,2021-12-21 17:24:40
3030000,303000001219900001,1990-10-19,,폐업,2005-02-28,,,,0,,,(주)장백베트켐,I,L00,2026-05-07 22:36:21,,폐업,0002,03,,205276.138849379    ,449275.175886616    ,서울특별시 성동구 성수동2가 278-47 ,2005-02-28 11:06:24
3040000,304000001220210001,2021-09-06,,영업/정상,,,,,0,,05020,태산약품,I,000,2026-05-09 22:53:55,"서울특별시 광진구 아차산로 191, 동신빌딩 지하 1층 (화양동)",정상,0000,01,024697300,205687.675941036    ,448867.440516076    ,서울특별시 광진구 화양동 49-9 동신빌딩 ,2021-09-06 09:59:33
3040000,304000001220190001,2019-12-26,,영업/정상,,,,,212.69,,05064,(주)엠에스팜,I,L00,2026-05-09 22:53:55,"서울특별시 광진구 자양번영로 42, 공주빌딩 (자양동)",정상,0000,01,,206645.876190049    ,447900.666026431    ,서울특별시 광진구 자양동 610-9 공주빌딩 ,2019-12-26 13:54:11
3040000,304000001220160001,2016-01-11,,영업/정상,,,,,792.97,,05029,주식회사 카브,I,L00,2026-05-09 22:53:55,"서울특별시 광진구 능동로 120, 미래에너지관동 203,204호 (화양동, 건국대학교)",정상,0000,01,0264610085,206445.881091692    ,448922.881688102    ,서울특별시 광진구 화양동 1 ,2018-02-27 11:30:21
3040000,304000001220130001,2013-07-23,,폐업,2014-05-12,,,,,,04976,보덕메디팜(주),I,L00,2026-05-09 22:53:55,서울특별시 광진구 자양로38길 10 (구의동),폐업,0002,03,,207739.376497609    ,449439.672809715    ,서울특별시 광진구 구의동 69-34 ,2014-05-13 09:23:27
3040000,304000001220030001,2003-04-26,,폐업,2003-05-27,,,,0,,,노그스,I,000,2026-05-09 22:53:55,,폐업,0002,03,,,,서울특별시 광진구 광장동 287-14   ,2003-05-27 11:27:38
3040000,304000001219990001,1999-05-03,,폐업,2001-11-16,,,,31.92,,05116,한국바이오뮨,I,000,2026-05-09 22:53:55,서울특별시 광진구 강변역로4길 68 (구의동),폐업,0002,03,,208124.549163942    ,447812.924832297    ,서울특별시 광진구 구의동 547-8 리젠트오피스텔 514호 ,2011-10-30 13:29:58
3040000,304000001219920001,1992-05-01,,폐업,2008-08-19,,,,108,,,한국화이자동물약품(주),I,F00,2026-05-09 22:53:55,,폐업,0002,03,34369183,209405.013333756    ,449625.418935534    ,서울특별시 광진구 광장동 344 인성빌딩 5층 ,2008-08-19 09:14:00
3050000,305000001220250001,2025-12-19,,영업/정상,,,,,,,02628,(주)두리약품,I,L00,2026-05-07 22:41:12,"서울특별시 동대문구 장한로17길 13-2, 2층 204호 (장안동)",정상,0000,01,,205895.263311861    ,451700.620569786    ,서울특별시 동대문구 장안동 378-2 ,2025-12-19 14:34:53
3050000,305000001220100001,2010-02-23,,폐업,2018-11-07,,,,67.16,,02589,(주)팜스홀,I,000,2026-05-07 22:41:11,서울특별시 동대문구 천호대로16길 36 (용두동),폐업,0002,03,,202704.736991914    ,452220.302937576    ,서울특별시 동대문구 용두동 129-167 ,2018-11-07 11:18:01
3050000,305000001220050001,2005-01-11,,폐업,2021-04-05,,,2021-04-05,0,,,보람농산,I,L00,2026-05-07 22:41:11,,폐업,0002,03,,,,서울특별시 동대문구 용두동 26-14   ,2021-04-08 17:00:49
3050000,305000001220240002,2024-03-06,,영업/정상,,,,,,,02523,미래약품주식회사,I,000,2026-05-07 22:41:12,"서울특별시 동대문구 답십리로69길 55, 웰빙프라자 지하1층 (장안동)",정상,0000,01,029294522,206450.432488236    ,452492.041007964    ,서울특별시 동대문구 장안동 324-1 웰빙프라자 ,2024-03-06 14:27:16
3050000,305000001220240001,2024-01-29,,영업/정상,,,,,0,,02535,(주)이유엘,I,000,2026-05-07 22:41:12,"서울특별시 동대문구 답십리로59길 12, 지하1층 (답십리동)",정상,0000,01,,205769.025514342    ,452327.838867301    ,서울특별시 동대문구 답십리동 2-35 ,2024-10-22 11:22:57
3050000,305000001220230002,2023-06-08,,영업/정상,,,,,0,,02526,가나바이오텍 주식회사,I,L00,2026-05-07 22:41:12,"서울특별시 동대문구 사가정로 240, 서울장안2동우체국 3층 301호 (장안동)",정상,0000,01,025177117,206251.667197634    ,452921.799467896    ,서울특별시 동대문구 장안동 301-1 서울장안2동우체국 ,2023-06-08 14:20:51
3050000,305000001220220002,2022-12-14,,영업/정상,,,,,0,,02642,신덕약품(주),I,L00,2026-05-07 22:41:12,"서울특별시 동대문구 장한로12길 73, ADT캡스제2빌딩 (장안동)",정상,0000,01,0222115200,206260.499656224    ,451388.176902214    ,서울특별시 동대문구 장안동 358-19 ADT캡스제2빌딩 ,2022-12-16 10:37:22
3050000,305000001220220001,2022-07-12,,영업/정상,,,,,0,,02626,(주)골드팜,I,L00,2026-05-07 22:41:12,"서울특별시 동대문구 답십리로64길 73, 2층 (장안동)",정상,0000,01,0222167300,205777.049855454    ,451926.479007458    ,서울특별시 동대문구 장안동 166-2 ,2022-07-12 13:56:05
3050000,305000001220210001,2021-11-30,,폐업,2026-05-04,,,2026-05-04,0,,02635,주식회사 우리엔팜,U,000,2026-05-15 03:03:03,"서울특별시 동대문구 천호대로81길 47, 1층 (장안동)",폐업,0002,03,0269275475,205650.221435593    ,451351.235024459    ,경기도 성남시 분당구 삼평동 422-8 ,2026-05-14 14:17:23
3050000,305000001220200001,2020-08-18,,영업/정상,,,,,0,,02584,한신약품(주),I,000,2026-05-07 22:41:12,"서울특별시 동대문구 천호대로17길 65, 2층 (용두동)",정상,0000,01,029245000,202759.39842201     ,452746.095518832    ,서울특별시 동대문구 용두동 112-43 ,2020-08-21 14:26:34
3050000,305000001220190002,2019-11-15,,영업/정상,,,,,0,,02576,(주) 연안약품,I,L00,2026-05-07 22:41:12,"서울특별시 동대문구 왕산로19길 46, 5층 (제기동, 연안빌딩)",정상,0000,01,0222481114,202779.439799331    ,453100.589654025    ,서울특별시 동대문구 제기동 1158-4 연안빌딩 ,2025-02-27 11:17:35
3050000,305000001220190001,2019-02-07,,영업/정상,,,,,0,,02611,주식회사 유니크바이오,I,000,2026-05-07 22:41:12,"서울특별시 동대문구 한천로11길 6, 미주빌딩 4층 401호 (답십리동)",정상,0000,01,0233945082,205404.771528068    ,451678.741518024    ,서울특별시 동대문구 답십리동 12-3 ,2019-06-18 21:13:58
3050000,305000001220170002,2017-07-26,,영업/정상,,,,,0,,02629,(주)카카오팜,I,000,2026-05-07 22:41:12,"서울특별시 동대문구 장한로 47, 4층 (장안동, 우측)",정상,0000,01,0264029690,205838.423040069    ,451456.484066966    ,서울특별시 동대문구 장안동 430-2 ,2017-07-26 11:14:01
3050000,305000001220170001,2017-01-19,,폐업,2017-11-07,,,2017-11-07,0,,02628,신성약품(주),I,L00,2026-05-07 22:41:11,서울특별시 동대문구 한천로14길 53 (장안동),폐업,0002,03,0233949301,205733.728064091    ,451637.711641927    ,서울특별시 동대문구 장안동 ,2017-11-07 18:03:11
3050000,305000001220230001,2023-05-22,,폐업,2024-02-01,,,2024-02-01,,,02509,씨디팜(주),I,000,2026-05-07 22:41:12,"서울특별시 동대문구 사가정로 203, 5층 (전농동)",폐업,0002,03,,205894.87066153     ,452957.230146678    ,서울특별시 동대문구 전농동 1-216 ,2024-02-01 15:28:38
3050000,305000001220240003,2024-03-15,,폐업,2024-08-02,,,2024-08-02,,,02624,(주)이채팜,I,L00,2026-05-07 22:41:12,"서울특별시 동대문구 답십리로 272, 2층 (장안동)",폐업,0002,03,0222139792,206151.125680328    ,452213.555840243    ,서울특별시 동대문구 장안동 370-3 ,2024-08-05 09:43:33
3050000,305000001220160001,2016-02-24,,폐업,2017-10-23,,,,0,,02490,(주)협성가축약품,I,L00,2026-05-07 22:41:11,"서울특별시 동대문구 왕산로 225, 에이동 1층 14호 (청량리동, 미주상가)",폐업,0002,03,,204089.817117361    ,453314.135663101    ,,2017-10-23 17:38:22
3050000,305000001220020001,2007-06-26,,폐업,2009-05-14,,,,0,,,(주)협성가축약품,I,L00,2026-05-07 22:41:10,,폐업,0002,03,,203628.921504998    ,453698.631375657    ,서울특별시 동대문구 제기동 287-31 ,2009-05-15 11:02:43
3050000,305000001220040001,2004-11-17,,폐업,2015-11-26,,,,0,,02589,아산제약,I,L00,2026-05-07 22:41:11,서울특별시 동대문구 청계천로 485 (용두동),폐업,0002,03,,202673.924263331    ,451994.184093374    ,서울특별시 동대문구 용두동 255-72 ,2015-11-26 14:20:58
3060000,306000001220000001,2000-10-13,,영업/정상,,,,,41.76,,02019,일승물산(주),I,L00,2026-05-02 22:32:40,"서울특별시 중랑구 공릉로18길 68, 대한빌딩 2층 (묵동)",정상,0000,01,029738964,207235.453043569    ,457315.078254949    ,서울특별시 중랑구 묵동 48-22 대한빌딩 ,2024-11-07 13:33:02
3060000,306000001220170001,2017-11-22,,폐업,2021-11-26,,,2021-11-26,105.61,,02114,(주)우리엔팜,I,L00,2026-05-02 22:32:40,"서울특별시 중랑구 중랑천로 105, 양우빌딩 4층 (중화동)",폐업,0002,03,0269275475,206292.997292632    ,454691.995626041    ,서울특별시 중랑구 중화동 324-148 양우빌딩 ,2021-11-26 15:27:09
3060000,306000001219990001,1999-05-13,,폐업,2009-03-13,,,,0,,,(주)버박코리아,I,L00,2026-05-02 22:32:40,,폐업,0002,03,,206864.120689528    ,454249.566442647    ,서울특별시 중랑구 면목동 180-68 ,2009-03-13 13:51:06
3070000,307000001220040001,2004-09-15,,영업/정상,,,,,148.5,,02857,서울수의약품(주),I,L00,2026-05-07 22:36:23,서울특별시 성북구 안암로 47-1 (안암동5가),정상,0000,01,029534050,202339.753873848    ,453228.537532712    ,서울특별시 성북구 안암동5가 110-126 ,2016-09-08 14:02:13
3070000,307000001220010001,2001-11-27,,폐업,2008-09-02,,,,36,,,일진에프앤피(주),I,000,2026-05-07 22:36:23,,폐업,0002,03,,201925.121532202    ,452935.221547454    ,서울특별시 성북구 보문동7가 118 서광빌딩 404호 ,2008-09-02 17:06:53
3090000,309000001220110001,2011-11-10,,폐업,2024-07-03,,,2024-07-03,0,,01456,대호상사,I,000,2026-05-03 22:40:44,"서울특별시 도봉구 노해로62길 80, 101호 (창동)",폐업,0002,03,,203327.739559023    ,460602.966552336    ,서울특별시 도봉구 창동 667-5 101호,2024-07-04 09:06:45
3090000,309000001220180001,2018-08-10,,폐업,2019-02-12,,,2019-02-12,0,,01301,디비에이팜,I,000,2026-05-03 22:40:44,서울특별시 도봉구 도봉산4길 27-15 (도봉동),폐업,0002,03,,203589.270296725    ,465125.902410114    ,서울특별시 도봉구 도봉동 286-13 ,2019-02-12 09:56:43
3100000,310000001220060001,2006-11-15,,폐업,2018-05-18,,,2018-05-18,77,,,(주)협성로하스,I,L00,2026-05-07 22:35:58,,폐업,0002,03,,206314.94905871     ,457752.969179825    ,서울특별시 노원구 공릉동 571-38 진성빌딩 401호 ,2018-05-18 16:43:44
3100000,310000001220080001,2008-08-29,,폐업,2014-02-26,,,,76.69,,01811,일진에프앤피(주),I,L00,2026-05-07 22:35:58,"서울특별시 노원구 공릉로 232 (공릉동, 서울테크노파크 901호)",폐업,0002,03,,206981.454072644    ,458960.471391303    ,서울특별시 노원구 공릉동 172 ,2014-02-26 08:44:38
3100000,310000001220170001,2017-03-22,,폐업,2018-07-17,,,2018-07-17,39,,01646,아이메디,I,000,2026-05-07 22:35:58,"서울특별시 노원구 덕릉로118길 29, 상가동 3층 309호 (상계동, 불암현대아파트)",폐업,0002,03,,207131.576339305    ,462829.18165682     ,서울특별시 노원구 상계동 1293 ,2018-07-18 09:07:12
3100000,310000001220030001,2003-06-13,,영업/정상,,,,,93.73,,01842,대암축산,I,000,2026-05-07 22:35:58,"서울특별시 노원구 동일로190길 41, 4호 (공릉동, 진영빌딩)",정상,0000,01,,206587.898861827    ,458193.262662121    ,서울특별시 노원구 공릉동 ,2016-09-07 10:04:54
3100000,310000001220110001,2011-06-15,,폐업,2017-08-03,,,2017-08-03,0,,01630,서정동물약품,I,000,2026-05-07 22:35:58,"서울특별시 노원구 동일로 1626, 1층 (상계동)",폐업,0002,03,,204855.335238863    ,463464.81234366     ,서울특별시 노원구 상계동 1025-32 ,2017-08-03 15:23:26
3110000,311000001220210001,2021-02-02,,영업/정상,,,,,0,,03329,(주)화성피앤비,I,L00,2026-05-03 22:32:40,"서울특별시 은평구 통일로83길 6-5, 삼양빌딩 503호 (갈현동)",정상,0000,01,07040447276,192768.939095891    ,457659.063988654    ,서울특별시 은평구 갈현동 404-5 삼양빌딩 503호,2023-04-25 16:30:50
3110000,311000001219810001,1981-03-02,,휴업,,2025-01-01,,,0,,03329,주식회사 삼양애니팜,I,000,2026-05-03 22:32:40,서울특별시 은평구 통일로83길 6-5 (갈현동),휴업,0001,02,,192768.939095891    ,457659.063988654    ,서울특별시 은평구 갈현동 404-5 6층 ,2024-12-24 16:29:12
3110000,311000001220070001,2007-02-14,,폐업,2008-02-12,,,,2823.97,,,현대약품,I,000,2026-05-03 22:32:40,,폐업,0002,03,,,,서울특별시 은평구 신사동 24-59   경보빌딩 1층 ,2008-02-12 17:09:06
3110000,311000001220090001,2009-03-02,,폐업,2022-12-31,,,2022-12-31,66.6,,03460,에스에프메디슨,I,000,2026-05-03 22:32:40,"서울특별시 은평구 은평로13길 10 (응암동, 신풍빌딩 6층)",폐업,0002,03,34778048,193366.180797982    ,455538.81331826     ,서울특별시 은평구 응암동 84-2 신풍빌딩 6층 ,2023-01-12 17:24:55
3110000,311000001219970001,1997-04-02,,폐업,2017-11-14,,,2017-11-14,0,,03481,(주)원풍약품상사,I,000,2026-05-03 22:32:40,"서울특별시 은평구 가좌로7길 9, 2층 (응암동)",폐업,0002,03,,192887.616423899    ,453804.182761279    ,서울특별시 은평구 응암동 746-1 2층 ,2017-11-14 11:14:45
3110000,311000001219830001,1983-04-08,,폐업,2006-12-28,,,,0,,,한양동물약품,I,000,2026-05-03 22:32:40,,폐업,0002,03,,,,서울특별시 은평구 불광동 267-1    ,2006-12-28 17:32:34
3120000,312000001220230001,2023-03-24,,영업/정상,,,,,0,,03742,(주)경보제약,I,L00,2026-05-08 22:02:49,"서울특별시 서대문구 충정로 8, 종근당빌딩 4층 (충정로3가)",정상,0000,01,0221752308,196680.837898287    ,450862.36191038     ,서울특별시 서대문구 충정로3가 368 종근당빌딩 4층 ,2024-07-30 10:09:18
3120000,312000001220110001,2011-01-26,,폐업,2024-10-02,,,2024-10-02,99,,03723,(주)삼지벳,I,L00,2026-05-08 22:02:49,"서울특별시 서대문구 연희로 156, 2층 204호 (연희동)",폐업,0002,03,023733668,194165.36648984     ,452079.006766951    ,서울특별시 서대문구 연희동 80-8 ,2024-10-04 11:19:39
3120000,312000001220030001,2003-02-24,,폐업,2013-01-11,,,,197.64,,03659,(주)삼지약품,I,L00,2026-05-08 22:02:49,서울특별시 서대문구 가좌로 94 (홍은동),폐업,0002,03,,193525.84232288     ,453228.561487893    ,서울특별시 서대문구 홍은동 397-9 지하1층 ,2013-03-05 10:14:04
3120000,312000001220100001,2010-07-07,,폐업,2011-01-25,,,,0,,03659,삼지벳,I,000,2026-05-08 22:02:49,"서울특별시 서대문구 가좌로 60 (홍은동, 풍하빌딩)",폐업,0002,03,,193724.212864126    ,452967.624237022    ,서울특별시 서대문구 홍은동 395-24 ,2015-08-01 10:46:17
3130000,313000001219860001,1986-06-26,,폐업,2004-11-03,,,,0,,,서울수의약품(주),I,000,2026-03-26 22:04:23,,폐업,0002,03,,,,서울특별시 마포구 서교동 357-1    서교오피스텔 324호 ,2004-11-03 11:15:54
3130000,313000001220150001,2015-07-14,,폐업,2017-09-11,,,2017-09-11,,,04130,한국엠에스디동물약품(주),I,000,2026-03-26 22:04:23,"서울특별시 마포구 마포대로 163, 8층 (공덕동, 서울신용보증재단)",폐업,0002,03,023312582,195865.102384839    ,449639.100661944    ,서울특별시 마포구 공덕동 168 ,2018-09-14 11:16:46
3130000,313000001220030001,2003-06-07,,폐업,2005-01-25,,,,0,,,(주)세아엘텍,I,000,2026-03-26 22:04:23,,폐업,0002,03,,191253.661410745    ,450826.412340313    ,서울특별시 마포구 망원동 436-41 2층 ,2005-01-25 17:21:27
3130000,313000001220020001,2002-03-05,,폐업,2004-03-22,,,,0,,04049,(주)애니슨,I,000,2026-03-26 22:04:23,"서울특별시 마포구 와우산로 45 (상수동, 2층)",폐업,0002,03,,193104.620989941    ,449589.620442796    ,서울특별시 마포구 상수동 145-1 2층 ,2011-10-30 16:18:15
3130000,313000001219940001,1994-02-28,,폐업,2005-11-07,,,,0,,,(주)성보사이언스텍,I,000,2026-03-26 22:04:23,,폐업,0002,03,,,,서울특별시 마포구 서교동 463-4    1층 ,2005-11-07 11:13:40
3130000,313000001220220001,2022-01-04,,영업/정상,,,,,0,,03994,(주)서울태전,I,L00,2026-03-26 22:04:23,"서울특별시 마포구 동교로 210, 태전빌딩 302호 (동교동)",정상,0000,01,0220548888,193195.287895622    ,450709.112534628    ,서울특별시 마포구 동교동 153-33 태전빌딩 ,2024-12-18 11:11:09
3140000,314000001219990001,1999-05-03,,휴업,,2011-07-06,,,52.2,,,태의상사,I,000,2026-05-07 22:35:36,,휴업,0001,02,26013941,184645.579724418    ,448755.289199387    ,서울특별시 양천구 신월동 12-4 ,2011-07-06 10:43:57
3140000,314000001220030001,2003-12-30,,폐업,2006-07-13,,,,50,,,(주)창조테크노,I,L00,2026-05-07 22:35:36,,폐업,0002,03,26454936,187989.933854336    ,449646.517348931    ,서울특별시 양천구 목동 611-11 2층 ,2006-07-13 09:36:19
3140000,314000001220170001,2017-06-14,,폐업,2019-03-22,,,2019-03-22,,,07986,엠솔트레이딩,I,L00,2026-05-07 22:35:36,"서울특별시 양천구 목동동로 430, 상가 A동 동 208호 (목동, 목동신시가지아파트6단지)",폐업,0002,03,26483410,189749.776358917    ,448050.161097073    ,,2019-03-25 09:38:03
3140000,314000001220240001,2024-09-26,,영업/정상,,,,,0,,07997,온누리에이치엔씨,I,000,2026-05-07 22:35:36,"서울특별시 양천구 목동서로 159-1, 13층 (목동)",정상,0000,01,,188871.512837973    ,447348.13213342     ,서울특별시 양천구 목동 917-1 ,2024-09-26 16:15:29
3150000,315000001220030002,2018-10-04,,영업/정상,,,,,60.74,,07645,대양신약,I,000,2026-05-11 22:47:47,서울특별시 강서구 방화대로6다길 20-12 (공항동),정상,0000,01,26656417,183840.31735279     ,450395.281037223    ,서울특별시 강서구 공항동 1351-4 ,2018-10-05 14:53:24
3150000,315000001220020001,2002-12-05,,폐업,2013-04-11,,,,59.83,,07608,홍지물산,I,000,2026-05-11 22:47:47,서울특별시 강서구 금낭화로 49 (방화동),폐업,0002,03,36621055,183271.799393299    ,451958.934275989    ,서울특별시 강서구 방화동 593-42 ,2013-04-11 17:22:57
3150000,315000001220030001,2003-03-10,,폐업,2011-12-30,,,,51.1,,,(주)프런피드,I,000,2026-05-11 22:47:47,"서울특별시 강서구 공항대로41길 51, 215,216호 (등촌동,세신그린코아)",폐업,0002,03,36631876,186301.875540288    ,450896.992532972    ,"서울특별시 강서구 등촌동 696 세신그린코아 215,216호",2011-12-30 11:35:24
3150000,315000001220030003,2003-12-24,,폐업,2007-06-04,,,,0,,,(주)지오엠디코리아,I,000,2026-05-11 22:47:47,서울특별시 강서구 강서로68길 23 (등촌동),폐업,0002,03,36616407,185994.964119824    ,451596.45849391     ,서울특별시 강서구 등촌동 685 ,2007-06-04 15:34:04
3150000,315000001220060001,2006-03-15,,폐업,2007-01-22,,,,0,,,(주)피엔브이,I,000,2026-05-11 22:47:47,,폐업,0002,03,26670372,182914.598086861    ,450966.559529824    ,서울특별시 강서구 공항동 150 구화물청사 312호,2007-01-22 14:47:52
3160000,316000001220230001,2023-05-30,,영업/정상,,,,,0,,08296,백제약품(주) 영등포지점,I,L00,2026-05-09 22:53:55,"서울특별시 구로구 공원로8길 24, 백제빌딩 (구로동)",정상,0000,01,028690211,190274.989819452    ,444543.36520688     ,서울특별시 구로구 구로동 44 백제빌딩 ,2023-12-05 16:58:39
3160000,316000001220020001,2002-09-05,,취소/말소/만료/정지/중지,,,,,62.05,,08323,(주)에스에이비바이오텍,I,L00,2026-05-09 22:53:55,"서울특별시 구로구 구일로10길 93, 605호 (구로동)",말소,0004,04,,189052.101789082    ,443748.279289935    ,서울특별시 구로구 구로동 685-140 605호 ,2021-08-06 11:14:40
3160000,316000001220250001,2025-03-13,,영업/정상,,,,,0,,08208,베덴텍,I,000,2026-05-09 22:53:55,"서울특별시 구로구 경인로 661, 신도림1차푸르지오 104동 1102호 (신도림동)",정상,0000,01,,190005.132500398    ,445250.538868558    ,서울특별시 구로구 신도림동 337 신도림1차푸르지오 ,2025-03-18 09:28:26
3160000,316000001220030001,2003-05-24,,폐업,2007-01-22,,,,97.5,,,(주)예스팜,I,L00,2026-05-09 22:53:55,,폐업,0002,03,,189943.958564583    ,444219.7107371      ,서울특별시 구로구 구로동 113-3 2층 ,2007-01-22 09:34:08
3170000,317000001220250001,2025-06-17,,영업/정상,,,,,0,,08592,(주)휴아메디팜,I,L00,2026-05-05 22:02:41,"서울특별시 금천구 가산디지털1로 45, 이앤씨드림타워8차 1201-2호 (가산동)",정상,0000,01,,189812.421197411    ,440866.434242768    ,서울특별시 금천구 가산동 327-27 이앤씨드림타워8차 ,2025-06-17 13:25:47
3170000,317000001220070001,2007-08-02,,폐업,2010-06-29,,,,0,,,(주)창조테크노,I,L00,2026-05-05 22:02:41,,폐업,0002,03,,190050.903572929    ,440523.497478209    ,서울특별시 금천구 가산동 680 ,2010-06-29 11:05:49
3180000,318000001220190001,2019-02-22,,영업/정상,,,,,0,,07333,(주)에이앤티,I,L00,2026-04-22 22:31:34,"서울특별시 영등포구 국제금융로 70, 미원빌딩 808호 (여의도동)",정상,0000,01,027611215,193798.948251805    ,446579.652565611    ,서울특별시 영등포구 여의도동 43 미원빌딩 ,2019-03-14 14:08:09
3180000,318000001220180001,2018-03-13,,영업/정상,,,,,0,,07372,주식회사 에이투메디팜,I,L00,2026-04-22 22:31:34,"서울특별시 영등포구 도영로7길 1, 미도코리아 1층 (도림동)",정상,0000,01,028357576,190687.280977017    ,445183.256927726    ,서울특별시 영등포구 도림동 224 ,2020-07-20 15:15:50
3180000,318000001220170001,2017-11-20,,영업/정상,,,,,,,07412,펫비즈,I,L00,2026-04-22 22:31:34,"서울특별시 영등포구 대림로33길 9, 1층 (대림동)",정상,0000,01,,190868.67044995     ,443939.849925328    ,서울특별시 영등포구 대림동 738 백광빌딩 1층 ,2025-02-25 15:01:05
3180000,318000001220160002,2016-05-23,,영업/정상,,,,,0,,07254,백광의약품(주),I,L00,2026-04-22 22:31:34,"서울특별시 영등포구 버드나루로6길 10, 1층 (영등포동2가)",정상,0000,01,0226390100,192215.648586084    ,446687.339692779    ,서울특별시 영등포구 영등포동2가 94-29 1층 ,2016-05-23 13:41:32
3180000,318000001220050001,2005-06-27,,영업/정상,,,,,231,,07299,(주)에스틴,I,L00,2026-04-22 22:31:34,"서울특별시 영등포구 경인로 775, 1동 718호 (문래동3가, 에이스하이테크시티)",정상,0000,01,0234711915,190996.357288859    ,445841.377603245    ,서울특별시 영등포구 문래동3가 55-20 에이스하이테크시티 1동 718호,2022-12-30 18:02:21
3180000,318000001220210001,2021-11-16,,영업/정상,,,,,0,,07412,주식회사 하이스트팜,I,L00,2026-04-22 22:31:34,"서울특별시 영등포구 대림로35가길 15, 2층 (대림동)",정상,0000,01,028354300,190921.209556409    ,443941.616433188    ,서울특별시 영등포구 대림동 739-11 ,2021-11-16 17:46:26
3180000,318000001220250001,2025-06-26,,영업/정상,,,,,,,07299,조아제약 주식회사,I,L00,2026-04-22 22:31:34,"서울특별시 영등포구 당산로2길 12, 에이스테크노타워 101호 (문래동3가)",정상,0000,01,0266709200,190684.216398175    ,445883.474973877    ,서울특별시 영등포구 문래동3가 55-7 에이스테크노타워 ,2025-06-26 11:09:43
3180000,318000001220240001,2024-07-11,,영업/정상,,,,,,,07299,메디팜 주식회사,I,000,2026-04-22 22:31:34,"서울특별시 영등포구 당산로2길 12, 에이스테크노타워 101호 (문래동3가)",정상,0000,01,0266709321,190684.216398175    ,445883.474973877    ,서울특별시 영등포구 문래동3가 55-7 에이스테크노타워 ,2024-07-11 14:26:35
3180000,318000001220210002,2021-12-08,,폐업,2025-01-17,,,2025-01-17,0,,07401,뉴딜팜 주식회사,I,000,2026-04-22 22:31:34,"서울특별시 영등포구 대림로 198, 대경빌딩 306호 (대림동)",폐업,0002,03,024493525,190968.380569652    ,444038.137157911    ,서울특별시 영등포구 대림동 689-1 대경빌딩 ,2025-01-17 16:17:06
3180000,318000001220160001,2016-04-20,,폐업,2019-11-07,,,2019-11-07,,,07403,(주)세이팜,I,L00,2026-04-22 22:31:34,"서울특별시 영등포구 가마산로46길 3, 3층 (대림동, 신화빌딩)",폐업,0002,03,028496610,191116.557222168    ,444432.544989532    ,서울특별시 영등포구 대림동 672-10 3층 ,2019-11-08 17:17:14
3180000,318000001220080001,2008-01-09,,폐업,2011-01-05,,,,0,,,케어사이드코리아,I,000,2026-04-22 22:31:34,"서울특별시 영등포구 경인로82길 3-4, B동 105호 (문래동1가,센터플러스)",폐업,0002,03,,190828.268143013    ,445548.79737092     ,서울특별시 영등포구 문래동1가 39 센터플러스 B동 105호,2011-01-05 17:08:36
3180000,318000001219770001,1977-12-07,,폐업,2014-12-31,,,,0,,,서울축산약품,I,000,2026-04-22 22:31:33,서울특별시 영등포구 영중로27길 10 (영등포동7가),폐업,0002,03,26329209,191465.892560136    ,446905.037998287    ,서울특별시 영등포구 영등포동7가 64-48 ,2014-12-31 09:52:40
3180000,318000001219910001,1991-11-06,,폐업,2012-10-12,,,,75.61,,07223,신우축산상사,I,000,2026-04-22 22:31:33,서울특별시 영등포구 당산로50길 28 (당산동6가),폐업,0002,03,26325341,191518.003887514    ,447889.730318157    ,서울특별시 영등포구 당산동6가 235-3 ,2012-10-12 13:26:48
3180000,318000001220040001,2004-03-22,,폐업,2005-06-18,,,,0,,,에스틴코퍼레이션,I,000,2026-04-22 22:31:34,"서울특별시 영등포구 선유로 70 (문래동3가,우리벤처타운 304호)",폐업,0002,03,0234711915,190217.705071932    ,446449.917568696    ,서울특별시 영등포구 문래동3가 82-29 우리벤처타운 304호 ,2005-06-18 08:57:36
3180000,318000001220060001,2006-09-14,,폐업,2008-02-27,,,,55,,,바이오피아,I,000,2026-04-22 22:31:34,,폐업,0002,03,,,,서울특별시 영등포구 신길동 4525-1    ,2008-02-27 11:37:39
3190000,319000001219990001,1999-05-18,,폐업,2007-07-31,,,,0,,,초대 F&P,I,000,2026-05-08 22:39:46,,폐업,0002,03,,,,서울특별시 동작구 신대방동 694-12   도명빌딩 3층 ,2007-08-01 10:03:46
3190000,319000001219970001,1997-03-06,,폐업,2001-04-17,,,,0,,07073,(주)에포텍,I,000,2026-05-08 22:39:46,서울특별시 동작구 대림로 27 (신대방동),폐업,0002,03,,191984.015443329    ,442742.157267629    ,서울특별시 동작구 신대방동 693 ,2015-07-31 13:40:14
3190000,319000001220020001,2002-07-08,,폐업,2006-06-30,,,,0,,,(주)유한양행,I,L00,2026-05-08 22:39:46,,폐업,0002,03,,194017.823630013    ,445610.919894144    ,서울특별시 동작구 대방동 49-6 9층 ,2006-07-03 10:01:00
3190000,319000001220010001,2001-06-29,,폐업,2003-12-22,,,,0,,,쉐링푸라우코리아주식회사,I,L00,2026-05-08 22:39:46,,폐업,0002,03,,194017.823630013    ,445610.919894144    ,서울특별시 동작구 대방동 49-6 46-6 B동 2층호,2003-12-22 09:42:49
3200000,320000001220110001,2011-09-07,,폐업,2014-10-23,,,,48.2,,08753,(주)상록메디컬,I,L00,2026-05-09 22:52:28,서울특별시 관악구 봉천로14길 19 (신림동),폐업,0002,03,,193777.98708319     ,442792.138038114    ,서울특별시 관악구 신림동 1417-50 ,2014-10-23 16:27:38
3200000,320000001220070001,2007-06-05,,폐업,2012-10-23,,,,121.67,,08791,(주)알앤엘바이오,I,L00,2026-05-09 22:52:27,서울특별시 관악구 관악로 120 (봉천동),폐업,0002,03,,195768.030296544    ,441544.945887452    ,서울특별시 관악구 봉천동 1596-7 5층 ,2012-10-24 13:11:36
3200000,320000001220190001,2019-07-25,,영업/정상,,,,,,,08857,엘케어,I,000,2026-05-09 22:52:28,"서울특별시 관악구 난곡로24길 16, 지하1층 (신림동)",정상,0000,01,028750734,192921.066869684    ,440821.57957042     ,서울특별시 관악구 신림동 702-1 지하1층 ,2022-01-17 15:14:29
3210000,321000001220020007,2002-09-06,,영업/정상,,,,,86.94,,06725,에이테크,I,000,2026-05-05 22:02:42,"서울특별시 서초구 남부순환로335길 13, 2층 202호 (서초동)",정상,0000,01,025878431,201761.452793899    ,442359.127788543    ,서울특별시 서초구 서초동 1429-6 ,2018-03-13 15:32:43
3210000,321000001220030001,2003-05-23,,영업/정상,,,,,107.32,,06708,(주)유니온베트,U,L00,2026-06-10 03:03:03,"서울특별시 서초구 명달로 34, 2층 (서초동)",정상,0000,01,,200434.519477128    ,442046.512264253    ,서울특별시 서초구 서초동 1487-125 2층 ,2026-06-09 13:02:01
3210000,321000001220030002,2003-05-29,,영업/정상,,,,,1255.8,,,주식회사 에스에프 메디슨,I,000,2026-05-05 22:02:42,"서울특별시 서초구 방배중앙로 178 (방배동,우원빌딩301호)",정상,0000,01,59634813,198709.039325906    ,443641.643515187    ,서울특별시 서초구 방배동 769-5 우원빌딩301호 ,2003-05-29 17:59:22
3210000,321000001220030003,2003-05-29,,영업/정상,,,,,1255.8,,,(주)에스에프메디슨,I,000,2026-05-05 22:02:42,"서울특별시 서초구 방배중앙로 178 (방배동,우원빌딩 301)",정상,0000,01,59634813,198709.039325906    ,443641.643515187    ,서울특별시 서초구 방배동 769-5 우원빌딩 301 ,2003-06-03 09:33:44
3210000,321000001220060001,2006-10-20,,영업/정상,,,,,0,,06651,(주)비손에이에이치,I,000,2026-05-05 22:02:42,"서울특별시 서초구 반포대로14길 71, LG서초에클라트 1426호 (서초동)",정상,0000,01,34720484,201213.64069933     ,442739.647017252    ,서울특별시 서초구 서초동 1599-2 LG서초에클라트 ,2022-05-30 09:45:14
3210000,321000001220130001,2013-04-08,,영업/정상,,,,,0,,06737,주식회사 아베텍,I,L00,2026-05-05 22:02:42,"서울특별시 서초구 남부순환로 2614, 2층 210호 (양재동, 한솔로이젠트)",정상,0000,01,0262423242,203172.412230317    ,442476.415043286    ,서울특별시 서초구 양재동 11-17 ,2024-09-30 14:06:41
3210000,321000001220150001,2015-04-15,,영업/정상,,,,,0,,06794,(주)벨벳,I,000,2026-05-05 22:02:42,서울특별시 서초구 샘마을길 3-4 (내곡동),정상,0000,01,024781440,206203.268522037    ,439505.461452997    ,서울특별시 서초구 내곡동 1-2036 ,2025-12-04 13:31:41
3210000,321000001220150002,2015-11-25,,영업/정상,,,,,48.67,,06651,(주)두레파마,I,L00,2026-05-05 22:02:42,"서울특별시 서초구 반포대로14길 71, LG서초에클라트 2108호 (서초동)",정상,0000,01,0269338555,201213.64069933     ,442739.647017252    ,서울특별시 서초구 서초동 1599-2 LG서초에클라트 2108호,2023-03-24 14:39:59
3210000,321000001220250001,2025-05-29,,영업/정상,,,,,16.5,,06646,플럼라인생명과학 영업소,I,L00,2026-05-05 22:02:42,"서울특별시 서초구 서초대로48길 44, 은혜빌딩 202호 (서초동)",정상,0000,01,0231478736,200986.829489777    ,443194.598369145    ,서울특별시 서초구 서초동 1558-8 은혜빌딩 ,2025-05-29 15:27:56
3210000,321000001220250002,2025-12-04,,폐업,2026-05-28,,,2026-05-28,,,06794,(주)벨벳케어,U,L00,2026-05-29 03:03:03,"서울특별시 서초구 샘마을길 3-4, 2층 (내곡동)",폐업,0002,03,024781440,206203.268522037    ,439505.461452997    ,서울특별시 서초구 내곡동 1-2036 ,2026-05-28 14:12:53
3210000,321000001219920001,1992-11-30,,폐업,2003-02-18,,,,0,,,위림상사(주),I,000,2026-05-05 22:02:42,서울특별시 서초구 서초대로15길 80 (방배동),폐업,0002,03,,198904.023114319    ,443083.063106618    ,서울특별시 서초구 방배동 819-30 ,2003-02-18 15:07:54
3210000,321000001219920002,1992-10-05,,폐업,2022-02-28,,,2022-02-28,167,,06632,(주)오창물산,I,L00,2026-05-05 22:02:42,"서울특별시 서초구 사임당로17길 99, 지층 (서초동, 하이센스 빌딩)",폐업,0002,03,,201539.235619526    ,443424.274558058    ,서울특별시 서초구 서초동 하이센스빌딩 지층 ,2022-02-28 16:05:47
3210000,321000001220010001,2001-11-14,,폐업,2004-03-24,,,,0,,,에스틴코퍼레이션,I,000,2026-05-05 22:02:42,,폐업,0002,03,34711915,,,서울특별시 서초구 방배동 479-4    호산빌딩 1층 ,2004-03-24 11:21:20
3210000,321000001220010002,2001-02-16,,폐업,2005-08-09,,,,0,,,(주)마광,I,L00,2026-05-05 22:02:42,"서울특별시 서초구 바우뫼로6길 8-3 (우면동,다산빌딩 5층)",폐업,0002,03,34630541,202197.564113535    ,440846.584542085    ,서울특별시 서초구 우면동 7 다산빌딩 5층 ,2005-08-09 15:58:36
3210000,321000001220020002,2002-04-11,,폐업,2003-11-14,,,,0,,,세베로상사,I,000,2026-05-05 22:02:42,,폐업,0002,03,,,,서울특별시 서초구 양재동 334-1    화천빌딩 302호 ,2003-11-14 08:39:56
3210000,321000001220020003,2002-10-16,,폐업,2003-09-15,,,,0,,,대양신약,I,000,2026-05-05 22:02:42,,폐업,0002,03,34726333,,,서울특별시 서초구 방배동 912-3    지상2층 ,2003-09-15 13:49:41
3210000,321000001220020004,2002-04-11,,폐업,2017-08-30,,,2017-08-30,0,,,베트컴코리아,I,000,2026-05-05 22:02:42,"서울특별시 서초구 강남대로6길 66-18 (양재동,광산빌딩 2층)",폐업,0002,03,,203899.648568982    ,440629.337291334    ,서울특별시 서초구 양재동 358-6 광산빌딩 2층 ,2017-08-30 09:20:50
3210000,321000001220020005,2002-12-11,,폐업,2006-06-20,,,,59.9,,,한국동물약품유통(주),I,L00,2026-05-05 22:02:42,"서울특별시 서초구 방배중앙로 178 (방배동,지상4층)",폐업,0002,03,,198709.039325906    ,443641.643515187    ,서울특별시 서초구 방배동 769-5 지상4층 ,2006-06-20 09:53:46
3210000,321000001220020006,2002-01-16,,폐업,2004-12-30,,,,0,,,(주)휘드라인,I,000,2026-05-05 22:02:42,"서울특별시 서초구 서초중앙로8길 82 (서초동,201호)",폐업,0002,03,,201688.298288094    ,442743.087659213    ,서울특별시 서초구 서초동 1604-7 201호 ,2004-12-30 14:29:00
3210000,321000001220030004,2003-06-16,,폐업,2004-04-01,,,,118733,,,우경애그로레이딩(주),I,L00,2026-05-05 22:02:42,,폐업,0002,03,0234749431,,,서울특별시 서초구 서초동 1550-14   2층 ,2004-04-01 17:05:12
3210000,321000001220030005,2003-07-14,,폐업,2003-10-07,,,,868.22,,,렉스팩인터내셔날,I,000,2026-05-05 22:02:42,,폐업,0002,03,,,,서울특별시 서초구 양재동 301-2    301빌딩 2CMD동 ,2003-10-07 16:35:18
3210000,321000001220030006,2003-11-25,,폐업,2014-01-28,,,,165,,,(주)리드메드,I,L00,2026-05-05 22:02:42,"서울특별시 서초구 논현로5길 11 (양재동,탑빌딩 2층)",폐업,0002,03,,204291.540018683    ,441102.467049927    ,서울특별시 서초구 양재동 401-13 탑빌딩 2층 ,2014-01-29 10:49:49
3210000,321000001220030007,2003-08-28,,폐업,2017-04-26,,,2017-04-26,358.3,,06578,메리알코리아(주),I,L00,2026-05-05 22:02:42,"서울특별시 서초구 반포대로 235, 9층 (반포동)",폐업,0002,03,34782713,200222.33368139     ,444269.366757895    ,서울특별시 서초구 반포동 63-7 ,2017-04-27 11:16:33
3210000,321000001220040001,2004-03-03,,폐업,2009-03-02,,,,125580,,,에스에프메디슨,I,000,2026-05-05 22:02:42,,폐업,0002,03,,,,서울특별시 서초구 방배동 769-5  우원빌딩 4층 ,2009-03-02 15:22:56
3210000,321000001220040002,2004-09-07,,폐업,2017-12-31,,,2017-12-31,115.35,,06651,(주)아이넷피드,I,L00,2026-05-05 22:02:42,"서울특별시 서초구 사임당로 26, 802호 (서초동, 신영빌딩)",폐업,0002,03,025971428,201075.144807841    ,442828.918232726    ,서울특별시 서초구 서초동 1597-1 신영빌딩 802호,2018-01-24 16:05:32
3210000,321000001220050001,2005-10-25,,폐업,2007-05-25,,,,381,,,(주)알앤엘바이오,I,L00,2026-05-05 22:02:42,서울특별시 서초구 남부순환로 2636 (양재동),폐업,0002,03,,203389.631843597    ,442519.731564025    ,서울특별시 서초구 양재동 1-26 ,2007-05-25 11:40:28
3210000,321000001220080001,2008-04-24,,폐업,2008-11-26,,,,66.11,,,(주)조이피드,I,L00,2026-05-05 22:02:42,,폐업,0002,03,,,,서울특별시 서초구 서초동 1534-2    명정빌딩  401호,2008-11-26 16:38:45
3210000,321000001220110001,2011-10-25,,폐업,2014-05-08,,,,,,,쥴릭파마코리아주식회사,I,000,2026-05-05 22:02:42,"서울특별시 서초구 마방로 68 (양재동,동원빌딩 3층)",폐업,0002,03,20060702,203825.862435034    ,441733.620009246    ,서울특별시 서초구 양재동 275 동원빌딩 3층 ,2014-05-08 16:34:17
3210000,321000001220130002,2013-04-30,,폐업,2016-11-14,,,2016-11-14,30,,06632,오창무역(주),I,L00,2026-05-05 22:02:42,서울특별시 서초구 서초대로62길 30 (서초동),폐업,0002,03,,201675.434776667    ,443522.877533753    ,서울특별시 서초구 서초동 1640-27 ,2016-11-14 14:19:40
3210000,321000001220200001,2020-10-19,,폐업,2021-06-22,,,2021-06-22,95.18,,06729,수의사 장터,I,L00,2026-05-05 22:02:42,"서울특별시 서초구 강남대로47길 12, 5층 및 6층 (서초동)",폐업,0002,03,,202671.146095506    ,442963.664928195    ,서울특별시 서초구 서초동 1340-11 ,2021-06-22 15:07:09
3210000,321000001220210001,2021-06-08,,폐업,2024-02-15,,,2024-02-15,87.5,,06527,광해헬스케어,I,000,2026-05-05 22:02:42,"서울특별시 서초구 강남대로95길 40, 광운빌딩(아가빌딩) 7층 (잠원동)",폐업,0002,03,025453585,201501.34352011     ,445689.18901248     ,서울특별시 서초구 잠원동 25-25 광운빌딩 ,2024-02-15 14:44:35
3210000,321000001220020001,2002-02-21,,영업/정상,,,,,0,,,원진화학(주),I,L00,2026-05-05 22:02:42,"서울특별시 서초구 반포대로23길 30 (서초동,양우빌딩 2층)",정상,0000,01,,200570.869384706    ,442974.636923035    ,서울특별시 서초구 서초동 1503-15 양우빌딩 2층 ,2009-10-23 09:45:39
3210000,321000001220000002,2000-10-27,,영업/정상,,,,,0,,06689,원벳바이오(주),I,000,2026-05-05 22:02:42,"서울특별시 서초구 효령로 53, 214호 (방배동, 방배오피스텔)",정상,0000,01,,199080.407338263    ,441927.084557832    ,서울특별시 서초구 방배동 980-32 방배오피스텔 214호,2022-07-25 09:53:35
3210000,321000001220220001,2022-10-17,,폐업,2025-04-21,,,2025-04-21,0,,06781,주식회사 알프앤씨(ALF&amp;C Inc.),I,000,2026-05-05 22:02:42,"서울특별시 서초구 동산로19길 5, 백산빌딩 3층 (양재동)",폐업,0002,03,,204106.051432322    ,441216.131468236    ,서울특별시 서초구 양재동 290-4 백산빌딩 ,2025-04-21 10:14:12
3210000,321000001220000001,2000-10-12,,영업/정상,,,,,162.41,,06675,참존약품,I,000,2026-05-05 22:02:42,"서울특별시 서초구 서초대로4길 7, 2층 202호 (방배동)",정상,0000,01,025228911,198644.181748143    ,442573.057249138    ,서울특별시 서초구 방배동 951-16 ,2023-06-07 10:32:48
3220000,322000001219980001,1998-06-24,,폐업,2003-11-20,,,,0,,,(주)장백베트켐,I,L00,2026-05-08 22:59:43,,폐업,0002,03,,,,서울특별시 강남구 포이동 207-9    가람빌딩 301 ,2003-11-20 09:43:41
3220000,322000001219990001,1999-06-22,,폐업,2012-04-09,,,,0,,,(주)하나신약,I,L00,2026-05-08 22:59:43,,폐업,0002,03,025783051,,,서울특별시 강남구 포이동 203 2층 ,2012-04-09 12:56:33
3220000,322000001220000001,2000-07-25,,폐업,2007-01-12,,,,21.83,,,청진물산(주),I,L00,2026-05-08 22:59:43,,폐업,0002,03,,204858.294799327    ,445405.044612134    ,서울특별시 강남구 삼성동 152 ,2007-01-12 10:51:04
3220000,322000001220000002,2000-02-14,,폐업,2003-09-08,,,,0,,,아미텍,I,000,2026-05-08 22:59:43,,폐업,0002,03,,203838.607217307    ,442425.311681413    ,서울특별시 강남구 도곡동 517-8 금성빌딩 지하 ,2003-09-08 15:32:54
3220000,322000001220020001,2002-04-04,,폐업,2003-08-29,,,,49.31,,,메리알코리아(주),I,L00,2026-05-08 22:59:43,,폐업,0002,03,,202852.091533547    ,444118.060464957    ,서울특별시 강남구 역삼동 735 한독약품빌딩 8층 ,2003-08-29 16:15:19
3220000,322000001220020002,2002-03-21,,폐업,2004-09-10,,,,0,,,(주)아이넷피드,I,L00,2026-05-08 22:59:43,,폐업,0002,03,,207478.291904113    ,443681.020767753    ,서울특별시 강남구 일원동 639-5 해주빌딩 403 ,2004-09-10 16:46:31
3220000,322000001220050001,2005-07-14,,폐업,2006-06-30,,,,0,,,(주)이지바이오시스템,I,L00,2026-05-08 22:59:43,,폐업,0002,03,025019988,202725.962072631    ,443203.561575728    ,서울특별시 강남구 역삼동 837-11 유니온쎈타 3층 ,2006-06-30 13:10:09
3220000,322000001220190001,2019-07-23,,폐업,2025-01-06,,,2025-01-06,0,,06307,큐어벳,I,000,2026-05-08 22:59:43,"서울특별시 강남구 개포로22길 26, 302호 (개포동)",폐업,0002,03,0263399500,204222.264427279    ,441682.581966959    ,서울특별시 강남구 개포동 1231-11 302호,2025-01-06 15:30:06
3220000,322000001220260001,2026-04-30,,영업/정상,,,,,0,,06181,주식회사 윙스풋,I,L00,2026-05-08 22:59:44,"서울특별시 강남구 테헤란로98길 15, 11층 (대치동)",정상,0000,01,025396130,205479.245251512    ,445019.638017445    ,서울특별시 강남구 대치동 946-16 11층 ,2026-04-30 17:27:12
3220000,322000001220260002,2026-04-30,,영업/정상,,,,,0,,06181,주식회사 휴먼웰니스,I,L00,2026-05-08 22:59:44,"서울특별시 강남구 테헤란로98길 15, 11층 (대치동)",정상,0000,01,07020973425,205479.245251512    ,445019.638017445    ,서울특별시 강남구 대치동 946-16 11층 ,2026-04-30 21:17:24
3220000,322000001219980002,1998-09-15,,영업/정상,,,,,0,,,먼디파마유한회사,I,000,2026-05-08 22:59:43,,정상,0000,01,,205842.262491955    ,444574.980861073    ,서울특별시 강남구 대치동 1008-2 시화빌딩 5층 ,2008-10-13 13:54:40
3220000,322000001220100001,2010-07-30,,영업/정상,,,,,0,,06193,한국조에티스 주식회사,I,L00,2026-05-08 22:59:43,"서울특별시 강남구 테헤란로 412, 13층 (대치동)",정상,0000,01,0226279700,204461.966685485    ,444728.927637687    ,서울특별시 강남구 대치동 890 13층 ,2026-03-11 10:57:22
3220000,322000001220210001,2021-10-27,,휴업,,2023-07-11,2023-12-31,,0,,06365,주식회사 에스씨엠홀딩스,I,L00,2026-05-08 22:59:43,"서울특별시 강남구 밤고개로34길 4, 101호 (세곡동)",휴업,0001,02,0222263604,209423.649311203    ,440208.558412381    ,서울특별시 강남구 세곡동 124-2 101호,2023-07-13 14:13:10
3220000,322000001220240001,2024-05-13,,영업/정상,,,,,0,,06170,주식회사 대웅펫,I,L00,2026-05-08 22:59:43,"서울특별시 강남구 봉은사로 640, 에스빌딩 5층 (삼성동)",정상,0000,01,,205706.786116703    ,445848.83840572     ,서울특별시 강남구 삼성동 163 에스빌딩 ,2024-12-31 09:08:06
3220000,322000001220240002,2024-10-31,,영업/정상,,,,,0,,06153,주식회사 지피에이치코리아,I,L00,2026-05-08 22:59:43,"서울특별시 강남구 봉은사로 438, 몽베르빌딩 11층 (삼성동)",정상,0000,01,0269512860,204155.766812869    ,445442.476715916    ,서울특별시 강남구 삼성동 114-1 몽베르빌딩 11층 ,2025-08-05 10:56:31
3220000,322000001219920001,1992-08-07,,폐업,2006-08-25,,,,0,,,(주)샘골축산,I,L00,2026-05-08 22:59:43,,폐업,0002,03,34114201,207505.871103818    ,443139.428494637    ,서울특별시 강남구 일원동 645-1 인산빌딩 3층 ,2006-08-25 13:44:12
3230000,323000001219900001,1990-10-13,,폐업,2002-10-22,,,,0,,,명진상사,I,000,2026-05-05 22:02:41,,폐업,0002,03,,,,서울특별시 송파구 오금동 18-5  지하 ,2003-03-26 11:10:44
3230000,323000001219930001,1993-04-28,,폐업,2000-06-07,,,,0,,,(주)유원아그리택,I,000,2026-05-05 22:02:41,,폐업,0002,03,,210736.904409143    ,443841.338101311    ,서울특별시 송파구 가락동 57 서원빌딩502호 ,2015-07-30 20:30:39
3230000,323000001220220001,2022-01-14,,폐업,2023-09-01,,,2023-09-01,0,,05729,(주)에이머스팜코리아,I,000,2026-05-05 22:02:42,"서울특별시 송파구 동남로 299, 남성빌딩 2층 (오금동)",폐업,0002,03,0220395688,212078.206213133    ,444472.272817033    ,서울특별시 송파구 오금동 128-1 남성빌딩 ,2023-09-26 14:14:13
3230000,323000001220200001,2020-01-09,,폐업,2020-12-23,,,2020-12-23,396.7,,05545,주식회사 펫팜,I,L00,2026-05-05 22:02:42,"서울특별시 송파구 오금로11길 55, 2층 217호 (방이동, 현대주상복합빌딩)",폐업,0002,03,,209930.508954029    ,445922.323908115    ,서울특별시 송파구 방이동 48-5 현대주상복합빌딩 ,2020-12-23 16:32:19
3230000,323000001220190002,2019-08-13,,폐업,2021-09-07,,,2021-09-07,0,,05854,세라노틱스(주),I,000,2026-05-05 22:02:42,"서울특별시 송파구 송파대로 201, 송파 테라타워2 바동 210호 (문정동)",폐업,0002,03,0269337484,,,서울특별시 송파구 문정동 642 송파 테라타워2 ,2021-09-07 15:28:08
3230000,323000001220190001,2019-05-13,,폐업,2020-11-19,,,2020-11-19,0,,05842,주식회사씨티씨바이오애니멀헬스,I,000,2026-05-05 22:02:42,"서울특별시 송파구 송파대로 55, 서울복합물류 A동 605호 (장지동)",폐업,0002,03,07040333049,,,서울특별시 송파구 장지동 875 서울복합물류 A동 605호,2020-11-20 09:57:33
3230000,323000001220100001,2010-02-03,,휴업,,2011-07-29,2011-09-30,,0,,,아피메즈 주식회사 서울영업소,I,000,2026-05-05 22:02:42,,휴업,0001,02,0234310600,210500.687031125    ,445532.066591959    ,서울특별시 송파구 방이동 160-3 CM빌딩 지하1층 ,2011-07-29 15:04:04
3230000,323000001220090002,2009-03-05,,영업/정상,,,,,172.43,,05548,주식회사 버박코리아,U,F00,2026-05-21 03:03:03,"서울특별시 송파구 오금로 99 (방이동, 진넥스레이크뷰)",정상,0000,01,024964074,209464.500962759    ,445693.551238562    ,서울특별시 송파구 방이동 65-2 ,2026-05-20 11:24:37
3230000,323000001220090003,2009-09-25,,폐업,2011-03-07,,,,0,,,베이직사이언스,I,000,2026-05-05 22:02:42,,폐업,0002,03,,210938.258591057    ,445500.352383144    ,서울특별시 송파구 방이동 191-4 청라빌딩 지상3층 ,2015-07-30 20:35:01
3230000,323000001220260001,2026-05-11,,영업/정상,,,,,,,05637,신원약품 주식회사,I,000,2026-05-12 22:02:30,"서울특별시 송파구 위례성대로16길 4-11, 신원빌딩 2층 (방이동)",정상,0000,01,,210941.281011664    ,445586.021236177    ,서울특별시 송파구 방이동 192 신원빌딩 ,2026-05-11 09:03:41
3230000,323000001219940001,1994-05-24,,폐업,2005-09-27,,,,23.57,,,(주)비젼비모,I,000,2026-05-05 22:02:41,,폐업,0002,03,,211866.581462869    ,444890.332779605    ,서울특별시 송파구 오금동 87-4 지층 ,2015-07-30 20:26:10
3230000,323000001219960001,1996-01-15,,폐업,2010-07-29,,,,32,,,(주)씨티씨바이오,I,000,2026-05-05 22:02:41,,폐업,0002,03,,211836.433773034    ,445043.295795265    ,서울특별시 송파구 오금동 93 지상3층 ,2015-07-30 20:27:59
3230000,323000001220000001,2000-01-19,,폐업,2001-09-02,,,,0,,,바이오베스트,I,000,2026-05-05 22:02:41,,폐업,0002,03,34315753,210347.896261833    ,445223.302609891    ,서울특별시 송파구 방이동 126-3 서호빌딩202호 ,2015-07-30 20:34:14
3230000,323000001220000002,2000-04-25,,폐업,2005-02-18,,,,0,,,(주)대현교역,I,000,2026-05-05 22:02:41,,폐업,0002,03,,210481.077142289    ,443448.892122874    ,서울특별시 송파구 가락동 99-5 ,2015-07-30 20:22:59
3230000,323000001220000003,2000-09-20,,폐업,2004-06-10,,,,0,,,(주)메딕코리아,I,000,2026-05-05 22:02:41,,폐업,0002,03,34016066,212645.539631084    ,443127.535494347    ,서울특별시 송파구 거여동 290-1 세신종합상가 415호 ,2015-07-30 20:25:01
3230000,323000001220010001,2001-09-13,,폐업,2004-06-10,,,,0,,,신성-벳,I,000,2026-05-05 22:02:41,,폐업,0002,03,34767978,209564.64401154     ,444827.959286882    ,서울특별시 송파구 송파동 85-13 지층 ,2015-07-30 20:35:41
3230000,323000001220010002,2001-12-13,,폐업,2006-10-23,,,,0,,,(주)애드바이오텍,I,000,2026-05-05 22:02:41,,폐업,0002,03,,211859.098333302    ,443429.624997271    ,서울특별시 송파구 가락동 189-13 3층 ,2015-07-30 20:28:38
3230000,323000001220020001,2002-04-04,,폐업,2004-10-29,,,,30.42,,,(주)세인인터내셔날,I,000,2026-05-05 22:02:41,,폐업,0002,03,,211131.069423649    ,444300.770988115    ,서울특별시 송파구 가락동 10-4 지상2층 ,2015-07-30 20:27:27
3230000,323000001220020002,2002-07-23,,폐업,2005-11-01,,,,0,,,피드넷(주),I,000,2026-05-05 22:02:41,,폐업,0002,03,,210264.563981294    ,447459.242238036    ,서울특별시 송파구 풍납동 405-2 3층 ,2015-07-30 20:36:31
3230000,323000001220020003,2002-11-06,,폐업,2004-12-01,,,,21,,,(주)명진바이오케미칼,I,000,2026-05-05 22:02:41,,폐업,0002,03,0316834003,,,서울특별시 송파구 송파동 173-13 지층 ,2015-07-30 20:25:30
3230000,323000001220030001,2003-05-10,,폐업,2005-02-28,,,,0,,,(주)피드플러스,I,000,2026-05-05 22:02:41,,폐업,0002,03,,211384.307346593    ,445099.423812049    ,서울특별시 송파구 오금동 23-6 지상2층 ,2015-07-30 20:31:14
3230000,323000001220030005,2003-09-19,,폐업,2005-02-23,,,,38.86,,,네오헬스(주),I,000,2026-05-05 22:02:41,,폐업,0002,03,,212813.068563627    ,444019.718598846    ,서울특별시 송파구 거여동 129-82 지상1층 ,2015-07-30 20:32:54
3230000,323000001220040001,2004-03-22,,폐업,2006-04-21,,,,22.08,,,(주)하이엠텍,I,L00,2026-05-05 22:02:41,,폐업,0002,03,34020310,211111.990469749    ,442106.154785377    ,서울특별시 송파구 문정동 73-1 지상2층 ,2015-07-30 20:32:05
3230000,323000001220040002,2004-05-07,,폐업,2011-05-17,,,,22.14,,,(주)서광약품,I,000,2026-05-05 22:02:41,,폐업,0002,03,,209303.14045654     ,444315.020885886    ,서울특별시 송파구 석촌동 272-3 지상4층 ,2015-07-30 20:26:55
3230000,323000001220050001,2005-02-03,,폐업,2005-06-07,,,,25.22,,,루트팜,I,000,2026-05-05 22:02:41,,폐업,0002,03,,213051.909977437    ,443438.314783989    ,서울특별시 송파구 거여동 35-4 지상1층 ,2015-07-30 20:33:34
3230000,323000001220090001,2009-02-19,,폐업,2013-03-08,,,,115,,,브이에스팜,I,000,2026-05-05 22:02:41,,폐업,0002,03,0234368252,209798.863492457    ,444385.07432858     ,서울특별시 송파구 송파동 97-22 201호 ,2015-07-30 20:38:19
3230000,323000001220110001,2011-02-24,,폐업,2015-10-23,,,,0,,05663,(주) 에스엠바이오텍,I,L00,2026-05-05 22:02:42,"서울특별시 송파구 가락로 209, 404호 (송파동, 사이언스빌딩)",폐업,0002,03,,210196.188521565    ,445002.041443338    ,,2015-10-26 14:05:35
3230000,323000001220140001,2014-04-30,,폐업,2019-04-24,,,2019-04-24,212.36,,05583,(주)유니코애니멀헬스,I,L00,2026-05-05 22:02:42,"서울특별시 송파구 백제고분로 224 (삼전동, 창대빌딩)",폐업,0002,03,0260132617,208004.344941437    ,444552.740803297    ,서울특별시 송파구 삼전동 49-1 ,2019-04-24 19:46:13
3230000,323000001220170001,2017-05-01,,폐업,2022-04-14,,,2022-04-14,261.2,,05623,한국엘랑코동물약품(주),I,L00,2026-05-05 22:02:42,"서울특별시 송파구 석촌호수로 274 (송파동, 씨엠빌딩)",폐업,0002,03,025530304,209321.573335253    ,445338.780035       ,서울특별시 송파구 송파동 32-7 ,2022-04-22 15:39:07
3230000,323000001220170002,2017-06-15,,폐업,2018-11-06,,,,0,,05545,펫메즈코리아,I,000,2026-05-05 22:02:42,"서울특별시 송파구 백제고분로 501, 지하1층 109호 (방이동, 청호빌딩)",폐업,0002,03,024239806,210068.709244252    ,445895.515259907    ,서울특별시 송파구 방이동 51-2 ,2020-01-13 14:25:21
3230000,323000001220030004,2003-09-02,,취소/말소/만료/정지/중지,2014-12-05,,,2014-12-05,0,,05809,(주)네오텍 사이언스,I,L00,2026-05-05 22:02:41,서울특별시 송파구 새말로 125 (문정동),말소,0004,04,,211255.759612505    ,442338.115571068    ,,2015-07-31 10:54:49
3240000,324000001220080001,2008-07-09,,폐업,2012-08-16,,,,69.78,,,트리스(TRIS),I,000,2026-05-11 22:04:26,,폐업,0002,03,,211217.301018797    ,447318.066262183    ,서울특별시 강동구 성내동 542-2 2층 ,2012-08-16 15:03:31
3240000,324000001220240001,2024-07-25,,폐업,2026-03-30,,,2026-03-30,0,,05219,애니팜,I,L00,2026-05-11 22:04:26,"서울특별시 강동구 아리수로72길 31, 101호 (고덕동, 드림빌)",폐업,0002,03,18006570,214176.254884625    ,451151.696609954    ,서울특별시 강동구 고덕동 280-2 드림빌 ,2026-03-30 14:20:52
3240000,324000001220030002,2003-03-07,,폐업,2003-11-13,,,,84,,,브이에스팜,I,000,2026-05-11 22:04:26,,폐업,0002,03,,211257.760771084    ,447009.937935803    ,서울특별시 강동구 성내동 469-3 ,2003-11-13 09:49:51
3240000,324000001220030001,2003-06-02,,폐업,2016-10-05,,,2016-10-05,70.7,,,벨벳코리아,I,000,2026-05-11 22:04:26,,폐업,0002,03,,212487.364320634    ,447660.416336935    ,서울특별시 강동구 둔촌동 454-6 ,2016-10-05 14:47:09
3240000,324000001220210001,2021-10-19,,폐업,2022-10-28,,,2022-10-28,,,05302,한아름 메디케어,I,000,2026-05-11 22:04:26,"서울특별시 강동구 양재대로124길 39, 2층 201호 (길동, 진명빌딩)",폐업,0002,03,0263382454,212684.984662576    ,448964.25418159     ,서울특별시 강동구 길동 333-5 진명빌딩 201호,2022-10-28 17:37:19
3240000,324000001220120001,2012-02-20,,영업/정상,,,,,100,,,브이에스팜(주),I,000,2026-05-11 22:04:26,,정상,0000,01,34368252,212426.8880544      ,447999.103871278    ,서울특별시 강동구 길동 236-7 ,2012-02-20 09:35:33
3240000,324000001219850001,1985-10-16,,폐업,2017-11-06,,,2017-11-06,24.42,,05350,새양지가축약품상사,I,000,2026-05-11 22:04:26,서울특별시 강동구 천호대로191길 6 (길동),폐업,0002,03,,212700.316125213    ,448138.401469213    ,서울특별시 강동구 길동 402-10 102호,2017-11-06 17:37:23
3240000,324000001220110001,2011-11-30,,폐업,2015-05-14,,,,56,,,주식회사유니코동물약품,I,000,2026-05-11 22:04:26,,폐업,0002,03,,212921.259246206    ,448800.258437189    ,서울특별시 강동구 길동 91-13 명일빌딩 ,2015-05-18 16:48:29
3290000,329000001220150001,2015-11-02,,폐업,2021-12-20,,,,0,,47261,JK 애니멀 팜,I,000,2026-05-02 22:41:52,부산광역시 부산진구 신천대로 205 (당감동),폐업,0002,03,,386695.437689142    ,186479.9859823      ,부산광역시 해운대구 재송동 ,2021-12-20 16:24:25
3300000,330000001219830001,1983-05-02,,폐업,2017-07-04,,,2017-07-04,85.8,,47744,제일가축약품,I,000,2026-05-11 22:02:21,부산광역시 동래구 명륜로 258 (명륜동),폐업,0002,03,,389759.538316041    ,192745.527793703    ,부산광역시 동래구 명륜동 5-9 ,2017-07-04 18:27:14
3300000,330000001220130001,2013-08-07,,폐업,2024-08-14,,,2024-08-14,0,,47878,세화약품(주),I,000,2026-05-11 22:02:22,부산광역시 동래구 충렬대로272번길 48 (낙민동),폐업,0002,03,0515503000,390195.460494117    ,190814.368382593    ,부산광역시 해운대구 우동 215-11 ,2024-08-21 13:26:00
3300000,330000001220170001,2017-07-21,,폐업,2022-01-03,,,2022-01-03,85.8,,47744,제일가축약품,I,000,2026-05-11 22:02:22,부산광역시 동래구 명륜로 258 (명륜동),폐업,0002,03,0515553373,389759.538316041    ,192745.527793703    ,부산광역시 동래구 명륜동 5-9 ,2023-01-03 13:37:39
3310000,331000001220030001,2003-09-06,,폐업,2006-11-01,,,,242,,,(주)아쿠아이천,I,L00,2026-05-07 22:36:10,,폐업,0002,03,,,,부산광역시 남구 대연동 52-20   ,2006-11-01 17:07:41
3310000,331000001220200001,2020-05-22,,폐업,2023-04-11,,,2023-04-11,,,48402,범해무역,I,000,2026-05-07 22:36:10,"부산광역시 남구 전포대로 17, 104호 (문현동, 보람 더 하임)",폐업,0002,03,,388332.820558203    ,184073.407272432    ,부산광역시 남구 문현동 806 보람 더 하임 ,2023-04-11 13:27:34
3310000,331000001220100001,2010-04-20,,폐업,2014-03-21,,,,0,,48531,휴먼팜(주),I,000,2026-05-07 22:36:10,부산광역시 남구 신선로 435 (용당동),폐업,0002,03,0516227731,391289.964170151    ,182576.898775347    ,부산광역시 남구 용당동 542-5 ,2014-03-21 17:47:53
3320000,332000001220040001,2004-09-18,,폐업,2005-04-26,,,,0,,,아진약품,I,000,2026-05-08 22:45:45,,폐업,0002,03,,,,부산광역시 북구 만덕동 대성아파트상가 107동 204호 ,2005-04-26 11:34:46
3320000,332000001220020001,2002-04-24,,영업/정상,,,,,0,,46568,(주)부산수의약품,I,L00,2026-05-08 22:45:44,부산광역시 북구 만덕대로90번길 13 (덕천동),정상,0000,01,,383443.264423517    ,192181.296404737    ,부산광역시 북구 덕천동 388-1 대방상가 2층 201호 ,2025-01-13 14:39:57
3350000,335000001220130001,2013-10-30,,휴업,,2016-09-20,,,5705,,46333,(주)삼원약품,I,L00,2026-05-07 22:38:16,부산광역시 금정구 공단서로 15 (금사동),휴업,0001,02,,392126.973318895    ,192782.896385985    ,부산광역시 금정구 금사동 106-2 ,2016-09-21 09:18:15
3350000,335000001220030001,2003-03-28,,영업/정상,,,,,46.28,,46269,대한가축약품,I,000,2026-05-07 22:38:14,부산광역시 금정구 무학송로 12(부곡동),정상,0000,01,,390414.493591813    ,194540.779418781    ,부산광역시 금정구 부곡동 257-6 ,2021-10-13 13:14:37
3350000,335000001220220001,2022-01-28,,폐업,2023-08-04,,,2023-08-04,,,46230,(주)영남지오영 부산지점,I,000,2026-05-07 22:38:17,부산광역시 금정구 중앙대로1929번길 9(구서동),폐업,0002,03,0515093321,390199.427979457    ,197213.234857726    ,부산광역시 금정구 구서동 184-8 ,2023-08-04 08:41:17
3350000,335000001220210001,2021-12-09,,폐업,2022-05-26,,,2022-05-26,,,46244,(주)지비메디팜,I,000,2026-05-07 22:38:17,"부산광역시 금정구 금정로219번길 8, 1층 (구서동)",폐업,0002,03,0515812115,390141.6587739      ,195846.482108602    ,부산광역시 금정구 구서동 445-9 ,2022-05-26 17:15:29
3350000,335000001219940001,1994-10-28,,폐업,2006-09-28,,,,96,,,(주)유한양행부산영업소,I,L00,2026-05-07 22:38:13,,폐업,0002,03,,389754.575544098    ,195441.966218756    ,부산광역시 금정구 장전동 117-7 ,2006-09-28 09:49:41
3350000,335000001220030002,2003-03-28,,폐업,2006-10-27,,,,53,,,천일가축약품,I,000,2026-05-07 22:38:15,,폐업,0002,03,,390306.529153968    ,199280.033121791    ,부산광역시 금정구 청룡동 83-16 ,2006-10-27 09:55:03
3350000,335000001220030003,2003-03-28,,폐업,2004-01-27,,,,58.3,,,종합축산약품상사,I,000,2026-05-07 22:38:15,,폐업,0002,03,,389986.731942145    ,199156.442155375    ,부산광역시 금정구 청룡동 50-6 ,2004-03-08 16:39:05
3350000,335000001220070001,2007-11-06,,폐업,2010-06-23,,,,212.65,,,서진메디칼,I,000,2026-05-07 22:38:16,,폐업,0002,03,,,,부산광역시 금정구 부곡동 28-18   ,2010-06-23 14:26:13
3360000,336000001220230001,2023-12-18,,영업/정상,,,,,0,,46719,애니로그,I,L00,2026-05-07 22:37:27,부산광역시 강서구 경전철로24번길 43-4 (대저2동),정상,0000,01,0519777070,378188.112160019    ,188749.362620667    ,부산광역시 강서구 대저2동 1860-17 ,2023-12-18 15:07:07
3370000,337000001220250001,2025-11-12,,영업/정상,,,,,0,,47502,주식회사 리프패럿,I,L00,2026-05-08 22:43:10,"부산광역시 연제구 법원북로 45, 조선빌딩 1층 (거제동)",정상,0000,01,,388624.400733427    ,190305.507678072    ,부산광역시 연제구 거제동 203-8 조선빌딩 ,2025-11-12 16:46:31
3390000,339000001220250001,2025-02-06,,폐업,2026-02-06,,,2026-02-06,0,,46922,주한약품,I,000,2026-05-07 22:32:46,"부산광역시 사상구 모덕로67번길 151, 4층 (모라동)",폐업,0002,03,,380743.719917055    ,189499.991278479    ,부산광역시 사상구 모라동 657-6 ,2026-02-06 11:45:49
3400000,340000001219890001,1989-10-21,,폐업,2004-07-20,,,,20,,,건우약품,I,000,2026-05-10 22:55:22,,폐업,0002,03,,401677.056528759    ,196497.64139701     ,부산광역시 기장군 기장읍 동부리 155-6 ,2004-07-20 09:24:59
3400000,340000001219950001,1995-06-14,,폐업,2013-04-24,,,,30,,46066,동광당약국,I,000,2026-05-10 22:55:22,부산광역시 기장군 기장읍 차성로288번길 24,폐업,0002,03,,401539.476645859    ,195990.225606729    ,부산광역시 기장군 기장읍 대라리 74-3 ,2013-04-29 11:09:23
3400000,340000001219990001,1999-12-31,,폐업,2008-10-30,,,,20,,,기장수산동물병원,I,000,2026-05-10 22:55:22,,폐업,0002,03,,,,부산광역시 기장군 기장읍 대라리 148-9   ,2008-10-30 18:53:17
3400000,340000001220220001,2022-03-29,,폐업,2023-01-17,,,2023-01-17,120,,46080,(주)지비메디팜,I,000,2026-05-10 22:55:22,부산광역시 기장군 기장읍 청강로 92,폐업,0002,03,0515812115,402171.429598985    ,195675.337991104    ,부산광역시 기장군 기장읍 청강리 141-6 ,2023-01-17 13:53:20
3400000,340000001220170001,2017-04-17,,폐업,2018-05-03,,,2018-05-03,34,,46080,주식회사 디에스피엘,I,L00,2026-05-10 22:55:22,부산광역시 기장군 기장읍 기장대로 482-8,폐업,0002,03,0517230477,402014.334709466    ,195467.922429383    ,부산광역시 기장군 기장읍 청강리 117-4 ,2018-05-03 16:57:15
3410000,341000001220230001,2023-05-16,,영업/정상,,,,,101.74,,41903,주식회사 코미 대구사무소,I,L00,2026-05-07 22:41:00,"대구광역시 중구 태평로 177, 2층 209호 (태평로1가, 태평라이프아파트)",정상,0000,01,0534237535,344204.5224695      ,265028.313376104    ,대구광역시 중구 태평로1가 1-187 태평라이프아파트 209호,2023-05-18 13:00:56
3410000,341000001220130001,1978-06-17,,폐업,2013-07-23,,,,93.7,,41950,주식회사 대구축산,I,000,2026-05-07 22:41:00,대구광역시 중구 달구벌대로 2164 (대봉동),폐업,0002,03,,344432.563323862    ,263763.687866673    ,대구광역시 중구 대봉동 715-15 ,2013-07-24 08:43:44
3410000,341000001220140001,2014-06-25,,폐업,2016-12-08,,,2016-12-08,130.8,,41904,미래플러스팜,I,000,2026-05-07 22:41:00,"대구광역시 중구 태평로 285, 2층 (동인동3가)",폐업,0002,03,0534239999,345186.291889157    ,264869.767108856    ,대구광역시 중구 동인동3가 271-11 2층 ,2016-12-08 16:45:41
3410000,341000001220130002,1990-06-02,,폐업,2019-01-28,,,2019-01-28,0,,41948,주식회사 대구애니멀,I,L00,2026-05-07 22:41:00,대구광역시 중구 달구벌대로 2201-6 (삼덕동2가),폐업,0002,03,,344839.815361289    ,263761.316383424    ,대구광역시 중구 삼덕동2가 297 ,2019-01-28 15:46:52
3420000,342000001220260001,2026-02-05,,영업/정상,,,,,0,,41124,빅팜 주식회사,I,L00,2026-05-07 22:35:24,"대구광역시 동구 용계로2길 17-16, 2층 (용계동)",정상,0000,01,0537958868,352968.797056544    ,265226.404752639    ,대구광역시 동구 용계동 57 ,2026-02-05 16:53:52
3420000,342000001220130004,2004-09-03,,폐업,2025-03-11,,,2025-03-11,67,,,대경동물약품,I,000,2026-05-07 22:35:24,대구광역시 동구 동대구로 425 (신천동),폐업,0002,03,,346772.20028008     ,264355.53434199     ,대구광역시 동구 신천동 137-4 ,2025-03-11 11:21:25
3420000,342000001220260002,2026-04-27,,영업/정상,,,,,59,,41240,유태팜,I,000,2026-05-07 22:35:24,"대구광역시 동구 화랑로25길 34, 1층 (효목동)",정상,0000,01,,348128.728398471    ,265331.236562074    ,대구광역시 동구 효목동 621-6 ,2026-04-27 10:59:16
3420000,342000001220260003,2026-04-30,,영업/정상,,,,,0,,41161,두산동물약품,U,000,2026-06-30 03:03:03,"대구광역시 동구 화랑로 365, 3층 (방촌동)",정상,0000,01,,350205.757727794    ,265450.169196728    ,대구광역시 동구 방촌동 1084-694 ,2026-06-29 01:41:14
3420000,342000001220260004,2026-05-21,,영업/정상,,,,,0,,41061,(주)한국플러스팜,I,L00,2026-05-22 22:02:30,"대구광역시 동구 동내로 76, 한국메디벤처센터 307호 (동내동)",정상,0000,01,,356698.367083593    ,265603.702348776    ,대구광역시 동구 동내동 1121 한국메디벤처센터 ,2026-05-21 20:37:29
3420000,342000001220220001,2022-02-09,,폐업,2023-08-03,,,2023-08-03,0,,41029,(주)영남지오영 대구지점,I,L00,2026-05-07 22:35:24,대구광역시 동구 팔공로37길 42(불로동),폐업,0002,03,0539808888,347885.411478323    ,269663.478892727    ,대구광역시 동구 불로동 1257 ,2023-08-03 14:22:01
3420000,342000001220190001,2019-12-12,,폐업,2020-02-18,,,2020-02-18,131.14,,41059,제이에스팜,I,000,2026-05-07 22:35:24,"대구광역시 동구 이노밸리로 3, 중앙빌딩 403호 (상매동)",폐업,0002,03,15881359,353928.883617217    ,266641.633671671    ,대구광역시 동구 상매동 505-10 ,2020-02-18 15:45:38
3420000,342000001220250001,2025-04-01,,영업/정상,,,,,0,,41073,아이엠팜,I,000,2026-05-07 22:35:24,"대구광역시 동구 반야월북로 149, 3층 (각산동)",정상,0000,01,0537101303,354722.988899409    ,265053.164306342    ,대구광역시 동구 각산동 382 ,2025-04-01 10:39:39
3420000,342000001220130003,2013-12-06,,폐업,2014-06-24,,,,,,41259,우림약품,I,000,2026-05-07 22:35:24,대구광역시 동구 송라로 52 (신천동),폐업,0002,03,0537448831,346185.18818904     ,264726.565601243    ,,2014-06-24 11:27:26
3420000,342000001220220002,2022-10-28,,영업/정상,,,,,0,,41118,주식회사 신텍스헬스케어,I,000,2026-05-07 22:35:24,"대구광역시 동구 반야월로24길 21, 3층 (신기동)",정상,0000,01,0532558110,353506.817407666    ,264905.069590511    ,대구광역시 동구 신기동 160-2 ,2025-08-12 15:43:41
3420000,342000001220140001,2014-06-25,,영업/정상,,,,,203.1,,41218,(주)디씨팜,I,L00,2026-05-07 22:35:24,"대구광역시 동구 신암남로 161, 5층 (신암동)",정상,0000,01,0800575000,347238.928608016    ,266073.372423475    ,대구광역시 동구 신암동 332-8 ,2022-05-06 15:17:55
3420000,342000001220130002,2013-09-13,,영업/정상,,,,,,,41065,경수약품(주),I,L00,2026-05-07 22:35:23,대구광역시 동구 혁신대로 94(율암동),정상,0000,01,0537624455,354098.328326911    ,265692.173541022    ,대구광역시 동구 율암동 1130-3 ,2022-05-02 13:55:53
3420000,342000001220130001,1999-05-10,,영업/정상,,,,,165,,41230,신라축산약품,I,000,2026-05-07 22:35:23,대구광역시 동구 동부로 215 (효목동),정상,0000,01,,347575.200391813    ,265600.98024148     ,대구광역시 동구 효목동 289-3 ,2013-02-26 11:34:54
3440000,344000001220170001,2017-12-12,,폐업,2018-01-26,,,2018-01-26,152.58,,42425,제이에이치팜(JH팜),I,000,2026-05-05 22:31:48,"대구광역시 남구 중앙대로32길 23, 3층 (봉덕동)",폐업,0002,03,,343742.997350893    ,261969.606805434    ,대구광역시 남구 봉덕동 729-4 3층 ,2018-01-26 17:45:39
3440000,344000001220160001,2016-12-07,,영업/정상,,,,,290.94,,42425,미래플러스팜,I,000,2026-05-05 22:31:48,"대구광역시 남구 중앙대로32길 23, 2층 (봉덕동)",정상,0000,01,0534239999,343742.997350893    ,261969.606805434    ,대구광역시 남구 봉덕동 729-4 2층 ,2022-08-31 16:53:07
3450000,345000001220250001,2025-02-18,,영업/정상,,,,,0,,41598,대경동물약품,I,000,2026-05-09 22:51:19,"대구광역시 북구 한강로8길 13-4, 501호 (금호동)",정상,0000,01,0537454571,337038.178030288    ,267193.009006102    ,대구광역시 북구 금호동 804 501호,2025-02-18 15:07:27
3450000,345000001220130002,2012-01-05,,영업/정상,,,,,0,,41507,(주)우일축산약품,I,L00,2026-05-09 22:51:19,대구광역시 북구 워터폴리스로15길 29 (검단동),정상,0000,01,,,,대구광역시 북구 검단동 1556 ,2025-06-17 13:35:01
3450000,345000001220130001,1983-05-27,,폐업,2013-08-28,,,,0,,41475,경수약품(주),I,L00,2026-05-09 22:51:19,대구광역시 북구 호국로 229 (서변동),폐업,0002,03,,344255.825755025    ,270277.250975412    ,대구광역시 북구 검단동 1783-3 ,2013-08-28 16:57:13
3460000,346000001220230001,2023-10-25,,영업/정상,,,,,0,,42164,(유)알파엠앤씨,I,000,2026-05-04 22:36:54,"대구광역시 수성구 수성로12길 83, 1층 (상동)",정상,0000,01,,345597.46735426     ,260475.640564891    ,대구광역시 수성구 상동 345-2 1층 ,2023-10-25 09:22:09
3460000,346000001220180001,2018-06-22,,폐업,2026-05-28,,,,0,,42175,(주)한국플러스팜,U,L00,2026-05-30 03:03:03,대구광역시 수성구 동대구로7길 14-7 (두산동),폐업,0002,03,0532929423,346531.250061518    ,260540.406237248    ,대구광역시 수성구 두산동 123-11 ,2026-05-29 14:54:10
3460000,346000001220160001,2016-01-22,,영업/정상,,,,,0,,42052,디에스팜,I,000,2026-05-04 22:36:53,대구광역시 수성구 충의로6길 42 (만촌동),정상,0000,01,,348749.74895132     ,264167.639534765    ,대구광역시 수성구 만촌동 991-4 ,2023-10-18 15:30:23
3460000,346000001220150001,2003-04-01,,영업/정상,,,,,0,,42277,유진F&P,I,000,2026-05-04 22:36:52,대구광역시 수성구 달구벌대로 3258 (신매동),정상,0000,01,,354632.285747208    ,261119.620157541    ,,2015-10-13 11:02:45
3470000,347000001220130001,2010-07-06,,폐업,2026-02-04,,,2026-02-04,82.72,,42819,도은약품,I,000,2026-05-07 22:36:06,"대구광역시 달서구 중흥로16길 38, 1층 (송현동)",폐업,0002,03,0536266001,340688.778067217    ,259706.287980197    ,대구광역시 달서구 송현동 1989-5 ,2026-02-04 10:49:05
3470000,347000001220210001,2021-06-29,,영업/정상,,,,,137.73,,42739,주식회사 리본펫,I,L00,2026-05-07 22:36:06,"대구광역시 달서구 학산로42길 22, 1층 (송현동)",정상,0000,01,,339857.20468683     ,260292.711365105    ,대구광역시 달서구 송현동 483-1 ,2023-02-27 09:39:57
3480000,348000001220030001,2003-08-05,,영업/정상,,,,,57,,42948,계명축산약품상사,I,000,2026-05-05 22:02:43,대구광역시 달성군 화원읍 사문진로 411,정상,0000,01,,334973.528925598    ,257173.967141564    ,대구광역시 달성군 화원읍 천내리 101-3 ,2018-05-08 16:28:33
3480000,348000001220200001,2020-03-31,,영업/정상,,,,,330.1,,42955,홍익메디케어 주식회사,I,L00,2026-05-05 22:02:43,"대구광역시 달성군 화원읍 화원로1길 1, 2층",정상,0000,01,07043510000,335559.179281654    ,257163.326287088    ,대구광역시 달성군 화원읍 천내리 38-1 ,2023-08-23 10:14:49
3480000,348000001219970001,1997-05-27,,폐업,2015-04-17,,,,42,,,하동동물약품상사,I,000,2026-05-05 22:02:43,대구광역시 달성군 하빈면 하산길 2,폐업,0002,03,,326593.516993851    ,265281.571087767    ,대구광역시 달성군 하빈면 하산리 920-9 ,2015-04-17 13:08:40
3480000,348000001220160001,2016-06-08,,폐업,2019-06-03,,,2019-06-03,,,42956,우리축산약품,I,000,2026-05-05 22:02:43,대구광역시 달성군 화원읍 비슬로508길 19,폐업,0002,03,,335127.395787458    ,256609.247265285    ,대구광역시 달성군 화원읍 명곡리 197-9 ,2019-06-03 08:45:13
3480000,348000001220180001,2018-04-10,,폐업,2025-06-30,,,2025-06-30,,,42941,신우동물약품,I,000,2026-05-05 22:02:43,대구광역시 달성군 화원읍 사문진로 319-6,폐업,0002,03,0536356699,334140.503962851    ,257540.250920146    ,대구광역시 달성군 옥포읍 교항리 105 ,2025-08-07 15:53:35
3490000,349000001219960001,1996-03-28,,폐업,2006-03-15,,,,0,,22341,씨제이주식회사,I,000,2026-05-07 22:32:41,인천광역시 중구 서해대로140번길 49 (신흥동3가),폐업,0002,03,0328812662,166767.508712755    ,437648.939305631    ,인천광역시 중구 신흥동3가 64 ,2011-10-30 17:32:55
3490000,349000001220060001,2006-01-10,,폐업,2007-11-19,,,,50,,,(주)상아아그리텍,I,L00,2026-05-07 22:32:41,,폐업,0002,03,0328219932,167398.856103676    ,439713.798321566    ,인천광역시 중구 신흥동3가 7-241 정석빌딩 A동 702호,2007-11-19 11:04:22
3491000,349000001219960001,1996-03-28,,폐업,2006-03-15,,,,0,,22341,씨제이주식회사,I,000,2026-07-01 09:19:29,인천광역시 중구 서해대로140번길 49 (신흥동3가),폐업,0002,03,0328812662,166767.508712755    ,437648.939305631    ,인천광역시 중구 신흥동3가 64 ,2011-10-30 17:32:55
3491000,349000001220060001,2006-01-10,,폐업,2007-11-19,,,,50,,,(주)상아아그리텍,I,L00,2026-07-01 09:19:29,,폐업,0002,03,0328219932,167398.856103676    ,439713.798321566    ,인천광역시 중구 신흥동3가 7-241 정석빌딩 A동 702호,2007-11-19 11:04:22
3510500,351050001220260001,2026-01-13,,영업/정상,,,,,,,22187,휴먼앤펫,I,000,2026-04-26 22:32:43,"인천광역시 미추홀구 용오로 50, 3층 (용현동)",정상,0000,01,,168114.351880706    ,439227.886169643    ,인천광역시 미추홀구 용현동 577-35 ,2026-01-13 15:39:07
3510500,351000001220030001,2003-03-28,,영업/정상,,,,,0,,,중앙가축동물 도매상,I,000,2026-04-26 22:32:43,,정상,0000,01,,,,인천광역시 미추홀구 주안동 71-11 ,2012-02-16 09:26:20
3510500,351000001219930001,1993-01-26,,영업/정상,,,,,0,,22218,인천가축원,I,000,2026-04-26 22:32:43,인천광역시 미추홀구 한나루로 468 (주안동),정상,0000,01,0328756921,170546.891050579    ,438548.59270363     ,인천광역시 미추홀구 주안동 1371-1 ,2020-11-24 09:11:23
3520000,352000001220210001,2021-02-24,,폐업,2026-01-14,,,2026-01-14,0,,21948,휴먼앤펫,I,000,2026-05-11 22:34:09,"인천광역시 연수구 비류대로 154, 2층 (옥련동)",폐업,0002,03,07077174215,169130.302047048    ,436360.412317891    ,인천광역시 연수구 옥련동 116-46 2층 ,2026-01-15 09:48:32
3520000,352000001220210002,2021-07-12,,영업/정상,,,,,84.35,,21917,아이벳,I,000,2026-05-11 22:34:10,"인천광역시 연수구 함박뫼로12번길 5-6, 지하층 (청학동)",정상,0000,01,,170894.996779294    ,435225.815956837    ,인천광역시 연수구 청학동 473-8 지하층 ,2021-07-12 17:33:42
3530000,353000001220060001,2006-08-03,,폐업,2010-10-22,,,,0,,,(주)환경과생명,I,L00,2026-05-08 22:34:27,,폐업,0002,03,,172703.556170616    ,434619.595445983    ,인천광역시 남동구 논현동 453 남동공단 23B-1L ,2010-10-22 15:08:18
3530000,353000001220240001,2024-05-10,,영업/정상,,,,,0,,21590,포에버마이팜,U,L00,2026-06-23 03:03:03,"인천광역시 남동구 찬우물로33번길 30, 1층 (수산동)",정상,0000,01,0327198423,175369.271547447    ,437275.666038062    ,인천광역시 남동구 수산동 140-9 ,2026-06-22 17:29:10
3530000,353000001219930001,1993-06-12,,폐업,2013-03-07,,,,0,,,(주)한풍산업,I,000,2026-05-08 22:34:27,,폐업,0002,03,,171736.071022546    ,432340.893847387    ,인천광역시 남동구 고잔동 707-9 ,2013-03-07 14:48:13
3540000,354000001219860001,1986-05-02,,폐업,2023-09-08,,,,91.1,,21435,대농축산,I,000,2026-05-11 22:32:41,인천광역시 부평구 경인로 751 (십정동),폐업,0002,03,0325257931,174177.801924908    ,441654.634701735    ,인천광역시 부평구 십정동 577-4 ,2023-09-08 09:01:19
3540000,354000001220200001,2020-09-15,,폐업,2021-11-08,,,2021-11-08,1999.2,,21310,(주)동진팜,I,000,2026-05-11 22:32:41,"인천광역시 부평구 평천로115번길 29, 3층 (청천동)",폐업,0002,03,0323309611,174008.430679887    ,446620.850694753    ,인천광역시 부평구 청천동 391-23 ,2021-11-08 15:20:55
3540000,354000001220220001,2022-03-17,,폐업,2023-03-09,,,2023-03-09,1999.2,,21310,(주) 동진팜,I,000,2026-05-11 22:32:41,"인천광역시 부평구 평천로115번길 29, 4층 (청천동)",폐업,0002,03,0323309611,174008.430679887    ,446620.850694753    ,인천광역시 부평구 청천동 391-23 4층 ,2023-03-09 15:40:59
3540000,354000001220030001,2003-06-26,,폐업,2004-08-10,,,,0,,21352,idog ciub,I,000,2026-05-11 22:32:41,인천광역시 부평구 장제로 182 (부평동),폐업,0002,03,0325230132,176155.345355301    ,444411.653054702    ,인천광역시 부평구 부평동 98-85 ,2015-07-27 13:02:10
3540000,354000001220230001,2023-12-22,,영업/정상,,,,,0,,21378,주식회사 연우피앤씨,I,L00,2026-05-11 22:32:41,"인천광역시 부평구 원적로472번길 2, 창신빌딩 4층 401호 (부평동)",정상,0000,01,,175055.477909861    ,444585.097948312    ,인천광역시 부평구 부평동 64-24 창신빌딩 4층 401호 ,2023-12-22 16:22:50
3550000,355000001220050001,2005-01-03,,폐업,2025-02-07,,,2025-02-07,0,,,벨벳코리아인천지사,I,000,2026-05-10 22:32:44,"인천광역시 계양구 계산새로 71, C동 708호 (계산동,하이베라스)",폐업,0002,03,,176607.326609066    ,448516.12033842     ,인천광역시 계양구 계산동 1062 하이베라스 C동 708호,2025-02-07 16:02:57
3550000,355000001220030001,2003-11-19,,영업/정상,,,,,463.08,,,건화펫트팜,I,000,2026-05-10 22:32:44,인천광역시 계양구 용종로96번길 9 (용종동),정상,0000,01,,177230.729825801    ,448929.404005134    ,인천광역시 계양구 계산동 225-8 ,2026-02-25 14:51:57
3550000,355000001220220001,2022-09-01,,폐업,2025-05-20,,,2025-05-20,16.29,,21054,버크빙,I,000,2026-05-10 22:32:45,인천광역시 계양구 계양대로163번길 12-1(계산동),폐업,0002,03,,175279.987845029    ,448534.862606746    ,인천광역시 계양구 계산동 971-43 ,2025-05-21 15:09:01
3550000,355000001220210001,2021-12-22,,폐업,2023-08-03,,,2023-08-03,0,,21104,(주)지오영,I,L00,2026-05-10 22:32:44,"인천광역시 계양구 마장로 537, (주)지오영 신물류센터 (효성동)",폐업,0002,03,0226355869,173781.978226908    ,447157.211745106    ,인천광역시 계양구 효성동 514-1 (주)지오영 신물류센터 ,2023-08-03 16:36:15
3560000,356000001220240001,2024-11-07,,영업/정상,,,,,0,,22850,(주)우리약품,I,L00,2026-05-08 22:32:41,"인천광역시 서구 정서진4로 25, 에이동 4층 (오류동)",정상,0000,01,0325070601,166129.939051292    ,450574.620803669    ,인천광역시 서구 오류동 1578-1 ,2024-11-07 16:07:30
3560000,356000001220120001,2012-04-02,,영업/정상,,,,,,,22816,(주)종수약품,I,L00,2026-05-08 22:32:41,인천광역시 서구 신진말로 37-1 (가좌동),정상,0000,01,,171626.626662789    ,443509.29965277     ,인천광역시 서구 가좌동 197-12 ,2012-04-02 10:56:50
3560000,356000001220040001,2004-07-19,,폐업,2005-04-25,,,,64.5,,,이지동물약품,I,000,2026-05-08 22:32:41,,폐업,0002,03,,,,"인천광역시 서구 마전동 검단2지구 2블럭 4,5롯트 이지준프라자 104호 ",2005-04-25 16:37:49
3560000,356000001220020001,2002-06-09,,폐업,2007-07-20,,,,28.62,,,동화가축약품,I,000,2026-05-08 22:32:41,,폐업,0002,03,,,,인천광역시 서구 금곡동 31-1 ,2007-07-27 14:25:59
3560000,356000001219900001,1990-07-20,,폐업,2007-10-08,,,,0,,,서원가축약품,I,000,2026-05-08 22:32:41,,폐업,0002,03,,171329.103583649    ,449452.007392976    ,인천광역시 서구 심곡동 239 ,2007-10-10 10:20:32
3560000,356000001219890001,1989-05-25,,폐업,2006-12-04,,,,0,,,(주)광진제약,I,000,2026-05-08 22:32:41,,폐업,0002,03,,,,인천광역시 서구 마전동 693-3 ,2006-12-04 17:44:02
3560000,356000001219850001,1985-09-14,,폐업,2006-04-03,,,,29.25,,,(주)성원,I,000,2026-05-08 22:32:41,,폐업,0002,03,,,,인천광역시 서구 마전동 625-4    ,2006-04-03 15:21:12
3560000,356000001219840001,1984-11-22,,폐업,2006-10-19,,,,34.56,,,이화약품주식회사,I,000,2026-05-08 22:32:41,,폐업,0002,03,,,,인천광역시 서구 금곡동 산 237-1    ,2006-10-24 16:26:32
3561000,356100001220240001,2024-11-07,,영업/정상,,,,,0,,22850,(주)우리약품,I,L00,2026-07-01 13:15:43,"인천광역시 서해구 정서진4로 25, 에이동 4층 (오류동)",정상,0000,01,0325070601,166129.939051292    ,450574.620803669    ,인천광역시 서해구 경서동 1079-1 ,2024-11-07 16:07:30
3561000,356100001220120001,2012-04-02,,영업/정상,,,,,,,22816,(주)종수약품,I,L00,2026-07-01 13:15:43,인천광역시 서해구 신진말로 37-1 (가좌동),정상,0000,01,,171626.626662789    ,443509.29965277     ,인천광역시 서해구 가좌동 197-12 ,2012-04-02 10:56:50
3561000,356100001219900001,1990-07-20,,폐업,2007-10-08,,,,0,,,서원가축약품,I,000,2026-07-01 13:15:43,,폐업,0002,03,,171329.103583649    ,449452.007392976    ,인천광역시 서해구 심곡동 239 ,2007-10-10 10:20:32
3565000,356500001219850001,1985-09-14,,폐업,2006-04-03,,,,29.25,,,(주)성원,I,000,2026-07-01 10:04:25,,폐업,0002,03,,,,인천광역시 검단구 마전동 625-4    ,2006-04-03 15:21:12
3565000,356500001219840001,1984-11-22,,폐업,2006-10-19,,,,34.56,,,이화약품주식회사,I,000,2026-07-01 10:04:25,,폐업,0002,03,,,,인천광역시 검단구 금곡동 산 237-1    ,2006-10-24 16:26:32
3565000,356500001220020001,2002-06-09,,폐업,2007-07-20,,,,28.62,,,동화가축약품,I,000,2026-07-01 10:04:25,,폐업,0002,03,,,,인천광역시 검단구 금곡동 31-1 ,2007-07-27 14:25:59
3565000,356500001219890001,1989-05-25,,폐업,2006-12-04,,,,0,,,(주)광진제약,I,000,2026-07-01 10:04:25,,폐업,0002,03,,,,인천광역시 검단구 마전동 693-3 ,2006-12-04 17:44:02
3565000,356500001220040001,2004-07-19,,폐업,2005-04-25,,,,64.5,,,이지동물약품,I,000,2026-07-01 10:04:25,,폐업,0002,03,,,,"인천광역시 검단구 마전동 검단2지구 2블럭 4,5롯트 이지준프라자 104호 ",2005-04-25 16:37:49
3570000,357000001220030002,1996-02-23,,영업/정상,,,,,0,,23037,현대동물약품,I,000,2026-05-11 22:32:43,인천광역시 강화군 강화읍 충렬사로 6,정상,0000,01,0329332910,154725.7433835      ,470779.601670936    ,인천광역시 강화군 강화읍 남산리 576-1 ,2025-03-11 10:21:56
3570000,357000001220090001,2009-04-16,,영업/정상,,,,,222.1,,23036,종합가축약품,I,000,2026-05-11 22:32:43,인천광역시 강화군 강화읍 강화대로 378,정상,0000,01,0329342570,154819.922930673    ,471572.743319811    ,인천광역시 강화군 강화읍 관청리 119-9 ,2016-01-29 17:30:56
3570000,357000001220030003,1996-05-29,,폐업,2003-07-12,,,,0,,,성우,I,000,2026-05-11 22:32:43,인천광역시 강화군 강화읍 남문로 30,폐업,0002,03,,154801.992243109    ,471125.601325049    ,인천광역시 강화군 강화읍 남산리 43-3 ,2007-07-03 17:39:27
3570000,357000001220030001,1994-04-27,,폐업,2008-01-17,,,,0,,,통일,I,000,2026-05-11 22:32:43,인천광역시 강화군 강화읍 남문로 57-1,폐업,0002,03,,154690.955982375    ,471396.743162678    ,인천광역시 강화군 강화읍 남산리 10-4 ,2008-01-17 18:16:55
3590000,359000001219990001,1999-07-09,,폐업,2008-12-29,,,,88.32,,,신일수산약품,I,000,2026-05-04 22:35:15,광주광역시 동구 구성로 234 (계림동),폐업,0002,03,,192369.021308833    ,184042.495089188    ,광주광역시 동구 계림동 471-29 ,2008-12-29 09:53:45
3590000,359000001219930001,1993-05-18,,폐업,2003-08-12,,,,34.5,,,일성가축약품,I,000,2026-05-04 22:35:15,,폐업,0002,03,,,,광주광역시 동구 궁동 61-2    ,2003-08-12 09:30:28
3590000,359000001219840001,1984-03-22,,폐업,2009-07-14,,,,0,,,우양동물약품,I,000,2026-05-04 22:35:15,,폐업,0002,03,,,,광주광역시 동구 대인동 25-5 ,2009-07-14 10:49:10
3590000,359000001219810001,1981-05-20,,폐업,2018-12-17,,,2018-12-17,4252.97,,,백제약품광주지점,I,L00,2026-05-04 22:35:15,광주광역시 동구 제봉로 200 (대인동),폐업,0002,03,,192254.685112663    ,183862.25030278     ,광주광역시 동구 대인동 312-16 ,2018-12-18 09:10:37
3590000,359000001220180001,2018-12-19,,영업/정상,,,,,95.94,,61427,백제동물약품,I,000,2026-05-04 22:35:15,광주광역시 동구 제봉로 200 (대인동),정상,0000,01,0622229222,192254.685112663    ,183862.25030278     ,광주광역시 동구 대인동 312-16 ,2018-12-19 11:31:54
3590000,359000001220190001,2019-04-05,,휴업,,2020-06-15,,,,,61495,신광약품 주식회사,I,L00,2026-05-04 22:35:15,광주광역시 동구 소태길 77 (소태동),휴업,0001,02,0626065000,194517.189811289    ,180221.433198761    ,광주광역시 동구 소태동 99 ,2020-06-16 09:25:27
3600000,360000001220160001,2016-05-26,,폐업,2021-03-19,,,2021-03-19,0,,61917,한결의약품물류주식회사,I,L00,2026-05-07 22:39:16,"광주광역시 서구 무진대로963번길 14 (광천동, 서초각)",폐업,0002,03,0626557177,189558.051910452    ,184829.35518365     ,광주광역시 서구 광천동 15-8 ,2021-03-19 14:09:26
3600000,360000001220220001,2022-04-08,,폐업,2023-08-02,,,2023-08-02,,,61900,(주)호남지오영,I,L00,2026-05-07 22:39:16,"광주광역시 서구 덕흥1길 29, 해태제과식품(주) (덕흥동)",폐업,0002,03,0623836070,185161.558240909    ,185104.874041242    ,광주광역시 서구 덕흥동 22-4 해태제과식품(주) ,2023-08-02 15:52:05
3600000,360000001220020001,2002-03-15,,폐업,2006-09-27,,,,37.6,,,(주)유한양행전남영업소,I,000,2026-05-07 22:39:16,,폐업,0002,03,0623825400,,,광주광역시 서구 내방동 49-6 ,2006-09-27 17:52:00
3600000,360000001219980001,1998-08-05,,폐업,2020-02-10,,,2020-02-10,38.7,,61931,삼화케미칼(주),I,000,2026-05-07 22:39:16,광주광역시 서구 금화로492번길 13-2 (농성동),폐업,0002,03,,190142.118545053    ,183477.478034379    ,광주광역시 서구 농성동 626-23 ,2020-02-10 15:52:07
3600000,360000001220070001,2007-05-01,,폐업,2014-01-20,,,,111,,62050,남도동물약품(주),I,L00,2026-05-07 22:39:16,광주광역시 서구 풍암신흥안길 15-13 (풍암동),폐업,0002,03,,187403.643623979    ,180129.121824051    ,광주광역시 서구 풍암동 878-5 ,2014-01-21 14:12:35
3610000,361000001219960001,1996-03-06,,폐업,2007-10-23,,,,0,,,주)전일동물약품,I,000,2026-05-04 22:02:44,,폐업,0002,03,,,,광주광역시 남구 송하동 184-1   ,2007-10-23 15:23:52
3610000,361000001220070001,2007-10-26,,영업/정상,,,,,217.93,,61755,주식회사 광주애니팜,I,L00,2026-05-04 22:02:44,광주광역시 남구 서문대로 403-1 (송하동),정상,0000,01,0629458276,188884.953387013    ,178367.802390127    ,광주광역시 남구 송하동 492-27 ,2022-09-20 17:50:23
3610000,361000001220080001,2008-07-24,,영업/정상,,,,,64,,61740,전일에프엠(주),I,L00,2026-05-04 22:02:44,광주광역시 남구 서문대로 473(송하동),정상,0000,01,,189427.514639546    ,178788.494256844    ,광주광역시 남구 송하동 184-6 ,2021-11-04 17:44:08
3610000,361000001220090001,2009-07-10,,폐업,2013-11-13,,,,495.29,,,우양동물약품,I,000,2026-05-04 22:02:44,,폐업,0002,03,0622230820,,,광주광역시 남구 봉선동 1006-16   ,2013-11-13 11:37:41
3620000,362000001220260001,2026-06-18,,영업/정상,,,,,0,,61234,유한회사 뉴플러스,I,L00,2026-06-19 22:02:30,"광주광역시 북구 중흥로 153-14, 202호 (중흥동)",정상,0000,01,,191832.651995045    ,184830.347149872    ,광주광역시 북구 중흥동 696-7 ,2026-06-18 16:22:19
3620000,362000001220210001,2021-04-28,,영업/정상,,,,,1654.57,,61139,(주)대영팜,I,000,2026-05-09 22:51:22,광주광역시 북구 각화대로 41 (각화동),정상,0000,01,0622683052,194069.955781487    ,186883.722355548    ,광주광역시 북구 각화동 216-1 ,2021-04-28 09:55:01
3620000,362000001220110001,2011-11-16,,영업/정상,,,,,75.04,,61244,농업회사법인(유)금강티에스,I,L00,2026-05-09 22:51:22,광주광역시 북구 태봉로 39 (임동),정상,0000,01,0625147224,191120.420030082    ,184715.866146267    ,광주광역시 북구 임동 5-16 ,2013-10-01 18:59:40
3620000,362000001219910001,1991-04-24,,휴업,,2021-09-28,2022-02-28,,26.2,,61248,광주전남수의약품,I,000,2026-05-09 22:51:22,광주광역시 북구 무등로 90-1 (신안동),휴업,0001,02,0625278635,190267.02159977     ,185433.667643182    ,광주광역시 북구 신안동 250-8 ,2021-09-29 14:56:32
3620000,362000001220220001,2022-05-23,,폐업,2022-12-07,,,2022-12-07,33,,61193,남경뉴팜 주식회사,I,L00,2026-05-09 22:51:22,"광주광역시 북구 중문로 40, 3층 (우산동)",폐업,0002,03,0622523994,192600.057943468    ,186356.946520547    ,광주광역시 북구 우산동 168-2 ,2022-12-07 18:02:47
3620000,362000001220000003,2000-04-04,,폐업,2013-10-21,,,,20.21,,61124,제일동물약품,I,000,2026-05-09 22:51:22,광주광역시 북구 서하로315번길 12 (오치동),폐업,0002,03,0622694411,192204.483843048    ,187603.814575193    ,광주광역시 북구 오치동 1029-7 ,2013-10-21 15:58:00
3620000,362000001220000002,2000-02-08,,폐업,2006-12-20,,,,0,,,한일동물약품,I,000,2026-05-09 22:51:22,광주광역시 북구 서하로 461 (각화동),폐업,0002,03,0622510141,193458.632558436    ,186932.33522727     ,광주광역시 북구 각화동 503-28 ,2006-12-20 09:43:31
3620000,362000001220000001,2000-01-06,,폐업,2011-11-15,,,,0,,61244,금강동물약품도매상,I,000,2026-05-09 22:51:22,광주광역시 북구 태봉로 37-6 (임동),폐업,0002,03,0625147224,191120.420030082    ,184715.866146267    ,광주광역시 북구 임동 5-16 ,2013-12-19 12:57:04
3620000,362000001219820001,1982-09-21,,폐업,2007-03-23,,,,0,,,다산동물약품도매상,I,000,2026-05-09 22:51:21,광주광역시 북구 제봉로 259 (북동),폐업,0002,03,0625239916,191858.951045446    ,184282.919119889    ,광주광역시 북구 북동 2-9 ,2007-03-23 09:36:18
3630000,363000001219980001,1998-12-13,,영업/정상,,,,,0,,62399,(주)유성가축약품,I,L00,2026-05-05 22:32:58,광주광역시 광산구 어등대로 289-5(서봉동),정상,0000,01,0629446288,177661.696296753    ,183624.980594578    ,광주광역시 광산구 서봉동 169-7 ,2025-05-08 18:27:42
3630000,363000001220090001,2009-09-04,,영업/정상,,,,,198.12,,62393,(주)한올가축약품,I,L00,2026-05-05 22:32:58,광주광역시 광산구 평동로1120번길 150 (도산동),정상,0000,01,0629596680,180172.46705956     ,181176.621188482    ,광주광역시 광산구 도산동 ,2015-12-08 09:28:52
3630000,363000001220030002,2003-12-11,,폐업,2013-01-10,2012-10-08,,,24.08,,,인재팜(주),I,000,2026-05-05 22:32:58,,폐업,0002,03,0629559585,,,광주광역시 광산구 산정동 918-3    ,2013-01-10 16:05:07
3630000,363000001220000001,2000-03-22,,폐업,2007-10-24,,,,29.14,,,(주)광주동물약품,I,000,2026-05-05 22:32:58,광주광역시 광산구 상무대로 237 (송정동),폐업,0002,03,,181058.334114984    ,182385.839318016    ,광주광역시 광산구 송정동 1358 ,2007-10-24 09:50:25
3630000,363000001220180001,2018-12-12,,영업/정상,,,,,0,,62402,(유)광주수산질병관리원,I,L00,2026-05-05 22:32:58,광주광역시 광산구 선운로2번길 39 (선암동),정상,0000,01,,179284.850016177    ,183052.79887865     ,광주광역시 광산구 선암동 678 ,2018-12-12 17:45:09
3630000,363000001220030001,2003-07-24,,영업/정상,,,,,0,,62382,(주)일성가축약품,I,000,2026-05-05 22:32:58,광주광역시 광산구 어등대로 589 (운수동),정상,0000,01,0629461110,180535.211204271    ,183545.024507149    ,광주광역시 광산구 운수동 25-9 ,2024-10-22 10:04:55
3630000,363000001220220001,2022-06-30,,영업/정상,,,,,86.74,,62461,그린비,I,000,2026-05-05 22:32:59,"광주광역시 광산구 동곡로185번길 20-2, 1층 (하산동)",정상,0000,01,0623623400,179286.200916847    ,177888.245337365    ,광주광역시 광산구 하산동 483-5 ,2023-10-27 13:19:48
3630000,363000001220260001,2026-05-04,,영업/정상,,,,,,,62267,두리바이오텍,I,000,2026-05-05 22:32:59,"광주광역시 광산구 첨단중앙로67번길 38, 1층 (월계동)",정상,0000,01,0629715500,185409.340966465    ,190273.845588796    ,광주광역시 광산구 월계동 832-8 ,2026-05-04 16:11:42
3630000,363000001220130001,2013-06-21,,영업/정상,,,,,165,,62432,(주)그린동물약품,I,L00,2026-05-05 22:32:58,광주광역시 광산구 송도로304번길 52-3 (송정동),정상,0000,01,0629431205,182000.41603342     ,182219.084972473    ,광주광역시 광산구 송정동 434 ,2019-10-25 14:21:15
3640000,364000001220110001,2011-11-17,,폐업,2012-10-15,,,,360,,34547,용전약품상사,I,000,2026-05-07 22:01:39,"대전광역시 동구 계족로 470, 3층 (용전동)",폐업,0002,03,0426233282,238792.771928514    ,317054.287434973    ,대전광역시 동구 용전동 127-9 ,2012-10-16 10:21:09
3640000,364000001219860001,1986-07-16,,폐업,2018-06-18,,,2018-06-18,44.87,,34631,대전가축약품,I,000,2026-05-07 22:01:39,대전광역시 동구 대전로 719 (인동),폐업,0002,03,,239082.118107671    ,313828.242975653    ,대전광역시 동구 인동 72-1 ,2018-06-18 16:53:07
3640000,364000001220210001,2021-12-03,,폐업,2024-09-30,,,2024-09-30,1249,,34708,(주)세인트팜,I,000,2026-05-07 22:01:39,"대전광역시 동구 물류로 4, 남대전NK리움힐타워 4층 (구도동)",폐업,0002,03,0427165662,242029.558720089    ,308107.289719368    ,대전광역시 동구 구도동 346 남대전NK리움힐타워 ,2024-09-30 13:16:34
3640000,364000001220160001,2016-11-16,,취소/말소/만료/정지/중지,2023-09-20,,,,36.43,,34608,우리팜,I,000,2026-05-07 22:01:39,"대전광역시 동구 동대전로 157, 1층 (자양동)",말소,0004,04,0426284006,240039.550521658    ,315115.699203651    ,대전광역시 동구 자양동 67-13 1층 ,2023-09-20 10:28:23
3640000,364000001220090001,2009-04-13,,폐업,2025-12-05,,,2025-12-05,396,,34681,(주)테라팜,I,L00,2026-05-07 22:01:39,대전광역시 동구 은어송로 136 (가오동),폐업,0002,03,,241474.696279116    ,312308.126187491    ,대전광역시 동구 가오동 64-8 ,2025-12-17 14:40:27
3640000,364000001220250001,2025-08-12,,영업/정상,,,,,135.5,,34705,주식회사 비센,I,000,2026-05-07 22:01:39,대전광역시 동구 산내로1257번길 92 (낭월동),정상,0000,01,,241734.875421664    ,308595.139969988    ,대전광역시 동구 낭월동 536 ,2025-08-13 11:01:18
3650000,365000001219890001,1989-03-18,,영업/정상,,,,,0,,34941,백제동물약품(주),I,L00,2026-05-07 22:36:28,"대전광역시 중구 보문로 241, 1층 (대흥동)",정상,0000,01,0422562131,237851.06156774     ,313781.005215225    ,대전광역시 중구 대흥동 508-52 ,2025-04-04 09:10:41
3650000,365000001219810001,1981-06-19,,폐업,2011-10-07,,,,50,,,대흥축산,I,000,2026-05-07 22:36:28,,폐업,0002,03,,238684.11294021     ,313911.849581459    ,대전광역시 중구 대흥동 104-5 ,2011-10-07 10:45:28
3650000,365000001220010001,2001-02-12,,폐업,2004-05-25,,,,20.5,,,주식회사씨에스지,I,L00,2026-05-07 22:36:28,,폐업,0002,03,0422227666,,,대전광역시 중구 은행동 32-6 ,2005-09-22 14:56:26
3650000,365000001220030001,2003-05-22,,폐업,2005-04-29,,,,109.4,,,아이엠바이오(주),I,L00,2026-05-07 22:36:28,,폐업,0002,03,,,,대전광역시 중구 사정동 408-1    ,2005-04-29 17:36:08
3650000,365000001220050002,2005-05-18,,폐업,2021-11-04,,,2021-11-04,142.35,,35057,(주)중앙백신연구소,I,000,2026-05-07 22:36:28,대전광역시 중구 대둔산로 314 (사정동),폐업,0002,03,0428639322,234510.541012517    ,310789.646152465    ,대전광역시 중구 사정동 395-1 ,2021-11-04 10:55:18
3650000,365000001220050001,2005-02-28,,폐업,2006-11-16,,,,50.3,,,다 인 벳,I,000,2026-05-07 22:36:28,,폐업,0002,03,0425856909,,,대전광역시 중구 안영동 662-7    세멘콘크리트 1동 101호,2006-11-16 16:41:17
3650000,365000001220040001,2004-05-25,,폐업,2009-07-01,,,,55.3,,,유한회사벌과사람들,I,L00,2026-05-07 22:36:28,,폐업,0002,03,,,,대전광역시 중구 은행동 32-6    ,2009-07-01 14:22:14
3650000,365000001220220001,2022-07-26,,폐업,2024-04-16,,,2024-04-16,,,34822,(주)더힐벳,I,000,2026-05-07 22:36:28,"대전광역시 중구 어덕마을로10번길 28, 1층 (용두동)",폐업,0002,03,,236048.960774309    ,314611.308528356    ,대전광역시 중구 용두동 138-2 ,2024-04-17 10:48:50
3660000,366000001220170001,2017-09-28,,영업/정상,,,,,,,35372,(주)세움축산,I,L00,2026-05-10 23:07:03,"대전광역시 서구 관저중로95번길 74, 2층 (관저동)",정상,0000,01,0425828494,229816.778486076    ,311185.037991844    ,대전광역시 서구 관저동 1115 ,2017-09-28 13:42:14
3660000,366000001220220001,2022-02-24,,폐업,2023-08-04,,,2023-08-04,0,,35316,(주)대전지오영,I,L00,2026-05-10 23:07:03,대전광역시 서구 변정7길 5(변동),폐업,0002,03,0425367013,234021.698498774    ,313641.294673932    ,대전광역시 서구 변동 63-5 ,2023-08-03 18:06:16
3660000,366000001220200002,2020-12-02,,폐업,2021-04-13,,,2021-04-13,,,35223,주식회사 펫팜,I,L00,2026-05-10 23:07:03,"대전광역시 서구 월평중로24번길 14, 오삼빌딩 201호 (월평동)",폐업,0002,03,,232659.93           ,317360.195          ,대전광역시 서구 월평동 530 ,2021-04-13 16:39:24
3660000,366000001220200001,2020-01-17,,폐업,2023-08-01,,,2023-08-01,0,,35272,비센약품(주),I,L00,2026-05-10 23:07:03,"대전광역시 서구 갈마중로 16, 3층 302호 (갈마동)",폐업,0002,03,0424822048,233243.036866415    ,316357.563243098    ,대전광역시 서구 갈마동 351-1 302호,2023-08-02 08:09:23
3660000,366000001220210001,2021-01-19,,영업/정상,,,,,0,,35377,도드람동물약품(주),I,L00,2026-05-10 23:07:03,"대전광역시 서구 구봉산북로 12, 2층 (관저동)",정상,0000,01,0428267938,228893.261207904    ,310501.62857594     ,대전광역시 서구 관저동 1971-2 ,2021-01-21 10:29:18
3660000,366000001220020001,2002-08-21,,폐업,2008-05-19,,,,0,,,(주)다남,I,000,2026-05-10 23:07:03,대전광역시 서구 변정7길 5 (변동),폐업,0002,03,,234021.698498774    ,313641.294673932    ,대전광역시 서구 변동 63-5 ,2015-07-17 17:22:31
3660000,366000001219990001,1999-06-10,,폐업,2020-11-30,,,2020-11-30,491.04,,35335,정선축산,I,000,2026-05-10 23:07:02,대전광역시 서구 계백로 1405 (도마동),폐업,0002,03,,233834.320470184    ,312455.088903396    ,대전광역시 서구 도마동 171-55 ,2020-11-30 15:16:28
3660000,366000001219980001,1998-01-30,,폐업,2003-11-04,,,,0,,,(주)광영약품,I,000,2026-05-10 23:07:02,대전광역시 서구 계룡로568번길 3-6 (괴정동),폐업,0002,03,,234643.915331391    ,315735.278890309    ,대전광역시 서구 괴정동 3-18 ,2003-11-04 10:06:27
3660000,366000001220230001,2023-04-07,,휴업,,2024-12-12,,,0,,35272,주식회사 벳크라,I,000,2026-05-10 23:07:03,"대전광역시 서구 갈마중로 16, 501호 (갈마동)",휴업,0001,02,,233243.036866415    ,316357.563243098    ,대전광역시 서구 갈마동 351-1 ,2024-12-12 10:01:41
3660000,366000001220110001,2011-06-13,,폐업,2012-10-17,,,,29.93,,35385,(주)메디큐,I,000,2026-05-10 23:07:03,대전광역시 서구 가수원로 95 (가수원동),폐업,0002,03,15663425,231326.10113958     ,311365.859439531    ,대전광역시 서구 가수원동 656-62 ,2012-10-17 13:47:03
3670000,367000001220150001,2015-01-09,,영업/정상,,,,,98,,34019,CONA,I,000,2026-05-07 22:01:39,대전광역시 유성구 관들5길 67 (관평동),정상,0000,01,0429367558,235242.678125491    ,324623.213488641    ,대전광역시 유성구 관평동 1217 ,2019-05-27 10:04:51
3670000,367000001220150002,2015-10-07,,영업/정상,,,,,41.98,,34165,이서동물약품,I,000,2026-05-07 22:01:40,대전광역시 유성구 유성대로 801 (장대동),정상,0000,01,0428225240,230199.552235586    ,318126.964762351    ,대전광역시 유성구 장대동 336-3 계룡빌딩 3층 302호 ,2021-05-27 09:10:17
3670000,367000001220190001,2019-09-18,,영업/정상,,,,,54.12,,34031,보광팜,I,000,2026-05-07 22:01:40,"대전광역시 유성구 테크노중앙로 130, 1층 101호 (용산동, 더 클래식)",정상,0000,01,,235536.095690347    ,324648.390579641    ,대전광역시 유성구 용산동 612 더 클래식 ,2025-10-29 15:38:58
3670000,367000001220210001,2021-01-18,,휴업,,2024-12-10,2026-12-09,,0,,34210,주식회사 제이엠메디슨,I,L00,2026-05-07 22:01:40,대전광역시 유성구 학하복용서로 23 (학하동),휴업,0001,02,,227634.801821211    ,315427.249564849    ,대전광역시 유성구 학하동 723-6 ,2024-12-10 17:22:56
3670000,367000001220210003,2021-09-29,,영업/정상,,,,,142,,34036,(주) 씨에이파마,I,L00,2026-05-07 22:01:40,대전광역시 유성구 테크노10로 59 (탑립동),정상,0000,01,0428639366,236492.225842539    ,324030.847557065    ,대전광역시 유성구 탑립동 874 ,2023-07-12 16:26:16
3670000,367000001220240001,2024-01-29,,휴업,,2024-07-04,,,,,34177,대미션,I,L00,2026-05-07 22:01:40,"대전광역시 유성구 유성대로668번길 64, 102호 (구암동)",휴업,0001,02,,229843.00104044     ,316878.14180227     ,대전광역시 유성구 구암동 606-1 ,2024-07-04 16:59:13
3670000,367000001220020001,2002-05-30,,폐업,2006-10-25,,,,0,,,(주)인바이오넷,I,L00,2026-05-07 22:01:39,,폐업,0002,03,,235985.972999152    ,322105.845853912    ,대전광역시 유성구 전민동 305-5 ,2006-10-25 15:28:10
3670000,367000001220030001,2003-07-24,,폐업,2018-05-29,,,2018-05-29,903,,34165,(주)삼광,I,L00,2026-05-07 22:01:39,대전광역시 유성구 장대로 94 (장대동),폐업,0002,03,0428245400,,,대전광역시 유성구 장대동 326-7 ,2018-05-29 14:21:30
3670000,367000001220030002,2003-10-31,,폐업,2009-03-06,,,,211.68,,,(주)광영약품,I,L00,2026-05-07 22:01:39,,폐업,0002,03,,,,대전광역시 유성구 갑동 387-33   ,2009-03-06 14:29:46
3670000,367000001220050001,2005-04-28,,폐업,2008-06-05,,,,53.98,,,아이엠바이오(주),I,000,2026-05-07 22:01:39,,폐업,0002,03,,,,대전광역시 유성구 전민동 458-7    ,2008-06-05 15:38:00
3670000,367000001220060001,2006-01-02,,폐업,2010-07-07,,,,122.12,,,(주) 위드팜,I,000,2026-05-07 22:01:39,,폐업,0002,03,,234697.806501528    ,326218.825567168    ,대전광역시 유성구 봉산동 208-15 ,2010-07-09 10:36:48
3670000,367000001220090001,2009-02-06,,폐업,2013-12-04,,,,36,,34172,유성동물약품,I,000,2026-05-07 22:01:39,대전광역시 유성구 장대로 47 (장대동),폐업,0002,03,,230089.79288796     ,317647.182077487    ,대전광역시 유성구 장대동 280-6 ,2013-12-04 14:32:38
3670000,367000001220100001,2010-08-12,,폐업,2013-09-11,,,,0,,,팜앤팜(Farm & Pharm),I,000,2026-05-07 22:01:39,,폐업,0002,03,0428257559,,,대전광역시 유성구 반석동 640-1    더존타워 404호,2013-09-24 16:13:51
3670000,367000001220130001,2013-10-25,,폐업,2014-08-29,,,,302,,34186,(주)아이앤팜,I,L00,2026-05-07 22:01:39,"대전광역시 유성구 온천로 59, 1910호 (봉명동, 동아벤쳐타워)",폐업,0002,03,0428249078,230853.40728642     ,317240.780280791    ,대전광역시 유성구 봉명동 538-8 동아벤쳐타워 1910호,2014-09-03 09:01:03
3670000,367000001220190002,2019-12-03,,폐업,2022-06-21,,,2022-06-21,0,,34195,주식회사 디디엔제이,I,L00,2026-05-07 22:01:40,"대전광역시 유성구 원신흥남로42번길 54, 101호 (원신흥동)",폐업,0002,03,0428229477,230463.848355948    ,314984.590813287    ,대전광역시 유성구 원신흥동 549-7 ,2022-06-21 14:01:41
3670000,367000001220210002,2021-07-15,,폐업,2025-03-13,,,2025-03-13,,,34121,(주)중앙백신연구소,I,L00,2026-05-07 22:01:40,"대전광역시 유성구 대덕대로 530, 대덕첨단산업유통 지하층 13호 (도룡동)",폐업,0002,03,0428700527,233948.540653527    ,319988.156983431    ,대전광역시 유성구 도룡동 399-8 대덕첨단산업유통 ,2025-03-13 14:41:17
3670000,367000001220240002,2024-04-17,,폐업,2025-12-08,,,2025-12-08,0,,34159,(주)더 힐벳,I,L00,2026-05-07 22:01:40,대전광역시 유성구 학하서로 178 (덕명동),폐업,0002,03,07040351277,227340.047068426    ,316025.176860673    ,대전광역시 유성구 덕명동 610-4 1층 ,2025-12-11 15:06:43
3680000,368000001219900001,1990-05-18,,폐업,2006-09-28,,,,37.7,,34425,(주)유한양행충남영업소,I,000,2026-05-07 22:01:39,대전광역시 대덕구 동서대로1761번길 1 (송촌동),폐업,0002,03,,239653.848319245    ,317009.613015595    ,대전광역시 대덕구 송촌동 295-7 ,2011-10-30 14:47:43
3680000,368000001220010001,2001-04-06,,취소/말소/만료/정지/중지,,,,,186.96,,,(주)한젠,I,000,2026-05-07 22:01:39,,말소,0004,04,,237945.33106253     ,322876.11164867     ,대전광역시 대덕구 와동 341-1 ,2009-07-20 11:53:52
3680000,368000001220100001,2010-07-26,,폐업,2016-11-16,,,2016-11-16,47.12,,34411,마니팜,I,000,2026-05-07 22:01:39,대전광역시 대덕구 계족산로17번길 47 (중리동),폐업,0002,03,,238757.002871545    ,318204.939119164    ,대전광역시 대덕구 중리동 104-2 102호 ,2016-11-16 14:46:19
3680000,368000001219960001,1996-01-17,,영업/정상,,,,,156.31,,34334,(주)동명양행,I,L00,2026-05-07 22:01:39,대전광역시 대덕구 덕암로136번길 15 (상서동),정상,0000,01,,237757.720050511    ,325815.316914904    ,대전광역시 대덕구 상서동 830-9 ,2022-04-27 10:01:44
3690000,369000001220200001,2020-05-14,,영업/정상,,,,,96.8,,44416,영원약품,I,000,2026-05-08 22:32:44,"울산광역시 중구 함월21길 28, 2층 (성안동)",정상,0000,01,0522444381,410037.250177542    ,233496.280081429    ,울산광역시 중구 성안동 384-2 ,2020-05-14 09:25:16
3690000,369000001220130001,2013-06-19,,영업/정상,,,,,0,,44433,해동메디칼,I,000,2026-05-08 22:32:44,울산광역시 중구 명난로 28 (태화동),정상,0000,01,0522494571,406833.723928306    ,230931.678726136    ,울산광역시 중구 태화동 900-2 ,2013-06-19 14:40:37
3700000,370000001219830001,1983-10-15,,폐업,2006-10-25,,,,0,,,울산가축약품상사,I,000,2026-05-10 22:32:44,,폐업,0002,03,,408999.658776133    ,229103.267564781    ,울산광역시 남구 신정동 1238-8 ,2006-10-25 17:19:00
3700000,370000001220200001,2020-04-27,,영업/정상,,,,,0,,44630,에이치파마,I,000,2026-05-10 22:32:44,"울산광역시 남구 울밀로 2906, 한솔애플타워 3층 301호 (무거동)",정상,0000,01,,405285.951922716    ,230682.925611139    ,울산광역시 남구 무거동 272-12 한솔애플타워 ,2025-11-18 13:22:18
3730000,373000001220020001,1985-11-14,,폐업,2008-07-08,,,,0,,,퓨리나종합상사,I,000,2026-05-05 22:32:44,울산광역시 울주군 언양읍 반구대로 816,폐업,0002,03,,392817.547976121    ,231313.64277951     ,울산광역시 울주군 언양읍 남부리 80-1 ,2008-07-08 12:54:04
3730000,373000001220180001,2018-01-18,,폐업,2018-10-31,,,2018-10-31,0,,44956,삼동종합가축약품,I,000,2026-05-05 22:32:44,"울산광역시 울주군 삼동면 삼동로 780, 1층 102호",폐업,0002,03,,395720.167492333    ,226984.562923801    ,울산광역시 울주군 삼동면 하잠리 960-1 ,2018-10-31 11:37:35
3730000,373000001220010001,2001-05-16,,영업/정상,,,,,0,,44941,하나가축약품,I,000,2026-05-05 22:32:44,울산광역시 울주군 언양읍 반구대로 855,정상,0000,01,0522642085,392829.50282875     ,231714.302542061    ,울산광역시 울주군 언양읍 송대리 ,2024-07-31 09:56:32
3730000,373000001220020002,1996-12-24,,영업/정상,,,,,0,,44951,영남가축약품,I,000,2026-05-05 22:32:44,울산광역시 울주군 삼남면 반구대로 688,정상,0000,01,,392050.377637029    ,230330.978385622    ,울산광역시 울주군 삼남면 교동리 443-74 ,2023-09-11 10:11:46
3730000,373000001220060001,2006-08-10,,영업/정상,,,,,237.3,,44955,(주)글로벌코리아동물약품,I,L00,2026-05-05 22:32:44,"울산광역시 울주군 삼남면 방기로 42, 1층",정상,0000,01,0553723671,389375.399278406    ,224754.347714815    ,,2021-01-06 09:44:18
3730000,373000001220080001,2008-07-11,,영업/정상,,,,,52.8,,44940,언양가축약품 주식회사,I,L00,2026-05-05 22:32:44,울산광역시 울주군 언양읍 반구대로 816,정상,0000,01,,392817.547976121    ,231313.64277951     ,울산광역시 울주군 언양읍 남부리 80-1 ,2025-03-17 13:24:16
3740000,374000001220120001,2012-08-03,,폐업,2015-07-01,,,,0,,16491,(주)소망약품,I,L00,2025-12-15 16:15:28,경기도 수원시 팔달구 권광로134번길 40 (인계동),폐업,0002,03,0312368323,202880.79157958     ,417444.1645192      ,경기도 수원시 팔달구 인계동 1133-4 ,2015-07-01 18:41:39
3740000,374000001220120002,2012-10-10,,폐업,2015-05-07,,,,0,,16412,(주)자연바이오,I,000,2025-12-15 16:15:28,경기도 수원시 권선구 일월천로15번길 20 (구운동),폐업,0002,03,,197469.696092201    ,420258.623672046    ,경기도 수원시 권선구 구운동 898-7 ,2015-05-07 15:09:08
3740000,374000001220140001,2014-06-12,,폐업,2019-06-07,,,2019-06-07,73.1,,16307,드림팜,I,000,2025-12-15 16:15:28,"경기도 수원시 장안구 송원로14번길 42, 1층 (송죽동, 화심쑥좌훈방)",폐업,0002,03,0312696774,200614.473399794    ,421598.84092264     ,경기도 수원시 장안구 송죽동 389-8 ,2019-06-07 10:24:20
3740000,374000001220140002,2014-10-20,,폐업,2015-07-17,,,,5.2,,16489,메가팜,I,000,2025-12-15 16:15:28,"경기도 수원시 팔달구 인계로108번길 39-11, 403호 (인계동)",폐업,0002,03,0312782627,202538.551851711    ,418235.473712606    ,경기도 수원시 팔달구 인계동 1033-15 403호,2015-07-17 17:43:04
3740000,374000001220150001,2015-06-30,,폐업,2020-01-10,,,2020-01-10,0,,16482,(주)씨피엠팜,I,000,2025-12-15 16:15:28,"경기도 수원시 팔달구 경수대로 549, 301호 (인계동, 동수원빌딩)",폐업,0002,03,0318985525,202528.395966323    ,419233.859416815    ,경기도 수원시 팔달구 인계동 ,2020-01-10 21:32:41
3740000,374000001220180001,2018-10-08,,폐업,2021-08-12,,,2021-08-12,182.81,,16413,(주)조안엠앤에스,I,L00,2025-12-15 16:15:28,"경기도 수원시 권선구 일월천로4번길 26, 2층 (구운동)",폐업,0002,03,07088133388,197597.241036757    ,420014.781535045    ,경기도 수원시 권선구 구운동 919-6 ,2021-08-12 17:23:26
3740000,374000001220190001,2019-01-08,,폐업,2025-03-10,,,2025-03-10,47.92,,16271,주식회사 벡스퍼트,I,L00,2025-12-15 16:15:28,"경기도 수원시 장안구 수성로328번길 29-5, 1층 (영화동)",폐업,0002,03,0312928061,200739.721609794    ,421032.714171043    ,경기도 수원시 장안구 영화동 411-5 ,2025-03-11 13:56:50
3740000,374000001220250001,2025-01-09,,폐업,2025-09-05,,,2025-09-05,43.56,,16705,오케이팜,I,000,2025-12-15 16:15:28,"경기도 수원시 영통구 청명로21번길 15, 해광빌딩 405호 (영통동)",폐업,0002,03,,206946.553804456    ,416442.284319181    ,경기도 수원시 영통구 영통동 1013-16 해광빌딩 405호,2025-09-05 16:26:21
3740000,374000001220080002,2008-07-11,,폐업,2019-11-11,,,2019-11-11,110,,16614,(주)프로챌코리아,I,000,2025-12-15 16:15:28,경기도 수원시 권선구 서호로 89 (서둔동),폐업,0002,03,0312420730,198726.317027219    ,418381.34484942     ,경기도 수원시 권선구 서둔동 103-2 5동 102호,2019-11-11 09:35:43
3740000,374000001220080001,2008-06-18,,폐업,2019-02-14,,,2019-02-14,714.39,,16621,에스엠피(주),I,000,2025-12-15 16:15:28,경기도 수원시 권선구 세화로128번길 61 (서둔동),폐업,0002,03,0312962272,199566.749302467    ,418244.957317443    ,경기도 수원시 권선구 서둔동 320-15 ,2019-02-14 16:32:17
3740000,374000001220070002,2007-11-30,,폐업,2012-03-13,,,,0,,,(주)지브이티에스,I,000,2025-12-15 16:15:28,경기도 수원시 장안구 경수대로1220번길 30-78 (파장동),폐업,0002,03,,199286.55748009     ,424587.890831323    ,경기도 수원시 장안구 파장동 19-4 ,2012-03-14 10:27:32
3740000,374000001220070001,2007-08-24,,폐업,2014-02-03,,,,0,,,성세가축약품,I,000,2025-12-15 16:15:28,,폐업,0002,03,,,,경기도 수원시 팔달구 고등동 221-1    ,2014-02-03 15:31:54
3740000,374000001220040001,2004-03-04,,폐업,2011-08-17,,,,0,,,청미비엔피,I,000,2025-12-15 16:15:28,"경기도 수원시 팔달구 경수대로 420, 1004호 (인계동,마라톤빌딩)",폐업,0002,03,,202221.096074485    ,417969.245452524    ,경기도 수원시 팔달구 인계동 1015-3 마라톤빌딩 1004호,2011-08-17 17:51:54
3740000,374000001220030004,2003-12-13,,폐업,2005-04-26,,,,0,,,프러스벳,I,000,2025-12-15 16:15:28,,폐업,0002,03,0312420730,,,경기도 수원시 장안구 파장동 476-1    ,2005-04-26 16:19:33
3740000,374000001220030003,2003-08-27,,폐업,2007-05-25,,,,0,,,(주)나나,I,000,2025-12-15 16:15:28,경기도 수원시 영통구 영통로174번길 5 (망포동),폐업,0002,03,,204877.776730399    ,415711.693056795    ,경기도 수원시 영통구 망포동 332-7 ,2007-05-25 13:25:34
3740000,374000001220010002,2001-01-13,,폐업,2005-02-18,,,,0,,,알앤엘생명과학,I,000,2025-12-15 16:15:28,,폐업,0002,03,,,,경기도 수원시 팔달구 화서동 685-2    ,2005-02-18 10:33:42
3740000,374000001220030001,2003-04-08,,폐업,2008-12-10,,,,137,,,네오바이오(주),I,L00,2025-12-15 16:15:28,,폐업,0002,03,,206700.383355563    ,416436.343371573    ,경기도 수원시 영통구 영통동 1005-0011 ,2008-12-10 13:29:18
3740000,374000001220250002,2025-09-10,,영업/정상,,,,,192.76,,16710,리앤리 주식회사,I,L00,2025-12-15 16:15:28,"경기도 수원시 영통구 청명로 4, 다빈빌딩 4층 (영통동)",정상,0000,01,0312033387,206980.077111245    ,416244.999529389    ,경기도 수원시 영통구 영통동 1025-18 다빈빌딩 ,2025-09-10 09:24:05
3740000,374000001220220001,2022-04-29,,영업/정상,,,,,0,,16705,(주)베텍코리아,U,L00,2026-03-28 03:03:03,"경기도 수원시 영통구 청명로21번길 15, 해광빌딩 408호 (영통동)",정상,0000,01,18332085,206946.553804456    ,416442.284319181    ,경기도 수원시 영통구 영통동 1013-16 해광빌딩 ,2026-03-27 09:02:33
3740000,374000001220210001,2021-01-12,,영업/정상,,,,,0,,16710,(주)미림약품,I,L00,2025-12-15 16:15:28,"경기도 수원시 영통구 청명로 4, 다빈빌딩 3,5층 (영통동)",정상,0000,01,0312062314,206980.077111245    ,416244.999529389    ,경기도 수원시 영통구 영통동 1025-18 다빈빌딩 ,2024-01-22 09:14:30
3740000,374000001220200003,2020-12-08,,영업/정상,,,,,209,,16201,(주)바이오라인,I,L00,2025-12-15 16:15:28,"경기도 수원시 장안구 경수대로1220번길 30-4, 1층 (파장동)",정상,0000,01,0312687960,198971.809010209    ,424287.269611351    ,경기도 수원시 장안구 파장동 518 ,2024-02-23 16:11:33
3740000,374000001220200002,2020-07-13,,영업/정상,,,,,86.87,,16360,(주)비오지노키,I,L00,2025-12-15 16:15:28,"경기도 수원시 장안구 서부로 2139, SK HUB BLUE 6012호 (율전동)",정상,0000,01,07050152062,197415.841321941    ,421942.320630788    ,경기도 수원시 장안구 율전동 285-2 SK HUB BLUE 6012호,2025-04-03 15:15:01
3740000,374000001220200001,2020-06-16,,영업/정상,,,,,52.83,,16229,(주)바이오포스,I,L00,2025-12-15 16:15:28,"경기도 수원시 영통구 창룡대로 260, 광교 센트럴비즈타워 103(일부)호 (이의동)",정상,0000,01,03180667445,203248.317007337    ,421498.090312553    ,경기도 수원시 영통구 이의동 1283 광교 센트럴비즈타워 ,2022-07-08 10:08:55
3740000,374000001220190002,2019-08-28,,영업/정상,,,,,910.9,,16569,(주)힐링팜,I,L00,2025-12-15 16:15:28,"경기도 수원시 권선구 효원로 182, 5층 (권선동)",정상,0000,01,0312223365,201850.185260612    ,418011.120000388    ,경기도 수원시 권선구 권선동 939-4 ,2022-07-21 10:33:12
3740000,374000001220100001,2010-04-16,,휴업,,2011-09-01,2012-08-31,,330,,,(주)엠케이생명과학,I,000,2025-12-15 16:15:28,,휴업,0001,02,0313035341,205249.495788632    ,415913.273839865    ,경기도 수원시 영통구 영통동 980-0003 디지털엠파이어 C동 1101호호,2011-09-06 08:16:56
3740000,374000001220090001,2009-02-25,,영업/정상,,,,,0,,16564,(주)케이엠바이오,I,000,2025-12-15 16:15:28,경기도 수원시 권선구 세권로 145 (권선동),정상,0000,01,0312325252,201720.358407162    ,417213.366855015    ,경기도 수원시 권선구 권선동 1001-6 덕원빌딩 501호,2017-06-01 13:40:03
3740000,374000001220030002,1983-03-22,,영업/정상,,,,,0,,16263,(주)청려원,I,L00,2025-12-15 16:15:28,경기도 수원시 팔달구 정조로 751-7 (중동),정상,0000,01,0312422078,201349.555455064    ,419240.491644183    ,경기도 수원시 팔달구 중동 2-2 ,2023-06-19 19:19:44
3740000,374000001219960001,1996-05-28,,영업/정상,,,,,0,,16589,송가축약품,I,000,2025-12-15 16:15:28,"경기도 수원시 권선구 덕영대로1145번길 8, 2층 (세류동)",정상,0000,01,,201415.50252274     ,416638.116758235    ,"경기도 수원시 권선구 세류동 1117-16 , 2층 ",2021-07-12 17:12:23
3740000,374000001220010001,2001-05-24,,폐업,2009-03-26,,,,0,,,소프트아쿠아,I,000,2025-12-15 16:15:28,경기도 수원시 장안구 서부로2123번길 28 (율전동),폐업,0002,03,,197241.64490483     ,421834.960582869    ,경기도 수원시 장안구 율전동 297 ,2009-03-26 14:38:48
3740000,374000001220000001,2000-05-22,,폐업,2015-07-29,,,,136,,16681,피앤피에드텍,I,000,2025-12-15 16:15:28,"경기도 수원시 영통구 신원로 88, 101동 911호 (신동, 디지털엠파이어2)",폐업,0002,03,,204417.597900081    ,416171.151702392    ,경기도 수원시 영통구 신동 486 디지털엠파이어2 101동 911호,2015-07-29 15:34:20
3740000,374000001219860001,1986-12-11,,폐업,2021-11-17,,,2021-11-17,0,,16564,중앙가축약품,I,000,2025-12-15 16:15:28,경기도 수원시 권선구 세권로 145 (권선동),폐업,0002,03,,201720.358407162    ,417213.366855015    ,경기도 수원시 권선구 권선동 1001-6 ,2021-11-17 14:54:27
3740000,374000001219830001,1983-04-19,,폐업,2008-04-16,,,,0,,,벳코리아,I,L00,2025-12-15 16:15:28,,폐업,0002,03,,,,경기도 수원시 영통구 이의동 122-8 ,2008-04-16 08:19:22
3780000,378000001219980001,1998-10-09,,영업/정상,,,,,0,,13590,한수약품(주),U,L00,2026-05-07 03:03:03,"경기도 성남시 분당구 황새울로319번길 8-6, 5층 (서현동, 수의사회관)",정상,0000,01,0317024331,210654.986591999    ,431519.970467175    ,경기도 성남시 분당구 서현동 272-5 수의사회관 5층 ,2026-05-06 16:26:33
3780000,378000001220180002,2018-05-03,,폐업,2020-10-22,,,2020-10-22,,,13640,(주)메디노바,I,L00,2025-12-15 16:15:28,"경기도 성남시 수정구 위례광장로 300, 위례중앙역 중앙타워 1207-2호 (창곡동)",폐업,0002,03,0317568858,212556.476317272    ,441263.937106941    ,경기도 성남시 수정구 창곡동 509 위례중앙역 중앙타워 1207-호,2020-10-23 11:11:53
3780000,378000001219990002,2006-12-21,,취소/말소/만료/정지/중지,,,,,0,,,(주)코스마약품,I,L00,2025-12-15 16:15:28,경기도 성남시 분당구 돌마로522번길 29 (서현동),말소,0004,04,,212247.843882219    ,430661.161802224    ,경기도 성남시 분당구 서현동 329-4 ,2008-11-21 10:53:44
3780000,378000001220040002,2004-12-30,,영업/정상,,,,,0,,,(주)동원파마,I,L00,2025-12-15 16:15:28,"경기도 성남시 분당구 야탑남로 255, B동 504호 (야탑동,분당테크노파크)",정상,0000,01,,,,경기도 성남시 분당구 수내동 148 분당테크노파크 B동 504호,2022-11-10 14:53:53
3780000,378000001220080002,2008-12-30,,영업/정상,,,,,0,,13590,유니드,I,000,2025-12-15 16:15:28,"경기도 성남시 분당구 황새울로335번길 8, 덕산빌딩 4층 4-40호 (서현동)",정상,0000,01,03180177663,210745.282176248    ,431619.243032612    ,경기도 성남시 분당구 서현동 260-4 덕산빌딩 ,2023-09-11 16:55:40
3780000,378000001220200001,2020-11-30,,영업/정상,,,,,276,,13647,(주)에이씨씨,I,000,2025-12-15 16:15:28,"경기도 성남시 수정구 위례서일로 12, 우남 이타워 프라자 6층 603호 (창곡동)",정상,0000,01,07040330263,212084.510780095    ,440356.597367473    ,경기도 성남시 수정구 창곡동 559-3 우남 이타워 프라자 ,2022-03-31 16:22:55
3780000,378000001220210001,2021-01-14,,영업/정상,,,,,0,,13590,수의사 장터,I,000,2025-12-15 16:15:28,"경기도 성남시 분당구 황새울로319번길 8-6, 수의과학회관 7층 (서현동)",정상,0000,01,,210654.986591999    ,431519.970467175    ,경기도 성남시 분당구 서현동 272-5 수의과학회관    7층 ,2023-02-22 09:40:55
3780000,378000001219970003,2006-12-04,,취소/말소/만료/정지/중지,,,,,0,,,(주)코메드,I,L00,2025-12-15 16:15:28,"경기도 성남시 분당구 야탑남로 230, 가동 403호 (야탑동,아파트형공장)",말소,0004,04,,213284.742417906    ,433565.737288175    ,경기도 성남시 분당구 야탑동 151 아파트형공장 가동 403호,2008-11-21 10:53:14
3780000,378000001220240001,2024-06-28,,영업/정상,,,,,,,13590,주식회사 안다,I,000,2026-02-15 21:32:33,"경기도 성남시 분당구 황새울로351번길 10, 여암빌딩 401-S03호 (서현동)",정상,0000,01,,210834.307532665    ,431738.329161906    ,경기도 성남시 분당구 서현동 254-4 여암빌딩 ,2026-02-14 10:09:35
3780000,378000001220000001,2000-02-10,,폐업,2005-04-11,,,,0,,,(주) 해마루,I,L00,2025-12-15 16:15:28,,폐업,0002,03,,,,경기도 성남시 분당구 서현동 272-5   ,2005-04-11 16:04:59
3780000,378000001220020001,2002-04-18,,폐업,2021-04-30,,,2021-04-30,0,,,바이오배트(주),I,L00,2025-12-15 16:15:28,경기도 성남시 분당구 정자일로 1 (금곡동),폐업,0002,03,,209268.321106193    ,427643.0746251      ,경기도 성남시 분당구 금곡동 210 ,2021-04-30 14:49:30
3780000,378000001220040001,2004-10-18,,폐업,2008-06-30,,,,0,,,엠플러스,I,000,2025-12-15 16:15:28,,폐업,0002,03,,,,경기도 성남시 수정구 복정동 67814 101호,2008-07-07 10:30:35
3780000,378000001220050001,2005-02-17,,폐업,2010-08-31,,,,0,,,(주)대동신약,I,000,2025-12-15 16:15:28,"경기도 성남시 분당구 성남대로331번길 3-13, 506호 (정자동,대명제스트)",폐업,0002,03,,209469.373536974    ,429151.981967036    ,경기도 성남시 분당구 정자동 156-3 대명제스트 506호,2010-09-17 15:20:32
3780000,378000001219970001,1987-05-29,,휴업,,2022-03-08,,,29.8,,13375,정일가축약품,I,000,2025-12-15 16:15:28,"경기도 성남시 중원구 산성대로80번길 18, 1층 (성남동, 수성빌딩)",휴업,0001,02,0317544671,211261.045444241    ,436619.974571499    ,경기도 성남시 중원구 성남동 4256 ,2022-03-10 16:38:57
3780000,378000001220230001,2023-03-13,,영업/정상,,,,,0,,13616,(주)유나이티드헬스,I,L00,2025-12-15 16:15:28,"경기도 성남시 분당구 정자일로 15, 205호 (금곡동, 분당하우스토리)",정상,0000,01,0317199430,209225.474488586    ,427775.245466302    ,경기도 성남시 분당구 금곡동 202 분당하우스토리 205호,2023-03-13 20:33:24
3780000,378000001220220001,2022-10-17,,영업/정상,,,,,0,,13209,(주)케어사이드,I,L00,2025-12-15 16:15:28,"경기도 성남시 중원구 사기막골로45번길 14, 성남 우림 라이온스밸리 A동 B310호 (상대원동)",정상,0000,01,0317851493,214983.338171288    ,437154.00905322     ,경기도 성남시 중원구 상대원동 146-8 성남 우림 라이온스밸리 A동 B310호,2025-12-08 12:55:47
3780000,378000001220210002,2021-10-22,,영업/정상,,,,,671.6,,13106,(주)펫팜,I,L00,2025-12-20 02:40:00,"경기도 성남시 수정구 청계산로4길 53, 4층 401-403호 (고등동)",정상,0000,01,07041793885,208904.227357393    ,435882.848292517    ,경기도 성남시 수정구 고등동 609-2 ,2025-12-18 13:28:57
3780000,378000001220080001,2008-11-25,,폐업,2012-09-03,,,,0,,,㈜조이피드,I,000,2025-12-15 16:15:28,"경기도 성남시 분당구 야탑로 95, 501호 (야탑동,세신옴니코아빌딩)",폐업,0002,03,0317088040,211377.170501777    ,434235.718610669    ,경기도 성남시 분당구 야탑동 367-4 세신옴니코아빌딩 501호,2012-09-03 15:50:28
3780000,378000001220090001,2009-10-22,,폐업,2019-07-15,,,2019-07-15,0,,13516,(주)메덱스,I,L00,2025-12-15 16:15:28,"경기도 성남시 분당구 판교로 700, 상가동 301호 (야탑동, 분당테크노파크)",폐업,0002,03,,213284.742417906    ,433565.737288175    ,경기도 성남시 분당구 야탑동 151 분당테크노파크 상가동 301호,2019-07-15 16:02:13
3780000,378000001220180001,2018-02-12,,폐업,2021-07-20,,,2021-07-20,0,,13467,(주)헬로우팜,I,000,2025-12-15 16:15:28,"경기도 성남시 분당구 운중로 170, 현준빌딩 301호 (운중동)",폐업,0002,03,0317059941,207193.837980509    ,432110.550218717    ,경기도 성남시 분당구 운중동 1018-1 현준빌딩 301호,2021-07-20 11:29:48
3780000,378000001220230002,2023-06-29,,폐업,2024-09-01,,,2024-09-01,0,,13558,주식회사 퓨넥스,I,L00,2025-12-15 16:15:28,"경기도 성남시 분당구 성남대로343번길 10-6, 3층 341호 (정자동)",폐업,0002,03,07088888810,209414.542492441    ,429463.510792933    ,경기도 성남시 분당구 정자동 18-4 ,2024-09-05 10:16:28
3780000,378000001220180003,2018-10-22,,폐업,2022-03-21,,,2022-03-21,0,,13209,(주)케어사이드,I,L00,2025-12-15 16:15:28,"경기도 성남시 중원구 사기막골로45번길 14, 성남 우림 라이온스밸리 A동 B306호 (상대원동)",폐업,0002,03,0317851493,214983.338171288    ,437154.00905322     ,경기도 성남시 중원구 상대원동 146-8 성남 우림 라이온스밸리 A동 B306호,2022-03-23 17:21:06
3780000,378000001219990001,2006-12-04,,취소/말소/만료/정지/중지,,,,,0,,,(주)통진제약,I,L00,2025-12-15 16:15:28,"경기도 성남시 분당구 내정로17번길 8, B동 3호 (정자동,한솔플라자)",말소,0004,04,,209981.672757397    ,428876.921335259    ,경기도 성남시 분당구 정자동 131-1 한솔플라자 B동 3호,2008-11-21 10:52:33
3820000,382000001219960001,1996-02-08,,폐업,2004-12-14,,,,0,,,삼한물산(주),I,000,2026-03-26 22:36:48,,폐업,0002,03,,,,경기도 의정부시 의정부동 215-6    ,2004-12-14 16:56:35
3820000,382000001220220001,2022-11-10,,휴업,,2024-08-14,,,207.1,,11625,(주)솔리드팜,I,L00,2026-03-26 22:36:48,"경기도 의정부시 경의로 7, 2층 (의정부동)",휴업,0001,02,0318658821,203121.192837482    ,470058.180514569    ,경기도 의정부시 의정부동 534-4 ,2024-08-14 16:25:28
3820000,382000001219870001,1987-12-12,,폐업,2007-02-14,,,,0,,11750,합동가축약품,I,000,2026-03-26 22:36:48,경기도 의정부시 동일로 688 (금오동),폐업,0002,03,,204612.865733663    ,471864.781506519    ,경기도 의정부시 금오동 388-13 ,2015-08-02 11:46:43
3820000,382000001219840001,1984-11-02,,폐업,2014-03-25,,,,0,,11692,제일가축약품,I,000,2026-03-26 22:36:48,경기도 의정부시 행복로 44 (의정부동),폐업,0002,03,,204404.0311564      ,471104.549704804    ,경기도 의정부시 의정부동 154-4 ,2014-03-26 09:00:29
3820000,382000001219790001,1979-05-12,,폐업,2007-12-24,,,,0,,,하나가축약품,I,000,2026-03-26 22:36:48,,폐업,0002,03,,,,경기도 의정부시 의정부동 186-8    ,2007-12-24 12:54:20
3820000,382000001220190001,2019-03-11,,폐업,2021-05-06,,,,0,,11625,주식회사 솔리드팜,I,L00,2026-03-26 22:36:48,"경기도 의정부시 경의로 7, 2층 (의정부동)",폐업,0002,03,0318658821,203121.192837482    ,470058.180514569    ,경기도 의정부시 의정부동 534-4 ,2021-05-12 11:40:21
3820000,382000001220020001,2002-04-16,,폐업,2011-12-01,,,,0,,,협성펫(주),I,L00,2026-03-26 22:36:48,,폐업,0002,03,,205063.213018399    ,471793.048671015    ,경기도 의정부시 금오동 343-3 ,2011-12-01 17:09:57
3830000,383000001220110001,2011-08-18,,폐업,2018-07-20,,,2018-07-20,139.3,,13951,베이스팜,I,L00,2025-12-15 16:15:28,"경기도 안양시 동안구 관양로 281-1, 2층 (관양동)",폐업,0002,03,0314211525,197788.479689277    ,432873.781907874    ,경기도 안양시 동안구 관양동 1498-16 ,2018-07-20 17:13:30
3830000,383000001220110002,2011-08-24,,폐업,2014-06-02,,,,80.34,,14047,디비에스팜(주),I,L00,2025-12-15 16:15:28,"경기도 안양시 동안구 시민대로 187, 1403호 (비산동, 안양건설타워)",폐업,0002,03,0313812971,195651.673909625    ,432187.915104016    ,경기도 안양시 동안구 비산동 1112-1 안양건설타워 1403호,2014-06-02 11:50:59
3830000,383000001220180002,2018-12-20,,폐업,2022-06-29,,,2022-06-29,111.95,,14007,한성동물약품,I,000,2025-12-15 16:15:28,경기도 안양시 만안구 양화로28번길 47 (안양동),폐업,0002,03,0314486275,192465.889576478    ,432897.205294263    ,경기도 안양시 만안구 안양동 784-30 ,2022-06-29 16:50:06
3830000,383000001220060001,2006-07-12,,폐업,2014-01-14,,,,113.26,,,셀바이오,I,000,2025-12-15 16:15:28,,폐업,0002,03,0314273772,196407.832479036    ,430483.464397422    ,경기도 안양시 동안구 호계동 1095-10 지하1층 ,2014-01-20 11:27:09
3830000,383000001220040002,2004-06-01,,폐업,2006-05-02,,,,50.92,,,(주)머큐리,I,L00,2025-12-15 16:15:28,,폐업,0002,03,0313817025,195505.698007307    ,433587.082319588    ,경기도 안양시 동안구 비산동 1031-4 지상1층 ,2006-05-03 10:26:18
3830000,383000001220040001,2004-01-14,,폐업,2004-06-21,,,,142.4,,,(주)민우,I,L00,2025-12-15 16:15:28,,폐업,0002,03,0314581240,196427.450233535    ,430637.888173032    ,경기도 안양시 동안구 호계동 1087-3 ,2004-06-21 09:13:46
3830000,383000001220030001,2003-07-04,,폐업,2005-07-21,,,,467.4,,,(주)누리벳,I,L00,2025-12-15 16:15:28,,폐업,0002,03,0314540181,196407.832479036    ,430483.464397422    ,경기도 안양시 동안구 호계동 1095-10 지하1층 ,2005-07-21 15:07:14
3830000,383000001220010001,2001-05-16,,폐업,2005-03-23,,,,170.63,,,(주)동원신약,I,L00,2025-12-15 16:15:28,,폐업,0002,03,0314533561,196476.872871798    ,430355.66124482     ,"경기도 안양시 동안구 호계동 1103-5 (1층,지층) ",2005-03-24 10:31:56
3830000,383000001219990001,1999-01-15,,폐업,2004-01-13,,,,154.23,,,민우동물약품상사,I,000,2025-12-15 16:15:28,,폐업,0002,03,,,,경기도 안양시 동안구 호계동 1087-3    ,2004-01-12 14:21:08
3830000,383000001219870001,1987-08-20,,폐업,2015-08-26,,,,78.05,,14098,(주)빅솔,I,L00,2025-12-15 16:15:28,경기도 안양시 만안구 엘에스로 256 (안양동),폐업,0002,03,0314676767,,,경기도 안양시 만안구 안양동 220-10 ,2015-08-26 16:40:30
3830000,383000001220150001,2015-07-29,,폐업,2018-09-20,,,2018-09-20,144.19,,14098,(주)빅솔에이에스,I,L00,2025-12-15 16:15:28,경기도 안양시 만안구 엘에스로 256 (안양동),폐업,0002,03,0314676767,,,경기도 안양시 만안구 안양동 220-10 ,2018-09-20 18:56:46
3830000,383000001220240002,2024-03-21,,영업/정상,,,,,,,14112,주식회사 내일약품,I,L00,2025-12-15 16:15:28,"경기도 안양시 동안구 흥안대로 125, 동안빌딩 4층 (호계동)",정상,0000,01,0314260011,196260.42317239     ,429867.612214784    ,경기도 안양시 동안구 호계동 1003-5 ,2024-03-21 17:56:36
3830000,383000001220240001,2024-02-22,,영업/정상,,,,,0,,14057,주식회사 파마루,I,000,2026-02-04 21:32:30,"경기도 안양시 동안구 시민대로 401, 대륭테크노타운15차 2층 205호 (관양동)",정상,0000,01,07087771070,197692.013396525    ,432777.290185295    ,경기도 안양시 동안구 관양동 224-5 대륭테크노타운15차 205호,2026-02-03 14:53:42
3830000,383000001220230001,2023-11-02,,영업/정상,,,,,0,,14047,주식회사 정성프라임,I,L00,2025-12-15 16:15:28,"경기도 안양시 동안구 시민대로 187, 안양건설타워 307호 (비산동)",정상,0000,01,0313885860,195651.673909625    ,432187.915104016    ,경기도 안양시 동안구 비산동 1112-1 안양건설타워 ,2023-11-02 12:54:10
3830000,383000001220180001,2018-06-12,,영업/정상,,,,,122.09,,14107,엠오바이오,I,000,2025-12-15 16:15:28,"경기도 안양시 동안구 갈산로 66, 지층 (호계동)",정상,0000,01,,196427.450233535    ,430637.888173032    ,경기도 안양시 동안구 호계동 1087-3 지하 ,2018-06-12 17:09:55
3830000,383000001220110003,2011-09-02,,취소/말소/만료/정지/중지,,,,,221.1,,13941,디지팜(주),I,000,2025-12-15 16:15:28,"경기도 안양시 동안구 평촌대로 364, 13호 (비산동, 신화빌딩)",말소,0004,04,0313853805,195502.261159487    ,433454.495605965    ,경기도 안양시 동안구 비산동 1032-13 신화빌딩 ,2015-01-31 14:02:34
3860000,386000001220090002,2009-12-31,,폐업,2010-07-29,,,,9,,14544,주식회사 기문약품,I,L00,2025-12-15 16:15:28,"경기도 부천시 원미구 소향로 13, 태영메디칼 (상동)",폐업,0002,03,0323294205,177771.730241256    ,444685.24150423     ,경기도 부천시 원미구 상동 546-1 태영메디칼 ,2021-01-29 14:18:46
3860000,386000001220230001,2023-04-27,,영업/정상,,,,,,,14753,우리동물약품,I,000,2025-12-15 16:15:28,경기도 부천시 소사구 경인로 292-1 (심곡본동),정상,0000,01,0323475123,181178.185692854    ,442274.655502355    ,경기도 부천시 소사구 심곡본동 784-5 ,2023-04-27 14:21:24
3860000,386000001220190001,2019-03-28,,폐업,2026-04-14,,,2026-04-14,113.5,,14593,하나벳,U,L00,2026-04-14 03:03:03,"경기도 부천시 원미구 상이로 75, 1층 (상동)",폐업,0002,03,0323253221,177274.875276815    ,443753.732668946    ,경기도 부천시 원미구 상동 575-7 ,2026-04-13 21:05:37
3860000,386000001220090001,2009-02-18,,폐업,2015-03-18,,,,35.51,,14445,(주)웰팜,I,L00,2025-12-15 16:15:28,경기도 부천시 오정구 송내대로518번길 34-19 (삼정동),폐업,0002,03,,178937.259274065    ,447355.699743006    ,경기도 부천시 오정구 삼정동 16-1 ,2021-01-29 14:16:37
3860000,386000001219810001,1981-02-12,,폐업,2002-06-15,,,,57.2,,14760,현대약품공업주식회사,I,000,2025-12-15 16:15:28,"경기도 부천시 소사구 소사로159번길 47 (소사본동, 롯데그린빌)",폐업,0002,03,,181603.903492128    ,441146.146588617    ,경기도 부천시 소사구 소사본동 213 롯데그린빌 ,2021-01-29 14:13:26
3860000,386000001219970001,1997-11-10,,폐업,2023-04-26,,,2023-04-26,70.31,,14753,우리동물약품,I,000,2025-12-15 16:15:28,경기도 부천시 소사구 경인로 292-1 (심곡본동),폐업,0002,03,0323435123,181178.185692854    ,442274.655502355    ,경기도 부천시 소사구 심곡본동 784-5 ,2023-04-26 10:17:29
3860000,386000001219830001,1983-06-24,,폐업,1996-04-29,,,,0,,14452,한양수의약품주식회사,I,000,2025-12-15 16:15:28,"경기도 부천시 오정구 삼작로133번길 54, 진우빌딩 (내동)",폐업,0002,03,,180152.115477097    ,446706.986681908    ,경기도 부천시 오정구 내동 75 진우빌딩 ,2021-01-29 14:14:45
3860000,386000001219810002,1981-05-29,,폐업,1997-11-08,,,,0,,14710,삼진가축약품상사,I,000,2025-12-15 16:15:28,"경기도 부천시 소사구 경인로 253, 데카에셋빌딩 (심곡본동)",폐업,0002,03,,180793.586837969    ,442372.974204087    ,경기도 부천시 소사구 심곡본동 552 데카에셋빌딩 ,2021-01-29 14:14:05
3860000,386000001220030001,2003-02-10,,폐업,2005-05-16,,,,51.61,,14760,현대애니멀(주),I,L00,2025-12-15 16:15:28,"경기도 부천시 소사구 소사로159번길 47 (소사본동, 롯데그린빌)",폐업,0002,03,,181603.903492128    ,441146.146588617    ,경기도 부천시 소사구 소사본동 213 롯데그린빌 ,2021-01-29 14:15:40
3910000,391000001219990001,1999-08-30,,영업/정상,,,,,0,,17917,(주)한원,I,L00,2026-03-26 22:36:34,경기도 평택시 평택로 25-1 (평택동),정상,0000,01,,207772.554357278    ,387597.993005281    ,경기도 평택시 평택동 188-12 ,2018-08-29 13:45:19
3910000,391000001220080001,2008-01-04,,영업/정상,,,,,47.6,,17789,허들링코리아,I,000,2026-03-26 22:36:34,"경기도 평택시 고덕면 동청1길 34, 1호",정상,0000,01,0316689935,200486.448516298    ,394767.011338076    ,경기도 평택시 고덕면 동청리 26-1 ,2022-07-07 09:45:34
3910000,391000001220010002,2001-08-13,,폐업,2007-03-16,,,,0,,,(주)에덴 가축약품,I,L00,2026-03-26 22:36:34,,폐업,0002,03,,,,경기도 평택시 비전동 301-22 ,2007-03-16 09:22:24
3910000,391000001220010001,2001-06-14,,폐업,2012-11-20,,,,0,,,씨앤비(주),I,L00,2026-03-26 22:36:34,,폐업,0002,03,,209139.257605624    ,387424.111924367    ,경기도 평택시 합정동 917-8 ,2012-11-20 18:01:31
3910000,391000001220000001,2000-06-29,,폐업,2002-03-25,,,,0,,,한호가축약품,I,000,2026-03-26 22:36:34,,폐업,0002,03,,205138.37713528     ,395581.356411596    ,경기도 평택시 서정동 908-2 ,2003-03-31 14:12:51
3910000,391000001219860001,1986-01-21,,폐업,2006-11-22,,,,0,,,서정약품,I,000,2026-03-26 22:36:34,,폐업,0002,03,,,,경기도 평택시 서정동 305 ,2006-11-23 17:06:14
3910000,391000001220160001,2016-02-15,,폐업,2018-08-06,,,2018-08-06,157.3,,17780,한호가축약품,I,000,2026-03-26 22:36:34,경기도 평택시  202 (한호동물병원),폐업,0002,03,0316115736,205141.571075448    ,395566.253692145    ,경기도 평택시 서정동 908-3 ,2018-08-06 16:22:50
3910000,391000001220140001,2014-11-11,,폐업,2021-04-13,,,2021-04-13,117,,17701,(주)피앤피에드텍 평택공장,I,L00,2026-03-26 22:36:34,"경기도 평택시 서탄면 수월암5길 45-17, 2동 2층",폐업,0002,03,0316676873,202042.893252161    ,401372.930665135    ,경기도 평택시 서탄면 마두리 14-40 ,2021-04-13 14:50:48
3910000,391000001220120001,2012-02-21,,폐업,2022-08-10,,,2022-08-10,87.48,,17789,(주)누리팜,I,000,2026-03-26 22:36:34,경기도 평택시 고덕면 문곡길 85,폐업,0002,03,,200810.143752523    ,395696.292729226    ,,2022-08-10 10:08:08
3910000,391000001220070001,2007-03-16,,폐업,2013-07-25,,,,86.25,,,오이가축약품,I,000,2026-03-26 22:36:34,,폐업,0002,03,,207938.121048452    ,390251.561010697    ,경기도 평택시 동삭동 219 ,2013-07-25 14:57:33
3910000,391000001220050002,2005-06-21,,폐업,2016-01-28,,,,0,,17876,(주)애니코,I,L00,2026-03-26 22:36:34,경기도 평택시 월곡길 23-29 (월곡동),폐업,0002,03,,211808.913409173    ,391104.14669761     ,경기도 평택시 월곡동 350-8 ,2016-01-28 10:49:29
3910000,391000001220100001,2010-11-08,,영업/정상,,,,,0,,17819,명진가축약품,I,000,2026-03-26 22:36:34,"경기도 평택시 오성면 숙성시장길 65, 나동 102호 (명성빌라)",정상,0000,01,07042383540,198585.867145238    ,389660.129384486    ,경기도 평택시 오성면 숙성리 185-10 나동 102동 ,2022-07-07 14:03:19
3910000,391000001220220001,2022-02-18,,영업/정상,,,,,999,,17707,주식회사 티제이팜,I,L00,2026-03-26 22:36:34,"경기도 평택시 진위면 경기대로 2038, (주)티제이팜",정상,0000,01,0313795600,205916.834633096    ,402704.77448709     ,경기도 평택시 진위면 갈곶리 265-2 (주)티제이팜 ,2023-06-30 13:28:53
3910000,391000001220220002,2022-08-18,,영업/정상,,,,,0,,17789,누리팜,I,000,2026-03-26 22:36:34,경기도 평택시 고덕면 문곡길 85,정상,0000,01,,200810.143752523    ,395696.292729226    ,경기도 평택시 고덕면 문곡리 291-10 ,2022-08-18 20:12:37
3910000,391000001220260001,2026-01-27,,영업/정상,,,,,0,,17906,(주)한원파마,I,L00,2026-03-26 22:36:34,경기도 평택시 중앙2로 123 (합정동),정상,0000,01,,208879.488166659    ,387595.584392847    ,경기도 평택시 합정동 911-5 ,2026-01-27 09:59:22
3910000,391000001220030001,2003-08-09,,폐업,2004-09-24,,,,47,,,(주)한호,I,L00,2026-03-26 22:36:34,,폐업,0002,03,,205138.37713528     ,395581.356411596    ,경기도 평택시 서정동 908-2 ,2004-09-30 08:54:43
3910000,391000001220050001,2005-03-19,,폐업,2007-08-13,,,,0,,,성세가축약품,I,000,2026-03-26 22:36:34,,폐업,0002,03,,,,경기도 평택시 서정동 784-4 ,2007-08-13 14:46:20
3920000,392000001220010001,2001-08-11,,폐업,2003-11-17,,,,52,,11332,동두천바이엘 가축약품,I,000,2025-12-15 16:15:28,경기도 동두천시 중앙로 223-1 (생연동),폐업,0002,03,,204569.113117956    ,488769.538279344    ,경기도 동두천시 생연동 689-16 ,2011-10-30 13:13:15
3930000,393000001219950001,1995-05-08,,영업/정상,,,,,1700,,15427,한국엘랑코동물약품(주),I,L00,2026-03-26 22:42:01,경기도 안산시 단원구 능안로 14 (목내동),정상,0000,01,0314904914,180210.26617668     ,423928.177376292    ,경기도 안산시 단원구 목내동 476-1 ,2025-03-31 10:59:32
3930000,393000001219850003,1985-07-10,,영업/정상,,,,,0,,15429,(주)에스에프,I,L00,2026-03-26 22:42:01,경기도 안산시 단원구 원시로 253-16 (원시동),정상,0000,01,0314808611,180910.342857789    ,424235.67919925     ,경기도 안산시 단원구 원시동 817-4 ,2024-05-07 09:50:26
3930000,393000001219850002,1985-07-26,,영업/정상,,,,,6208,,15427,(주)중앙바이오텍,I,L00,2026-03-26 22:42:01,경기도 안산시 단원구 강촌로 271-30 (목내동),정상,0000,01,0314931466,180458.205453298    ,424054.146457979    ,경기도 안산시 단원구 목내동 477 ,2020-06-12 09:38:34
3930000,393000001220240001,2024-12-18,,영업/정상,,,,,459.3,,15361,(주)제이씨헬스케어,I,L00,2026-03-26 22:42:01,"경기도 안산시 단원구 고잔1길 76, 리치프라자 5층 (고잔동)",정상,0000,01,0314875000,185900.936877908    ,423973.573824679    ,경기도 안산시 단원구 고잔동 540-9 리치프라자 ,2025-12-19 16:42:32
3930000,393000001220050001,2005-03-14,,폐업,2007-01-05,,,,84.3,,,주식회사 에이피에스,I,000,2026-03-26 22:42:01,,폐업,0002,03,0314860606,,,경기도 안산시 단원구 초지동 708-9    ,2007-01-05 14:52:38
3930000,393000001220090001,2009-04-29,,폐업,2012-07-04,,,,30,,15204,대주가축약품,I,000,2026-03-26 22:42:01,경기도 안산시 상록구 장하로 331 (수암동),폐업,0002,03,0314821474,188849.135514459    ,428906.748869825    ,경기도 안산시 상록구 수암동 505 ,2012-07-10 14:04:26
3930000,393000001220220001,2022-06-27,,영업/정상,,,,,0,,15602,주식회사 에이탑메드,I,L00,2026-03-26 22:42:01,경기도 안산시 단원구 목내로119번길 17(목내동),정상,0000,01,,179841.122065424    ,423157.294288413    ,경기도 안산시 단원구 목내동 450-1 ,2022-06-27 11:28:14
3930000,393000001220170001,2017-11-21,,영업/정상,,,,,60.67,,15430,(주)누리벳,I,L00,2026-03-26 22:42:01,"경기도 안산시 단원구 산단로 107, 513호 (원시동)",정상,0000,01,0315089950,181049.718303851    ,422633.543042186    ,경기도 안산시 단원구 원시동 731-4 서흥테크노밸리 ,2017-11-21 11:37:48
3930000,393000001219850001,1985-05-16,,영업/정상,,,,,0,,15605,(주)제일바이오,I,L00,2026-03-26 22:42:01,경기도 안산시 단원구 산단로83번길 131 (목내동),정상,0000,01,0314948226,179784.918365592    ,422777.826312645    ,경기도 안산시 단원구 목내동 456-2 ,2024-01-15 20:28:11
3940000,394000001220110001,2011-07-14,,폐업,2011-07-26,,,,123,,,(주)백광,I,000,2025-12-15 16:15:28,,폐업,0002,03,,179208.843364039    ,462457.375096638    ,경기도 고양시 일산동구 장항동 740 포오스프라자2 306호 ,2011-07-27 11:08:46
3940000,394000001219790001,1979-08-22,,폐업,2015-04-15,,,,0,,,삼송가축약품상사,I,000,2025-12-15 16:15:28,,폐업,0002,03,,,,경기도 고양시 덕양구 삼송동 61-9    ,2015-04-15 19:22:30
3940000,394000001220020001,2002-01-17,,폐업,2018-11-16,,,2018-11-16,0,,,현대가축약품,I,010,2025-12-15 16:15:28,,폐업,0002,03,,180268.401484211    ,465036.886425374    ,경기도 고양시 일산서구 일산동 573 고봉빌딩 101호 ,2018-11-16 16:27:55
3940000,394000001220030001,2003-02-26,,폐업,2013-08-13,,,,0,,,대현가축약품,I,000,2025-12-15 16:15:28,,폐업,0002,03,,188178.643264555    ,464969.096093174    ,경기도 고양시 덕양구 관산동 185 ,2013-08-13 13:45:50
3940000,394000001220030002,2003-04-28,,폐업,2014-01-23,,,,52,,,원당가축약품,I,000,2025-12-15 16:15:28,,폐업,0002,03,,181340.067808074    ,467524.005392497    ,경기도 고양시 일산동구 성석동 1246-43 ,2014-02-06 08:07:32
3940000,394000001220030003,2003-05-12,,폐업,2006-07-05,,,,0,,,백광페트팜,I,000,2025-12-15 16:15:28,,폐업,0002,03,,178274.496492412    ,464677.010126973    ,경기도 고양시 일산서구 대화동 20643 ,2006-07-05 13:27:06
3940000,394000001220030004,2003-10-15,,폐업,2004-12-31,,,,0,,,주식회사 로스코에스엠,I,L00,2025-12-15 16:15:28,,폐업,0002,03,,179257.261374439    ,462085.127524612    ,경기도 고양시 일산동구 장항동 751 ,2004-12-31 11:38:41
3940000,394000001220030005,2003-12-02,,폐업,2018-01-25,,,2018-01-25,0,,,경서동물약품,I,000,2025-12-15 16:15:28,,폐업,0002,03,0231580733,188383.635436764    ,455810.529501024    ,경기도 고양시 덕양구 화전동 558-27 ,2018-01-31 11:20:10
3940000,394000001220030006,2003-12-22,,폐업,2008-06-16,,,,0,,,주식회사 케이씨디,I,000,2025-12-15 16:15:28,,폐업,0002,03,,178165.876683228    ,464539.054485148    ,경기도 고양시 일산서구 대화동 2045 ,2008-06-16 18:24:31
3940000,394000001220040001,2004-02-05,,폐업,2015-11-25,,,,0,,,현대애니멀(주),I,000,2025-12-15 16:15:28,,폐업,0002,03,,182226.781644       ,469098.427515821    ,경기도 고양시 일산동구 설문동 548-1 ,2015-11-25 14:44:21
3940000,394000001220040002,2004-03-05,,폐업,2008-06-16,,,,0,,,애니슨 주식회사,I,000,2025-12-15 16:15:28,,폐업,0002,03,,179403.019470944    ,462500.014894383    ,경기도 고양시 일산동구 장항동 731 동하넥서스 301호,2008-06-16 18:26:57
3940000,394000001220040003,2004-12-22,,폐업,2012-02-29,,,,0,,,성진 벳,I,000,2025-12-15 16:15:28,,폐업,0002,03,,182226.781644       ,469098.427515821    ,경기도 고양시 일산동구 설문동 548-1 ,2012-02-29 13:17:51
3940000,394000001220050001,2005-08-08,,폐업,2021-06-30,,,,0,,10403,베토퀴놀코리아(주),I,L00,2025-12-15 16:15:28,"경기도 고양시 일산동구 백마로 195, 11001-A호 (장항동, 엠시티타워&엠시티오피스텔)",폐업,0002,03,0319678853,179708.826286267    ,461404.803949418    ,경기도 고양시 일산동구 장항동 869 ,2021-07-12 19:02:10
3940000,394000001220170001,2017-09-11,,폐업,2018-11-16,,,2018-11-16,0,,10518,서현약품,I,000,2025-12-15 16:15:28,"경기도 고양시 덕양구 중앙로557번길 8-19, 201호 (행신동, 원스톱 라이프상가II)",폐업,0002,03,,185301.443173175    ,457891.956734862    ,경기도 고양시 덕양구 행신동 998-2 201호,2018-11-16 16:29:33
3940000,394000001220170002,2017-10-30,,폐업,2018-12-31,,,2018-12-31,59.52,,10233,미래동물약품,I,000,2025-12-15 16:15:28,"경기도 고양시 일산서구 탄중로 111, 양우로데오메인타운 2C동 1층 104호 (덕이동)",폐업,0002,03,,178527.763301119    ,465638.309280145    ,경기도 고양시 일산서구 덕이동 263-19 양우로데오메인타운 ,2018-12-31 17:36:31
3940000,394000001220180002,2018-07-11,,폐업,2018-07-11,,,2018-07-11,,,10246,베리트,I,000,2025-12-15 16:15:28,경기도 고양시 일산동구 고봉로551번길 11-29 (성석동),폐업,0002,03,0319762274,180668.015041423    ,467185.110147784    ,경기도 고양시 일산동구 성석동 2129 ,2020-09-09 19:20:12
3940000,394000001220220002,2022-08-19,,폐업,2024-09-27,,,2024-09-27,608,,10317,주식회사 제이에스케이,I,000,2025-12-15 16:15:28,경기도 고양시 일산동구 견달산로161번길 3(식사동),폐업,0002,03,0319115307,183890.491976102    ,464271.574654225    ,경기도 고양시 일산동구 식사동 1201 ,2024-10-02 10:41:48
3940000,394000001220050002,2005-12-07,,영업/정상,,,,,51.66,,10523,엠앤에스코리아,I,000,2025-12-15 16:15:28,"경기도 고양시 덕양구 무원로6번길 20, M타워 501호 (행신동)",정상,0000,01,0319798396,185248.088447055    ,456800.931082246    ,경기도 고양시 덕양구 행신동 707-3 M타워 ,2020-03-04 19:55:47
3940000,394000001220100001,2010-09-30,,영업/정상,,,,,176.56,,10508,(주)에이치와이,I,L00,2025-12-15 16:15:28,"경기도 고양시 덕양구 능곡로13번길 15, B101호 (토당동, 한강 능곡역 성원상떼빌)",정상,0000,01,0319380707,184031.477541637    ,457767.532703718    ,경기도 고양시 덕양구 토당동 342-7 한강 능곡역 성원상떼빌 B101호,2023-08-29 15:52:08
3940000,394000001220110002,2011-09-23,,영업/정상,,,,,0,,10364,(주)비케이팜,I,L00,2025-12-15 16:15:28,"경기도 고양시 일산동구 고봉로 20-5, 포오스프라자II 405호 (장항동)",정상,0000,01,0319146319,179208.843364039    ,462457.375096638    ,경기도 고양시 일산동구 장항동 740 포오스프라자II ,2025-03-31 10:50:54
3940000,394000001220150001,2015-02-13,,영업/정상,,,,,218,,10355,씨에이치디(주),I,L00,2025-12-15 16:15:28,"경기도 고양시 일산동구 하늘마을로 158, C동 506호 (중산동, 대방트리플라온 비즈니스타워)",정상,0000,01,0319067325,180478.025578817    ,464082.943701425    ,경기도 고양시 일산동구 중산동 ,2023-05-22 13:24:28
3940000,394000001220160002,2016-05-17,,영업/정상,,,,,,,10364,백광메디칼,I,000,2025-12-15 16:15:28,"경기도 고양시 일산동구 고봉로 20-5, 302호 (장항동, 포오스프라자II)",정상,0000,01,,179208.843364039    ,462457.375096638    ,경기도 고양시 일산동구 장항동 740 포오스프라자II 302호,2016-05-17 13:27:08
3940000,394000001220160003,2016-07-04,,영업/정상,,,,,0,,10428,(주)헬로우팜,I,L00,2025-12-15 16:15:28,경기도 고양시 일산동구 장대길 128-30 (장항동),정상,0000,01,0319066500,179128.665774853    ,459810.018965151    ,경기도 고양시 일산동구 장항동 557-11 ,2023-09-18 09:49:16
3940000,394000001220160004,2016-11-14,,영업/정상,,,,,63,,10366,(주)네스팜,I,L00,2025-12-15 16:15:28,"경기도 고양시 일산서구 중앙로 1388, 407호 (주엽동, 태영프라자)",정상,0000,01,,179238.725261115    ,462941.223697841    ,경기도 고양시 일산서구 주엽동 73 태영프라자 407호,2025-01-02 12:51:32
3940000,394000001220160005,2016-11-14,,영업/정상,,,,,89,,10518,비엠에스팜(BMS pharm),I,000,2025-12-15 16:15:28,"경기도 고양시 덕양구 중앙로557번길 8-19, 201호 (행신동, 원스톱 라이프상가II)",정상,0000,01,0319704978,185301.443173175    ,457891.956734862    ,경기도 고양시 덕양구 행신동 998-2 ,2020-11-26 10:20:18
3940000,394000001220180001,2018-02-09,,휴업,,2020-05-20,,,99.19,,10401,주식회사 큐어애니케어(cureanicare),I,000,2025-12-19 02:40:00,"경기도 고양시 일산동구 무궁화로 20-38, 로데오탑 2층 216호 (장항동)",휴업,0001,02,,179465.695319664    ,462041.899769362    ,경기도 고양시 일산동구 장항동 757 로데오탑 ,2025-12-17 16:29:03
3940000,394000001220190001,2019-04-24,,영업/정상,,,,,71.06,,10364,비에이엠코리아,I,L00,2025-12-15 16:15:28,"경기도 고양시 일산동구 고봉로 20-5, 포오스프라자II 4층 402호 (장항동)",정상,0000,01,,179208.843364039    ,462457.375096638    ,경기도 고양시 일산동구 장항동 740 포오스프라자II ,2025-01-02 11:36:44
3940000,394000001220190002,2019-06-19,,휴업,,2023-09-05,,,0,,10439,(주)비즈메디코리아,I,L00,2025-12-15 16:15:28,경기도 고양시 덕양구 행주로83번길 34-8 (행주내동),휴업,0001,02,0226644671,184261.903834433    ,456024.292969265    ,경기도 고양시 덕양구 행주내동 499-25 ,2023-09-06 09:51:41
3940000,394000001220210001,2021-08-11,,영업/정상,,,,,280.6,,10251,주식회사 온힐,I,000,2025-12-15 16:15:28,"경기도 고양시 일산동구 고봉로770번길 112-5, 1동 (설문동)",정상,0000,01,0319767361,181690.80930423     ,468579.22391896     ,경기도 고양시 일산동구 설문동 756-28 ,2021-08-11 20:21:54
3940000,394000001220220001,2022-07-28,,영업/정상,,,,,86.55,,10545,주식회사 페더스,I,L00,2025-12-15 16:15:28,"경기도 고양시 덕양구 꽃내음1길 69, 1층 (향동동)",정상,0000,01,,190131.670538712    ,455159.531493758    ,경기도 고양시 덕양구 향동동 491-16 ,2022-07-28 10:25:58
3940000,394000001220230001,2023-04-21,,영업/정상,,,,,0,,10317,제이에스코리아,U,000,2026-04-09 03:03:03,"경기도 고양시 일산동구 견달산로161번길 3, 2동 (식사동)",정상,0000,01,0319115307,183890.491976102    ,464271.574654225    ,경기도 고양시 일산동구 식사동 1201 ,2026-04-08 13:09:07
3940000,394000001220240001,2024-07-08,,영업/정상,,,,,34.53,,10545,해담,I,000,2025-12-15 16:15:28,"경기도 고양시 덕양구 꽃마을로 36, 223호 (향동동)",정상,0000,01,,190327.674570207    ,455360.926623372    ,경기도 고양시 덕양구 향동동 474 ,2024-07-08 14:50:02
3940000,394000001220250001,2025-01-02,,영업/정상,,,,,,,10545,에이벳비앤피(AVET B&P),I,000,2025-12-15 16:15:28,"경기도 고양시 덕양구 향동로 128, DMC스타비즈 4st 517호 (향동동)",정상,0000,01,,190220.795104756    ,455402.818543143    ,경기도 고양시 덕양구 향동동 469 DMC스타비즈 4st ,2025-03-31 11:06:54
3940000,394000001220250002,2025-07-11,,영업/정상,,,,,198,,10227,글로벌펫 동물의약품 도매영업소,I,000,2025-12-15 16:15:28,"경기도 고양시 일산서구 덕이로292번길 34-15, 1동 (덕이동)",정상,0000,01,,176417.280528097    ,466919.510280042    ,경기도 고양시 일산서구 덕이동 1506-3 ,2025-07-11 17:01:37
3970000,397000001220170001,2017-07-15,,영업/정상,,,,,120,,13820,베트컴코리아(주),I,L00,2025-12-15 16:15:28,경기도 과천시 추사로 92-11 (주암동),정상,0000,01,,202541.075678877    ,439080.685567687    ,,2017-07-18 14:58:32
3980000,398000001220220001,2022-06-16,,영업/정상,,,,,0,,11946,아이앤비케어(주),I,L00,2025-12-15 16:15:28,"경기도 구리시 이문안로 156, 천광빌딩 4층 (토평동)",정상,0000,01,0315683007,213057.000850213    ,454262.139394397    ,경기도 구리시 토평동 966-2 천광빌딩 4층 ,2022-06-16 19:53:43
3980000,398000001220090001,2009-10-08,,폐업,2011-08-31,,,,0,,11947,에덴동물약품,I,000,2025-12-15 16:15:28,경기도 구리시 장자대로 155 (토평동),폐업,0002,03,0315657552,212985.0195433      ,453836.178907292    ,경기도 구리시 토평동 620-1 ,2011-10-31 13:14:38
3980000,398000001220220002,2022-07-05,,영업/정상,,,,,,,11921,엠케이약품,I,000,2025-12-15 16:15:28,"경기도 구리시 건원대로34번길 9, 세신리빙프라자 7층 702호 (인창동)",정상,0000,01,0315746779,212369.212478462    ,455794.015908037    ,경기도 구리시 인창동 670-9 세신리빙프라자 ,2022-07-05 15:43:11
3990000,399000001220000001,2000-08-28,,영업/정상,,,,,0,,12020,한라동물약품,I,000,2025-12-15 16:15:28,경기도 남양주시 진접읍 광릉내로 26,정상,0000,01,,217466.937488435    ,471115.230596616    ,경기도 남양주시 진접읍 부평리 600-5 ,2022-06-28 15:58:52
3990000,399000001220080002,2008-03-06,,취소/말소/만료/정지/중지,,,,,50,,,동진동물약품,I,000,2025-12-15 16:15:28,,말소,0004,04,,227019.344850157    ,461054.248039145    ,경기도 남양주시 화도읍 마석우리 267-7 ,2013-08-29 15:29:07
3990000,399000001220090001,2009-05-12,,취소/말소/만료/정지/중지,,,,,776.12,,,(주)협성가축약품,I,000,2025-12-15 16:15:28,경기도 남양주시 진접읍 진벌로119번길 48-91,말소,0004,04,,219546.275318691    ,471498.775285797    ,경기도 남양주시 진접읍 팔야리 285-5 ,2012-04-10 13:32:43
3990000,399000001220170001,2017-09-28,,영업/정상,,,,,75,,12036,비에이비(BAB),I,000,2025-12-15 16:15:28,"경기도 남양주시 오남읍 양지로320번길 1-1, 2층 202호",정상,0000,01,07088844070,216769.946614911    ,466812.891169422    ,경기도 남양주시 오남읍 양지리 676-2 ,2019-10-21 15:26:22
3990000,399000001220180001,2018-04-09,,영업/정상,,,,,1155,,12080,(주)협성로하스,I,L00,2025-12-15 16:15:28,경기도 남양주시 별내면 청학로68번길 58,정상,0000,01,0318487653,210502.291822486    ,467768.862631489    ,경기도 남양주시 별내면 청학리 254 ,2018-04-09 13:17:10
3990000,399000001220220001,2022-07-21,,폐업,2026-02-23,,,2026-02-23,44.72,,12129,메타메디팜,I,000,2026-02-24 21:02:29,"경기도 남양주시 진건읍 진건오남로390번길 81-19, 1동 2층",폐업,0002,03,0315271240,218266.082137636    ,463013.61886846     ,경기도 남양주시 진건읍 송능리 179-1 ,2026-02-23 13:32:22
3990000,399000001219990001,1999-04-26,,영업/정상,,,,,49.5,,12126,한강동물약품,I,000,2025-12-15 16:15:28,경기도 남양주시 퇴계원읍 경춘북로 516,정상,0000,01,0315714858,212381.335572153    ,460512.453624753    ,경기도 남양주시 퇴계원읍 퇴계원리 314-17 ,2025-06-17 16:06:47
3990000,399000001220220002,2022-10-18,,폐업,2023-04-01,,,2023-04-01,44.45,,12106,피니컬(Penical),I,000,2025-12-15 16:15:28,"경기도 남양주시 순화궁로 249, 별내역 파라곤스퀘어 지식산업센터2동 2층 D255호 (별내동)",폐업,0002,03,0315711409,211235.410468488    ,461067.506789155    ,경기도 남양주시 별내동 975-1 별내역 파라곤스퀘어 D255호,2023-04-06 16:09:37
3990000,399000001220200001,2020-09-03,,폐업,2025-08-18,,,2025-08-18,10,,12248,에이피씨 주식회사,I,000,2025-12-15 16:15:28,"경기도 남양주시 다산중앙로145번길 15, 신해센트럴타워Ⅱ 8층 803-62호 (다산동)",폐업,0002,03,,213243.423019049    ,458126.562883049    ,경기도 남양주시 다산동 6063-1 신해센트럴타워Ⅱ 803-6호,2025-08-19 13:37:33
3990000,399000001220250001,2025-07-30,,영업/정상,,,,,71.82,,12106,포스트바이오(주),I,L00,2025-12-15 16:15:28,"경기도 남양주시 순화궁로 272, 동광 비즈타워 별내 415호 (별내동)",정상,0000,01,0315232731,211348.256031066    ,461027.650120853    ,경기도 남양주시 별내동 974-1 동광 비즈타워 별내 ,2025-07-30 17:15:02
3990000,399000001220080001,2008-03-06,,폐업,2021-04-28,,,2021-04-28,50,,12180,동진동물약품,I,000,2025-12-15 16:15:28,경기도 남양주시 화도읍 경춘로 1969-9,폐업,0002,03,,227019.344850157    ,461054.248039145    ,경기도 남양주시 화도읍 마석우리 267-7 ,2021-04-28 09:23:34
4000000,400000001220200001,2020-02-24,,영업/정상,,,,,0,,18102,주식회사 스마일팜,I,L00,2026-03-26 22:38:57,"경기도 오산시 독산성로362번길 6-13, 2동 3층 (세교동)",정상,0000,01,0312962272,203079.54720361     ,409098.559777331    ,경기도 오산시 세교동 500-11 2동 3층 ,2023-01-11 18:55:55
4000000,400000001220210001,2021-11-02,,영업/정상,,,,,33,,18126,(주)이지메디컴,I,L00,2026-03-26 22:38:57,"경기도 오산시 황새로 109, 드림포워드 5층 (누읍동)",정상,0000,01,0313704000,205163.127488142    ,403879.857788064    ,경기도 오산시 누읍동 146 ,2025-01-06 09:44:20
4000000,400000001220020001,2002-11-13,,폐업,2013-10-02,,,,61.57,,,NNC,I,000,2026-03-26 22:38:57,,폐업,0002,03,,205627.970826955    ,405765.545469131    ,경기도 오산시 청학동 8-5 101호,2013-10-02 14:33:26
4000000,400000001220180001,2018-04-13,,영업/정상,,,,,48.4,,18102,드림팜,I,000,2026-03-26 22:38:57,"경기도 오산시 독산성로362번길 6-13, 2동 1층 (세교동)",정상,0000,01,0313736774,203079.54720361     ,409098.559777331    ,경기도 오산시 세교동 500-11 2동 1층 ,2023-01-11 18:54:41
4000000,400000001220190001,2019-02-21,,영업/정상,,,,,472.29,,18102,에스엠피 동물약품(주),I,L00,2026-03-26 22:38:57,"경기도 오산시 독산성로362번길 6-13, 1동 (세교동)",정상,0000,01,0312962272,203079.54720361     ,409098.559777331    ,경기도 오산시 세교동 500-11 1동 ,2023-01-11 18:55:19
4010000,401000001220240001,2024-06-03,,폐업,2025-06-12,,,2025-06-12,202.89,,15000,주식회사 제이스,I,L00,2026-05-08 22:02:26,경기도 시흥시 모상굴길 4 (군자동),폐업,0002,03,0313602569,180866.452242846    ,428419.694962851    ,경기도 시흥시 군자동 561-2 ,2025-06-12 14:53:14
4010000,401000001220230001,2023-09-27,,영업/정상,,,,,42,,14912,지니약품 주식회사,I,L00,2026-05-08 22:02:26,"경기도 시흥시 비둘기공원7길 39, 트윈프라자 지1층 B103호 (대야동)",정상,0000,01,,181562.531848219    ,437843.545733032    ,경기도 시흥시 대야동 544-1 트윈프라자 ,2023-09-27 14:14:21
4010000,401000001219950001,1995-06-29,,폐업,2005-12-12,,,,0,,,(주)다원케미칼,I,000,2026-05-08 22:02:26,,폐업,0002,03,,,,경기도 시흥시 정왕동 1252-6    시화공단 1다 405호 ,2005-12-13 09:20:27
4010000,401000001219980003,1998-12-31,,영업/정상,,,,,606.87,,15094,주식회사코미팜,I,000,2026-05-08 22:02:26,"경기도 시흥시 경제로 17 (정왕동, 시화공단1라107호)",정상,0000,01,0314986104,173468.396380309    ,426615.876686835    ,경기도 성남시 분당구 운중동 1236-6 시화공단1라107호 ,2023-09-27 14:54:07
4010000,401000001220060001,2006-03-30,,폐업,2009-06-23,,,,61.54,,,한우리동물약품,I,000,2026-05-08 22:02:26,,폐업,0002,03,0314889916,174676.932901493    ,427814.339690803    ,경기도 시흥시 정왕동 2164-2 메가폴리스 A동 122호,2009-06-23 20:05:25
4010000,401000001220130001,2013-09-05,,영업/정상,,,,,552,,15088,주식회사 다원케미칼,I,L00,2026-05-08 22:02:26,"경기도 시흥시 옥구천서로185번길 14 (정왕동, 시화공단 1다 405)",정상,0000,01,0314980001,174534.469212345    ,426809.442993036    ,경기도 시흥시 정왕동 1252-6 시화공단 1다 405 ,2025-07-17 13:43:10
4010000,401000001219980001,1998-12-31,,영업/정상,,,,,0,,,(주)한국미생물연구소,I,000,2026-05-08 22:02:26,,,BBBB,01,,,,경기도 시흥시 정왕동 시화공단 1라 107호 ,2003-07-18 12:30:53
4020000,402000001220250001,2025-02-05,,영업/정상,,,,,329,,15830,폴리매스 주식회사,I,L00,2025-12-15 16:15:28,"경기도 군포시 군포로615번길 1, 2층 (금정동)",정상,0000,01,,195304.211544628    ,428730.608194813    ,경기도 군포시 금정동 775-6 ,2025-02-05 13:38:44
4020000,402000001220220001,2022-04-21,,영업/정상,,,,,325.26,,15858,라라케어 주식회사,I,L00,2025-12-15 16:15:28,"경기도 군포시 금당로17번길 14, 광개토프라자 (당동)",정상,0000,01,,194575.612664395    ,427599.347634421    ,경기도 군포시 당동 951-2 광개토프라자 ,2025-10-14 10:21:58
4020000,402000001220210001,2021-12-22,,영업/정상,,,,,113.95,,15809,메디벳 주식회사,I,000,2025-12-15 16:15:28,"경기도 군포시 흥안대로27번길 26, 2층 (금정동)",정상,0000,01,,195245.89723511     ,429654.616627285    ,경기도 군포시 금정동 692-7 ,2024-02-22 10:38:45
4020000,402000001220180001,2018-09-11,,영업/정상,,,,,0,,15808,(주)빅솔에이에스,I,000,2025-12-15 16:15:28,"경기도 군포시 엘에스로 153-8, 금정하이뷰 3층 305호 (산본동)",정상,0000,01,0314676767,195047.572569366    ,430234.250287886    ,경기도 군포시 산본동 1026-9 금정하이뷰 ,2022-11-29 15:30:30
4020000,402000001220150001,2015-08-04,,영업/정상,,,,,502,,15872,(주)에디팜,I,000,2025-12-15 16:15:28,"경기도 군포시 용호1로1번길 10-0, 1동 4층 (당동, 진방빌딩)",정상,0000,01,0313963777,194423.729633005    ,426682.619594946    ,경기도 군포시 당동 978-5 ,2024-09-05 10:23:09
4020000,402000001219970001,1997-06-27,,폐업,2006-09-04,,,,0,,15846,(주)유한양행,I,L00,2025-12-15 16:15:28,경기도 군포시 경수대로 441 (당정동),폐업,0002,03,,196421.007877529    ,428777.683093195    ,경기도 군포시 당정동 27-5 ,2011-12-14 13:29:50
4020000,402000001220040001,2004-12-01,,폐업,2004-12-01,,,,0,,15802,(주)더부리,I,000,2025-12-15 16:15:28,"경기도 군포시 고산로 685, 6층 (산본동, 한빛타운)",폐업,0002,03,,194132.001556279    ,429945.262484134    ,경기도 군포시 산본동 1061 한빛타운6층 ,2011-12-14 13:31:31
4020000,402000001220080001,2008-03-19,,폐업,2012-11-08,,,,168,,15846,(주)유한양행,I,L00,2025-12-15 16:15:28,경기도 군포시 경수대로 441 (당정동),폐업,0002,03,028280181,196421.007877529    ,428777.683093195    ,경기도 군포시 당정동 27-5 ,2012-11-08 10:46:17
4020000,402000001220090001,2009-11-04,,폐업,2012-03-08,,,,159,,15851,이레케미칼,I,000,2025-12-15 16:15:28,경기도 군포시 당정역로38번길 15 (당정동),폐업,0002,03,,195413.798356996    ,426634.538408638    ,경기도 군포시 당정동 1018-4 ,2012-03-08 11:22:53
4030000,403000001220110002,2011-08-22,,폐업,2013-02-04,,,,0,,16063,(주)수바이오텍,I,000,2026-05-11 22:03:30,경기도 의왕시 왕곡로 1 (고천동),폐업,0002,03,,197709.142264821    ,427239.522101035    ,경기도 의왕시 고천동 259-1 태림빌딩 501호,2013-02-04 15:46:51
4030000,403000001220190001,2019-11-05,,폐업,2025-03-31,,,2025-03-31,,,16006,(주)프로챌코리아,I,000,2026-05-11 22:03:32,"경기도 의왕시 이미로 40, 인덕원IT밸리 A동 110호 (포일동)",폐업,0002,03,,199121.920450955    ,433212.828910976    ,경기도 의왕시 포일동 653 인덕원IT밸리 ,2025-03-31 15:55:18
4030000,403000001220180001,1981-05-29,,영업/정상,,,,,0,,16103,(주)대성미생물연구소,I,000,2026-05-11 22:03:32,"경기도 의왕시 덕영대로 103, (주)대성미생물연구소 (삼동)",정상,0000,01,0314617103,213279.406443176    ,438643.341532234    ,경기도 성남시 수정구 신흥동 293 (주)대성미생물연구소 ,2026-04-17 09:57:47
4030000,403000001220150001,2015-05-08,,폐업,2016-05-19,,,,,,16006,(주)자연바이오,I,000,2026-05-11 22:03:30,"경기도 의왕시 이미로 40, D동 913호 (포일동, 인덕원 IT밸리)",폐업,0002,03,,199121.920450955    ,433212.828910976    ,경기도 의왕시 포일동 653 ,2016-05-19 13:18:24
4030000,403000001220110001,2011-07-08,,취소/말소/만료/정지/중지,,,,,65,,16069,(주)바이오팜텍,I,000,2026-05-11 22:03:30,경기도 의왕시 왕곡로 20 (왕곡동),말소,0004,04,,197858.457583595    ,427172.1643571      ,경기도 의왕시 왕곡동 594-2 ,2014-05-02 14:55:09
4030000,403000001220150002,2015-05-08,,폐업,2016-05-19,,,,0,,16006,(주)자연바이오,I,000,2026-05-11 22:03:30,"경기도 의왕시 이미로 40, D동 913호 (포일동, 인덕원 IT밸리)",폐업,0002,03,,199121.920450955    ,433212.828910976    ,경기도 의왕시 포일동 653 ,2016-05-19 11:00:35
4030000,403000001220160001,2016-12-28,,폐업,2018-09-20,,,2018-09-20,,,16001,(주)조안엠앤에스,I,L00,2026-05-11 22:03:31,"경기도 의왕시 봇들로 60, 3층 (포일동, 스마일투)",폐업,0002,03,07088133388,198660.180983387    ,432628.890450593    ,경기도 의왕시 포일동 660-2 3층 ,2018-09-20 17:15:35
4030000,403000001220210001,2021-02-25,,폐업,2021-12-09,,,2021-12-09,283.9,,16039,(주)펫팜,I,000,2026-05-11 22:03:33,"경기도 의왕시 계원대학로 26, 주영프라자 502호내 504호 (내손동)",폐업,0002,03,07041180109,197650.064657927    ,430785.78174364     ,경기도 의왕시 내손동 755-3 주영프라자 ,2021-12-09 14:14:12
4030000,403000001220170001,2017-02-27,,영업/정상,,,,,48,,16080,베코바이오틱스(주),I,L00,2026-05-11 22:03:31,"경기도 의왕시 새터말아랫로 6-1, 2층 (이동, 강호빌딩)",정상,0000,01,,195716.177288371    ,425297.17496468     ,경기도 의왕시 이동 218-68 강호빌딩 2층 ,2017-02-28 15:07:56
4040000,404000001220110001,2011-03-02,,폐업,2023-06-02,,,2023-06-02,94.19,,12927,(주)베이직사이언스,I,000,2026-03-26 22:35:43,"경기도 하남시 덕풍동로 111-15, 리치플러스 하남센터 704호 (덕풍동)",폐업,0002,03,,218304.542267737    ,449927.258322123    ,경기도 하남시 덕풍동 744-1 리치플러스 하남센터 704호,2023-06-02 16:49:30
4040000,404000001220030001,2003-03-06,,폐업,2017-08-31,,,2017-09-01,61.02,,12962,우리동물약품,I,000,2026-03-26 22:35:43,경기도 하남시 신장로 70 (천현동),폐업,0002,03,,218470.987637787    ,448195.458389569    ,경기도 하남시 천현동 194-23 ,2017-09-01 14:36:51
4040000,404000001220010001,2001-09-11,,폐업,2011-12-21,,,,148.98,,13024,대농케미칼,I,000,2026-03-26 22:35:43,경기도 하남시 검단로 39 (하산곡동),폐업,0002,03,,219902.494416949    ,446736.336072014    ,경기도 하남시 하산곡동 79-5 ,2011-12-21 13:37:24
4040000,404000001220220001,2022-09-26,,폐업,2025-09-23,,,2025-09-23,0,,13026,주식회사 베타바이트,I,L00,2026-03-26 22:35:43,"경기도 하남시 하남대로166번길 42-12, 3층 (상산곡동)",폐업,0002,03,0267561120,220905.919243255    ,443098.419225784    ,경기도 하남시 상산곡동 289 3층 ,2025-09-23 14:01:12
4040000,404000001220150001,2015-02-25,,영업/정상,,,,,596.51,,12990,브이에스팜(주),I,L00,2026-03-26 22:35:43,경기도 하남시 감초로 18-1(감북동),정상,0000,01,0234368252,213977.104833758    ,445947.952508143    ,경기도 하남시 감북동 369-7 2층 ,2022-03-29 17:46:42
4040000,404000001220040001,2004-02-16,,영업/정상,,,,,39.6,,12947,(주)디알팜,I,000,2026-03-26 22:35:43,"경기도 하남시 대청로 33, 4층 (신장동, 현대베스코아빌딩)",정상,0000,01,,219019.083032917    ,448782.644793748    ,경기도 하남시 신장동 523-1 ,2023-09-26 15:59:30
4040000,404000001220260001,2026-04-30,,영업/정상,,,,,0,,12986,(주)우리엔팜,I,L00,2026-05-01 21:32:36,"경기도 하남시 초이로 136, 3층 (초이동)",정상,0000,01,0269275475,215117.584167225    ,448959.116362271    ,경기도 하남시 초이동 163-1 ,2026-04-30 09:21:21
4050000,405000001220240001,2024-05-30,,영업/정상,,,,,0,,16942,(주)벡스퍼트,U,L00,2026-05-28 03:03:03,"경기도 용인시 수지구 광교중앙로 338, 광교우미뉴브 R-B동 103호 (상현동)",정상,0000,01,,206254.79606432     ,422030.859080362    ,경기도 용인시 수지구 상현동 1220 광교우미뉴브 ,2026-05-27 10:37:37
4050000,405000001220240002,2024-06-18,,영업/정상,,,,,0,,17026,(주)윈스바이오,I,000,2025-12-15 16:15:28,"경기도 용인시 처인구 포곡읍 포곡로61번길 6, 인정멜로디상가 201호",정상,0000,01,,218811.538581819    ,418451.109715894    ,경기도 용인시 처인구 포곡읍 둔전리 406-51 인정멜로디상가 ,2024-06-18 09:59:32
4050000,562000001220140002,2014-12-23,,영업/정상,,,,,554,,17180,(주)홍익,I,L00,2025-12-15 16:15:28,경기도 용인시 처인구 백암면 원설로 663,정상,0000,01,0313354131,235927.173216424    ,404471.505767648    ,경기도 용인시 처인구 백암면 고안리 665-5 ,2022-10-18 18:39:20
4050000,562000001220190001,2019-10-21,,영업/정상,,,,,135.18,,17174,한솔가축약품,I,000,2025-12-15 16:15:28,"경기도 용인시 처인구 백암면 석실로54번길 6, 1호",정상,0000,01,,230296.72726006     ,408429.661399878    ,경기도 용인시 처인구 백암면 가좌리 342-4 ,2019-10-21 17:52:24
4050000,405000001220050001,2005-01-07,,폐업,2008-12-18,,,,0,,,(주)이비상사,I,000,2025-12-15 16:15:28,,폐업,0002,03,027800774,210024.090934835    ,419031.699789892    ,경기도 용인시 기흥구 구갈동 227-5 ,2008-12-18 09:46:26
4050000,405000001220050002,2005-04-22,,폐업,2008-07-10,,,,50.69,,,프러스벳,I,000,2025-12-15 16:15:28,,폐업,0002,03,,210367.675334248    ,417086.153922307    ,경기도 용인시 기흥구 보라동 145-1 현대프라자 104호,2008-07-10 18:51:54
4050000,405000001220070001,2007-01-11,,폐업,2012-09-13,,,,44,,,메리스바이오,I,000,2025-12-15 16:15:28,,폐업,0002,03,0316937674,213551.03723886     ,419536.014279104    ,경기도 용인시 기흥구 중동 829 골드프라자 6층 제C603호 ,2012-09-14 14:30:31
4050000,405000001220080001,2008-01-23,,폐업,2014-01-31,,,,136.4,,17180,태영가축약품,I,000,2025-12-15 16:15:28,경기도 용인시 처인구 백암면 백암로 99,폐업,0002,03,0313354131,233875.508400625    ,406264.525381348    ,경기도 용인시 처인구 백암면 박곡리 689-1 ,2014-02-25 15:39:38
4050000,405000001220080003,2008-12-12,,폐업,2014-01-02,,,,0,,17087,네오바이오(주),I,L00,2025-12-15 16:15:28,경기도 용인시 기흥구 고매로 122 (공세동),폐업,0002,03,,210762.447709914    ,414114.060065       ,경기도 용인시 기흥구 공세동 29 ,2014-01-09 17:11:30
4050000,405000001220100001,2010-07-05,,폐업,2013-06-28,,,,349.96,,,(주)우리친환경동물약품,I,000,2025-12-15 16:15:28,,폐업,0002,03,0313372733,,,경기도 용인시 처인구 이동면 덕성리 283 ,2013-06-28 17:25:19
4050000,405000001220110002,2011-05-20,,폐업,2015-05-10,,,,65,,17070,나우가축약품,I,000,2025-12-15 16:15:28,경기도 용인시 기흥구 중부대로746번길 14-7 (상하동),폐업,0002,03,,212219.530624119    ,417798.218020167    ,경기도 용인시 기흥구 상하동 309 ,2015-05-20 15:16:31
4050000,405000001220170001,2017-12-20,,폐업,2018-12-01,,,2018-12-01,215.56,,16860,일원메디텍,I,000,2025-12-15 16:15:28,"경기도 용인시 수지구 성복2로 17, 골드프라자1 107호 (성복동)",폐업,0002,03,0312633107,207127.809553669    ,423202.488409925    ,경기도 용인시 수지구 성복동 33-1 골드프라자1 ,2023-07-13 16:48:12
4050000,405000001220180001,2018-03-15,,폐업,2025-08-05,,,2025-08-05,107.64,,16860,베테크,I,000,2025-12-15 16:15:28,"경기도 용인시 수지구 성복2로 17, 골드프라자1 2층 208호 (성복동)",폐업,0002,03,0312727585,207127.809553669    ,423202.488409925    ,경기도 용인시 수지구 성복동 33-1 골드프라자1 ,2025-08-05 10:43:36
4050000,405000001220210002,2021-10-25,,폐업,2023-01-03,,,2023-01-03,0,,16942,바이오비,I,L00,2025-12-15 16:15:28,"경기도 용인시 수지구 광교중앙로 338, 광교우미뉴브 R동 111호 (상현동)",폐업,0002,03,0312160686,206254.79606432     ,422030.859080362    ,경기도 용인시 수지구 상현동 1220 광교우미뉴브 R동 111호,2023-01-03 15:42:48
4050000,405000001220210003,2021-10-29,,폐업,2022-04-29,,,2022-04-29,0,,17095,베텍코리아,I,L00,2025-12-15 16:15:28,"경기도 용인시 기흥구 중부대로 184, 힉스유타워 A동 322-1A호 (영덕동)",폐업,0002,03,,207954.10748572     ,418552.765838324    ,경기도 용인시 기흥구 영덕동 1315 힉스유타워 A동 ,2022-04-29 15:37:09
4050000,405000001220220002,2022-01-25,,폐업,2023-02-28,,,2023-02-28,0,,16908,f.v.c,I,L00,2025-12-15 16:15:28,"경기도 용인시 기흥구 연원로 35, 중앙프라자 402호 (마북동)",폐업,0002,03,,209708.231630875    ,422220.290200626    ,경기도 용인시 기흥구 마북동 548-1 중앙프라자 402호,2023-02-28 17:24:53
4050000,562000001220140001,2014-11-26,,폐업,2017-12-05,,,2017-12-05,0,,17026,원진화학,I,000,2025-12-15 16:15:28,경기도 용인시 처인구 포곡읍 포곡로61번길 6 (인정멜로디상가 201호),폐업,0002,03,,218811.538581819    ,418451.109715894    ,경기도 용인시 처인구 포곡읍 둔전리 406-51 ,2017-12-05 09:48:00
4050000,405000001219890002,1989-12-06,,영업/정상,,,,,0,,17052,시장동물약품,I,000,2025-12-15 16:15:28,경기도 용인시 처인구 금령로 93 (김량장동),정상,0000,01,,218268.016972612    ,414881.470844661    ,경기도 용인시 처인구 김량장동 132-9 ,2014-06-12 19:13:34
4050000,405000001219960001,1996-05-21,,영업/정상,,,,,78,,,수지가축약품,I,000,2025-12-15 16:15:28,,정상,0000,01,,218066.366622005    ,413935.159243639    ,경기도 용인시 처인구 남동 49-9 ,2021-09-17 17:09:49
4050000,405000001219990001,1999-12-30,,휴업,,2008-05-07,2008-11-05,,64.8,,,녹십자가축약품,I,000,2025-12-15 16:15:28,,휴업,0001,02,,232901.374101038    ,406919.587523011    ,경기도 용인시 처인구 백암면 근창리 19-3 ,2008-05-07 16:40:45
4050000,405000001220000002,2000-10-18,,영업/정상,,,,,0,,17178,대일가축약품,I,000,2025-12-15 16:15:28,경기도 용인시 처인구 백암면 백원로 564,정상,0000,01,,233162.513013971    ,407212.597388013    ,경기도 용인시 처인구 백암면 백암리 364-9 ,2025-01-10 20:57:57
4050000,405000001220080002,2008-04-18,,취소/말소/만료/정지/중지,,,,,0,,17163,벳코리아(주),I,000,2025-12-15 16:15:28,경기도 용인시 처인구 양지면 죽양대로 2023-6,행정처분,0003,04,,228286.802049383    ,412654.961510661    ,경기도 용인시 처인구 양지면 평창리 641-52 ,2013-07-19 16:47:54
4050000,405000001220110001,2011-02-22,,영업/정상,,,,,85.8,,17180,(주)대동신약,I,L00,2025-12-15 16:15:28,"경기도 용인시 처인구 백암면 죽양대로912번길 83-35, 3층",정상,0000,01,0313231323,235025.034964941    ,405256.279687782    ,경기도 용인시 처인구 백암면 백봉리 752-1 3층 ,2021-09-17 12:44:14
4050000,405000001220110003,2011-06-09,,영업/정상,,,,,82.56,,17145,용인가축약품,I,L00,2025-12-15 16:15:28,경기도 용인시 처인구 중부대로 1510 (마평동),정상,0000,01,0313370372,218756.128461501    ,414583.643881456    ,경기도 용인시 처인구 마평동 858-9 ,2017-07-17 17:31:13
4050000,405000001220120001,2012-08-29,,영업/정상,,,,,178.48,,16945,(주)포베츠,I,L00,2025-12-15 16:15:28,경기도 용인시 기흥구 신정로151번길 8 (신갈동),정상,0000,01,0312654080,209015.495415236    ,420319.401967513    ,경기도 용인시 기흥구 신갈동 344-10 ,2022-01-10 16:42:14
4050000,405000001220120002,2012-09-17,,영업/정상,,,,,0,,17015,메리스바이오주식회사,I,L00,2025-12-15 16:15:28,"경기도 용인시 기흥구 동백중앙로16번길 16-4, 1동 712호 (중동, 에이스동백타워)",정상,0000,01,0316937674,214576.223559246    ,417184.705782403    ,경기도 용인시 기흥구 중동 1033 에이스동백타워 ,2021-05-15 13:52:49
4050000,405000001220120003,2012-11-02,,영업/정상,,,,,0,,17180,(주)유한양행,I,L00,2025-12-15 16:15:28,"경기도 용인시 처인구 백암면 고안로51번길 136-6, 1층",정상,0000,01,028280087,236611.694334605    ,404449.269918454    ,경기도 용인시 처인구 백암면 고안리 595 ,2025-01-23 09:24:53
4050000,405000001220160001,2016-01-05,,휴업,,2017-09-07,,,245.8,,16967,(주)현승메디컬,I,L00,2025-12-15 16:15:28,"경기도 용인시 기흥구 신갈로103번길 6 (신갈동, 현은빌딩)",휴업,0001,02,0316939505,209257.94889055     ,419374.483208625    ,,2017-09-08 08:58:22
4050000,405000001220180002,2018-05-08,,영업/정상,,,,,2193.41,,17079,바이오하나주식회사,I,L00,2025-12-15 16:15:28,"경기도 용인시 기흥구 한보라2로 15, 4층 402호 (보라동, 랜드빌2)",정상,0000,01,0312869992,209809.8562511      ,416944.249399573    ,경기도 용인시 기흥구 보라동 580-4 랜드빌2 ,2022-01-18 15:39:18
4050000,405000001220190001,2019-04-15,,영업/정상,,,,,572.13,,16892,주식회사 인투바이오,I,L00,2026-01-02 02:40:00,경기도 용인시 기흥구 청마로 11 (청덕동),정상,0000,01,0315482053,213658.55250082     ,421725.586499039    ,경기도 용인시 기흥구 청덕동 311 ,2025-12-31 09:59:34
4050000,405000001220210001,2021-05-07,,영업/정상,,,,,164.89,,17086,바이오베트(주),I,L00,2025-12-15 16:15:28,경기도 용인시 기흥구 기흥단지로24번길 11-12 (고매동),정상,0000,01,0317280567,209245.784437065    ,413527.982469946    ,경기도 용인시 기흥구 고매동 409-69 ,2021-05-07 15:17:23
4050000,405000001220220001,2022-01-07,,영업/정상,,,,,0,,16888,(주)오창물산,I,L00,2025-12-15 16:15:28,경기도 용인시 처인구 모현읍 포은대로1272번길 85,정상,0000,01,,216910.784835883    ,426146.912610309    ,경기도 용인시 처인구 모현읍 동림리 229 ,2022-01-27 12:42:51
4050000,405000001220230001,2023-03-16,,취소/말소/만료/정지/중지,,,,,0,,16914,(주)경보제약,I,L00,2025-12-15 16:15:28,"경기도 용인시 기흥구 구성로 357, 용인테크노밸리 (청덕동)",말소,0004,04,0221752308,213057.927567229    ,421057.235457141    ,경기도 용인시 기흥구 청덕동 556 용인테크노밸리 A동 701호,2024-11-12 14:11:05
4050000,405000001220260001,2026-06-16,,영업/정상,,,,,97.59,,17142,에이비 동물약품,I,000,2026-06-17 21:32:30,경기도 용인시 처인구 동부로729번길 61 (해곡동),정상,0000,01,,224009.884310499    ,410197.469565793    ,경기도 용인시 처인구 해곡동 249 ,2026-06-16 09:01:58
4050000,405000001220180003,2018-10-01,,폐업,2020-10-01,,,2020-10-01,0,,17087,지앤와이,I,000,2025-12-15 16:15:28,경기도 용인시 기흥구 고매로242번길 13 (고매동),폐업,0002,03,,211841.555952509    ,413476.364767119    ,경기도 용인시 기흥구 고매동 57 ,2024-12-06 15:40:24
4050000,405000001219770001,1977-06-14,,폐업,2025-08-14,2022-09-01,,2025-08-14,0,,17066,하나윈,I,L00,2025-12-15 16:15:28,경기도 용인시 기흥구 중부대로 438(구갈동),폐업,0002,03,,210024.090934835    ,419031.699789892    ,경기도 용인시 기흥구 구갈동 227-5 ,2025-08-18 09:35:49
4050000,405000001219890001,1989-05-19,,폐업,2013-07-16,,,,0,,17178,백암가축약품,I,000,2025-12-15 16:15:28,경기도 용인시 처인구 백암면 백암로201번길 1,폐업,0002,03,,233233.08323037     ,407009.941869554    ,경기도 용인시 처인구 백암면 백암리 466 ,2013-07-16 17:24:08
4050000,405000001219950001,1995-04-18,,폐업,2013-02-18,,,,0,,,용가축약품,I,000,2025-12-15 16:15:28,,폐업,0002,03,,218585.259191623    ,414202.548063676    ,경기도 용인시 처인구 남동 27-2 ,2013-02-18 17:48:47
4050000,405000001220000001,2000-10-04,,폐업,2005-07-04,,,,50.8,,16829,(주)이레케미칼,I,000,2025-12-15 16:15:28,경기도 용인시 수지구 문인로13번길 17-27 (풍덕천동),폐업,0002,03,,208968.94           ,425580.295          ,경기도 용인시 수지구 풍덕천동 675-1 ,2011-10-30 14:54:47
4050000,405000001220010001,2001-09-14,,폐업,2004-07-26,,,,0,,,중앙가축약품,I,000,2025-12-15 16:15:28,,폐업,0002,03,,,,경기도 용인시 처인구 김량장동 321-11  ,2004-07-27 17:30:33
4050000,405000001220040001,2004-04-14,,폐업,2010-06-15,,,,50.8,,,우리동물약품,I,000,2025-12-15 16:15:28,,폐업,0002,03,,217988.031007427    ,414598.910084433    ,경기도 용인시 처인구 김량장동 342-18 ,2010-06-16 16:21:13
4060000,406000001219930001,1993-05-14,,영업/정상,,,,,0,,10803,중부가축약품,I,000,2026-03-26 22:42:08,경기도 파주시 적성면 청송로 1056,정상,0000,01,0319599159,193083.016393128    ,494789.320266331    ,경기도 파주시 적성면 구읍리 639 ,2015-02-05 10:37:53
4060000,406000001220190001,2019-04-25,,폐업,2020-03-16,,,2020-03-16,132,,10803,한성동물약품,I,000,2026-03-26 22:42:08,경기도 파주시 적성면 솥뒤로 95,폐업,0002,03,,192088.202183954    ,495274.754152272    ,경기도 파주시 적성면 마지리 193-19 ,2020-03-16 14:48:00
4060000,406000001220000002,2000-01-22,,영업/정상,,,,,166.2,,10927,대한가축약품,U,000,2026-04-14 03:03:03,경기도 파주시 평화로 37-7 (금촌동),정상,0000,01,0319463318,179767.805644148    ,473175.973540751    ,경기도 파주시 금촌동 937-3 ,2026-04-13 17:52:04
4060000,406000001220140001,2014-05-18,,영업/정상,,,,,96,,10803,통일가축약품도매상사,I,000,2026-03-26 22:42:08,경기도 파주시 적성면 감악산로 1230,정상,0000,01,0319593009,193537.260271996    ,494837.9241089      ,경기도 파주시 적성면 구읍리 162-7 ,2022-12-15 10:02:07
4060000,406000001220150001,2015-04-24,,영업/정상,,,,,203.8,,10832,이화팜텍(주),I,000,2026-03-26 22:42:08,경기도 파주시 문산읍 돈유3로 80,정상,0000,01,0319978661,183669.460798482    ,484425.778923998    ,경기도 파주시 문산읍 선유리 1374-1 ,2022-06-30 15:11:39
4060000,406000001220170002,2017-09-27,,영업/정상,,,,,71.4,,10809,청림가축약품,I,000,2026-03-26 22:42:08,경기도 파주시 파평면 장승배기로268번길 3,정상,0000,01,,183720.588779825    ,487344.10157485     ,경기도 파주시 파평면 율곡리 178-11 ,2026-03-04 13:12:17
4060000,406000001220200001,2020-03-25,,영업/정상,,,,,380.7,,10803,한성동물약품,I,000,2026-03-26 22:42:08,경기도 파주시 적성면 솥뒤로 95,정상,0000,01,,192088.202183954    ,495274.754152272    ,경기도 파주시 적성면 마지리 193-19 ,2024-11-18 10:04:07
4060000,406000001219910001,1991-11-18,,폐업,2008-12-11,,,,0,,,파주가축약품,I,000,2026-03-26 22:42:08,,폐업,0002,03,,179875.050566383    ,473045.120964622    ,경기도 파주시 금촌동 304-34 ,2008-12-11 13:09:48
4060000,406000001219920001,1992-02-20,,폐업,2005-06-17,,,,0,,,광탄가축약품,I,000,2026-03-26 22:42:08,,폐업,0002,03,,183514.482880314    ,480652.243793416    ,경기도 파주시 파주읍 파주리 538-7 ,2005-06-17 14:21:39
4060000,406000001219990001,1999-07-19,,폐업,2014-07-30,,,,63.84,,,중앙가축약품,I,000,2026-03-26 22:42:08,,폐업,0002,03,,192690.345803106    ,494786.801945452    ,경기도 파주시 적성면 마지리 45-10 ,2014-07-30 13:36:28
4060000,406000001220000001,2000-08-30,,폐업,2005-06-20,,,,0,,,(주)에니코,I,L00,2026-03-26 22:42:08,,폐업,0002,03,,,,경기도 파주시 탄현면 축현리 875-1    ,2005-06-20 15:19:30
4060000,406000001220020001,2002-08-13,,폐업,2014-05-16,,,,0,,,통일가축약품,I,000,2026-03-26 22:42:08,,폐업,0002,03,0319593009,193537.260271996    ,494837.9241089      ,경기도 파주시 적성면 구읍리 162-7 ,2014-05-16 13:48:30
4060000,406000001220060001,2006-05-09,,폐업,2017-04-05,,,2017-04-05,380.7,,,북부가축약품,I,000,2026-03-26 22:42:08,,폐업,0002,03,,192088.202183954    ,495274.754152272    ,경기도 파주시 적성면 마지리 193-19 ,2017-04-05 15:40:40
4060000,406000001220170001,2017-06-29,,폐업,2018-08-06,,,2018-08-06,95,,10803,(주)한성동물약품,I,L00,2026-03-26 22:42:08,경기도 파주시 적성면 솥뒤로 95,폐업,0002,03,0319587511,192088.202183954    ,495274.754152272    ,경기도 파주시 적성면 마지리 193-19 ,2018-08-06 13:54:38
4060000,406000001219950001,1995-06-29,,영업/정상,,,,,69.3,,10937,서광가축약품,I,000,2026-03-26 22:42:08,경기도 파주시 조리읍 봉천로 16,정상,0000,01,,183163.340465302    ,471198.161838393    ,경기도 파주시 조리읍 봉일천리 125-10 ,2016-08-26 13:59:31
4070000,407000001220030001,2003-02-14,,영업/정상,,,,,0,,17370,이천가축약품,I,000,2026-03-26 22:40:27,경기도 이천시 중리천로97번길 5 (창전동),정상,0000,01,,239615.57489769     ,419680.631257801    ,경기도 이천시 창전동 170-7 ,2023-05-26 16:24:32
4070000,407000001220220001,2022-02-24,,영업/정상,,,,,,,17305,주식회사 에이엘,I,L00,2026-03-26 22:40:28,경기도 이천시 신둔면 황무로 158,정상,0000,01,,232900.237768828    ,422394.839069609    ,경기도 이천시 신둔면 용면리 368-3 ,2024-07-15 11:30:09
4070000,407000001220220002,2022-04-11,,영업/정상,,,,,0,,17311,한국엘랑코동물약품(주),I,000,2026-05-12 21:32:30,"경기도 이천시 백사면 지읍로 91, 코리아인터링크",정상,0000,01,025530305,242751.206041995    ,424092.044610798    ,경기도 이천시 백사면 조읍리 396 ,2026-05-11 15:56:30
4070000,407000001220230001,2023-03-28,,영업/정상,,,,,,,17407,(주)동진비엘에스,I,L00,2026-03-26 22:40:28,경기도 이천시 모가면 대월로261번길 86-18,정상,0000,01,0317656245,243191.113550784    ,409169.806141038    ,경기도 이천시 모가면 소사리 195 ,2024-01-19 16:54:20
4070000,407000001219770001,1977-10-12,,폐업,2007-12-31,,,,0,,,제일약품,I,000,2026-03-26 22:40:27,,폐업,0002,03,,,,경기도 이천시 창전동 151-4    ,2007-12-31 15:46:33
4070000,407000001220150001,2015-01-16,,폐업,2022-04-06,,,2022-04-06,84,,17391,하나바이오,I,000,2026-03-26 22:40:28,경기도 이천시 이섭대천로 914 (율현동),폐업,0002,03,,239301.87881687     ,416777.458789637    ,경기도 이천시 율현동 193-2 ,2022-04-06 15:39:37
4070000,407000001220030002,2003-02-14,,폐업,2008-05-06,,,,0,,,B.L.B.,I,000,2026-03-26 22:40:27,경기도 이천시 부발읍 무촌로 95,폐업,0002,03,,242897.043005463    ,420152.312976544    ,경기도 이천시 부발읍 무촌리 501 ,2008-05-07 20:30:04
4070000,407000001220070001,2007-12-04,,폐업,2017-12-31,,,2017-12-31,0,,,강남동물약품,I,000,2026-03-26 22:40:27,경기도 이천시 부발읍 무촌로 158,폐업,0002,03,0316342204,243324.747190848    ,420542.982219426    ,경기도 이천시 부발읍 무촌리 230-3 ,2018-02-13 17:33:27
4070000,407000001220070002,2007-12-31,,폐업,2016-12-31,,,2016-12-31,0,,17365,제일가축약품,I,000,2026-03-26 22:40:27,경기도 이천시 영창로 181 (창전동),폐업,0002,03,0316322252,239193.563109866    ,420056.770145214    ,경기도 이천시 창전동 151-14 ,2017-01-03 09:37:51
4070000,407000001220080001,2008-12-31,,폐업,2009-05-19,,,,0,,,주)유카스,I,L00,2026-03-26 22:40:27,,폐업,0002,03,07070121544,,,경기도 이천시 중리동 216-2    ,2009-05-20 12:02:26
4070000,407000001220120001,2012-04-10,,폐업,2023-09-25,,,2023-09-25,0,,17329,바로가축약품,I,000,2026-03-26 22:40:28,경기도 이천시 중부대로 1217-26 (장록동),폐업,0002,03,0316333983,240446.857942678    ,417717.802589797    ,경기도 이천시 장록동 391-9 ,2023-09-25 15:01:32
4070000,407000001220020001,2002-06-28,,폐업,2022-04-22,,,2022-04-22,63.62,,17392,중앙바이오가축약품,I,000,2026-03-26 22:40:27,경기도 이천시 호법면 중부대로 735,폐업,0002,03,0316319973,236765.375013455    ,416305.372750416    ,경기도 이천시 호법면 안평리 61-2 ,2022-04-22 16:37:14
4080000,408000001219870001,1987-05-06,,영업/정상,,,,,189.88,,,안성가축약품,I,000,2026-03-26 22:37:56,"경기도 안성시 강변남로 52, A동 3호 (도기동)",정상,0000,01,,224246.405767762    ,388817.625445462    ,경기도 안성시 도기동 241 A동 3호,2024-10-02 09:56:13
4080000,408000001220250001,2025-08-14,,영업/정상,,,,,0,,17536,조은팜 동물약품,U,000,2026-04-03 03:03:03,"경기도 안성시 금광면 금광오산로 211-5, 1층",정상,0000,01,,227948.790187165    ,388396.70427575     ,경기도 안성시 금광면 내우리 20-12 ,2026-04-02 17:48:40
4080000,408000001219940001,1994-10-06,,영업/정상,,,,,0,,17595,우신가축약품,I,000,2026-03-26 22:37:56,경기도 안성시 안성맞춤대로 985 (도기동),정상,0000,01,,223725.061720323    ,388910.457659205    ,경기도 안성시 아양동 100-7 ,2021-01-26 08:53:05
4080000,408000001220080003,2008-12-31,,영업/정상,,,,,198,,17512,신한동물약품,I,000,2026-03-26 22:37:57,경기도 안성시 삼죽면 삼죽로 120-8,정상,0000,01,0316763700,233296.655897796    ,396899.629330196    ,경기도 안성시 삼죽면 용월리 467-8 ,2022-06-28 11:30:34
4080000,408000001219840001,1984-06-11,,폐업,2016-06-30,,,,332.85,,17592,한도가축약품,I,000,2026-03-26 22:37:56,경기도 안성시 낙원길 5 (서인동),폐업,0002,03,,223904.161895254    ,389403.772357429    ,경기도 안성시 서인동 63 ,2016-06-30 18:04:29
4080000,408000001220260001,2026-02-13,,영업/정상,,,,,0,,17556,선동물병원 주식회사,I,L00,2026-03-26 22:37:57,경기도 안성시 원곡면 가천중앙3길 12,정상,0000,01,0316545406,211331.947331052    ,393012.912881508    ,경기도 안성시 원곡면 외가천리 264-2 ,2026-02-13 17:09:46
4080000,408000001219880001,1988-04-08,,폐업,2003-10-15,,,,0,,,죽산가축약품,I,000,2026-03-26 22:37:56,경기도 안성시 죽산면 죽주로 276,폐업,0002,03,,237789.24319451     ,397187.761294475    ,경기도 안성시 죽산면 죽산리 105-8 ,2003-10-16 09:47:12
4080000,408000001219920001,1992-10-20,,폐업,2017-08-22,,,2017-08-22,0,,17584,으뜸가축약품,I,000,2026-03-26 22:37:56,경기도 안성시 남파로 163 (금산동),폐업,0002,03,,223811.30336848     ,390548.210813434    ,경기도 안성시 금산동 73-9 ,2017-08-22 13:28:40
4080000,408000001219970001,1997-10-21,,폐업,2010-05-07,,,,0,,,미래가축약품,I,000,2026-03-26 22:37:56,,폐업,0002,03,,217247.088030349    ,395190.703208802    ,경기도 안성시 양성면 동항리 693-4 ,2010-05-07 18:17:49
4080000,408000001220000001,2000-08-10,,폐업,2013-12-01,,,,0,,,(주)넬바이오텍,I,L00,2026-03-26 22:37:56,경기도 안성시 삼죽면 덕산공단길 24,폐업,0002,03,,233581.055162967    ,397499.689971195    ,경기도 안성시 삼죽면 덕산리 808-15 ,2013-12-03 15:11:09
4080000,408000001220010001,2001-12-31,,폐업,2008-12-31,,,,0,,,신한동물약품,I,000,2026-03-26 22:37:56,경기도 안성시 죽산면 죽주로 307,폐업,0002,03,,238046.579321734    ,397357.72569608     ,경기도 안성시 죽산면 죽산리 134-5 ,2008-12-31 09:19:13
4080000,408000001220010002,2001-11-26,,폐업,2011-03-28,,,,0,,,(주)명성가축약품,I,L00,2026-03-26 22:37:56,경기도 안성시 안성맞춤대로 1180 (당왕동),폐업,0002,03,,223766.728865035    ,390732.658141936    ,경기도 안성시 당왕동 158-1 ,2011-03-28 13:41:14
4080000,408000001220020001,2002-10-08,,폐업,2009-04-20,,,,0,,,중앙가축약품,I,000,2026-03-26 22:37:56,,폐업,0002,03,,225447.800942741    ,390263.261520749    ,경기도 안성시 가사동 25-1 ,2009-04-20 15:11:34
4080000,408000001220030001,2003-04-03,,폐업,2006-05-26,,,,0,,,(주)빅바이오젠,I,000,2026-03-26 22:37:57,경기도 안성시 중앙로302번길 4 (석정동),폐업,0002,03,,223188.677253528    ,389953.628741002    ,경기도 안성시 석정동 247-3 ,2006-05-26 10:25:41
4080000,408000001220060001,2006-07-21,,폐업,2008-12-02,,,,67,,,백제가축약품,I,000,2026-03-26 22:37:57,,폐업,0002,03,,225438.896888801    ,390147.305651047    ,경기도 안성시 가사동 75-2 ,2009-02-20 10:37:03
4080000,408000001220060002,2006-12-28,,폐업,2013-09-02,,,,65.28,,,안성축협가축약품,I,L00,2026-03-26 22:37:57,경기도 안성시 안성맞춤대로 833 (계동),폐업,0002,03,0316750964,223771.205358289    ,387484.797282739    ,경기도 안성시 계동 85-3 ,2013-09-02 11:53:49
4080000,408000001220080001,2008-09-08,,폐업,2015-12-15,,,,141.3,,17519,케이엠바이오텍,I,000,2026-03-26 22:37:57,"경기도 안성시 죽산면 죽산초교길 15, 1층",폐업,0002,03,,237305.275966078    ,397161.922529079    ,경기도 안성시 죽산면 죽산리 419 상가1층 ,2015-12-15 15:55:45
4080000,408000001220080002,2008-12-17,,폐업,2013-07-05,,,,67,,,백제가축약품,I,000,2026-03-26 22:37:57,,폐업,0002,03,0316710124,225438.896888801    ,390147.305651047    ,경기도 안성시 가사동 75-2 ,2013-07-08 15:58:43
4080000,408000001220110001,2011-03-28,,폐업,2014-03-12,,,,392.25,,17596,성심동물약품,I,000,2026-03-26 22:37:57,경기도 안성시 안성맞춤대로 944 (도기동),폐업,0002,03,,223935.285043952    ,388555.56073032     ,경기도 안성시 도기동 52-3 ,2014-03-12 14:37:23
4080000,408000001220120001,2012-02-24,,폐업,2014-06-16,,,,163.24,,17539,하베스,I,000,2026-03-26 22:37:57,경기도 안성시 실왕길 39 (당왕동),폐업,0002,03,,223588.427358267    ,391607.704483035    ,경기도 안성시 당왕동 350 ,2014-06-16 10:01:10
4080000,408000001220170001,2017-02-02,,폐업,2022-06-30,,,2022-06-30,296.7,,17583,다사랑동물약품,I,000,2026-03-26 22:37:57,경기도 안성시 도기4길 4 (도기동),폐업,0002,03,,223560.52739622     ,389205.190989173    ,경기도 안성시 도기동 139-22 ,2022-06-30 09:20:10
4080000,408000001220170002,2017-03-15,,폐업,2020-12-01,,,2020-12-01,223.72,,17607,(주)바이오라인,I,000,2026-03-26 22:37:57,경기도 안성시 서운면 제4산단3로1길 9,폐업,0002,03,,222848.757334404    ,383122.186073155    ,경기도 안성시 서운면 양촌리 470 ,2020-12-01 19:43:37
4080000,408000001220170003,2017-07-10,,폐업,2019-08-28,,,2019-08-28,894.96,,17548,주식회사 헬로우팜,I,000,2026-03-26 22:37:57,경기도 안성시 공도읍 대림동산길 27,폐업,0002,03,0316519941,217980.1891612      ,390095.735630452    ,,2019-08-29 12:40:09
4080000,408000001220170004,2017-08-09,,폐업,2021-10-05,,,2021-10-05,198,,17512,안성누리동물약품,I,000,2026-03-26 22:37:57,경기도 안성시 삼죽면 용두동길 2,폐업,0002,03,0316775740,235067.938918972    ,397006.254136574    ,경기도 안성시 삼죽면 용월리 16-1 ,2021-10-06 15:44:20
4080000,408000001220170005,2017-11-15,,폐업,2018-02-23,,,2018-02-23,190.23,,17529,동남가축약품,I,000,2026-03-26 22:37:57,경기도 안성시 일죽면 서동대로 7414,폐업,0002,03,,241737.941875873    ,398914.83870533     ,경기도 안성시 일죽면 송천리 478-3 ,2018-02-23 16:35:47
4080000,408000001220110002,2011-03-28,,영업/정상,,,,,156.45,,17509,명성가축약품,I,000,2026-03-26 22:37:57,경기도 안성시 보개면 남사당로 98,정상,0000,01,,226472.778036744    ,391735.131838132    ,경기도 안성시 보개면 구사리 259-10 ,2021-01-16 18:20:29
4080000,408000001220150001,2015-12-17,,영업/정상,,,,,73.61,,17601,케이엠바이오텍주식회사,I,L00,2026-03-26 22:37:57,"경기도 안성시 미양면 마산길 2, 2층 1호",정상,0000,01,0316922353,219150.614150638    ,385930.757254335    ,경기도 안성시 미양면 양지리 194-1 ,2021-10-08 15:13:21
4080000,408000001220160001,2016-07-04,,영업/정상,,,,,288.56,,17516,한도가축약품,I,000,2026-03-26 22:37:57,"경기도 안성시 삼죽면 서동대로 6320, 2층",정상,0000,01,,232463.218154718    ,395040.139538045    ,경기도 안성시 삼죽면 진촌리 395-1 ,2024-07-05 13:39:35
4080000,408000001220190001,2019-03-15,,영업/정상,,,,,182.75,,17600,제이비바이오팜(주),I,L00,2026-03-26 22:37:57,경기도 안성시 미양면 안성맞춤대로 571-63,정상,0000,01,0316779811,221859.489592684    ,385449.857594817    ,경기도 안성시 미양면 보체리 222-15 ,2022-03-21 11:09:53
4080000,408000001220210001,2021-01-06,,영업/정상,,,,,599.67,,17607,주식회사 솔벳,I,000,2026-03-26 22:37:57,"경기도 안성시 서운면 제4산단4로 34, A동 1층",정상,0000,01,,222872.039587522    ,383555.251856824    ,경기도 안성시 서운면 양촌리 461 ,2022-12-07 09:50:49
4080000,408000001220210002,2021-10-25,,영업/정상,,,,,92,,17512,누리팜(주),I,000,2026-03-26 22:37:57,경기도 안성시 삼죽면 용두동길 2,정상,0000,01,,235067.938918972    ,397006.254136574    ,경기도 안성시 삼죽면 용월리 16-1 ,2023-02-24 13:20:25
4080000,408000001220220002,2022-04-11,,영업/정상,,,,,190.08,,17553,용마로지스(주) 안성사업소,I,L00,2026-03-26 22:37:57,경기도 안성시 원곡면 뱀골길 3,정상,0000,01,0232906430,211977.141245829    ,394317.609632078    ,경기도 안성시 원곡면 지문리 487 ,2026-01-19 11:13:36
4080000,408000001219880002,1988-08-11,,영업/정상,,,,,0,,17529,일죽가축약품,I,000,2026-03-26 22:37:56,경기도 안성시 일죽면 금일로 458-9,정상,0000,01,,242524.350781419    ,399064.038761701    ,경기도 안성시 일죽면 송천리 247-6 ,2024-06-14 10:21:42
4090000,409000001220250001,2025-11-16,,폐업,2026-04-17,,,2026-04-17,0,,10136,주식회사 새찬바이오,U,000,2026-04-18 03:03:03,"경기도 김포시 고촌읍 아라육로 80, WJ 물류센터 2층 213호",폐업,0002,03,,181364.666171519    ,454346.768247863    ,경기도 김포시 고촌읍 전호리 719 WJ 물류센터 ,2026-04-17 13:17:38
4090000,409000001220260001,2026-01-28,,영업/정상,,,,,,,10025,우리동물약품,I,000,2026-01-29 21:02:30,"경기도 김포시 월곶면 군하로 107-1, 3호",정상,0000,01,,161148.383251088    ,466904.161382516    ,경기도 김포시 월곶면 갈산리 518-9 ,2026-01-28 09:34:53
4090000,409000001220080001,2008-03-21,,폐업,2015-04-24,,,,0,,10016,이화팜텍(주),I,000,2025-12-15 16:15:28,경기도 김포시 통진읍 서암로183번길 25,폐업,0002,03,,164782.611750076    ,466652.336095783    ,경기도 김포시 통진읍 서암리 ,2015-04-24 17:32:05
4090000,409000001220260002,2026-04-13,,영업/정상,,,,,,,10109,주식회사 하나벳,I,000,2026-04-14 21:02:33,"경기도 김포시 봉화로 3-23, 1층 102호 (사우동)",정상,0000,01,,174899.97896562     ,457213.961131751    ,경기도 김포시 사우동 251-3 ,2026-04-13 09:56:51
4090000,409000001219910001,1991-05-15,,폐업,2006-03-14,,,,0,,,한빛축산,I,000,2025-12-15 16:15:28,,폐업,0002,03,,,,경기도 김포시 통진읍 마송리 ,2006-03-14 17:25:59
4090000,409000001220210001,2021-08-13,,영업/정상,,,,,,,10136,주식회사 원진메디팜,I,000,2025-12-15 16:15:28,"경기도 김포시 고촌읍 아라육로 80, WJ 물류센터 226호",정상,0000,01,0319868101,181364.666171519    ,454346.768247863    ,경기도 김포시 고촌읍 전호리 719 WJ 물류센터 226호,2021-08-13 14:13:29
4090000,409000001220020001,2002-07-16,,폐업,2008-06-04,,,,0,,,통진가축약품공사,I,000,2025-12-15 16:15:28,,폐업,0002,03,0319873993,,,경기도 김포시 통진읍 마송리 105 ,2008-06-04 18:37:28
4090000,409000001220200001,2020-02-20,,폐업,2022-05-10,,,2022-05-10,0,,10136,(주)서진팜,I,L00,2025-12-15 16:15:28,"경기도 김포시 고촌읍 아라육로 80, WJ 물류센터 207호",폐업,0002,03,0226761983,181364.666171519    ,454346.768247863    ,경기도 김포시 고촌읍 전호리 719 WJ 물류센터 ,2022-05-10 15:49:15
4090000,409000001219920001,1992-01-09,,영업/정상,,,,,45.68,,10019,천풍동물약품상사,I,000,2025-12-15 16:15:28,경기도 김포시 통진읍 김포대로 2248,정상,0000,01,,164362.684414923    ,465427.27445593     ,경기도 김포시 통진읍 마송리 120-1 ,2020-02-25 14:22:07
4090000,409000001220110001,2011-04-25,,영업/정상,,,,,134.93,,10101,두리무역,I,000,2025-12-15 16:15:28,"경기도 김포시 북변1로 20-8, 1층 (북변동)",정상,0000,01,,173860.393985797    ,458375.282212246    ,경기도 김포시 북변동 713 ,2020-05-25 07:03:45
4090000,409000001219990001,1999-07-05,,폐업,2002-02-02,,,,0,,,(주)남전물산,I,000,2025-12-15 16:15:28,,폐업,0002,03,,175289.141248488    ,455624.038189675    ,경기도 김포시 풍무동 421-3 ,2005-08-23 17:59:37
4140000,414000001219990001,1999-03-17,,영업/정상,,,,,120,,11027,태능가축약품(주),I,L00,2026-03-26 22:31:41,경기도 연천군 전곡읍 평화로 599-1,정상,0000,01,,205773.600447462    ,502297.460330815    ,경기도 연천군 전곡읍 전곡리 293-14 ,2022-03-24 15:34:47
4140000,414000001220040001,2004-01-03,,폐업,2025-08-05,,,2025-08-05,0,,11027,경기중앙동물약품,I,000,2026-03-26 22:31:41,경기도 연천군 전곡읍 양연로 1601,폐업,0002,03,,205759.120773098    ,502168.05023918     ,경기도 연천군 전곡읍 전곡리 292 ,2025-08-05 14:21:23
4140000,414000001220190001,2019-02-11,,폐업,2022-01-03,,,2022-01-03,0,,11038,산돌바이오,I,000,2026-03-26 22:31:41,경기도 연천군 전곡읍 온골로 17,폐업,0002,03,0318322487,206034.353847625    ,502216.375985609    ,경기도 연천군 전곡읍 전곡리 300-17 ,2022-01-03 10:02:33
4140000,414000001220140001,2014-08-19,,폐업,2015-01-21,,,,26,,,해성동물약품,I,000,2026-03-26 22:31:41,"경기도 연천군 전곡읍 은전로78번길 78-92, 1층 104호",폐업,0002,03,,,,,2015-01-21 11:36:41
4140000,414000001220040002,2004-07-05,,폐업,2008-01-04,,,,0,,,대한가축약품,I,000,2026-03-26 22:31:41,,폐업,0002,03,,192537.858897289    ,500136.6154805      ,경기도 연천군 백학면 통구리 466-17 ,2008-01-04 15:53:33
4140000,414000001220170001,2017-10-16,,영업/정상,,,,,102.3,,11013,연천가축약품,I,000,2026-03-26 22:31:41,"경기도 연천군 연천읍 연천로 394, 산과들에",정상,0000,01,,206537.571654312    ,512137.93695821     ,경기도 연천군 연천읍 현가리 28-2 산과들에 ,2025-02-06 09:13:43
4170000,417000001220030001,2002-07-19,,폐업,2010-10-22,,,,60,,,중앙가축약품,I,000,2026-03-26 22:37:25,,폐업,0002,03,,244379.718448253    ,443599.334717128    ,경기도 양평군 양평읍 공흥리 533 ,2010-10-22 16:39:04
4170000,417000001219930001,1993-03-04,,폐업,1996-02-02,,,,0,,,양평가죽약품,I,000,2026-03-26 22:37:25,,폐업,0002,03,,,,경기도 양평군 양평읍 양근리 284-1    ,2003-01-23 15:32:15
4170000,417000001219920001,1992-06-24,,폐업,1994-10-12,,,,0,,,현대가축약품상사,I,000,2026-03-26 22:37:25,,폐업,0002,03,,,,경기도 양평군 양평읍 양근리 196-9    ,2003-01-23 15:15:06
4170000,417000001219850001,1985-05-06,,폐업,1993-01-15,,,,0,,,한양가축약품,I,000,2026-03-26 22:37:25,,폐업,0002,03,,243502.149875673    ,442953.955015856    ,경기도 양평군 양평읍 양근리 227-2 ,2003-01-23 15:12:02
4170000,417000001219820001,1982-10-07,,폐업,1983-09-14,,,,0,,,옥천약품,I,000,2026-03-26 22:37:25,,폐업,0002,03,,,,경기도 양평군 양평읍 양근리 ,2003-01-23 12:01:12
4170000,417000001219820002,1982-11-07,,폐업,1983-09-14,,,,0,,,양평가축약품,I,000,2026-03-26 22:37:25,,폐업,0002,03,,243430.071317703    ,443018.334412458    ,경기도 양평군 양평읍 양근리 284-1 ,2003-01-23 15:09:04
4181000,418000001219840001,1984-11-09,,폐업,2014-05-20,,,,30,,,(주)강원 지오영,I,000,2025-12-15 16:15:28,강원특별자치도 춘천시 춘천로 66 (효자동),폐업,0002,03,0332529011,263710.511821066    ,485522.89714383     ,강원특별자치도 춘천시 효자동 683-1 ,2014-05-20 22:32:53
4181000,418000001219850001,1985-01-16,,폐업,2004-05-04,,,,60,,,춘천가축약품,I,000,2025-12-15 16:15:28,강원특별자치도 춘천시 공지로 349 (효자동),폐업,0002,03,,263942.153699699    ,485487.684294512    ,강원특별자치도 춘천시 효자동 685-8 ,2012-04-05 15:03:56
4181000,418000001220040002,2004-03-24,,폐업,2009-07-14,,,,89.63,,,강동가축약품,I,000,2025-12-15 16:15:28,강원특별자치도 춘천시 중앙로 140 (소양로4가),폐업,0002,03,0332573319,263240.403660836    ,486181.337855764    ,강원특별자치도 춘천시 소양로4가 115-7 ,2009-07-14 14:21:28
4181000,418000001220050001,2005-06-17,,폐업,2008-03-14,,,,60,,,춘천가축약품,I,000,2025-12-15 16:15:28,강원특별자치도 춘천시 공지로 349 (효자동),폐업,0002,03,,263942.153699699    ,485487.684294512    ,강원특별자치도 춘천시 효자동 685-8 ,2008-03-14 16:39:09
4181000,418000001220060001,2006-11-22,,폐업,2015-12-30,,,,3241,,24398,(주)애드바이오텍,I,000,2025-12-15 16:15:28,강원특별자치도 춘천시 동내면 거두단지1길 39,폐업,0002,03,0332614907,268610.125364766    ,485398.610453281    ,강원특별자치도 춘천시 동내면 거두리 1144 ,2015-12-30 11:33:20
4181000,418000001220090001,2009-03-31,,폐업,2020-11-09,,,2020-11-09,360,,24226,(주)청해,I,000,2025-12-15 16:15:28,강원특별자치도 춘천시 충열로 45 (우두동),폐업,0002,03,,264431.180096876    ,488751.863772497    ,강원특별자치도 춘천시 우두동 711-38 ,2020-11-09 13:59:20
4181000,418000001220090003,2009-07-15,,폐업,2012-09-04,,,,0,,24408,강동가축약품,I,000,2025-12-15 16:15:28,강원특별자치도 춘천시 동내면 학곡동2길 14,폐업,0002,03,0332573319,266905.093441133    ,481927.244906062    ,강원특별자치도 춘천시 동내면 학곡리 359-4 ,2012-09-04 11:44:04
4181000,418000001220110001,2011-04-28,,폐업,2013-09-05,,,,0,,,대성동물약품,I,000,2025-12-15 16:15:28,"강원특별자치도 춘천시 효석로9번길 4 (효자동,윤일아파트 상가 1층(1, 2호))",폐업,0002,03,0332644331,264480.184827731    ,484904.506950679    ,"강원특별자치도 춘천시 효자동 367-28 윤일아파트 상가 1층(1, 2호) ",2013-09-05 10:02:59
4181000,418000001220160001,2016-08-30,,폐업,2020-06-08,,,2020-06-08,431.4,,24407,(주)이건약품,I,L00,2025-12-15 16:15:28,강원특별자치도 춘천시 동내면 동내로 160,폐업,0002,03,,267620.879446653    ,483358.137571334    ,,2020-06-08 15:32:39
4181000,418000001220210001,2021-11-22,,폐업,2023-06-21,,,2023-06-21,,,24398,(주)애드바이오텍,I,000,2025-12-15 16:15:28,강원특별자치도 춘천시 동내면 거두단지1길 39,폐업,0002,03,0332614907,268610.125364766    ,485398.610453281    ,강원특별자치도 춘천시 동내면 거두리 1144 ,2023-06-22 09:13:55
4181000,418000001219900001,1990-01-17,,휴업,,2000-11-13,,,0,,,춘천제일가축약품,I,000,2025-12-15 16:15:28,,휴업,0001,02,,,,강원특별자치도 춘천시 낙원동 108-5    ,2003-05-29 11:32:45
4181000,418000001220090002,2009-06-10,,영업/정상,,,,,0,,24408,그린가축약품,I,000,2025-12-15 16:15:28,강원특별자치도 춘천시 동내면 학곡서3길 20-24,정상,0000,01,0332563685,266626.927426385    ,481665.828067359    ,강원특별자치도 춘천시 동내면 학곡리 320-10 ,2023-10-31 16:39:01
4181000,418000001220120001,2012-09-04,,영업/정상,,,,,161.1,,24412,(주)일성,I,L00,2025-12-15 16:15:28,강원특별자치도 춘천시 신동면 정족1길 6,정상,0000,01,0332573319,264513.895761355    ,481251.378917888    ,강원특별자치도 춘천시 신동면 정족리 377-1 ,2022-01-20 16:03:46
4181000,418000001220160002,2016-09-01,,영업/정상,,,,,106.68,,24277,(주)케이앤씨바이오,I,L00,2025-12-15 16:15:28,"강원특별자치도 춘천시 효평길 101, 4층 (후평동)",정상,0000,01,,265606.404022422    ,486742.129395905    ,,2016-09-02 10:50:17
4181000,418000001220190001,2019-03-05,,영업/정상,,,,,0,,24210,(주)강원지오영,I,000,2025-12-15 16:15:28,강원특별자치도 춘천시 동면 소양강로 423,정상,0000,01,0332542310,266399.247688763    ,491155.927237049    ,강원특별자치도 춘천시 동면 장학리 433-5 ,2019-03-05 16:38:00
4181000,418100001220240001,2024-10-24,,영업/정상,,,,,,,24437,펫웰비 주식회사,I,000,2025-12-15 16:15:28,"강원특별자치도 춘천시 충혼길52번길 10, 드림타워 302호 (온의동)",정상,0000,01,,263250.540593552    ,484452.409041204    ,강원특별자치도 춘천시 온의동 542-2 302호,2024-10-24 16:30:03
4191000,419000001219960001,1996-07-03,,폐업,2012-06-18,2007-01-18,2007-12-31,,0,,,원주가축약품,I,000,2025-12-15 16:15:28,,폐업,0002,03,,,,강원특별자치도 원주시 인동 264 ,2012-07-13 17:39:59
4191000,419000001220010001,2001-06-23,,폐업,2005-10-27,,,,0,,,서진가축약품,I,000,2025-12-15 16:15:28,,폐업,0002,03,,,,강원특별자치도 원주시 중앙동 43-2    ,2005-10-27 17:06:50
4191000,419000001220020001,2002-03-08,,폐업,2006-11-01,,,,0,,,남경축산수의약품,I,000,2025-12-15 16:15:28,,폐업,0002,03,,,,강원특별자치도 원주시 중앙동 87-3    ,2006-11-01 11:25:10
4191000,419000001220160001,2016-09-08,,영업/정상,,,,,93.61,,26481,피앤팜,I,000,2025-12-15 16:15:28,강원특별자치도 원주시 소방서길 25 (명륜동),정상,0000,01,,283675.585779628    ,425666.323734624    ,강원특별자치도 원주시 명륜동 822-4 ,2019-12-02 17:08:07
4191000,419000001220050001,2005-11-08,,영업/정상,,,,,163.8,,26428,영서가축약품,I,000,2025-12-15 16:15:28,강원특별자치도 원주시 평원로 67 (중앙동),정상,0000,01,0337465654,284112.256822708    ,428142.85725411     ,강원특별자치도 원주시 중앙동 43-2 ,2023-01-06 14:33:06
4191000,419000001220140001,2014-06-11,,취소/말소/만료/정지/중지,,,,,199.16,,26448,(주)기준약품,I,L00,2025-12-15 16:15:28,강원특별자치도 원주시 송림길 34-35 (개운동),말소,0004,04,0337614413,284183.682565935    ,425904.972385901    ,강원특별자치도 원주시 개운동 445-9 ,2015-12-31 11:26:02
4191000,419000001220020002,2002-08-21,,영업/정상,,,,,0,,26474,중앙바이오가축약품,I,000,2025-12-15 16:15:28,"강원특별자치도 원주시 한지공원길 212, 1층 (단계동)",정상,0000,01,0337351482,282505.659154339    ,426664.27799387     ,강원특별자치도 원주시 단계동 924-15 ,2024-12-30 09:20:03
4201000,420000001220010001,2001-07-31,,폐업,2019-01-17,,,2019-01-17,0,,,주남가축약품,I,000,2025-12-15 16:15:28,,폐업,0002,03,,367943.636923803    ,473517.225785759    ,강원특별자치도 강릉시 노암동 233-1 ,2019-01-17 16:52:43
4201000,420000001219890001,1989-12-15,,폐업,2010-05-24,,,,0,,,동해가축약품,I,000,2025-12-15 16:15:28,,폐업,0002,03,,,,강원특별자치도 강릉시 옥천동 282-3    ,2010-05-24 10:23:32
4201000,420000001220000001,2000-03-18,,영업/정상,,,,,0,,25599,강원동물약품(주),I,L00,2025-12-15 16:15:28,"강원특별자치도 강릉시 회산로 276, 1층 (회산동)",정상,0000,01,,364094.552525446    ,471835.668872133    ,강원특별자치도 강릉시 회산동 370-5 ,2025-07-07 16:55:35
4251000,425000001220210001,2021-07-02,,영업/정상,,,,,0,,25142,주식회사 씨티씨백,U,L00,2026-04-21 03:03:03,강원특별자치도 홍천군 홍천읍 생명과학관길 106,정상,0000,01,07051122511,277679.264610562    ,464229.737691511    ,강원특별자치도 홍천군 홍천읍 연봉리 511-1 ,2026-04-20 15:11:31
4251000,425000001220150001,2015-08-21,,폐업,2019-06-20,,,2019-06-20,369,,25142,(주)씨티씨바이오,I,L00,2025-12-15 16:15:28,강원특별자치도 홍천군 홍천읍 생명과학관길 94,폐업,0002,03,07040330245,,,,2019-06-21 08:57:25
4251000,425000001220120001,2012-02-17,,영업/정상,,,,,235,,25117,거산동물약품,I,000,2025-12-15 16:15:28,강원특별자치도 홍천군 홍천읍 설악로 1475,정상,0000,01,,276251.014359411    ,464623.701714736    ,강원특별자치도 홍천군 홍천읍 하오안리 47-13 ,2020-11-27 15:43:39
4261000,426000001219950001,1995-01-03,,폐업,2015-03-23,,,,0,,,남산가축약품,I,000,2025-12-15 16:15:28,강원특별자치도 횡성군 횡성읍 문정로 16-1,폐업,0002,03,,287069.485160531    ,443526.584660727    ,강원특별자치도 횡성군 횡성읍 읍하리 94-10 ,2015-03-23 14:04:24
4271000,427000001220140001,2014-01-24,,영업/정상,,,,,66,,26206,일진에프앤피 주식회사,I,L00,2025-12-15 16:15:28,강원특별자치도 영월군 주천면 모내실길 163,정상,0000,01,,,,,2024-05-16 16:26:58
4271000,427000001220030001,2003-05-20,,폐업,2025-07-02,,,2025-07-02,132.48,,26233,(주)동강,I,L00,2025-12-15 16:15:28,"강원특별자치도 영월군 영월읍 단종로33번길 30, 2층",폐업,0002,03,,330163.97512245     ,410200.530748276    ,강원특별자치도 영월군 영월읍 영흥리 950-5 ,2025-07-02 17:47:44
4301000,430000001220030001,2003-11-25,,영업/정상,,,,,107.88,,24034,(주)철원동물약품,I,000,2025-12-15 16:15:28,"강원특별자치도 철원군 갈말읍 명성로 234, 1층",정상,0000,01,,226896.81796749     ,516666.608599031    ,강원특별자치도 철원군 갈말읍 신철원리 ,2024-05-21 15:50:29
4301000,430100001220240001,2024-08-13,,영업/정상,,,,,0,,24021,철원동물약품,I,000,2025-12-15 16:15:28,"강원특별자치도 철원군 동송읍 금학로 98-1, 1층",정상,0000,01,,219557.462278522    ,521746.90149234     ,강원특별자치도 철원군 동송읍 이평리 568-55 ,2025-12-01 08:55:08
4321000,432100001220240001,2024-02-01,,영업/정상,,,,,41,,24537,애니팜,U,L00,2026-04-30 03:03:03,"강원특별자치도 양구군 양구읍 양구새싹로 7-3, 1층 A-3호",정상,0000,01,,286416.817610871    ,511485.184295518    ,경기도 남양주시 다산동 187-16 ,2026-04-29 09:02:22
4390000,439000001220140001,2014-06-16,,폐업,2025-02-06,,,2025-02-06,0,,27303,신일제약(주) 동물의약품 영업소,I,L00,2026-05-08 22:32:42,충청북도 충주시 앙성면 하너미로 785,폐업,0002,03,0437223311,267104.543167143    ,400821.169302875    ,충청북도 충주시 앙성면 용포리 79-9 ,2025-02-12 19:42:38
4390000,439000001220220001,2022-08-26,,폐업,2023-09-21,,,2023-09-21,,,27441,제이메디칼 주식회사,I,000,2026-05-08 22:32:43,"충청북도 충주시 새말1길 32, 3층 (칠금동)",폐업,0002,03,0438571038,280650.800895609    ,386978.935461656    ,충청북도 충주시 칠금동 275-2 ,2023-09-21 13:08:01
4390000,439000001220000001,2000-06-09,,영업/정상,,,,,159.44,,27418,충청가축약품,I,000,2026-05-08 22:32:42,충청북도 충주시 중원대로 3497-1 (문화동),정상,0000,01,0438424289,281470.975087872    ,385727.101712708    ,충청북도 충주시 문화동 54-1 ,2022-03-07 13:41:40
4390000,439000001220040001,2004-06-23,,폐업,2006-10-16,,,,123.82,,,세림가축약품,I,000,2026-05-08 22:32:42,충청북도 충주시 칠금3길 18 (칠금동),폐업,0002,03,0438541533,282164.804160594    ,387179.747220598    ,충청북도 충주시 칠금동 806 ,2006-10-16 15:18:17
4390000,439000001219830001,1983-10-28,,영업/정상,,,,,99.1,,27405,충주가축약품,I,000,2026-05-08 22:32:42,충청북도 충주시 탄금대로 34 (문화동),정상,0000,01,0438443090,282301.030252912    ,386310.645782775    ,충청북도 충주시 문화동 697 ,2026-04-27 16:41:09
4390000,439000001220060001,2006-10-18,,폐업,2015-07-21,,,,367.46,,,세림가축약품,I,000,2026-05-08 22:32:42,충청북도 충주시 칠금3길 18 (칠금동),폐업,0002,03,0438541533,282164.804160594    ,387179.747220598    ,충청북도 충주시 칠금동 806 ,2015-07-21 13:40:38
4390000,439000001220130001,2013-07-29,,폐업,2014-05-30,,,,0,,27304,신일제약(주) 동물의약품 영업소,I,L00,2026-05-08 22:32:42,충청북도 충주시 앙성면 복상골길 28,폐업,0002,03,0437223300,265732.387388954    ,401488.679339057    ,충청북도 충주시 앙성면 본평리 196-5 ,2014-06-09 08:51:47
4390000,439000001219930001,1997-09-24,,영업/정상,,,,,41.64,,27384,중원동물약품상사,I,000,2026-05-08 22:32:42,충청북도 충주시 천변로 249 (교현동),정상,0000,01,0438428888,283207.205932021    ,386170.56026136     ,충청북도 충주시 교현동 346-20 ,2019-04-17 11:11:48
4400000,440000001220030001,2003-04-21,,영업/정상,,,,,61,,27148,성진가축약품,I,000,2026-05-11 22:32:43,충청북도 제천시 청전대로 187 (장락동),정상,0000,01,,308167.558749818    ,406285.878961172    ,충청북도 제천시 장락동 642-6 ,2016-04-01 14:38:43
4400000,440000001219900001,1990-06-01,,폐업,2006-09-06,,,,23.5,,,재호가축약품,I,000,2026-05-11 22:32:42,,폐업,0002,03,,,,충청북도 제천시 의림동 34-1    ,2006-09-14 14:16:09
4400000,440000001219870001,1987-09-16,,영업/정상,,,,,0,,27166,중앙가축약품,I,000,2026-05-11 22:32:42,충청북도 제천시 칠성로 79 (중앙로2가),정상,0000,01,0436433219,307752.949414002    ,405283.424830982    ,충청북도 제천시 중앙로2가 69-20 ,2019-08-07 17:46:58
4400000,440000001219990001,1999-09-02,,폐업,2003-04-08,,,,0,,,제천가축약품,I,000,2026-05-11 22:32:43,,폐업,0002,03,,,,충청북도 제천시 명동 54-1   ,2003-04-17 10:11:19
4430000,443000001220230001,2023-12-28,,영업/정상,,,,,,,29055,(주)삼원팜텍,I,L00,2026-05-09 22:30:23,"충청북도 옥천군 옥천읍 테크노밸리로4길 10, 부1동",정상,0000,01,0437337277,252714.581518173    ,308522.638421635    ,충청북도 옥천군 옥천읍 구일리 1007 부1동 ,2023-12-28 14:20:19
4430000,443000001220070001,2007-01-11,,폐업,2018-12-19,,,2018-12-19,125,,29063,주식회사 에이피에스,I,000,2026-05-09 22:30:23,충청북도 옥천군 이원면 미동1길 207-30,폐업,0002,03,0437330636,256874.862309793    ,302988.516639715    ,충청북도 옥천군 이원면 미동리 559 ,2018-12-19 10:45:15
4450000,445000001220010001,2001-03-23,,영업/정상,,,,,20,,27849,상산가축약품,I,000,2026-05-11 22:32:40,충청북도 진천군 진천읍 백사천길 73,정상,0000,01,0435333094,239854.795071261    ,373214.002192064    ,충청북도 진천군 진천읍 성석리 704 ,2025-09-02 10:42:51
4450000,445000001220030001,2003-08-22,,휴업,,2009-09-30,,,0,,,(주)오비티,I,000,2026-05-11 22:32:41,,휴업,0001,02,,239761.134644663    ,363462.749609051    ,충청북도 진천군 문백면 도하리 66-4 ,2009-09-30 17:36:06
4450000,445000001220050001,2005-07-26,,휴업,,2009-10-01,,,181,,,(주)보령바이오파마,I,000,2026-05-11 22:32:41,,휴업,0001,02,027088467,,,충청북도 진천군 광혜원면 죽현리 250-3 ,2010-09-27 15:11:41
4450000,445000001220070001,2007-03-29,,영업/정상,,,,,425.25,,27844,(주)한결,I,L00,2026-05-11 22:32:41,충청북도 진천군 진천읍 진광로 67,정상,0000,01,,239250.222706359    ,374413.045062675    ,충청북도 진천군 진천읍 장관리 9-11 ,2022-11-07 16:08:01
4450000,445000001220210001,2021-05-18,,영업/정상,,,,,,,27809,동국제약,I,000,2026-05-11 22:32:41,"충청북도 진천군 광혜원면 사동길 18-1, 동국제약",정상,0000,01,0435328240,237234.48644685     ,382976.870720156    ,서울특별시 용산구 이촌동 249-3 동국제약 ,2023-08-28 11:30:30
4450000,445000001220040001,2004-12-14,,폐업,2021-07-27,,,2021-07-27,66,,,정가축약품,I,000,2026-05-11 22:32:41,,폐업,0002,03,,239847.406933359    ,373375.929674407    ,충청북도 진천군 진천읍 성석리 733-15 ,2021-07-27 13:29:22
4450000,445000001220100002,2010-11-10,,폐업,,,,,322.75,,,VMD Korea,I,000,2026-05-11 22:32:41,,폐업,0002,03,,244406.116002371    ,379314.00768515     ,충청북도 진천군 덕산읍 한천리 0129-0002 ,2016-09-01 16:59:04
4450000,445000001220190001,2019-12-23,,폐업,2025-10-31,,,2025-10-31,,,27841,(주)거천,I,000,2026-05-11 22:32:41,충청북도 진천군 진천읍 문화3길 18,폐업,0002,03,,239401.654013918    ,371981.685508518    ,충청북도 진천군 진천읍 교성리 73 ,2025-11-03 08:58:21
4450000,445000001220180001,2018-05-11,,폐업,2021-06-29,,,2021-06-29,0,,27847,(주)한성바이오켐,I,000,2026-05-11 22:32:41,"충청북도 진천군 초평면 초금로 178, (주)한성바이오켐",폐업,0002,03,0435320700,245386.227293513    ,373362.324996207    ,충청북도 진천군 초평면 오갑리 590-1 (주)한성바이오켐 ,2021-06-29 10:33:40
4450000,445000001220100001,2010-01-26,,폐업,2024-12-03,,,2024-12-03,0,,27841,(주)대호씨앤엘,I,000,2026-05-11 22:32:41,충청북도 진천군 진천읍 문화3길 18,폐업,0002,03,,239401.654013918    ,371981.685508518    ,,2024-12-04 16:47:29
4460000,446000001220200001,2020-03-16,,영업/정상,,,,,68.4,,28010,주식회사 수암팜텍,I,L00,2026-05-11 22:32:41,충청북도 괴산군 장연면 미선로교동1길 2,정상,0000,01,,270301.688749771    ,367903.638405433    ,충청북도 괴산군 괴산읍 서부리 320-6 ,2021-10-26 10:07:42
4470000,447000001220200001,2020-02-11,,폐업,2021-01-12,,,2021-01-12,218,,27613,한길동물약품,I,000,2026-05-11 22:32:41,"충청북도 음성군 감곡면 음성로 2164, 가동",폐업,0002,03,0438835633,254716.621338442    ,397274.13992842     ,충청북도 음성군 감곡면 원당리 191-3 ,2021-01-12 09:11:27
4470000,447000001220150001,2015-02-23,,폐업,2016-03-30,,,,144.48,,27610,훈애니멀,I,000,2026-05-11 22:32:41,충청북도 음성군 감곡면 장감로 217,폐업,0002,03,0438837633,257130.932862167    ,401662.909365789    ,,2016-03-30 11:44:27
4470000,447000001220060001,2006-05-11,,폐업,2015-02-09,,,,710.87,,27610,한길동물약품,I,000,2026-05-11 22:32:41,충청북도 음성군 감곡면 장감로 217,폐업,0002,03,,257130.932862167    ,401662.909365789    ,충청북도 음성군 감곡면 오향리 536-2 ,2015-08-03 16:36:19
4470000,447000001220020002,2002-11-20,,폐업,2010-01-19,,,,60.2,,,삼성가축약품,I,000,2026-05-11 22:32:41,충청북도 음성군 삼성면 덕정로 95,폐업,0002,03,,244631.773295603    ,391159.693995285    ,충청북도 음성군 삼성면 덕정리 596-1 ,2010-01-19 16:43:41
4470000,447000001220040001,2002-09-16,,폐업,2010-01-01,,,,39,,,청계동물약품,I,000,2026-05-11 22:32:41,,폐업,0002,03,,,,충청북도 음성군 대소읍 대풍리 649-1 ,2013-02-12 11:33:01
4470000,447000001220240001,2024-01-11,,영업/정상,,,,,60,,27621,농업회사법인(주)목향허니비,I,L00,2026-05-11 22:32:41,충청북도 음성군 생극면 생삼로 382-19,정상,0000,01,0438776362,250477.094690193    ,392537.381260137    ,충청북도 음성군 생극면 관성리 403-1 ,2024-09-20 17:17:50
4470000,447000001220210001,2021-01-12,,영업/정상,,,,,0,,27613,한길산업동물약품,I,000,2026-05-11 22:32:41,"충청북도 음성군 감곡면 음성로 2164, 가동 101호",정상,0000,01,,254716.621338442    ,397274.13992842     ,충청북도 음성군 감곡면 원당리 191-3 ,2021-01-12 11:23:15
4470000,447000001220150002,2015-08-03,,영업/정상,,,,,54,,27671,주식회사 반석엘티씨,I,L00,2026-05-11 22:32:41,충청북도 음성군 대소읍 대금로54번길 8 (반석가금진료연구소),정상,0000,01,0435356426,240160.096378157    ,387198.303386997    ,,2017-02-02 16:48:43
4470000,447000001220020001,2004-06-23,,영업/정상,,,,,39,,,청계동물약품,I,000,2026-05-11 22:32:41,,정상,0000,01,,,,충청북도 음성군 대소읍 대풍리 649-1 ,2004-06-23 09:22:04
4470000,447000001219900001,1990-05-18,,폐업,2015-01-14,,,,114,,,평화가축약품,I,000,2026-05-11 22:32:41,,폐업,0002,03,,,,충청북도 음성군 감곡면 오향리 100-25 ,2015-01-15 16:06:16
4470000,447000001219860001,1986-05-01,,폐업,2007-11-09,,,,91.3,,27604,신우가축약품,I,000,2026-05-11 22:32:40,충청북도 음성군 감곡면 장감로 164,폐업,0002,03,,256846.859022661    ,402044.274421427    ,충청북도 음성군 감곡면 왕장리 520-3 ,2015-08-03 16:37:51
4490000,565000001220100001,2012-04-05,,영업/정상,,,,,104.3,,31070,그린팜,I,000,2026-04-25 22:32:42,충청남도 천안시 동남구 해솔2길 11 (구성동),정상,0000,01,,215390.605668523    ,365424.763412823    ,충청남도 천안시 동남구 구성동 151-19 ,2025-05-16 11:58:47
4490000,566000001220260001,2026-05-06,,영업/정상,,,,,,,31101,천성,I,000,2026-05-07 23:20:41,"충청남도 천안시 서북구 두정중11길 24, 2층 202호 (두정동, 상명빌리지)",정상,0000,01,,212500.573633015    ,370700.579203601    ,충청남도 천안시 서북구 두정동 1142 상명빌리지 ,2026-05-06 09:37:18
4490000,449000001220060001,2006-08-23,,폐업,2009-12-08,,,,0,,,(주)이지바이오시스템,I,L00,2026-04-25 22:32:42,충청남도 천안시 서북구 직산읍 직산안길 9-13,폐업,0002,03,0415813030,214517.192547961    ,377250.135192765    ,충청남도 천안시 서북구 직산읍 군서리 18-1 ,2009-12-08 16:48:37
4490000,449000001220050001,2005-08-17,,폐업,2014-04-10,,,,0,,,베타코리아(주),I,L00,2026-04-25 22:32:42,"충청남도 천안시 서북구 두정중2길 19 (두정동,은형빌딩3층)",폐업,0002,03,,212411.410625167    ,370439.213883057    ,충청남도 천안시 서북구 두정동 1237 은형빌딩3층 ,2014-04-10 14:04:29
4490000,449000001220040001,2004-02-10,,폐업,2018-02-07,,,2018-02-07,168.86,,,(주)모닝바이오,I,000,2026-04-25 22:32:42,"충청남도 천안시 서북구 두정역동4길 9-1, 401호 (두정동,세미빌딩)",폐업,0002,03,,213312.979241645    ,370486.442216926    ,충청남도 천안시 서북구 두정동 1731 세미빌딩 401호,2018-02-07 12:37:23
4490000,449000001220030002,2003-12-15,,폐업,2014-04-01,,,,285.9,,,신천안동물약품,I,000,2026-04-25 22:32:42,충청남도 천안시 동남구 신원3길 87 (신부동),폐업,0002,03,,214470.972135901    ,368690.125186932    ,충청남도 천안시 동남구 신부동 498-5 ,2014-04-01 13:42:07
4490000,449000001220030001,2003-04-17,,폐업,2013-06-05,,,,91,,31233,반석동물약품,I,000,2026-04-25 22:32:42,충청남도 천안시 동남구 목천읍 신계2길 12-18,폐업,0002,03,,218028.960616675    ,363218.964629674    ,충청남도 천안시 동남구 목천읍 신계리 318-7 ,2013-06-05 11:34:54
4490000,449000001220000001,2000-06-27,,폐업,2012-07-24,,,,0,,,천성동물약품,I,000,2026-04-25 22:32:42,충청남도 천안시 서북구 성환읍 매주4길 26-8,폐업,0002,03,,211350.964229878    ,378933.628766471    ,충청남도 천안시 서북구 성환읍 매주리 322-2 ,2012-07-24 17:09:44
4490000,449000001219920001,1992-09-19,,폐업,2003-06-11,,,,0,,,(주)코파벧스폐셜,I,000,2026-04-25 22:32:42,충청남도 천안시 서북구 성환읍 성환2로 40,폐업,0002,03,,211597.204485935    ,378815.508285085    ,충청남도 천안시 서북구 성환읍 매주리 310 ,2003-06-13 08:54:51
4490000,449000001219840001,1984-12-04,,폐업,2003-05-15,,,,0,,,덕우동물약품,I,000,2026-04-25 22:32:42,충청남도 천안시 서북구 성환읍 성환11길 22,폐업,0002,03,,211540.906183634    ,379478.691694139    ,충청남도 천안시 서북구 성환읍 성환리 354-7 ,2003-06-04 09:29:08
4490000,566000001220230001,2023-07-24,,폐업,2026-04-23,,,2026-04-23,0,,31076,주식회사 엠디파마,I,000,2026-04-25 22:32:42,"충청남도 천안시 서북구 업성2길 137, 엠디빌딩 3층 (업성동)",폐업,0002,03,0415232010,211990.449902508    ,372854.617119214    ,충청남도 천안시 서북구 업성동 176-20 엠디빌딩 ,2026-04-23 11:08:57
4490000,565000001220180001,2018-03-25,,영업/정상,,,,,217.22,,31070,(주)서일팜텍,U,000,2026-06-16 03:03:03,충청남도 천안시 동남구 무남길 16 (삼룡동),정상,0000,01,0415556559,215249.906530241    ,364733.874059215    ,충청남도 천안시 동남구 삼룡동 140-3 ,2026-06-15 14:51:11
4490000,566000001220100001,2010-03-31,,영업/정상,,,,,54.8,,31052,(주)단바이오텍,I,L00,2026-04-25 22:32:42,충청남도 천안시 서북구 성거읍 석문길 135,정상,0000,01,,215984.984330075    ,372943.75600897     ,충청남도 천안시 서북구 성거읍 석교리 131 ,2014-05-07 16:26:03
4490000,566000001220110001,2011-02-28,,영업/정상,,,,,128.45,,31179,(주)프로벳메디칼,I,L00,2026-04-25 22:32:42,충청남도 천안시 서북구 월봉2길 5 (쌍용동),정상,0000,01,,210274.543270899    ,365338.265832761    ,충청남도 천안시 서북구 쌍용동 1837 ,2022-12-06 13:11:51
4490000,566000001220120001,2012-07-26,,영업/정상,,,,,70.67,,31011,주식회사 천성가축약품,I,L00,2026-04-25 22:32:42,충청남도 천안시 서북구 성환읍 매주4길 26-8,정상,0000,01,,211350.964229878    ,378933.628766471    ,충청남도 천안시 서북구 성환읍 매주리 322-2 ,2024-05-07 10:06:41
4490000,449000001219860001,1986-07-23,,영업/정상,,,,,228,,31070,주식회사 서일애니팜,I,L00,2026-04-25 22:32:42,충청남도 천안시 동남구 충절로 439 (삼룡동),정상,0000,01,,215221.619710734    ,364695.357236801    ,충청남도 천안시 동남구 삼룡동 139-1 ,2019-08-19 15:26:07
4490000,449000001219910001,1991-12-12,,영업/정상,,,,,0,,31186,유정동물약품,I,000,2026-04-25 22:32:42,"충청남도 천안시 동남구 원거리8길 4 (원성동, 태산이엔지)",정상,0000,01,,213660.443091735    ,366497.340155904    ,충청남도 천안시 동남구 원성동 600-2 ,2024-08-13 14:07:13
4490000,449000001220000002,2000-07-25,,영업/정상,,,,,0,,31191,중앙동물약품,I,000,2026-04-25 22:32:42,충청남도 천안시 동남구 대흥로 50 (구성동),정상,0000,01,,213855.467899114    ,366283.669427368    ,충청남도 천안시 동남구 구성동 487-8 ,2015-01-07 09:49:21
4490000,449000001220050002,2005-12-16,,영업/정상,,,,,0,,31154,대전충남양돈축산업협동조합 부설동물약품,I,L00,2026-04-25 22:32:42,충청남도 천안시 동남구 차돌로 50 (다가동),정상,0000,01,0415701312,212078.5592182      ,366602.949485153    ,충청남도 천안시 동남구 다가동 373-3 ,2026-01-16 16:15:45
4490000,449000001220070001,2007-11-27,,폐업,2010-03-25,,,,98.18,,,VMD korea,I,000,2026-04-25 22:32:42,충청남도 천안시 서북구 불당9길 15 (불당동),폐업,0002,03,,209567.727890405    ,366897.150880233    ,충청남도 천안시 서북구 불당동 988 ,2010-03-25 14:23:07
4490000,565000001220100002,2010-08-27,,폐업,2012-06-08,,,,73.1,,,주식회사 오에이치시스템,I,L00,2026-04-25 22:32:42,,폐업,0002,03,,,,충청남도 천안시 동남구 병천면 병천리 230-1    ,2012-06-08 13:10:18
4490000,565000001220150001,2015-12-11,,폐업,2018-02-28,,,2018-02-28,65.96,,31130,우성동물약품,I,000,2026-04-25 22:32:42,충청남도 천안시 동남구 대흥로 93 (영성동),폐업,0002,03,,213480.696705037    ,366417.690195405    ,충청남도 천안시 동남구 영성동 118-1 ,2018-03-02 16:31:33
4490000,565000001220160001,2016-10-19,,폐업,2022-01-10,,,2022-01-10,540,,31193,주식회사 중백,I,L00,2026-04-25 22:32:42,"충청남도 천안시 동남구 천안대로 483-3 (구성동, 신화빌딩)",폐업,0002,03,,214603.707880891    ,365530.655210284    ,충청남도 천안시 동남구 구성동 288-5 ,2022-01-10 14:45:25
4490000,566000001220130001,2013-10-18,,폐업,2018-02-12,,,2018-02-12,957.8,,31048,(주)코파벧스페셜,I,000,2026-04-25 22:32:42,충청남도 천안시 서북구 성거읍 봉주로 220,폐업,0002,03,0415832152,215224.327671142    ,375204.612892527    ,충청남도 천안시 서북구 성거읍 소우리 182-9 ,2018-02-12 17:25:30
4490000,566000001220170001,2017-01-10,,폐업,2019-02-28,,,2019-02-28,67.37,,31008,한성동물약품,I,000,2026-04-25 22:32:42,충청남도 천안시 서북구 성환읍 신방로 366,폐업,0002,03,,210472.964499007    ,380265.998446447    ,충청남도 천안시 서북구 성환읍 송덕리 55-16 ,2019-03-14 10:24:13
4490000,565000001220140001,2014-04-10,,영업/정상,,,,,492.1,,31208,베타코리아 주식회사,I,000,2026-04-25 22:32:42,충청남도 천안시 동남구 통정9로 12-9 (신방동),정상,0000,01,0415231346,211283.985311758    ,363592.705503996    ,충청남도 천안시 동남구 신방동 1284 ,2014-04-10 10:20:29
4500000,450000001220230001,2023-03-14,,영업/정상,,,,,99,,32600,이인동물약품,I,000,2026-05-08 22:32:40,충청남도 공주시 우금티로 157(태봉동),정상,0000,01,,208407.862556858    ,323926.318485374    ,충청남도 공주시 태봉동 177-1 ,2026-02-11 17:54:30
4500000,450000001220220001,2022-10-12,,폐업,2023-05-18,,,2023-05-18,54,,32543,명성동물약품,I,000,2026-05-08 22:32:40,"충청남도 공주시 백제문화로 2142, 명진프라자 1동 1층 7호 (웅진동)",폐업,0002,03,,209695.722741146    ,328371.028206467    ,충청남도 공주시 웅진동 223-2 명진프라자 ,2023-05-18 13:14:15
4500000,450000001220190001,2019-02-01,,폐업,2022-10-04,,,2022-10-04,0,,32543,현인동물약품,I,000,2026-05-08 22:32:40,"충청남도 공주시 백제문화로 2142, 명진프라자 1층 7호 (웅진동)",폐업,0002,03,0418543000,209695.722741146    ,328371.028206467    ,충청남도 공주시 웅진동 223-2 명진프라자 107호,2022-10-04 13:49:25
4500000,450000001220110001,2011-09-08,,폐업,2015-02-23,,,,316.8,,32621,(주)삼동베트리나,I,000,2026-05-08 22:32:40,충청남도 공주시 반포면 금벽로 1740,폐업,0002,03,,221189.681959048    ,322124.93672036     ,충청남도 공주시 반포면 봉곡리 335-1 ,2015-02-23 16:00:57
4500000,450000001220160001,2016-01-14,,영업/정상,,,,,189.5,,32512,태성동물약품,I,000,2026-05-08 22:32:40,충청남도 공주시 정안면 보물길 7-12,정상,0000,01,0418547884,210335.249754732    ,343527.58059974     ,세종특별자치시 고운동 ,2023-03-15 15:08:16
4500000,450000001220230002,2023-03-16,,영업/정상,,,,,307.6,,32511,(주)더팜스에이에이치씨,I,L00,2026-05-08 22:32:40,충청남도 공주시 정안면 쇄내골길 35,정상,0000,01,,212340.689357898    ,344316.736564374    ,충청남도 공주시 정안면 어물리 262-5 ,2023-03-16 15:53:13
4500000,450000001220040001,2004-03-31,,영업/정상,,,,,0,,32573,(주)공주약품,I,L00,2026-05-08 22:32:40,충청남도 공주시 번영1로 19 (신관동),정상,0000,01,0418531070,211724.132848643    ,329916.714665099    ,충청남도 공주시 신관동 596-5 ,2021-06-14 09:10:19
4500000,450000001220130001,2013-05-23,,영업/정상,,,,,455.36,,32574,성진가축약품(주),I,000,2026-05-08 22:32:40,충청남도 공주시 신관로 13 (신관동),정상,0000,01,0418818878,211614.838856754    ,330081.304072275    ,,2024-02-15 09:52:38
4500000,450000001220030002,2003-06-25,,폐업,2020-06-01,,,2020-06-01,264,,32573,(주)공주약품,I,000,2026-05-08 22:32:40,충청남도 공주시 번영1로 19 (신관동),폐업,0002,03,,211724.132848643    ,329916.714665099    ,충청남도 공주시 신관동 596-5 ,2020-06-01 16:54:11
4510000,451000001220070001,2007-04-25,,폐업,2007-10-10,,,,199,,,유경팜텍,I,000,2026-05-14 22:32:30,,폐업,0002,03,,164655.797828303    ,316907.932311964    ,충청남도 보령시 동대동 1038 ,2007-10-10 17:40:28
4510000,451000001220200001,2020-06-15,,영업/정상,,,,,196,,33402,보령가축약품 유한회사,I,L00,2026-05-14 22:32:30,충청남도 보령시 천북면 홍보로 111,정상,0000,01,,157311.312077267    ,327501.199053438    ,충청남도 보령시 천북면 하만리 960-24 ,2025-05-16 11:30:24
4510000,451000001220130001,2013-02-06,,영업/정상,,,,,131.04,,33415,세진가축약품,I,000,2026-05-14 22:32:30,"충청남도 보령시 주교면 울계큰길 339, 세진가축약품",정상,0000,01,,161354.171470774    ,320872.673174111    ,충청남도 보령시 주교면 주교리 294-7 ,2024-04-11 18:04:55
4510000,451000001220060001,2006-09-13,,폐업,2019-07-31,,,2019-07-31,130,,33455,대천동물약품,I,000,2026-05-14 22:32:30,충청남도 보령시 중앙로 107 (대천동),폐업,0002,03,,163329.864367594    ,316827.350966062    ,충청남도 보령시 대천동 433-13 ,2019-07-31 13:25:01
4520000,452000001220210001,2021-10-22,,폐업,2022-11-22,,,2022-11-22,4715.75,,31545,(주)마더스팜,I,000,2026-05-15 22:32:30,충청남도 아산시 선장면 서부남로 319,폐업,0002,03,0269588646,190594.618661933    ,365061.933276864    ,충청남도 아산시 선장면 선창리 12-22 ,2022-11-24 10:59:17
4520000,452000001220180001,2018-06-22,,영업/정상,,,,,46.52,,31401,주식회사 더앱스,U,L00,2026-05-16 03:03:03,충청남도 아산시 영인면 아산호로746번길 70,정상,0000,01,,198832.133187101    ,378436.620996913    ,충청남도 아산시 영인면 창용리 15-23 ,2026-05-15 09:16:52
4520000,452000001220080001,2008-06-30,,폐업,2010-03-31,,,,0,,,동부 하이텍,I,L00,2026-05-15 22:32:30,"충청남도 아산시 온천대로1122번길 45-12 (득산동,득산농공단지)",폐업,0002,03,0415469832,196991.713926514    ,364553.35500519     ,충청남도 아산시 득산동 312-23 득산농공단지 ,2010-03-31 14:28:17
4520000,452000001220020001,2002-07-19,,영업/정상,,,,,0,,,충무가축약품,I,000,2026-05-15 22:32:30,충청남도 아산시 시민로 467-41 (온천동),정상,0000,01,0415453334,199657.447898689    ,365372.674994412    ,충청남도 아산시 온천동 1437 ,2020-06-23 16:25:46
4520000,452000001220060001,2006-06-29,,영업/정상,,,,,69.28,,,아산가축약품,U,000,2026-06-18 03:03:03,충청남도 아산시 번영로 78 (온천동),정상,0000,01,0415324951,199865.555167243    ,365019.562445045    ,충청남도 아산시 득산동 1352 ,2026-06-17 17:35:36
4520000,452000001219880001,1988-07-30,,영업/정상,,,,,0,,31515,동산가축약품,I,000,2026-05-15 22:32:30,충청남도 아산시 충무로 60 (권곡동),정상,0000,01,0415456480,200473.207509639    ,365000.579344638    ,충청남도 아산시 권곡동 544-11 ,2019-08-07 17:15:18
4520000,452000001220250001,2025-06-09,,영업/정상,,,,,41.3,,31490,주식회사 백담,I,L00,2026-05-15 22:32:30,"충청남도 아산시 배방읍 배방로173번길 28-3, 오스카빌 101호",정상,0000,01,,205763.840186011    ,363505.997848939    ,충청남도 아산시 배방읍 북수리 1065 ,2026-01-23 09:13:58
4520000,452000001219850001,1985-02-15,,폐업,2007-07-04,,,,0,,,온양가축약품,I,000,2026-05-15 22:32:30,충청남도 아산시 번영로216번길 34 (모종동),폐업,0002,03,,201155.712502436    ,364463.84238749     ,충청남도 아산시 모종동 581-4 ,2007-07-04 17:27:59
4520000,452000001220100001,2010-06-14,,영업/정상,,,,,0,,31404,(주)중부벳,I,000,2026-05-15 22:32:30,충청남도 아산시 둔포면 둔포로 33,정상,0000,01,0415333548,203369.623975954    ,380671.682228795    ,충청남도 아산시 둔포면 둔포리 396-1 ,2020-06-23 16:21:44
4530000,453000001220000001,2000-05-09,,영업/정상,,,,,24.69,,31981,중앙가축약품,I,000,2026-04-25 22:32:44,충청남도 서산시 안견로 184-8 (동문동),정상,0000,01,,151613.670199781    ,364668.200551941    ,충청남도 서산시 동문동 308-6 ,2025-06-18 15:02:39
4530000,453000001220220001,2022-10-26,,폐업,2023-10-19,,,2023-10-19,49.5,,31936,한서애니팜,I,000,2026-04-25 22:32:44,"충청남도 서산시 음암면 운암로 330, 5호",폐업,0002,03,,156479.442458212    ,366336.248452868    ,충청남도 서산시 음암면 도당리 1369-5 5호,2023-10-19 11:00:10
4530000,453000001220000002,2000-10-13,,폐업,2015-04-01,,,,0,,31992,가야동물약품,I,000,2026-04-25 22:32:44,충청남도 서산시 안견로 203 (동문동),폐업,0002,03,,151683.643711911    ,364436.787871784    ,충청남도 서산시 동문동 293-11 ,2015-04-24 14:49:10
4530000,453000001219870001,1987-11-06,,폐업,2009-06-11,,,,0,,,서령가축약품,I,000,2026-04-25 22:32:44,,폐업,0002,03,,149617.315822002    ,363348.788185413    ,충청남도 서산시 예천동 646-1 ,2009-06-17 10:46:03
4540000,454000001220250001,2025-11-26,,영업/정상,,,,,105.96,,32995,건양애니멀케어,I,000,2026-05-11 22:32:45,충청남도 논산시 관촉로94번길 51 (지산동),정상,0000,01,,210019.772885257    ,300118.729949192    ,충청남도 논산시 지산동 13-3 1동 ,2025-11-26 15:56:38
4540000,454000001220230001,2023-07-10,,영업/정상,,,,,198,,32926,한서애니팜,I,000,2026-05-11 22:32:45,"충청남도 논산시 성동면 성동로559번길 75-10, 주4동",정상,0000,01,,204731.437143875    ,301757.200630312    ,충청남도 논산시 성동면 정지리 289 주4동 ,2025-07-24 09:34:07
4540000,454000001220220001,2022-06-17,,영업/정상,,,,,157.43,,32943,신성가축약품,U,000,2026-06-23 03:03:03,충청남도 논산시 강경읍 벌뫼1길 12,정상,0000,01,,202835.2296112      ,293094.367609666    ,충청남도 논산시 강경읍 채운리 141 ,2026-06-22 09:22:37
4540000,454000001220200002,2020-08-03,,영업/정상,,,,,352.8,,32919,주식회사 가람,I,L00,2026-05-11 22:32:45,충청남도 논산시 광석면 논산평야로 1114,정상,0000,01,,209908.764966983    ,305565.786739917    ,충청남도 논산시 광석면 사월리 15-28 ,2023-02-15 14:28:39
4540000,454000001220200001,2020-03-25,,휴업,,,,,0,,33003,(주)우성양행,I,L00,2026-05-11 22:32:45,충청남도 논산시 은진면 안심로 259-5,휴업,0001,02,0417461101,209090.922013786    ,293772.21713861     ,충청남도 논산시 은진면 토양리 33-19 ,2020-03-25 18:18:22
4540000,454000001220000001,1986-12-18,,영업/정상,,,,,0,,32936,(주)유일약품,I,L00,2026-05-11 22:32:45,충청남도 논산시 강경읍 금백로 75,정상,0000,01,0417421259,200943.66142496     ,295451.900202511    ,충청남도 논산시 강경읍 황산리 19-4 ,2022-04-14 17:12:58
4540000,454000001220080001,2008-12-26,,폐업,2011-07-05,,,,0,,,(주)리스나,I,L00,2026-05-11 22:32:45,충청남도 논산시 연산면 계백로 2354-27,폐업,0002,03,0417359047,220419.624283289    ,301880.458020345    ,충청남도 논산시 연산면 송정리 125-33 ,2011-07-05 10:25:29
4540000,454000001220060001,2006-10-26,,폐업,2008-12-23,,,,1718.13,,,(주)인바이오넷,I,L00,2026-05-11 22:32:45,충청남도 논산시 연산면 계백로 2354-27,폐업,0002,03,0417334447,220419.624283289    ,301880.458020345    ,충청남도 논산시 연산면 송정리 125-33 ,2008-12-23 09:52:47
4540000,454000001220050001,2005-06-27,,폐업,2009-01-16,,,,62.1,,,황산가축약품,I,000,2026-05-11 22:32:45,,폐업,0002,03,0417456953,201076.936065409    ,294887.351320119    ,충청남도 논산시 강경읍 대흥리 48-6 ,2009-01-16 15:02:27
4540000,454000001220030001,2003-03-08,,폐업,2011-07-21,2006-10-25,,,595.27,,,중앙가축약품,I,000,2026-05-11 22:32:45,충청남도 논산시 대화로 45 (대교동),폐업,0002,03,,207272.869365325    ,300721.681072205    ,충청남도 논산시 대교동 117-8 ,2011-07-22 14:35:39
4540000,454000001220000002,2000-08-29,,폐업,2017-12-31,,,2017-12-31,0,,32911,연흥동물약품,I,000,2026-05-11 22:32:45,충청남도 논산시 연산면 연산4길 10,폐업,0002,03,,219368.692350042    ,301710.111565942    ,충청남도 논산시 연산면 연산리 390-7 ,2019-04-04 10:35:29
4540000,454000001219890001,1989-02-28,,영업/정상,,,,,0,,33003,(주)우성양행,U,L00,2026-06-11 03:03:03,충청남도 논산시 은진면 안심로 259-5,정상,0000,01,,209090.922013786    ,293772.21713861     ,충청남도 논산시 은진면 토양리 33-19 ,2026-06-10 16:11:31
4540000,454000001219950001,1995-05-15,,영업/정상,,,,,0,,32997,비젼가축약품,U,000,2026-06-11 03:03:03,충청남도 논산시 은진면 탑정로 332-7,정상,0000,01,,209039.24488046     ,296497.111421199    ,충청남도 논산시 은진면 교촌리 206 ,2026-06-10 16:12:24
4550000,455000001220230001,2023-02-02,,폐업,2024-01-05,,,2024-01-05,96,,32711,(주)삼원팜텍,I,L00,2026-05-11 22:32:43,충청남도 금산군 추부면 추풍로 150,폐업,0002,03,0417517270,243166.382297494    ,298759.909851637    ,충청남도 금산군 추부면 장대리 555-1 ,2024-01-05 13:27:20
4550000,455000001219950001,1995-01-25,,영업/정상,,,,,62,,32737,금산가축약품상사,I,000,2026-05-11 22:32:43,충청남도 금산군 금산읍 오리정1길 47,정상,0000,01,,243897.487470364    ,289484.058501704    ,충청남도 금산군 금산읍 상리 ,2020-11-12 14:50:21
4550000,455000001220230002,2023-07-25,,영업/정상,,,,,0,,32716,비센약품 주식회사,I,L00,2026-05-11 22:32:43,충청남도 금산군 금성면 어필각로 343,정상,0000,01,0424822048,243959.916472935    ,295001.656868336    ,충청남도 금산군 금성면 하신리 72-1 ,2024-08-23 09:41:27
4550000,455000001220140001,2014-12-26,,폐업,2016-12-02,,,2016-12-02,1295.08,,32712,(주)축사랑,I,000,2026-05-11 22:32:43,충청남도 금산군 추부면 서대산로 103 (4동),폐업,0002,03,,242780.928123192    ,299552.581554206    ,충청남도 금산군 추부면 마전리 106-10 ,2016-12-02 11:13:56
4550000,455000001220190001,2019-12-10,,폐업,2021-05-27,,,2021-05-27,30.19,,32714,와이케이비,I,000,2026-05-11 22:32:43,"충청남도 금산군 추부면 마전로 31, 준희한복",폐업,0002,03,,242074.088213011    ,298886.648757053    ,충청남도 금산군 추부면 마전리 434 준희한복 ,2021-05-27 14:50:57
4550000,455000001220210001,2021-09-16,,폐업,2023-04-10,,,2023-04-10,375,,32711,(주)에스앤에이치바이오텍 추부지점,I,L00,2026-05-11 22:32:43,충청남도 금산군 추부면 추풍로 150,폐업,0002,03,,243166.382297494    ,298759.909851637    ,충청남도 금산군 추부면 장대리 555-1 ,2023-04-13 11:25:40
4550000,455000001220020001,2002-07-08,,폐업,2006-10-24,,,,70,,,전원가축약품상사,I,000,2026-05-11 22:32:43,,폐업,0002,03,,,,충청남도 금산군 금산읍 상리 176-35   ,2006-10-24 18:18:56
4550000,455000001220090001,2009-03-05,,폐업,2009-08-07,,,,49.37,,,다복 가축약품,I,000,2026-05-11 22:32:43,,폐업,0002,03,0417541113,,,충청남도 금산군 금산읍 상옥리 25-6    ,2009-08-12 09:32:00
4570000,457000001219950001,1995-12-06,,폐업,2003-08-04,,,,0,,,백제가축약품,I,000,2026-05-11 22:32:40,,폐업,0002,03,,192305.724725139    ,309199.141073696    ,충청남도 부여군 부여읍 관북리 116-2 ,2003-08-04 16:33:33
4570000,457000001220020001,2002-10-17,,폐업,2008-06-27,,,,51.5,,,사거리가축약품,I,000,2026-05-11 22:32:40,,폐업,0002,03,,200000.023953639    ,305622.17584813     ,충청남도 부여군 석성면 증산리 1278-15 ,2008-06-27 16:59:25
4570000,457000001220060001,2006-12-21,,폐업,2013-06-24,,,,71.61,,33168,성진가축약품(주),I,000,2026-05-11 22:32:40,충청남도 부여군 부여읍 계백로 242,폐업,0002,03,,191549.630411014    ,308354.728651098    ,충청남도 부여군 부여읍 동남리 220-4 ,2013-06-24 16:20:42
4570000,457000001219990001,1999-10-12,,폐업,2003-11-04,,,,0,,,신희망가축약품상사,I,000,2026-05-11 22:32:40,,폐업,0002,03,,191549.630411014    ,308354.728651098    ,충청남도 부여군 부여읍 동남리 220-4 ,2003-11-04 14:52:29
4570000,457000001220240001,2024-09-12,,영업/정상,,,,,85,,33125,지인동물약품,I,000,2026-05-11 22:32:41,충청남도 부여군 규암면 충절로 2241-12,정상,0000,01,,189505.841740544    ,307818.693050118    ,충청남도 부여군 규암면 외리 150-2 ,2024-09-12 09:22:40
4580000,458000001220020001,2002-03-07,,영업/정상,,,,,77.42,,33642,으뜸가축약품,I,000,2026-05-11 22:32:44,충청남도 서천군 서천읍 충절로 53,정상,0000,01,,171895.622090668    ,286135.689229464    ,충청남도 서천군 서천읍 군사리 864-10 ,2019-06-26 13:37:49
4580000,458000001220030001,2003-04-12,,폐업,2018-12-19,,,2018-12-19,76.24,,33677,(주)남전물산,I,000,2026-05-11 22:32:44,충청남도 서천군 장항읍 장항공단길 71,폐업,0002,03,,174487.409802631    ,278924.176873414    ,충청남도 서천군 장항읍 원수리 450-15 ,2021-01-26 16:53:57
4590000,459000001220090001,2009-02-13,,폐업,2014-06-03,,,,186,,33330,우리가축약품,I,000,2026-05-09 22:33:37,충청남도 청양군 청양읍 중앙로 133,폐업,0002,03,0419402393,182257.051380488    ,327852.829537396    ,충청남도 청양군 청양읍 읍내리 201-16 ,2014-06-03 17:00:08
4590000,459000001220020001,2002-01-21,,영업/정상,,,,,56.1,,33320,(주)청솔,I,L00,2026-05-09 22:33:36,충청남도 청양군 청양읍 청신로 20,정상,0000,01,,183183.59755663     ,328173.46521912     ,충청남도 청양군 청양읍 교월리 50-33 ,2021-12-08 14:00:24
4590000,459000001220060001,2006-03-03,,폐업,2009-02-10,,,,0,,33330,우리가축약품,I,000,2026-05-09 22:33:37,충청남도 청양군 청양읍 중앙로9길 3,폐업,0002,03,,182232.020870738    ,327839.699788324    ,충청남도 청양군 청양읍 읍내리 201-11 ,2014-02-04 21:43:51
4600000,460000001219890001,1989-03-23,,영업/정상,,,,,0,,32220,대산가축약품,I,000,2026-05-10 22:32:44,충청남도 홍성군 홍성읍 조양로 203,정상,0000,01,,170615.060998961    ,344414.477820626    ,충청남도 홍성군 홍성읍 고암리 948 ,2017-03-09 17:10:27
4600000,460000001220020001,2002-03-05,,영업/정상,,,,,63,,32219,중앙동물약품,I,000,2026-05-10 22:32:45,충청남도 홍성군 홍성읍 의사로 66,정상,0000,01,,170557.800587153    ,344731.577527161    ,충청남도 홍성군 홍성읍 대교리 624-1 ,2025-12-17 10:43:15
4600000,460000001220020002,2002-07-03,,영업/정상,,,,,233.28,,,푸른가축약품(주),I,L00,2026-05-10 22:32:45,충청남도 홍성군 홍성읍 의사로72번길 14,정상,0000,01,,170662.964162903    ,344740.659709788    ,충청남도 홍성군 홍성읍 대교리 615 ,2011-04-06 17:29:33
4600000,460000001220190002,2019-08-13,,휴업,,2022-04-01,2022-08-31,,64.2,,32226,주원동물약품,I,000,2026-05-10 22:32:46,"충청남도 홍성군 홍성읍 월산로 46-1, 1층 301호",휴업,0001,02,,168431.595902859    ,344191.468524187    ,충청남도 홍성군 홍성읍 월산리 839-1 301호,2022-04-05 18:29:16
4600000,460000001220190003,2019-09-02,,영업/정상,,,,,0,,32296,주식회사 우리동물약품,I,L00,2026-05-10 22:32:46,"충청남도 홍성군 광천읍 홍남로 624, 1층",정상,0000,01,,165893.111709047    ,333701.274847919    ,대전광역시 중구 중촌동 517-8 ,2023-04-22 17:54:31
4600000,460000001220230001,2023-12-15,,영업/정상,,,,,0,,32278,(주)돼지와 건강,I,L00,2026-05-10 22:32:46,"충청남도 홍성군 홍북읍 내용길 617-58, 2동",정상,0000,01,0416318657,173206.302301817    ,349080.306444081    ,충청남도 홍성군 홍북읍 용산리 372 2동 ,2024-02-01 15:15:24
4600000,460000001219980001,1998-06-19,,폐업,2025-10-30,,,2025-10-30,0,,32221,동우동물약품,I,000,2026-05-10 22:32:45,충청남도 홍성군 홍성읍 의사로63번길 3,폐업,0002,03,0416344688,170514.824313885    ,344712.196587974    ,충청남도 홍성군 홍성읍 대교리 544 ,2025-10-31 10:06:40
4600000,460000001220030001,2003-07-02,,폐업,2025-08-01,,,2025-08-01,0,,,유명동물약품,I,000,2026-05-10 22:32:45,,폐업,0002,03,0416412133,166428.59593708     ,333327.713091416    ,충청남도 홍성군 광천읍 광천리 237-17 ,2025-08-01 10:51:01
4600000,460000001220060001,2006-10-13,,폐업,2019-08-01,,,2019-08-01,105.79,,32295,태기가축약품,I,000,2026-05-10 22:32:45,충청남도 홍성군 광천읍 광천로 280-1,폐업,0002,03,0416416222,166339.25232168     ,333200.978180011    ,충청남도 홍성군 광천읍 광천리 231-12 ,2019-08-01 16:39:38
4600000,460000001220090001,2009-03-02,,폐업,2014-02-18,,,,96,,32247,(주)양지가축약품,I,000,2026-05-10 22:32:45,충청남도 홍성군 홍성읍 내포로 129,폐업,0002,03,0416313900,169136.343215883    ,343827.765830891    ,충청남도 홍성군 홍성읍 옥암리 1061 ,2014-02-18 18:04:38
4600000,460000001220130001,2013-08-26,,폐업,2021-07-21,,,2021-07-21,264,,,서해동물약품,I,000,2026-05-10 22:32:45,충청남도 홍성군 홍성읍 문화로 50,폐업,0002,03,,169456.670004882    ,343548.691154212    ,충청남도 홍성군 홍성읍 옥암리 263-16 ,2021-07-21 17:44:54
4600000,460000001220190001,2019-01-03,,폐업,2022-05-12,,,2022-05-12,0,,32219,미래가축약품,I,000,2026-05-10 22:32:45,충청남도 홍성군 홍성읍 의사로52번길 32-6,폐업,0002,03,,170810.307014561    ,344575.812236461    ,충청남도 홍성군 홍성읍 대교리 680 ,2022-05-13 10:28:37
4600000,460000001219980002,1998-04-13,,폐업,,,,,0,,,솔뫼가축약품,I,000,2026-05-10 22:32:45,충청남도 홍성군 광천읍 홍남로 650-1,폐업,0002,03,,166161.054946411    ,333660.189799532    ,충청남도 홍성군 광천읍 신진리 428-3 ,2020-05-19 11:27:52
4610000,461000001219910001,1991-10-01,,영업/정상,,,,,153.36,,,베델가축약품,I,000,2026-04-30 22:32:41,충청남도 예산군 예산읍 역전로 39,정상,0000,01,,184640.666500938    ,353536.582386646    ,충청남도 예산군 예산읍 주교리 270-25 ,2014-12-08 20:07:09
4610000,461000001220250001,2025-05-12,,영업/정상,,,,,0,,32417,(주)고려비엔피,I,L00,2026-04-30 22:32:41,"충청남도 예산군 신암면 추사로 235-9, 1층",정상,0000,01,0413310216,184101.835440322    ,360512.660216651    ,충청남도 예산군 신암면 두곡리 254-18 ,2025-10-20 15:05:31
4610000,461000001220150001,2015-09-24,,영업/정상,,,,,220,,32416,주식회사 에이지동물약품,I,L00,2026-04-30 22:32:41,충청남도 예산군 삽교읍 신촌길 11-12,정상,0000,01,0413387541,170788.203005645    ,352895.432472389    ,충청남도 예산군 삽교읍 신리 316-46 ,2025-10-20 15:07:10
4610000,461000001220230001,2023-03-13,,영업/정상,,,,,134,,32446,(주)에프브이씨,I,L00,2026-04-30 22:32:41,"충청남도 예산군 응봉면 산단1길 110, (주)에프브이씨",정상,0000,01,0316983462,178309.83108282     ,352026.46675479     ,서울특별시 서초구 방배동 408 ,2025-10-20 15:04:29
4610000,461000001220020001,2002-08-09,,영업/정상,,,,,59.8,,32403,대도가축약품,I,000,2026-04-30 22:32:41,"충청남도 예산군 고덕면 황금뜰로 206, 1층",정상,0000,01,,173432.332199964    ,360573.91304001     ,충청남도 예산군 고덕면 대천리 725-4 ,2025-05-26 17:28:20
4610000,461000001220140001,2014-07-28,,폐업,2019-05-13,,,2019-05-13,648,,32417,(주)한동,I,000,2026-04-30 22:32:41,충청남도 예산군 신암면 추사로 235-26,폐업,0002,03,0413325833,183913.235635958    ,360660.778943957    ,충청남도 예산군 신암면 두곡리 256-7 ,2019-05-14 08:12:23
4610000,461000001220080001,2008-04-02,,폐업,2020-06-05,,,2020-06-05,0,,,진우약품주식회사,I,000,2026-04-30 22:32:41,충청남도 예산군 신암면 추사로 235-10,폐업,0002,03,0413324282,184106.997693328    ,360631.975108623    ,충청남도 예산군 신암면 두곡리 254-9 ,2020-06-05 14:24:10
4610000,461000001220070002,2007-05-30,,폐업,2019-05-16,,,2019-05-16,468.8,,,(주)유니바이오테크,I,000,2026-04-30 22:32:41,충청남도 예산군 신암면 추사로 235-22,폐업,0002,03,,184018.33213782     ,360745.220686296    ,충청남도 예산군 신암면 두곡리 256-3 ,2019-05-17 12:20:26
4610000,461000001220070001,2007-03-05,,폐업,2016-07-25,,,,2710.93,,,(주)신일바이오젠,I,000,2026-04-30 22:32:41,충청남도 예산군 신암면 추사로 235-18,폐업,0002,03,0413326094,184019.477081107    ,360645.947816945    ,충청남도 예산군 신암면 두곡리 254-10 ,2016-07-25 13:38:11
4610000,461000001220000001,2000-06-14,,폐업,2007-02-26,,,,174.43,,,대산가축약품,I,000,2026-04-30 22:32:41,충청남도 예산군 예산읍 역전로 55,폐업,0002,03,,184657.52423712     ,353656.207663431    ,충청남도 예산군 예산읍 주교리 240-2 ,2007-02-26 09:42:02
4610000,461000001220060001,2006-04-18,,영업/정상,,,,,134.1,,32414,초원동물약품,I,000,2026-04-30 22:32:41,충청남도 예산군 삽교읍 삽교로 49,정상,0000,01,,176189.838538324    ,353939.33416055     ,충청남도 예산군 삽교읍 두리 805-4 ,2014-06-03 09:15:20
4610000,461000001220100001,2010-03-30,,영업/정상,,,,,142.6,,32431,대성인터내셔널동물약품,I,000,2026-04-30 22:32:41,충청남도 예산군 예산읍 예산로 29,정상,0000,01,,184683.180267314    ,353486.222030883    ,충청남도 예산군 예산읍 주교리 ,2024-06-20 21:29:11
4610000,461000001220210001,2021-09-29,,영업/정상,,,,,2917.7,,32446,녹십자수의약품(주),I,L00,2026-04-30 22:32:41,충청남도 예산군 응봉면 산단1길 110,정상,0000,01,0413371806,178309.83108282     ,352026.46675479     ,충청남도 예산군 응봉면 주령리 408 ,2025-10-20 15:11:31
4620000,462000001220040001,2004-06-29,,폐업,2004-06-29,,,,38,,,선가축약품,I,000,2026-05-11 22:32:44,,폐업,0002,03,,,,충청남도 태안군 태안읍 남문리 462-6    ,2004-06-29 15:35:15
4620000,462000001220050001,2005-03-24,,폐업,2008-06-30,,,,0,,,선가축약품,I,000,2026-05-11 22:32:44,,폐업,0002,03,,136920.193643812    ,361575.397814779    ,충청남도 태안군 태안읍 남문리 462-6 ,2008-06-30 10:50:43
4641000,464100001220220003,2022-08-04,,폐업,2023-04-26,,,2023-04-26,,,54993,현대기업,I,000,2026-05-03 22:32:42,"전북특별자치도 전주시 완산구 기린대로 233-32, 증산도 경원도장 7층 701호 (서노송동)",폐업,0002,03,0632753181,213006.015411057    ,258526.703262385    ,전북특별자치도 전주시 완산구 서노송동 648-4 증산도 경원도장 ,2023-04-27 09:21:16
4641000,464100001220220004,2022-10-25,,폐업,2023-09-15,,,2023-09-15,,,54950,(유)광주태전,I,L00,2026-05-03 22:32:42,전북특별자치도 전주시 완산구 감나무3길 3(서신동),폐업,0002,03,0632100733,210984.047967711    ,258947.53385569     ,전북특별자치도 전주시 완산구 서신동 776-2 ,2023-09-15 14:05:54
4641000,464100001220250001,2025-12-17,,영업/정상,,,,,0,,55099,(주)백향목의약품,I,000,2026-05-03 22:32:42,"전북특별자치도 전주시 완산구 팔달로 25, 화신탕 4층 (서서학동)",정상,0000,01,0632312506,213404.995784634    ,256126.009842284    ,전북특별자치도 전주시 완산구 서서학동 130-2 화신탕 ,2025-12-29 14:02:19
4641000,464100001220220001,2022-02-07,,영업/정상,,,,,0,,54882,태전약품판매(주),I,L00,2026-05-03 22:32:42,전북특별자치도 전주시 덕진구 상리1길 14(팔복동2가),정상,0000,01,0632100733,209079.875823091    ,261548.682785389    ,전북특별자치도 전주시 덕진구 팔복동2가 333-14 ,2022-02-07 14:42:36
4641000,464100001220020003,2002-07-26,,취소/말소/만료/정지/중지,,,,,0,,54807,케이벧,I,000,2026-05-03 22:32:42,전북특별자치도 전주시 덕진구 혁신로 705 (반월동),말소,0004,04,0632146070,206690.191890413    ,263849.614676001    ,전북특별자치도 전주시 덕진구 반월동 234-119 ,2023-03-16 10:24:29
4641000,464100001220220002,2022-03-02,,폐업,2023-08-03,,,2023-08-03,,,54820,(주)호남지오영전주지점,I,L00,2026-05-03 22:32:42,전북특별자치도 전주시 덕진구 동부대로 959-11(호성동2가),폐업,0002,03,0632506000,212811.420829611    ,262980.89131713     ,전북특별자치도 전주시 덕진구 호성동2가 648-8 ,2023-08-03 10:46:29
4641000,464100001220150001,2015-04-20,,폐업,2022-09-13,,,2022-09-13,0,,55028,지유가축약품,I,000,2026-05-03 22:32:42,전북특별자치도 전주시 덕진구 인교5길 21-5 (우아동1가),폐업,0002,03,,215679.953240834    ,258648.841189556    ,전북특별자치도 전주시 덕진구 우아동1가 916-5 ,2022-09-13 17:38:53
4641000,464100001220080001,2008-09-02,,폐업,2013-08-30,,,,0,,,동산가축약품,I,000,2026-05-03 22:32:42,,폐업,0002,03,0632148940,206977.521111734    ,264066.168384949    ,전북특별자치도 전주시 덕진구 고랑동 820-21 명성아파트상가 104호 ,2013-08-30 08:50:55
4641000,464100001220070002,2007-07-30,,폐업,2014-05-14,,,,0,,,큐텍바이오,I,000,2026-05-03 22:32:42,전북특별자치도 전주시 완산구 평화4길 13-10 (평화동2가),폐업,0002,03,,212147.466919065    ,253703.738449768    ,전북특별자치도 전주시 완산구 평화동2가 912-14 ,2014-05-16 08:34:43
4641000,464100001220070001,2007-01-31,,폐업,2015-07-31,,,,157,,55024,(주)브이디하우스,I,L00,2026-05-03 22:32:42,전북특별자치도 전주시 덕진구 견훤로 164 (인후동1가),폐업,0002,03,0632427556,214473.093587135    ,258509.318397527    ,전북특별자치도 전주시 덕진구 인후동1가 896-1 ,2015-07-31 13:41:26
4641000,464100001220040001,2004-10-07,,폐업,2014-11-07,,,,0,,,이엘 가축약품,I,000,2026-05-03 22:32:42,전북특별자치도 전주시 완산구 팔달로 123 (전동),폐업,0002,03,0632856364,213350.055477874    ,257047.88854842     ,전북특별자치도 전주시 완산구 전동 187-9 ,2014-11-11 19:12:14
4641000,464100001220020004,2002-12-06,,폐업,2005-03-30,,,,0,,,엠앤씨 동물약품,I,000,2026-05-03 22:32:42,,폐업,0002,03,,,,전북특별자치도 전주시 덕진구 인후동1가 896-1    ,2005-03-30 16:59:44
4641000,464100001220020002,2002-03-27,,폐업,2021-06-08,,,2021-06-08,0,,54817,영산 동물약품,I,000,2026-05-03 22:32:42,전북특별자치도 전주시 덕진구 초포다리로 178 (호성동1가),폐업,0002,03,,214218.366046218    ,263520.628995659    ,전북특별자치도 전주시 덕진구 호성동1가 363-1 ,2021-06-09 17:59:29
4641000,464100001220020001,1980-07-10,,폐업,2004-10-04,,,,0,,,이엘 가축약품상사,I,000,2026-05-03 22:32:42,,폐업,0002,03,,,,전북특별자치도 전주시 완산구 전동 187 ,2004-10-04 11:55:50
4641000,464100001220010001,2001-03-15,,폐업,2008-10-10,,,,0,,,호남 동물약품,I,000,2026-05-03 22:32:42,,폐업,0002,03,,,,전북특별자치도 전주시 덕진구 인후동2가 226-93  ,2008-10-10 17:02:50
4641000,464100001220000001,2000-01-27,,폐업,2009-01-15,,,,0,,,(주)초원에니멀헬스,I,000,2026-05-03 22:32:42,전북특별자치도 전주시 덕진구 도당산4길 70 (우아동3가),폐업,0002,03,,213850.585156394    ,260656.365283539    ,전북특별자치도 전주시 덕진구 우아동3가 748-73 ,2009-01-16 10:17:50
4641000,464100001219990001,1999-08-16,,폐업,2006-05-25,,,,0,,,(유)청십자,I,000,2026-05-03 22:32:42,,폐업,0002,03,,212650.558554412    ,257382.932419231    ,전북특별자치도 전주시 완산구 다가동3가 115 ,2006-05-26 09:36:13
4641000,464100001219920001,1992-03-05,,폐업,2006-03-20,,,,36,,,현대 가축약품상사,I,000,2026-05-03 22:32:42,,폐업,0002,03,,,,전북특별자치도 전주시 덕진구 덕진동1가 1412-12   ,2006-03-20 18:21:32
4641000,464100001219840001,1984-07-02,,폐업,2020-09-30,,,2020-09-30,75,,54929,전북동물약품,I,000,2026-05-03 22:32:41,전북특별자치도 전주시 덕진구 기린대로 284 (진북동),폐업,0002,03,,212690.536465475    ,258976.13393251     ,전북특별자치도 전주시 덕진구 진북동 342-6 ,2020-09-18 09:04:57
4641000,464100001220010002,2001-04-11,,영업/정상,,,,,0,,,주식회사 대영가축약품,I,L00,2026-05-03 22:32:42,전북특별자치도 전주시 덕진구 동부대로 582 (산정동),정상,0000,01,0632420056,215026.611889433    ,260267.341532906    ,전북특별자치도 전주시 덕진구 산정동 800-11 ,2023-09-14 14:32:44
4641000,464100001219970001,1997-06-19,,영업/정상,,,,,20,,54817,전주가축약품,I,000,2026-05-03 22:32:42,전북특별자치도 전주시 덕진구 동부대로 732 (우아동3가),정상,0000,01,0632468461,214249.938420331    ,261508.488785922    ,전북특별자치도 전주시 덕진구 우아동3가 745-1 ,2024-02-06 15:26:10
4671000,467100001220060001,2006-02-27,,폐업,2015-05-20,,,,0,,54008,한국바스프(주),I,000,2026-05-08 22:32:41,전북특별자치도 군산시 외항4길 57 (소룡동),폐업,0002,03,,168672.433960625    ,275467.134965412    ,전북특별자치도 군산시 소룡동 228 ,2015-05-20 15:38:58
4671000,467100001220050001,2005-08-12,,폐업,2006-11-07,,,,195.79,,,서해동물약품,I,000,2026-05-08 22:32:41,전북특별자치도 군산시 대야면 대야관통로 72,폐업,0002,03,0634518594,183080.565597914    ,271602.443392054    ,전북특별자치도 군산시 대야면 지경리 699-45 ,2006-11-07 16:56:17
4671000,467100001220150001,2015-07-31,,영업/정상,,,,,132,,54133,(주)브이디하우스,U,L00,2026-05-24 03:03:03,"전북특별자치도 군산시 문화2길 14, 군산사랑의교회교육관 (문화동)",정상,0000,01,0634627556,173009.375380403    ,274709.122097729    ,전북특별자치도 군산시 문화동 599-1 군산사랑의교회교육관 ,2026-05-23 15:30:03
4681000,468100001220120001,2012-02-01,,폐업,2016-07-15,,,,71,,54578,성일가축약품,I,000,2026-05-11 22:32:42,"전북특별자치도 익산시 춘포면 궁성로 112, 110동 1층 107호 (고려온천아파트)",폐업,0002,03,,204777.301221512    ,269332.222855955    ,전북특별자치도 익산시 춘포면 쌍정리 160-1 고려온천@ 110동 107호,2016-07-15 16:59:58
4681000,468100001220050001,2005-03-18,,폐업,2014-03-31,,,,1803.6,,54533,금성가축약품상사,I,000,2026-05-11 22:32:42,전북특별자치도 익산시 황등면 황등로 170-1,폐업,0002,03,,194938.971143675    ,278516.773652243    ,전북특별자치도 익산시 황등면 황등리 892-3번지 ,2014-03-31 20:14:27
4681000,468100001220030001,2003-01-29,,폐업,2017-06-21,,,2017-06-21,229,,54644,(주)올품,I,000,2026-05-11 22:32:42,전북특별자치도 익산시 고봉로 228 (영등동),폐업,0002,03,,197142.38861546     ,272455.300350746    ,전북특별자치도 익산시 영등동 278 ,2017-06-21 18:39:23
4681000,468100001220020002,2002-07-19,,폐업,2004-11-23,,,,0,,,가자동물약품,I,000,2026-05-11 22:32:42,,폐업,0002,03,,,,전북특별자치도 익산시 함열읍 남당리 643-38   ,2004-11-23 17:05:08
4681000,468100001220000001,2000-10-20,,폐업,2023-07-17,,,2023-07-17,279.61,,,(유)전북가축약품,I,000,2026-05-11 22:32:42,전북특별자치도 익산시 익산대로 198 (창인동1가),폐업,0002,03,,195313.764499716    ,271484.775180154    ,전북특별자치도 익산시 창인동1가 49 ,2023-07-18 13:45:23
4681000,468100001220150001,2015-11-20,,폐업,2019-07-17,,,2019-07-17,,,54578,오성동물약품(유),I,000,2026-05-11 22:32:42,전북특별자치도 익산시 춘포면 쌍정길 16-1,폐업,0002,03,0632910727,204551.832036673    ,269261.971108234    ,,2019-08-07 08:53:56
4681000,468100001220230001,2023-04-20,,영업/정상,,,,,0,,54541,(주)휴벳,I,000,2026-05-11 22:32:42,"전북특별자치도 익산시 하나로 483-26, 2층 (영등동)",정상,0000,01,0638517061,198131.376721287    ,273839.986716688    ,전북특별자치도 익산시 영등동 816-3 ,2023-04-20 16:16:49
4681000,468100001220220001,2022-03-31,,영업/정상,,,,,,,54664,우리가축약품,I,000,2026-05-11 22:32:42,"전북특별자치도 익산시 배산로2길 6, 1층 (송학동, 이화아파트)",정상,0000,01,,194223.082707372    ,270952.116243832    ,전북특별자치도 익산시 송학동 224-2 이화아파트 상가 1층 ,2024-01-04 16:39:07
4681000,468100001220200001,2020-01-08,,휴업,,2023-07-31,2025-07-31,,0,,54576,(유)더에스엠티(The SMT),I,000,2026-05-11 22:32:42,전북특별자치도 익산시 춘포면 증보들길 302-69,휴업,0001,02,,,,전북특별자치도 익산시 춘포면 천동리 139-6 ,2023-07-31 16:13:47
4681000,468100001220170001,2017-07-02,,영업/정상,,,,,,,54631,한국썸벧(주),I,000,2026-05-11 22:32:42,"전북특별자치도 익산시 선화로 470-15 (신흥동, 한국썸벧(주))",정상,0000,01,07077071392,198380.375495892    ,271786.773163182    ,,2018-08-13 11:29:39
4681000,468100001220090001,2009-12-11,,영업/정상,,,,,39.6,,54511,우리들 동물약품,I,000,2026-05-11 22:32:42,전북특별자치도 익산시 함열읍 와리3길 1,정상,0000,01,0638613651,196067.370395737    ,286846.224288083    ,전북특별자치도 익산시 함열읍 와리 545-4 ,2014-06-03 17:00:42
4681000,468100001220060001,2006-02-15,,휴업,,2009-04-20,2009-07-20,,132.48,,,현대가축약품,I,000,2026-05-11 22:32:42,,휴업,0001,02,0638616662,,,전북특별자치도 익산시 함열읍 석매리 276번지 ,2009-04-20 10:24:20
4681000,468100001220050002,2005-12-15,,영업/정상,,,,,30.6,,54648,신세계가축약품,I,000,2026-05-11 22:32:42,전북특별자치도 익산시 신동로 46-3 (신동),정상,0000,01,0638551037,196096.200471733    ,272945.558933439    ,전북특별자치도 익산시 신동 740-18 ,2011-12-08 15:19:18
4681000,468100001220020001,2002-03-26,,영업/정상,,,,,124.7,,54535,익산가축약품,U,000,2026-06-18 03:03:03,전북특별자치도 익산시 다가포길 41 (만석동),정상,0000,01,,199424.563490262    ,419686.406328896    ,경기도 수원시 팔달구 화서동 158-1 ,2026-06-17 10:51:51
4691000,469100001220180001,2018-05-01,,영업/정상,,,,,0,,56167,(주)소프트아쿠아,I,000,2026-05-08 22:32:40,전북특별자치도 정읍시 2산단7길 24 (하북동),정상,0000,01,0635359963,188445.103897879    ,232642.545777138    ,전북특별자치도 정읍시 하북동 855 ,2026-03-24 16:12:45
4691000,469100001220050001,2005-09-08,,영업/정상,,,,,761,,56159,(유)우성가축약품,I,000,2026-05-08 22:32:40,"전북특별자치도 정읍시 충정로 351, (유)우성가축약품 (연지동)",정상,0000,01,0635348280,186040.293446217    ,230750.78640246     ,전북특별자치도 정읍시 연지동 27-11 ,2025-06-11 15:19:49
4691000,469100001220030001,2003-07-14,,영업/정상,,,,,630,,56114,농업회사법인 유한회사 정주가축약품,I,000,2026-05-08 22:32:40,"전북특별자치도 정읍시 태인면 석지로 1273, 정주가축약품",정상,0000,01,,193286.401335855    ,240763.060531016    ,전북특별자치도 정읍시 태인면 오봉리 983 ,2026-02-03 09:20:27
4691000,469100001220010001,2001-04-10,,영업/정상,,,,,121.07,,56161,다래가축약품,I,000,2026-05-08 22:32:40,"전북특별자치도 정읍시 명륜길 6-0, 1층 (연지동)",정상,0000,01,,186332.42386753     ,230149.07876235     ,전북특별자치도 정읍시 연지동 39-7 ,2019-01-24 09:21:19
4691000,469100001220210001,2021-04-30,,영업/정상,,,,,0,,56135,대명팜 동물약품,I,000,2026-05-08 22:32:40,전북특별자치도 정읍시 북면 정읍북로 506,정상,0000,01,,189649.485934798    ,233945.46963371     ,전북특별자치도 정읍시 북면 한교리 345-2 ,2025-05-30 09:36:25
4691000,469100001219960001,1996-09-03,,폐업,2005-07-06,,,,0,,56159,우성가축약품,I,000,2026-05-08 22:32:40,전북특별자치도 정읍시 충정로 359-1 (연지동),폐업,0002,03,0635348380,185995.348631237    ,230812.247266701    ,전북특별자치도 정읍시 연지동 349-28 ,2011-10-30 17:02:12
4691000,469100001220040001,2004-03-29,,폐업,2004-07-30,,,,40,,,비타민가축약품,I,000,2026-05-08 22:32:40,,폐업,0002,03,0635310089,185705.995170555    ,229837.369181405    ,전북특별자치도 정읍시 연지동 221 ,2014-10-22 13:54:38
4691000,469100001220070001,2007-07-16,,폐업,2008-11-28,,,,140.14,,,모두가축약품,I,000,2026-05-08 22:32:40,전북특별자치도 정읍시 서부산업도로 327 (연지동),폐업,0002,03,0635348280,185881.773817744    ,230813.865261096    ,전북특별자치도 정읍시 연지동 343-168 ,2008-11-28 15:35:54
4701000,470100001219870001,1987-05-07,,폐업,2012-11-22,,,,0,,55763,남원가축약품,I,000,2026-05-05 22:32:44,전북특별자치도 남원시 광한서로 67 (하정동),폐업,0002,03,,,,전북특별자치도 남원시 하정동 143-2 ,2018-06-05 17:28:30
4711000,471100001220050001,2005-03-10,,폐업,2019-01-02,,,2019-01-02,0,,,전일가축약품,I,000,2026-05-11 22:35:18,전북특별자치도 김제시 금구면 봉두4길 69,폐업,0002,03,07042342476,200500.777098584    ,252890.076331555    ,전북특별자치도 김제시 금구면 금구리 348-2 ,2019-01-03 08:58:46
4711000,471100001220230002,2023-11-02,,영업/정상,,,,,193,,54416,혜성가축약품,I,000,2026-05-11 22:35:18,"전북특별자치도 김제시 연정3길 146, 1동 1층 1호 (연정동)",정상,0000,01,,186862.506543214    ,254670.957705713    ,전북특별자치도 김제시 연정동 587-18 ,2023-11-02 17:16:32
4711000,471100001220230001,2023-04-06,,영업/정상,,,,,,,54353,푸른동물약품상사(주),I,L00,2026-05-11 22:35:18,전북특별자치도 김제시 황산면 봉월10길 16,정상,0000,01,0635459953,195317.396749202    ,255182.549954418    ,전북특별자치도 김제시 황산면 봉월리 472-2 ,2023-04-06 10:25:14
4711000,471100001220200001,2020-08-21,,영업/정상,,,,,217.85,,54350,유한회사 한우리가축약품,I,L00,2026-05-11 22:35:18,전북특별자치도 김제시 금구면 서도길 14,정상,0000,01,0635477575,199905.618114421    ,252173.853143905    ,전북특별자치도 김제시 금구면 서도리 469-5 ,2024-09-04 08:53:09
4711000,471100001220170001,2017-11-15,,영업/정상,,,,,198,,54353,대성가축약품,I,000,2026-05-11 22:35:18,전북특별자치도 김제시 금구면 용마로 476,정상,0000,01,,,,전북특별자치도 김제시 금구면 옥성리 503-20 ,2025-07-31 14:43:02
4711000,471100001220140001,2014-11-11,,영업/정상,,,,,0,,54361,보람가축약품,I,000,2026-05-11 22:35:18,전북특별자치도 김제시 콩쥐팥쥐로 256 (순동),정상,0000,01,,193617.810017472    ,257320.180900465    ,전북특별자치도 김제시 순동 226-11 ,2020-10-13 20:56:03
4711000,471100001220030001,2003-11-04,,영업/정상,,,,,198,,,한빛가축약품상사,I,000,2026-05-11 22:35:18,전북특별자치도 김제시 용지면 콩쥐팥쥐로 868,정상,0000,01,,199499.593475563    ,257449.648655583    ,전북특별자치도 김제시 용지면 부교리 29 ,2017-04-10 07:57:21
4711000,471100001220000001,2000-12-22,,휴업,,2007-06-01,2007-10-31,,79.2,,,동진동물약품.병원,I,000,2026-05-11 22:35:18,,휴업,0001,02,,,,전북특별자치도 김제시 요촌동 ,2007-06-01 14:03:07
4711000,471100001220160002,2016-08-02,,폐업,2023-04-04,,,2023-04-04,535.34,,54353,푸른가축약품,I,000,2026-05-11 22:35:18,전북특별자치도 김제시 황산면 봉월10길 16,폐업,0002,03,0635459953,195317.396749202    ,255182.549954418    ,전북특별자치도 김제시 황산면 봉월리 472-2 ,2023-04-04 11:18:17
4711000,471100001220160001,2016-04-06,,폐업,2020-08-21,,,2020-08-21,315.6,,54341,한우리가축약품,I,000,2026-05-11 22:35:18,전북특별자치도 김제시 금구면 선비로 1036,폐업,0002,03,,202497.665999874    ,253980.957273159    ,전북특별자치도 김제시 금구면 산동리 66-2 ,2020-08-21 09:42:19
4721000,472100001220130001,2013-02-13,,폐업,2015-04-16,,,,123.58,,55359,지유가축약품,I,000,2026-05-10 22:32:41,전북특별자치도 완주군 상관면 신리로 41-1,폐업,0002,03,,219065.02017577     ,251885.367463593    ,,2015-04-17 09:15:32
4721000,472100001220100001,2010-10-19,,영업/정상,,,,,110,,,수호가축약품,I,000,2026-05-10 22:32:41,전북특별자치도 완주군 소양면 송광수만로 37,정상,0000,01,0632474100,222301.684216563    ,262861.860679478    ,전북특별자치도 완주군 소양면 황운리 118-4 ,2022-01-13 09:41:03
4721000,472100001220220001,2022-08-18,,영업/정상,,,,,131.88,,55364,지유가축약품,I,000,2026-05-10 22:32:41,전북특별자치도 완주군 이서면 용서1길 141,정상,0000,01,,201210.596130146    ,259059.996616443    ,전북특별자치도 완주군 이서면 용서리 662-9 ,2022-08-18 20:27:28
4721000,472100001220210001,2021-12-24,,영업/정상,,,,,135.2,,55335,삼봉가축약품,I,000,2026-05-10 22:32:41,전북특별자치도 완주군 삼례읍 하리로 173,정상,0000,01,,208425.059283068    ,266690.082825078    ,전북특별자치도 완주군 삼례읍 하리 1290-281 ,2023-06-26 15:41:29
4721000,472100001220170001,2017-09-05,,영업/정상,,,,,0,,55340,서동 가축약품,I,000,2026-05-10 22:32:41,"전북특별자치도 완주군 삼례읍 삼봉로 63-34, 101동",정상,0000,01,,206785.572749601    ,268459.600190042    ,전북특별자치도 완주군 삼례읍 삼례리 1084-11 101동 ,2021-12-20 12:51:31
4721000,472100001220140001,2014-05-29,,폐업,2014-05-29,,,,,,55367,(유) 연합가축약품,I,000,2026-05-10 22:32:41,전북특별자치도 완주군 이서면 원은교길 2,폐업,0002,03,,200259.142733886    ,257715.720442112    ,전북특별자치도 완주군 이서면 은교리 749-3 ,2014-05-29 16:38:38
4721000,472100001220000001,2000-12-29,,영업/정상,,,,,365.3,,,(유)연합가축약품,I,000,2026-05-10 22:32:41,전북특별자치도 완주군 이서면 원은교길 2,정상,0000,01,0632224227,200259.142733886    ,257715.720442112    ,전북특별자치도 완주군 이서면 은교리 749-3 ,2024-07-02 14:34:17
4721000,472100001220090001,2009-05-12,,폐업,2010-10-19,,,,110,,,수호가축약품,I,000,2026-05-10 22:32:41,전북특별자치도 완주군 소양면 송광수만로 37,폐업,0002,03,0632474100,222301.684216563    ,262861.860679478    ,전북특별자치도 완주군 소양면 황운리 118-4 ,2010-10-19 11:27:10
4721000,472100001220080001,2008-11-04,,폐업,2010-07-07,,,,60,,,세원가축약품,I,000,2026-05-10 22:32:41,전북특별자치도 완주군 상관면 신리로 51,폐업,0002,03,,218979.995385764    ,251949.786998392    ,전북특별자치도 완주군 상관면 신리 661-1 ,2010-07-07 16:19:12
4721000,472100001220030001,2003-03-27,,폐업,2005-03-14,,,,334.87,,,금성가축약품,I,000,2026-05-10 22:32:41,,폐업,0002,03,0632621595,,,전북특별자치도 완주군 봉동읍 장기리 232-2    ,2005-03-14 10:27:30
4721000,472100001219960001,1996-12-18,,폐업,2003-01-14,,,,0,,,거성가축약품상사,I,000,2026-05-10 22:32:41,전북특별자치도 완주군 상관면 춘향로 4293-20,폐업,0002,03,,220296.678561556    ,248281.072120508    ,전북특별자치도 완주군 상관면 죽림리 481-13 ,2003-01-14 14:26:17
4721000,472100001220070001,2007-04-20,,영업/정상,,,,,401.49,,,주식회사 광희가축약품,I,L00,2026-05-10 22:32:41,전북특별자치도 완주군 이서면 콩쥐팥쥐로 1047,정상,0000,01,0632296647,201231.705760452    ,257899.364907513    ,전북특별자치도 완주군 이서면 이문리 711-2 ,2019-08-29 09:43:07
4731000,473100001220080001,2008-10-31,,폐업,2013-11-26,2012-10-15,,,55.52,,,호남가축약품,I,000,2026-05-10 22:32:44,전북특별자치도 진안군 부귀면 전진로 2693,폐업,0002,03,,232572.404772962    ,253301.643948852    ,전북특별자치도 진안군 부귀면 신정리 110-16 ,2013-11-26 17:46:39
4751000,475100001220090001,2009-04-16,,폐업,2020-12-11,,,2020-12-11,39.5,,55622,서연동물약품,I,000,2026-05-10 22:32:43,전북특별자치도 장수군 계남면 장무로 172,폐업,0002,03,0633521195,252746.711136673    ,247527.213785157    ,전북특별자치도 장수군 계남면 호덕리 593-4 ,2020-12-11 13:11:32
4761000,476100001220000001,2015-03-20,,영업/정상,,,,,53,,,제일가축약품,I,000,2026-05-11 22:35:42,전북특별자치도 임실군 임실읍 봉황로 182-1,정상,0000,01,,225456.565758334    ,235176.891472863    ,전북특별자치도 임실군 임실읍 이도리 735-3 ,2015-04-20 09:38:36
4771000,477100001220020001,2019-06-25,,영업/정상,,,,,20,,56044,순창가축약품상사,I,000,2026-05-11 22:32:43,전북특별자치도 순창군 순창읍 순창6길 32,정상,0000,01,,213173.161163397    ,208087.318665326    ,전북특별자치도 순창군 순창읍 남계리 398-2 ,2020-07-02 14:04:48
4781000,478100001220070001,2007-05-18,,폐업,2022-02-22,,,2022-02-22,0,,56413,한길 동물약품,I,000,2026-05-08 22:32:44,전북특별자치도 고창군 흥덕면 선운대로 3771,폐업,0002,03,0635612247,173008.963601099    ,224702.168252094    ,전북특별자치도 고창군 흥덕면 흥덕리 54-12 ,2022-02-22 17:21:34
4781000,478100001220010001,2001-03-06,,폐업,2012-11-01,,,,0,,56436,바이엘동물약품,I,000,2026-05-08 22:32:44,전북특별자치도 고창군 고창읍 중앙로 175,폐업,0002,03,,172231.105328772    ,215150.767714124    ,전북특별자치도 고창군 고창읍 읍내리 616-2 ,2012-11-01 14:02:19
4781000,478100001219920001,1992-12-08,,폐업,2012-10-22,,,,0,,56436,경원 AF,I,000,2026-05-08 22:32:44,전북특별자치도 고창군 고창읍 중앙로 173,폐업,0002,03,,172182.686755984    ,215143.754681978    ,전북특별자치도 고창군 고창읍 읍내리 616-68 ,2012-10-22 12:56:20
4791000,479100001220000001,2000-07-14,,폐업,2008-10-23,,,,48.96,,,부안가축약품상사,I,000,2026-05-08 22:32:41,,폐업,0002,03,,,,전북특별자치도 부안군 부안읍 서외리 528-4   ,2008-10-23 14:01:15
4791000,479100001220160001,2016-06-09,,폐업,2021-07-12,,,,35,,56301,성일가축약품,I,000,2026-05-08 22:32:41,"전북특별자치도 부안군 계화면 간재로 460, 미화이발관",폐업,0002,03,,172163.189594756    ,251628.446887851    ,전북특별자치도 부안군 계화면 창북리 893-9 미화이발관 ,2021-07-16 14:19:11
4800000,480000001219900001,1990-08-25,,폐업,2009-10-08,,,,0,,,제일 가축약품,I,000,2026-05-11 22:36:19,전라남도 목포시 동부로21번길 14 (용당동),폐업,0002,03,,144371.402881911    ,145349.34949882     ,전라남도 목포시 용당동 1049-32 ,2009-10-09 14:51:53
4800000,480000001220030001,2003-01-21,,폐업,2018-07-31,,,2018-07-31,32.16,,58643,21세기 동물약품,I,000,2026-05-11 22:36:19,전라남도 목포시 영산로 503 (상동),폐업,0002,03,0612775877,146606.770015608    ,145935.759523112    ,전라남도 목포시 상동 127-6 ,2018-07-31 16:42:41
4800000,480000001219960001,1996-05-20,,폐업,2013-05-10,,,,0,,,(유)삼보 가축약품,I,000,2026-05-11 22:36:19,전라남도 목포시 하당로205번길 4-1 (상동),폐업,0002,03,,146796.165236228    ,145684.931874222    ,전라남도 목포시 상동 810-1 ,2013-05-10 16:05:44
4800000,480000001219910001,1991-11-16,,폐업,2020-08-18,,,2020-08-18,0,,58706,국제 가축약품,I,000,2026-05-11 22:36:19,전라남도 목포시 용당로 187 (용당동),폐업,0002,03,,144922.574340758    ,145201.54841231     ,전라남도 목포시 용당동 1113-10 ,2020-08-18 17:05:12
4800000,480000001220200001,2020-12-02,,영업/정상,,,,,165,,58600,지현가축약품,I,000,2026-05-11 22:36:19,"전라남도 목포시 대양산단로 161, 좌측동 2동 (대양동)",정상,0000,01,,145382.318459191    ,148733.390542702    ,전라남도 목포시 대양동 1187-2 ,2023-04-11 09:11:31
4800000,480000001220010001,2001-03-06,,폐업,2007-07-10,,,,42.96,,,고려가축수산,I,000,2026-05-11 22:36:19,전라남도 목포시 해안로 231 (영해동1가),폐업,0002,03,,143808.478812376    ,143197.568851619    ,전라남도 목포시 영해동1가 6-6 ,2007-07-10 18:55:04
4810000,481000001220020003,2002-12-11,,영업/정상,,,,,108,,59755,한일,I,L00,2025-12-15 16:15:28,전라남도 여수시 신월로 805 (서교동),정상,0000,01,,266464.710784056    ,138192.182858201    ,전라남도 여수시 서교동 702 ,2023-04-07 10:13:15
4810000,481000001220220001,2022-03-29,,폐업,2023-08-04,,,2023-08-04,0,,59727,주식회사 남부지오영,I,L00,2025-12-15 16:15:28,전라남도 여수시 연등8길 47-2(연등동),폐업,0002,03,0616423131,266327.929005267    ,139924.738498254    ,전라남도 여수시 연등동 725-2 ,2023-08-04 10:56:54
4810000,481000001220050001,2005-01-21,,폐업,2013-02-12,,,,97.1,,59603,(주)드림라임,I,L00,2025-12-15 16:15:28,전라남도 여수시 율촌면 소뎅이길 117-12,폐업,0002,03,,247981.422067836    ,145870.640720152    ,전라남도 여수시 율촌면 봉전리 816-2 ,2013-02-12 17:43:14
4810000,481000001220020002,2002-12-11,,폐업,2006-04-25,,,,63,,,여천,I,L00,2025-12-15 16:15:28,전라남도 여수시 광무1길 32-11 (광무동),폐업,0002,03,,266594.102112071    ,138870.67754599     ,전라남도 여수시 광무동 77-29 ,2006-04-25 17:51:51
4810000,481000001220020001,2002-12-11,,폐업,2003-06-10,,,,62.05,,,제일제당,I,000,2025-12-15 16:15:28,전라남도 여수시 돌산읍 남외길 13-7,폐업,0002,03,,266134.437182296    ,124318.703064481    ,전라남도 여수시 돌산읍 군내리 555-6 ,2003-07-18 17:49:15
4820000,482000001220000002,2000-06-12,,폐업,2004-12-31,,,,0,,57959,순흥종합동물약품,I,000,2026-05-11 22:33:06,전라남도 순천시 팔마로 26 (장천동),폐업,0002,03,0617429936,244798.075337541    ,160940.316308502    ,전라남도 순천시 장천동 ,2014-07-01 11:29:55
4820000,482000001220050001,2005-04-22,,폐업,2006-01-11,,,,1352.3,,,(주)삼성드럭의약품,I,000,2026-05-11 22:33:06,,폐업,0002,03,0617452515,244193.150767675    ,161588.796248943    ,전라남도 순천시 장천동 140 ,2006-01-11 17:36:31
4820000,482000001220000001,2000-07-04,,영업/정상,,,,,0,,57956,대한가축약품,I,000,2026-05-11 22:33:06,"전라남도 순천시 이수로 37, 대한가축의약품 (장천동)",정상,0000,01,0617442530,244834.606997467    ,161234.855915419    ,전라남도 순천시 해룡면 상삼리 15-5 대한가축의약품 ,2020-07-28 11:25:56
4820000,482000001220010001,2001-03-10,,영업/정상,,,,,0,,,전남가축약품,I,000,2026-05-11 22:33:06,,정상,0000,01,0617421635,244600.036362229    ,160953.914978872    ,전라남도 순천시 장천동 22-10 ,2011-03-29 09:10:19
4820000,482000001219920001,1992-02-26,,영업/정상,,,,,0,,,금호가축약품,I,000,2026-05-11 22:33:06,,정상,0000,01,0617429936,,,전라남도 순천시 풍덕동 1263-12 ,2013-07-24 14:01:38
4830000,483000001220170001,2017-06-10,,영업/정상,,,,,0,,58316,(주)이레가축약품,I,L00,2026-05-07 22:34:45,전라남도 나주시 세지면 신동길 13,정상,0000,01,,173151.602650584    ,158440.790807145    ,전라남도 나주시 세지면 송제리 802-30 ,2021-07-15 10:42:59
4830000,483000001220160001,2016-12-19,,영업/정상,,,,,,,58274,코리아동물약품,I,000,2026-05-07 22:34:45,"전라남도 나주시 풍물시장2길 35-8 (이창동, 동물코리아약품)",정상,0000,01,0613349595,173324.084519551    ,166216.788743067    ,전라남도 나주시 이창동 741-7 ,2016-12-19 09:53:55
4830000,483000001220120001,2012-01-13,,휴업,,2013-02-28,,,0,,58227,전일에프엠 (주)전남지점,I,000,2026-05-07 22:34:45,전라남도 나주시 남평읍 남평2로 7,휴업,0001,02,0613311331,185586.732548528    ,171551.943091987    ,전라남도 나주시 남평읍 대교리 182 ,2013-02-27 17:07:55
4830000,483000001220060001,2006-04-25,,영업/정상,,,,,96.9,,58272,유한회사 삼성가축약품,I,L00,2026-05-07 22:34:45,전라남도 나주시 금영로 14-1 (이창동),정상,0000,01,0613338941,173982.042594024    ,166249.924498786    ,전라남도 나주시 이창동 ,2018-11-29 16:45:27
4830000,483000001220000001,2000-04-26,,영업/정상,,,,,0,,,(주)무등가축약품,I,000,2026-05-07 22:34:44,전라남도 나주시 예향로 3798 (이창동),정상,0000,01,,173662.650964142    ,166131.876954873    ,전라남도 나주시 이창동 185-4 ,2018-04-17 11:33:47
4830000,483000001219970001,1997-03-20,,영업/정상,,,,,0,,,효진가축약품(주),I,000,2026-05-07 22:34:44,전라남도 나주시 왕곡면 나주서부로 4,정상,0000,01,,172855.813763297    ,165227.465973686    ,전라남도 나주시 왕곡면 장산리 394-1 ,2013-02-04 14:00:04
4830000,483000001219950001,1995-07-21,,영업/정상,,,,,0,,,(합)선경동물약품,I,000,2026-05-07 22:34:44,전라남도 나주시 예향로 3778-1 (이창동),정상,0000,01,,,,전라남도 나주시 이창동 ,2025-04-14 14:29:22
4830000,483000001219940001,1994-12-28,,휴업,,2022-06-02,2025-06-01,,0,,,신정가축약품,I,000,2026-05-07 22:34:44,전라남도 나주시 남고문로 124 (죽림동),휴업,0001,02,,174757.261804423    ,170013.00383905     ,전라남도 나주시 죽림동 138-44 ,2022-06-02 17:33:40
4830000,483000001220020002,2002-12-02,,폐업,2004-06-02,,,,0,,,상록수가축약품,I,000,2026-05-07 22:34:45,전라남도 나주시 금천면 금영로 958,폐업,0002,03,,177496.984144288    ,170452.660168546    ,전라남도 나주시 금천면 오강리 241-3 ,2004-06-02 10:02:26
4830000,483000001220210001,2021-04-29,,영업/정상,,,,,289.6,,58323,천지가축약품,I,000,2026-05-07 22:34:45,"전라남도 나주시 정보화길 38, 천지가축약품 (빛가람동)",정상,0000,01,,181513.049101008    ,169393.419815034    ,전라남도 나주시 빛가람동 266-3 ,2021-04-29 16:59:16
4830000,483000001220000002,2000-10-20,,폐업,2007-05-01,,,,0,,,(주)남도가축약품,I,000,2026-05-07 22:34:44,,폐업,0002,03,,,,전라남도 나주시 이창동 193-6   ,2007-05-01 17:14:48
4830000,483000001219930001,1993-02-04,,폐업,2013-07-16,,,,0,,,삼양가축약품,I,000,2026-05-07 22:34:44,전라남도 나주시 나주천3길 33-1 (중앙동),폐업,0002,03,,174570.622853155    ,170589.941267905    ,전라남도 나주시 중앙동 98-1 ,2013-07-16 14:09:46
4830000,483000001219990001,1999-08-05,,폐업,2002-12-17,,,,0,,,태산가축약품,I,000,2026-05-07 22:34:44,전라남도 나주시 남평읍 교원교촌길 4,폐업,0002,03,,184952.497928022    ,170602.691217806    ,전라남도 나주시 남평읍 교원리 509 ,2006-12-20 08:59:16
4830000,483000001220020001,2002-04-24,,폐업,2016-12-19,,,2016-12-19,119.8,,,코리아동물약품,I,000,2026-05-07 22:34:45,전라남도 나주시 풍물시장2길 35-8 (이창동),폐업,0002,03,,173324.084519551    ,166216.788743067    ,전라남도 나주시 이창동 741-7 ,2016-12-19 09:40:40
4850000,485000001220090001,2009-07-01,,폐업,2013-03-31,,,,18,,57390,월봉가축약품,I,000,2026-05-11 22:36:25,전라남도 담양군 창평면 월동길 26,폐업,0002,03,,203393.332218025    ,192605.9231039      ,전라남도 담양군 창평면 용수리 92 ,2013-04-04 08:44:35
4850000,485000001220040001,2004-02-16,,폐업,2011-06-10,,,,74.38,,,금강동물약품,I,000,2026-05-11 22:36:25,,폐업,0002,03,0625147224,,,전라남도 담양군 담양읍 객사리 249 ,2011-06-14 08:51:54
4850000,485000001220210001,2021-12-20,,영업/정상,,,,,165,,57347,베스트 동물약품,I,000,2026-05-11 22:36:25,"전라남도 담양군 담양읍 삼거리길 45, 1층 104호",정상,0000,01,0613839801,198592.102069893    ,201073.071832605    ,전라남도 담양군 담양읍 백동리 91-1 104호,2022-02-15 11:32:38
4860000,486000001220060001,2006-03-30,,영업/정상,,,,,228,,57537,주식회사 동부가축약품,I,L00,2026-04-22 22:33:08,전라남도 곡성군 곡성읍 중앙로 51,정상,0000,01,0613636288,226241.571407735    ,197738.438425714    ,전라남도 곡성군 곡성읍 읍내리 ,2025-08-07 17:52:03
4860000,486000001220170001,2017-04-17,,영업/정상,,,,,172,,57534,희망연구소,I,000,2026-04-22 22:33:08,전라남도 곡성군 곡성읍 낙동원로 19-1,정상,0000,01,0613620137,227275.831717582    ,198247.567363057    ,,2017-12-05 17:11:57
4880000,488000001220110001,2011-11-23,,영업/정상,,,,,11.76,,59540,드림동물약품,I,000,2026-05-10 22:32:40,전라남도 고흥군 고흥읍 두원로 3,정상,0000,01,0618321628,225494.020968128    ,123316.554478992    ,전라남도 고흥군 고흥읍 서문리 216-22 ,2013-11-04 14:29:16
4890000,489000001220110001,2011-06-29,,폐업,2012-07-23,,,,0,,59458,(주)광주애니팜(보성점),I,000,2026-05-11 22:34:18,전라남도 보성군 보성읍 현충로 27,폐업,0002,03,,206881.234225875    ,140696.856125739    ,전라남도 보성군 보성읍 주봉리 390-10 ,2015-08-04 09:12:29
4890000,489000001220120001,2012-07-26,,영업/정상,,,,,182,,59459,천하동물약품,I,000,2026-05-11 22:34:18,전라남도 보성군 보성읍 흥성로 2543-13,정상,0000,01,0618528599,208132.751659079    ,140909.04123107     ,전라남도 보성군 보성읍 우산리 20-18 ,2019-01-30 15:23:08
4900000,490000001220020001,2002-08-01,,폐업,2004-02-03,,,,98.9,,,삼성동물병원,I,000,2026-05-14 22:32:30,,폐업,0002,03,,,,전라남도 화순군 화순읍 광덕리 128-10 ,2004-02-03 13:22:49
4900000,490000001220010001,2001-01-26,,폐업,2006-04-06,,,,57,,,유성가축약품,I,000,2026-05-14 22:32:30,,폐업,0002,03,,198411.482045155    ,173000.565990389    ,전라남도 화순군 화순읍 삼천리 738-5 ,2006-04-06 17:21:56
4900000,490000001220000001,2000-05-17,,폐업,2002-06-15,,,,0,,,다솔동물약품,I,000,2026-05-14 22:32:30,,폐업,0002,03,,,,전라남도 화순군 춘양면 석정리 570-90 ,2003-01-03 11:56:09
4900000,490000001220170001,2017-02-27,,영업/정상,,,,,330,,58109,유한회사 미림동물약품,I,L00,2026-05-14 22:32:30,전라남도 화순군 화순읍 오성로 505,정상,0000,01,,196575.120405295    ,172671.925910964    ,전라남도 화순군 화순읍 벽라리 222-1 ,2026-03-09 16:48:36
4900000,490000001220160001,2016-11-16,,영업/정상,,,,,0,,58141,에코 153,I,L00,2026-05-14 22:32:30,"전라남도 화순군 화순읍 산단길 12-55, 106호",정상,0000,01,,196480.911131177    ,170463.42280746     ,전라남도 화순군 화순읍 내평리 734 ,2025-12-30 13:23:21
4910000,491000001220190001,2019-11-08,,영업/정상,,,,,,,59333,선경가축약품,I,000,2026-05-10 22:32:41,"전라남도 장흥군 장흥읍 읍성로 23, 선경가축약품",정상,0000,01,,190302.805153856    ,130221.866341672    ,전라남도 장흥군 장흥읍 남외리 195-1 ,2019-11-08 10:25:29
4910000,491000001220070001,2007-06-11,,폐업,2019-11-07,,,,140.8,,59333,선경가축약품,I,000,2026-05-10 22:32:41,전라남도 장흥군 장흥읍 읍성로 23,폐업,0002,03,,190302.805153856    ,130221.866341672    ,전라남도 장흥군 장흥읍 남외리 195-1 ,2025-10-29 10:04:10
4920000,492000001220140001,2014-07-10,,취소/말소/만료/정지/중지,,,,,0,,59243,에이엔팜,I,000,2026-05-05 22:34:39,전라남도 강진군 강진읍 강진공단길 26,말소,0004,04,,177639.279015914    ,126044.699990753    ,전라남도 강진군 강진읍 서성리 379-10 ,2016-09-05 15:17:30
4930000,493000001220040001,2004-07-13,,영업/정상,,,,,595.5,,,하나로동물약품,I,000,2026-05-11 22:32:40,전라남도 해남군 해남읍 남부순환로 122,정상,0000,01,0615366652,163085.165435154    ,118613.160179186    ,전라남도 해남군 해남읍 고도리 479-6 ,2010-12-29 21:05:36
4940000,494000001220210001,2021-04-23,,영업/정상,,,,,100,,58418,신세계가축약품,I,000,2026-05-08 22:32:42,"전라남도 영암군 영암읍 영암로 1507, 1층",정상,0000,01,0614718977,172016.874277271    ,144011.02864244     ,전라남도 영암군 영암읍 교동리 90-1 ,2025-12-31 09:15:19
4950000,495000001220140001,2014-12-05,,영업/정상,,,,,0,,58524,유한회사 대진가축약품,I,L00,2026-05-07 22:32:42,전라남도 무안군 무안읍 성내1길 39,정상,0000,01,,152097.024686216    ,166122.825744228    ,,2018-11-28 11:36:26
4950000,495000001220190001,2019-01-18,,영업/정상,,,,,0,,58574,하나가축약품,I,000,2026-05-07 22:32:42,전라남도 무안군 일로읍 일로달바위길 32,정상,0000,01,,154003.915824266    ,150477.077112099    ,전라남도 무안군 일로읍 용산리 698-1 ,2021-05-11 14:06:58
4950000,495000001220040001,2004-11-08,,폐업,2006-05-04,,,,0,,,무등약국,I,000,2026-05-07 22:32:42,전라남도 무안군 무안읍 무안중앙로 4,폐업,0002,03,,152309.870293038    ,165634.864513948    ,전라남도 무안군 무안읍 성동리 873-16 ,2009-03-04 19:25:43
4950000,495000001220150001,2015-06-25,,영업/정상,,,,,188.7,,58574,한솔가축약품,I,000,2026-05-07 22:32:42,"전라남도 무안군 일로읍 삼일로 490, 1층",정상,0000,01,,153288.956720911    ,150310.029175752    ,전라남도 무안군 일로읍 월암리 214-5 ,2020-08-04 13:49:06
4960000,496000001220180001,2018-07-24,,폐업,2020-07-23,,,2020-07-23,166.76,,57155,하나가축약품,I,000,2026-05-02 22:32:43,"전라남도 함평군 함평읍 영수길 99, 함평군 산림조합 1층",폐업,0002,03,0613235507,155992.249215987    ,173655.299506291    ,전라남도 함평군 함평읍 내교리 481-4 함평군 산림조합 ,2023-06-02 10:29:46
4960000,496000001220070001,2007-03-19,,폐업,2008-09-05,,,,60,,,천지가축약품,I,000,2026-05-02 22:32:43,,폐업,0002,03,,155626.339118196    ,174079.454437861    ,전라남도 함평군 함평읍 함평리 169 ,2008-09-05 11:30:16
4960000,496000001220180002,2018-11-19,,폐업,2022-02-28,,,2022-02-28,,,57124,천지가축약품,I,000,2026-05-02 22:32:43,전라남도 함평군 월야면 밀재로 1529,폐업,0002,03,,166151.380899847    ,186781.214802882    ,전라남도 함평군 월야면 월야리 465-11 ,2022-02-28 17:16:45
4960000,496000001220020001,2002-04-10,,폐업,2005-03-16,,,,61.69,,,청정가축약품,I,000,2026-05-02 22:32:43,,폐업,0002,03,,156506.051297911    ,173845.015387664    ,전라남도 함평군 함평읍 기각리 261-8 ,2005-03-16 10:27:04
4960000,496000001220050001,2005-03-17,,영업/정상,,,,,61.69,,57153,청정동물약품,I,L00,2026-05-02 22:32:43,전라남도 함평군 함평읍 내바람길 53,정상,0000,01,0613242456,156283.849809666    ,173879.257822045    ,전라남도 함평군 함평읍 내교리 209-22 ,2026-02-09 16:56:01
4960000,496000001220020002,2002-04-10,,영업/정상,,,,,99,,,청정가축약품,I,000,2026-05-02 22:32:43,,정상,0000,01,,,,전라남도 함평군 함평읍 기각리 261-8    ,2003-03-07 12:02:25
4970000,497000001220090001,2009-04-13,,영업/정상,,,,,376.2,,57041,(주)성호가축약품,I,L00,2026-05-05 22:32:43,전라남도 영광군 영광읍 대하길2길 4,정상,0000,01,,154230.47744404     ,197276.674896419    ,전라남도 영광군 영광읍 신하리 833-1 ,2021-09-17 10:26:28
4970000,497000001220150001,2015-10-30,,폐업,2016-05-11,,,,99,,57041,미래종합동물약품,I,000,2026-05-05 22:32:43,전라남도 영광군 영광읍 천년로11길 29,폐업,0002,03,,154413.751957342    ,197394.730231395    ,전라남도 영광군 영광읍 신하리 820-9 ,2016-05-11 15:38:23
4980000,498000001220230001,2023-05-26,,영업/정상,,,,,0,,57248,(유)광주태전,I,000,2026-05-14 22:32:30,전라남도 장성군 남면 삼태로 115,정상,0000,01,,184234.7297493      ,193264.878052267    ,전라남도 장성군 남면 삼태리 576-4 ,2023-05-26 10:00:51
4980000,498000001220040001,2004-08-26,,영업/정상,,,,,453.6,,,양지가축약품,I,000,2026-05-14 22:32:30,전라남도 장성군 장성읍 역전로 182,정상,0000,01,,180322.788411909    ,200671.329377203    ,전라남도 장성군 장성읍 영천리 1481-1 ,2022-05-17 11:23:37
4990000,499000001220040002,2004-10-25,,폐업,2009-07-13,,,,65,,,완도수산뱅크,I,000,2026-05-11 22:32:44,,폐업,0002,03,0615550599,176083.33895713     ,92230.4957450879    ,전라남도 완도군 완도읍 가용리 650-1 ,2009-07-13 15:14:54
4990000,499000001220040001,2004-10-25,,폐업,2009-08-13,,,,117,,,현주케미칼주식회사,I,L00,2026-05-11 22:32:44,,폐업,0002,03,0615552014,176708.682114457    ,91966.4588561246    ,전라남도 완도군 완도읍 가용리 3-82 ,2009-08-13 11:00:00
4990000,499000001220030001,2003-12-22,,폐업,2010-07-01,,,,290.07,,,선진양식상사,I,000,2026-05-11 22:32:44,,폐업,0002,03,0615532925,,,전라남도 완도군 완도읍 군내리 1270-6 ,2010-07-01 09:37:14
4990000,499000001220090001,2009-01-05,,폐업,2011-03-02,,,,128.92,,,신일수산약품,I,000,2026-05-11 22:32:44,,폐업,0002,03,0615526588,184032.6123898      ,92873.8842758857    ,전라남도 완도군 신지면 대곡리 741-3 ,2011-03-02 17:45:42
4990000,499000001219970001,1997-06-16,,폐업,2015-04-20,,,,130.6,,,천하양식상사,I,000,2026-05-11 22:32:44,,폐업,0002,03,,175696.032288569    ,92306.4315381466    ,전라남도 완도군 완도읍 가용리 542-1 ,2015-04-23 15:25:54
5020000,502000001219880001,1988-09-23,,폐업,2012-10-15,,,,72,,,동해가축약픔,I,000,2026-01-07 17:28:52,,폐업,0002,03,,,,경상북도 포항시 북구 덕수동 49-31   ,2012-10-15 09:26:28
5020000,502000001219840001,1984-09-26,,영업/정상,,,,,160,,,영일약품,I,000,2026-01-07 17:28:52,경상북도 포항시 북구 용당로 3-1 (용흥동),정상,0000,01,0542749871,412271.970576764    ,283544.057043485    ,경상북도 포항시 북구 용흥동 613-4 ,2023-04-11 16:51:12
5020000,502000001220220001,2022-02-08,,폐업,2023-08-03,,,,337.65,,37653,(주)영남지오영,I,L00,2026-01-07 17:28:52,경상북도 포항시 북구 흥해읍 달전로5번길 61,폐업,0002,03,0542609631,409075.019432972    ,285269.394149514    ,경상북도 포항시 북구 흥해읍 대련리 382-1 ,2023-08-04 16:12:29
5050000,505000001220140001,2014-03-21,,폐업,2023-06-26,,,2023-06-26,,,38129,푸른축산,I,000,2026-03-26 22:41:15,경상북도 경주시 구정1길 12 (구정동),폐업,0002,03,,407753.038704019    ,255522.837438011    ,,2023-06-26 16:20:44
5050000,505000001219920001,1992-03-06,,폐업,2008-11-04,,,,0,,38129,중앙가축약품,I,000,2026-03-26 22:41:15,경상북도 경주시 산업로 3012 (시래동),폐업,0002,03,,407922.66097808     ,255253.705906124    ,경상북도 경주시 시래동 372-2 ,2011-10-30 14:08:02
5050000,505000001219980001,1998-03-13,,폐업,2007-06-04,,,,0,,38011,수산동물약품상사,I,000,2026-03-26 22:41:15,경상북도 경주시 안강읍 구부랑두림길 162-5,폐업,0002,03,,398166.951674117    ,280261.521256307    ,경상북도 경주시 안강읍 산대리 2386-3 ,2011-10-30 14:09:16
5050000,505000001220060001,2006-03-13,,폐업,2012-06-13,,,,90,,38017,(주)쥬신동물약품상사,I,000,2026-03-26 22:41:15,경상북도 경주시 안강읍 화전중앙길 48-2,폐업,0002,03,,399686.321067053    ,278825.181142951    ,경상북도 경주시 안강읍 산대리 1931-21 ,2012-06-14 09:52:09
5050000,505000001219810001,1981-09-01,,폐업,2020-02-12,,,2020-02-12,0,,38147,양축사,I,000,2026-03-26 22:41:15,경상북도 경주시 원화로 276 (성동동),폐업,0002,03,,400272.393578798    ,262822.492507317    ,경상북도 경주시 성동동 42-2 ,2020-02-12 16:58:39
5060000,506000001219900002,1990-03-14,,폐업,2007-01-15,,,,38,,,김천종합가축약품상사,I,000,2026-03-26 22:31:04,,폐업,0002,03,,301136.116077285    ,291530.001048021    ,경상북도 김천시 모암동 160-23 ,2007-01-15 16:11:45
5060000,506000001219900001,1990-03-22,,폐업,2004-06-08,,,,30,,,신한가축약품상사,I,000,2026-03-26 22:31:04,,폐업,0002,03,,301145.059049259    ,291082.854377751    ,경상북도 김천시 황금동 89-7 ,2004-06-08 14:38:02
5060000,506000001219870001,1987-09-11,,영업/정상,,,,,122,,39586,김천동물약품상사,I,000,2026-03-26 22:31:04,경상북도 김천시 충효길 91 (성내동),정상,0000,01,,300717.138030737    ,292079.214724353    ,경상북도 김천시 성내동 65-3 ,2011-10-30 13:06:06
5060000,506000001220190001,2019-12-05,,영업/정상,,,,,170.82,,39645,한림동물약품,I,000,2026-03-26 22:31:04,경상북도 김천시 농소면 용시길 88,정상,0000,01,,305539.450532665    ,290949.624409118    ,경상북도 김천시 부곡동 230-1 ,2024-08-26 16:16:10
5060000,506000001220100001,2010-12-28,,영업/정상,,,,,0,,39617,대성동물약품,I,000,2026-03-26 22:31:04,경상북도 김천시 양금로 222-1 (황금동),정상,0000,01,,301108.560738595    ,290964.604978891    ,경상북도 김천시 황금동 91-4 ,2020-03-04 09:30:13
5060000,506000001219880001,1988-09-06,,영업/정상,,,,,0,,39577,대한가축약품상사,I,000,2026-03-26 22:31:04,경상북도 김천시 용암로 2 (용두동),정상,0000,01,,301454.183879363    ,291625.790063886    ,경상북도 김천시 용두동 131-1 ,2013-03-05 10:35:55
5070000,507000001220040001,2011-06-17,,영업/정상,,,,,153.72,,,(주)발해축산약품,I,L00,2026-03-26 22:40:50,경상북도 안동시 경동로 278-1 (옥동),정상,0000,01,0548439741,351373.748308587    ,342616.773346042    ,경상북도 안동시 옥동 997-1 ,2025-07-31 13:46:38
5080000,508000001220020001,2002-01-11,,영업/정상,,,,,135.28,,39108,(주)대경,I,L00,2025-12-15 16:15:28,경상북도 구미시 선산읍 조남로 164,정상,0000,01,0544823040,318597.904441833    ,304858.372848035    ,경상북도 구미시 선산읍 화조리 188 ,2019-10-22 16:45:40
5080000,508000001220190001,2019-05-22,,영업/정상,,,,,0,,39154,우리축산약품,I,000,2025-12-15 16:15:28,경상북도 구미시 해평면 강동로 1660,정상,0000,01,,325090.899038869    ,300658.45275781     ,경상북도 구미시 해평면 월호리 469-12 ,2024-05-07 10:05:05
5080000,508000001220070001,2007-04-26,,영업/정상,,,,,76.35,,39152,라파동물약품,I,000,2025-12-15 16:15:28,경상북도 구미시 고아읍 송평로 11,정상,0000,01,,321803.712089893    ,296706.460779353    ,경상북도 구미시 고아읍 문성리 144-5 ,2025-05-16 10:05:51
5080000,508000001220030001,2003-12-13,,폐업,2006-08-14,,,,1333.11,,,벨벳코리아 대구.경북 대리점,I,000,2025-12-15 16:15:28,,폐업,0002,03,0544657497,324469.450631094    ,289904.214654164    ,경상북도 구미시 공단동 264-8 금오빌딩 202호,2006-08-14 09:50:03
5090000,509000001220030001,2003-09-05,,영업/정상,,,,,563.03,,36096,현대가축약품,I,000,2026-03-26 22:31:54,경상북도 영주시 구성로 381 (영주동),정상,0000,01,,344516.37690565     ,370516.356011238    ,경상북도 영주시 영주동 504-3 ,2014-01-03 15:47:17
5090000,509000001220020001,2002-12-27,,영업/정상,,,,,82.5,,36096,영주동물약품상사,I,000,2026-03-26 22:31:54,경상북도 영주시 구성로 363-1 (영주동),정상,0000,01,,344642.789016232    ,370386.127388634    ,경상북도 영주시 영주동 528-13 ,2011-10-30 14:13:50
5100000,510000001220260001,2026-02-10,,영업/정상,,,,,99.56,,38865,바른동물약품,I,000,2026-03-26 22:40:32,"경상북도 영천시 장천길 283, 1층 (조교동)",정상,0000,01,,377016.620643001    ,277012.623501672    ,경상북도 영천시 조교동 371 ,2026-02-10 10:33:08
5100000,510000001219830001,1983-09-16,,폐업,2004-03-26,,,,0,,,(주)한일축산,I,000,2026-03-26 22:40:31,경상북도 영천시 완산중앙7길 17 (완산동),폐업,0002,03,,374795.542151442    ,275197.204296774    ,경상북도 영천시 완산동 928-18 ,2004-03-26 17:35:27
5100000,510000001220170001,2017-03-14,,영업/정상,,,,,396,,38807,주식회사 보광축산약품,I,L00,2026-03-26 22:40:32,경상북도 영천시 화산면 장수로 1023,정상,0000,01,0543348278,366259.688499197    ,281337.796238222    ,경상북도 영천시 화산면 용평리 216-5 외 1필(217) ,2019-08-07 10:28:51
5100000,510000001220160001,2016-11-16,,영업/정상,,,,,71,,38882,동산축산약품,I,000,2026-03-26 22:40:32,경상북도 영천시 금호읍 가라골길 25-6,정상,0000,01,0543355700,369005.055852107    ,270474.739112982    ,경상북도 영천시 금호읍 삼호리 291 ,2018-03-15 17:17:00
5100000,510000001220070001,2007-07-20,,영업/정상,,,,,78.4,,38896,(주)다산약품,I,L00,2026-03-26 22:40:32,경상북도 영천시 영화로 82 (완산동),정상,0000,01,0543378477,374684.31650616     ,274658.481050564    ,경상북도 영천시 완산동 1164-3 ,2022-02-08 11:10:12
5100000,510000001220050001,2005-10-05,,영업/정상,,,,,60,,,홍익축산,I,000,2026-03-26 22:40:32,경상북도 영천시 금호읍 교대길 33-1,정상,0000,01,0543335559,368733.300089441    ,272002.289658573    ,경상북도 영천시 금호읍 교대리 400-86 ,2013-10-01 08:49:24
5100000,510000001220040001,2004-03-29,,영업/정상,,,,,233.89,,38892,주식회사 한일약품,I,000,2026-03-26 22:40:31,경상북도 영천시 금완로 46-14 (완산동),정상,0000,01,0543310101,374332.227648718    ,275045.927374978    ,경상북도 영천시 완산동 1104-5 ,2013-12-31 11:07:58
5100000,510000001220110001,2011-05-09,,폐업,2020-02-19,2012-09-27,2013-09-26,2020-02-19,0,,38869,농업회사법인(주)한국팜,I,000,2026-03-26 22:40:32,경상북도 영천시 청통면 금송로 1009,폐업,0002,03,0543344700,364071.517219235    ,278612.487946731    ,경상북도 영천시 청통면 치일리 44 ,2020-02-20 10:27:26
5100000,510000001220100001,2010-04-22,,폐업,2010-08-25,,,,0,,,현대동물약품,I,000,2026-03-26 22:40:32,경상북도 영천시 영화로 240 (완산동),폐업,0002,03,,375752.778927554    ,275490.609807869    ,경상북도 영천시 완산동 499-20 ,2010-08-25 14:42:31
5100000,510000001220040002,2004-10-25,,폐업,2007-07-18,,,,673.52,,,다산동물약품,I,000,2026-03-26 22:40:31,"경상북도 영천시 보목2길 9 (야사동,1층)",폐업,0002,03,0543378477,375100.459178678    ,276319.80849443     ,경상북도 영천시 야사동 280-16 1층 ,2007-07-18 18:44:46
5110000,511000001220020001,2002-05-08,,영업/정상,,,,,99.71,,37267,중앙가축약품,I,000,2026-03-26 22:38:02,경상북도 상주시 공성면 옥산5길 7,정상,0000,01,,298246.541065334    ,309830.238638171    ,경상북도 상주시 공성면 옥산리 141-1 ,2019-01-21 13:42:10
5110000,511000001220060001,2006-05-18,,영업/정상,,,,,101.1,,37214,신흥동물약품,I,000,2026-03-26 22:38:02,경상북도 상주시 왕산로 92 (남성동),정상,0000,01,,304176.180949481    ,323804.668796024    ,경상북도 상주시 남성동 165-2 ,2017-08-01 13:30:52
5110000,511000001220190001,2019-06-21,,영업/정상,,,,,987.37,,37250,올루션,U,L00,2026-04-03 03:03:03,"경상북도 상주시 낙동면 낙운로 192, 1동",정상,0000,01,0545329936,313990.542629986    ,319818.437966757    ,경상북도 상주시 낙동면 구잠리 600 1동 ,2026-04-02 14:13:54
5110000,511000001220200001,2020-11-16,,영업/정상,,,,,44,,37202,여명축산약품,I,000,2026-03-26 22:38:02,경상북도 상주시 낙양3길 40-10 (낙양동),정상,0000,01,,303135.989690306    ,323912.921897493    ,경상북도 상주시 낙양동 146-20 ,2024-04-30 09:28:14
5110000,511000001220090001,2009-06-26,,폐업,2011-07-04,2011-06-28,2013-06-27,,0,,,한빛동물약품,I,000,2026-03-26 22:38:02,,폐업,0002,03,0545327572,,,경상북도 상주시 서곡동 115-1 ,2011-07-04 17:36:37
5110000,511000001220010001,2001-08-07,,폐업,2009-02-19,,,,90.7,,,(주)영남가축약품,I,000,2026-03-26 22:38:02,,폐업,0002,03,,,,경상북도 상주시 남성동 161-8 ,2009-02-19 14:10:48
5130000,513000001220180001,2018-07-16,,영업/정상,,,,,0,,38411,(주)한빛팜스토리,I,L00,2026-03-26 22:38:45,경상북도 경산시 와촌면 동강2길 16,정상,0000,01,,365151.515222579    ,274584.29144015     ,경상북도 경산시 와촌면 동강리 209-1 ,2018-07-16 13:37:55
5130000,513000001220050004,2005-12-14,,영업/정상,,,,,0,,38507,(주)중앙약품,I,L00,2026-03-26 22:38:45,경상북도 경산시 압량읍 부적길 86,정상,0000,01,,359203.231176714    ,262167.130731314    ,경상북도 경산시 압량읍 부적리 108-7 ,2018-02-08 16:46:49
5130000,513000001220150001,2015-08-21,,폐업,2017-03-17,,,2017-03-17,99,,38412,경북가축약품,I,000,2026-03-26 22:38:45,경상북도 경산시 와촌면 금송로 470,폐업,0002,03,0538513382,365605.544760202    ,273869.488846343    ,경상북도 경산시 와촌면 동강리 107-1 ,2017-03-17 15:05:43
5130000,513000001220130001,2013-12-13,,폐업,2014-06-24,,,,0,,38613,미래플러스팜,I,000,2026-03-26 22:38:45,경상북도 경산시 중방로 39 (중방동),폐업,0002,03,,357013.817364251    ,260306.54705792     ,경상북도 경산시 중방동 825-3 ,2014-06-24 16:52:32
5130000,513000001220050002,2005-03-31,,폐업,2005-03-31,,,,0,,,(주)대경동물약품,I,000,2026-03-26 22:38:45,,폐업,0002,03,,,,경상북도 경산시 진량읍 봉회리 191-1    ,2005-03-31 13:50:29
5130000,513000001220110001,2011-03-10,,폐업,2012-01-31,,,,42,,,강북동물약품,I,000,2026-03-26 22:38:45,,폐업,0002,03,0538527965,,,경상북도 경산시 하양읍 동서리 685-5 ,2012-01-31 11:06:18
5130000,513000001220010001,2001-03-23,,취소/말소/만료/정지/중지,,,,,0,,38671,(주)중앙약품,I,000,2026-03-26 22:38:45,경상북도 경산시 성암로7길 33 (옥산동),말소,0004,04,,355364.20630115     ,259688.138392537    ,경상북도 경산시 옥산동 832-1 ,2015-08-04 16:53:26
5130000,513000001220020001,2002-01-14,,취소/말소/만료/정지/중지,,,,,0,,,(주)대경동물약품,I,000,2026-03-26 22:38:45,경상북도 경산시 진량읍 봉회1길 46-10,말소,0004,04,,364052.334399882    ,266332.108153942    ,경상북도 경산시 진량읍 봉회리 191-1 ,2015-08-04 16:56:03
5130000,513000001220050003,2005-05-10,,영업/정상,,,,,91,,38599,제일동물약품,I,000,2026-03-26 22:38:45,경상북도 경산시 원효로36길 57 (사동),정상,0000,01,0538015772,358414.949010165    ,258620.262097533    ,경상북도 경산시 사동 601-15 ,2017-04-19 16:06:44
5130000,513000001220030001,2003-10-10,,폐업,2014-09-25,,,,64.5,,,동부가축약품,I,000,2026-03-26 22:38:45,경상북도 경산시 하양읍 금송로 56,폐업,0002,03,,364105.434178293    ,270128.624833451    ,경상북도 경산시 하양읍 동서리 603-1 ,2014-09-25 15:06:40
5130000,513000001219890001,1989-02-14,,휴업,,2012-10-10,,,0,,,번성가축약품,I,000,2026-03-26 22:38:45,경상북도 경산시 하양읍 조산천서길 45,휴업,0001,02,0538517486,364247.865442273    ,269938.993777185    ,경상북도 경산시 하양읍 금락리 451 ,2012-10-10 16:01:44
5130000,513000001220050001,2005-02-03,,폐업,2005-02-03,,,,0,,38436,동부가축약품,I,000,2026-03-26 22:38:45,경상북도 경산시 하양읍 하양역길 10,폐업,0002,03,,363972.519117636    ,269335.404898878    ,경상북도 경산시 하양읍 금락리 116-163 ,2013-12-23 10:15:32
5130000,513000001220040001,2004-03-26,,폐업,2012-07-24,,,,49.5,,,태왕가축약품상사,I,000,2026-03-26 22:38:45,,폐업,0002,03,,,,경상북도 경산시 자인면 서부리 258-10 ,2012-07-25 09:28:49
5141000,514000001220130001,2005-06-16,,영업/정상,,,,,477.57,,43118,(주)우성축산,I,L00,2026-05-05 22:02:43,대구광역시 군위군 군위읍 중앙1길 17,정상,0000,01,0543821357,340719.819103384    ,304453.055988013    ,대구광역시 군위군 군위읍 서부리 151-31 ,2013-08-08 13:09:39
5150000,515000001219960001,1996-09-19,,폐업,2008-07-03,,,,190,,,제일가축약품,I,000,2025-12-15 16:15:28,,폐업,0002,03,0548327555,352380.077297397    ,317316.046665607    ,경상북도 의성군 의성읍 도서리 124-1 ,2008-07-03 16:25:59
5150000,515000001220020001,2002-08-02,,영업/정상,,,,,0,,37362,중앙가축약품,I,000,2025-12-15 16:15:28,경상북도 의성군 봉양면 도리원1길 69-1,정상,0000,01,0548348280,341954.656758781    ,312200.230446817    ,경상북도 의성군 봉양면 화전리 91-12 ,2024-07-01 11:18:14
5150000,515000001220060001,2006-01-26,,영업/정상,,,,,149,,37336,쥬신동물약품,I,000,2025-12-15 16:15:28,경상북도 의성군 의성읍 북부길 18,정상,0000,01,,351964.988807932    ,318802.306630149    ,경상북도 의성군 의성읍 후죽리 861-21 ,2025-04-22 13:36:57
5190000,519000001219900001,1990-11-22,,영업/정상,,,,,0,,38341,청도가축약품상사,I,000,2025-12-15 16:15:28,경상북도 청도군 청도읍 중앙로 34,정상,0000,01,,358223.486801021    ,239652.860060531    ,경상북도 청도군 청도읍 고수리 754-8 ,2016-07-13 08:55:11
5210000,521000001219950001,1995-08-14,,폐업,2020-10-26,,,2020-10-26,133.41,,40024,대동동물약품,I,000,2026-03-26 22:31:10,경상북도 성주군 성주읍 경산2길 2,폐업,0002,03,,315799.521574293    ,269083.494160113    ,경상북도 성주군 성주읍 경산리 524 ,2020-10-26 16:10:01
5220000,522000001220080001,2008-12-11,,폐업,2009-08-14,,,,67,,,주식회사 제농축산,I,L00,2026-05-05 22:02:42,경상북도 칠곡군 왜관읍 중앙로11길 9-1,폐업,0002,03,,326041.346524082    ,277406.5038929      ,경상북도 칠곡군 왜관읍 왜관리 285-30 ,2009-08-17 10:26:00
5220000,522000001220090001,2009-09-23,,영업/정상,,,,,384.09,,39830,대진동물약품(주),I,L00,2026-05-05 22:02:42,경상북도 칠곡군 약목면 칠곡대로 1157,정상,0000,01,,325357.034069174    ,278562.346690375    ,경상북도 칠곡군 약목면 관호리 926-1 ,2017-11-15 10:33:17
5220000,522000001220200001,2020-12-18,,영업/정상,,,,,120.84,,39803,금오동물약품,I,000,2026-05-05 22:02:42,경상북도 칠곡군 북삼읍 칠곡대로 67,정상,0000,01,,317654.397154638    ,284760.334585795    ,경상북도 칠곡군 북삼읍 보손리 165-1 ,2020-12-18 16:49:48
5220000,522000001220140002,2014-06-13,,영업/정상,,,,,154.5,,39826,진축산,I,000,2026-05-05 22:02:42,경상북도 칠곡군 약목면 약목로2길 3-1,정상,0000,01,0549745356,323089.001954953    ,282257.862403534    ,경상북도 칠곡군 약목면 복성리 947 ,2024-01-29 17:29:26
5220000,522000001219900001,1990-02-14,,영업/정상,,,,,76.76,,39886,창신동물약품,I,000,2026-05-05 22:02:42,경상북도 칠곡군 왜관읍 중앙로 245-3,정상,0000,01,,326033.293933464    ,278281.93949795     ,경상북도 칠곡군 왜관읍 왜관리 191-5 ,2022-04-21 19:37:39
5220000,522000001219900002,1990-02-14,,취소/말소/만료/정지/중지,,,,,119.5,,,창신축산,I,000,2026-05-05 22:02:42,경상북도 칠곡군 왜관읍 2번도로길 104,말소,0004,04,,325941.948873825    ,278304.910624528    ,경상북도 칠곡군 왜관읍 왜관리 195-3 ,2016-08-12 09:52:05
5220000,522000001220140001,2014-02-04,,영업/정상,,,,,318.88,,39871,(주)한림산업동물약품,I,L00,2026-05-05 22:02:42,경상북도 칠곡군 왜관읍 현대로 108-7,정상,0000,01,0549729494,329234.257216183    ,277104.547433167    ,경상북도 칠곡군 왜관읍 삼청리 187 ,2016-09-05 11:37:44
5230000,523000001220090001,2009-08-18,,영업/정상,,,,,154.73,,36820,주천동물약품,I,000,2026-03-26 22:35:57,경상북도 예천군 예천읍 시장로 145,정상,0000,01,,330422.600432586    ,351777.724382321    ,경상북도 예천군 예천읍 백전리 121-15 ,2013-07-18 16:51:27
5230000,523000001220150001,2015-10-20,,영업/정상,,,,,84,,36828,예천동물약품,I,000,2026-03-26 22:35:57,경상북도 예천군 예천읍 시장로 69,정상,0000,01,,329752.258215412    ,351413.508107642    ,경상북도 예천군 예천읍 남본리 222-88 ,2024-04-03 18:34:48
5230000,523000001220030001,2002-08-20,,폐업,2009-08-18,,,,154.73,,,중앙가축약품,I,000,2026-03-26 22:35:57,,폐업,0002,03,,330422.600432586    ,351777.724382321    ,경상북도 예천군 예천읍 백전리 121-15 ,2011-05-02 15:10:18
5310000,531000001220040001,2004-08-19,,폐업,2023-08-31,,,2023-08-31,326.4,,52742,월드약품상사,I,000,2025-12-15 16:15:28,경상남도 진주시 말티고개로100번길 16-47 (하대동),폐업,0002,03,,300790.537021981    ,189189.077322658    ,경상남도 진주시 하대동 672-1 ,2023-09-05 17:28:21
5310000,531000001220030001,2003-12-05,,영업/정상,,,,,0,,,(주)경남수의약품,I,L00,2025-12-15 16:15:28,경상남도 진주시 도동로26번길 10 (상평동),정상,0000,01,0557574001,302344.635223144    ,186486.182536938    ,경상남도 진주시 상평동 312-5 ,2024-04-01 16:57:32
5310000,531000001220050001,2005-01-18,,폐업,2007-05-08,,,,214.58,,,화신동물약품상사,I,000,2025-12-15 16:15:28,,폐업,0002,03,0557583260,,,경상남도 진주시 호탄동 620-20   ,2007-05-08 16:39:17
5310000,531000001220190001,2019-09-27,,폐업,2023-05-08,,,2023-05-08,74.48,,52812,(주)한국 종합 동물약품,I,L00,2025-12-15 16:15:28,경상남도 진주시 대신로116번길 6 (상평동),폐업,0002,03,,301848.58832646     ,186284.605753473    ,경상남도 진주시 상평동 163-8 ,2023-05-09 11:05:48
5310000,531000001219870001,1979-04-30,,영업/정상,,,,,0,,52757,경남가축약품상사,I,000,2025-12-15 16:15:28,경상남도 진주시 장대로 14 (장대동),정상,0000,01,,299113.514016298    ,188716.632335073    ,경상남도 진주시 장대동 93-9 ,2025-09-11 17:54:08
5310000,531000001219930001,1993-07-06,,폐업,2004-08-11,,,,0,,,(주)경상동물약품,I,000,2025-12-15 16:15:28,경상남도 진주시 남강로 1177 (상평동),폐업,0002,03,,302005.657321018    ,186136.33023814     ,경상남도 진주시 상평동 301-16 ,2004-08-12 10:24:03
5310000,531000001220050002,2005-01-28,,영업/정상,,,,,37.05,,52814,세기축산동물약품,I,000,2025-12-15 16:15:28,경상남도 진주시 솔밭로6번길 21 (상평동),정상,0000,01,0557597999,301027.130275344    ,186191.022385231    ,경상남도 진주시 상평동 241-4 ,2017-08-31 13:19:29
5330000,533000001219970001,1997-08-13,,폐업,2004-12-20,,,,0,,,통영수산약품,I,000,2026-03-26 22:39:18,,폐업,0002,03,,,,경상남도 통영시 정량동 866-1    ,2004-12-20 15:32:41
5330000,533000001219960001,1996-03-21,,폐업,2003-09-08,,,,0,,,(주)제일양어산업,I,000,2026-03-26 22:39:18,,폐업,0002,03,,,,경상남도 통영시 항남동 151-87   ,2003-09-08 09:48:31
5330000,533000001220000001,2000-04-18,,휴업,,2005-04-30,,,0,,,참신약품,I,000,2026-03-26 22:39:18,,휴업,0001,02,,,,경상남도 통영시 동호동 76-4    ,2005-04-30 10:35:26
5330000,533000001220030001,2003-09-03,,폐업,2005-03-15,,,,0,,,경남수산약품,I,000,2026-03-26 22:39:18,,폐업,0002,03,,331020.821182072    ,150518.08221494     ,경상남도 통영시 정량동 1369 104호,2005-03-15 10:13:15
5330000,533000001220010001,2001-04-10,,폐업,2006-11-22,,,,0,,,현대수산약품,I,000,2026-03-26 22:39:18,,폐업,0002,03,,,,경상남도 통영시 정량동 1375-1    ,2006-11-22 13:20:43
5340000,534000001220230001,2023-04-21,,폐업,2024-11-20,,,2024-11-20,0,,52553,페디팜 주식회사,I,000,2026-05-10 22:10:58,경상남도 사천시 삼천포대교로 568 (좌룡동),폐업,0002,03,,298425.855566711    ,161594.649437039    ,경상남도 사천시 좌룡동 416-1 ,2024-11-19 17:13:30
5340000,534000001220040001,2004-02-18,,영업/정상,,,,,300,,52524,우리들 동물약품,I,000,2026-05-10 22:10:58,경상남도 사천시 정동면 진삼로 1344,정상,0000,01,,298576.038572206    ,175319.181047448    ,경상남도 사천시 정동면 예수리 549-1 ,2012-10-16 11:21:41
5340000,534000001220090001,2009-03-12,,영업/정상,,,,,168,,52524,주식회사 사천양봉원,I,L00,2026-05-10 22:10:58,경상남도 사천시 정동면 수청길 102,정상,0000,01,0558524900,301431.313438049    ,173837.566329809    ,경상남도 사천시 정동면 수청리 298-3 ,2017-03-30 15:26:26
5350000,535000001220010001,2001-06-14,,폐업,2005-06-08,,,,0,,,영화동물약품,I,000,2026-03-26 22:47:49,경상남도 김해시 구산로42번길 38-1 (구산동),폐업,0002,03,,370352.255533483    ,195580.882091824    ,경상남도 김해시 구산동 308-19 ,2005-06-09 09:48:58
5350000,535000001220060001,2006-10-23,,폐업,2017-01-10,2014-01-15,,2017-01-10,66,,50925,주식회사 경남팜,I,000,2026-03-26 22:47:49,경상남도 김해시 가락로16번길 7 (부원동),폐업,0002,03,,371376.125108156    ,193710.125160124    ,경상남도 김해시 부원동 608-9 ,2017-01-10 18:35:47
5350000,535000001219890001,2004-04-16,,영업/정상,,,,,0,,50800,동남가축약품,I,000,2026-03-26 22:47:49,경상남도 김해시 생림면 봉림로 108,정상,0000,01,,367880.986125774    ,205401.977025975    ,경상남도 김해시 생림면 봉림리 818-1 ,2026-01-21 13:11:18
5350000,535000001219910001,2000-09-14,,영업/정상,,,,,0,,50865,대방가축약품,I,000,2026-03-26 22:47:49,경상남도 김해시 진영읍 여래로20번길 47,정상,0000,01,,357239.627371056    ,201967.904154953    ,경상남도 김해시 진영읍 진영리 275-43 ,2026-02-23 09:35:21
5350000,535000001219960001,1998-12-10,,영업/정상,,,,,0,,,김해가축약품,U,000,2026-06-26 03:03:03,경상남도 김해시 구산로5번길 5 (구산동),정상,0000,01,,370036.044105251    ,196052.091691927    ,경상남도 김해시 구산동 1058-7 ,2026-06-25 13:55:17
5350000,535000001220000001,2001-08-03,,영업/정상,,,,,0,,,경남가축약품,I,000,2026-03-26 22:47:49,경상남도 김해시 가야로147번길 16 (삼계동),정상,0000,01,,370407.075115558    ,197739.022565773    ,경상남도 김해시 삼계동 1448-13 ,2012-04-17 17:05:28
5350000,535000001219970001,2001-05-08,,폐업,2009-05-08,,,,0,,,녹원동물약품,I,000,2026-03-26 22:47:49,경상남도 김해시 구산로10번길 17-5 (구산동),폐업,0002,03,,370184.664549373    ,195853.800257144    ,경상남도 김해시 구산동 282-9 ,2009-05-08 14:39:38
5350000,535000001220030001,2003-02-06,,영업/정상,,,,,0,,,영광가축약품(주),I,L00,2026-03-26 22:47:49,경상남도 김해시 삼계중앙로5번길 1-36 (삼계동),정상,0000,01,,369658.73858536     ,197403.915632163    ,경상남도 김해시 삼계동 1436-2 ,2014-04-04 11:20:20
5350000,535000001220090001,2009-05-13,,영업/정상,,,,,0,,50904,주)팜스애니멀헬스,I,000,2026-03-26 22:47:49,경상남도 김해시 구산로5번길 35-41 (구산동),정상,0000,01,0553377533,369970.21648449     ,196433.829468098    ,경상남도 김해시 구산동 1054-11 ,2019-07-16 16:09:33
5350000,535000001220240001,2024-05-23,,휴업,,2025-08-18,,,,,50875,(주)메디슨인사이트 코니멀,I,L00,2026-03-26 22:47:49,"경상남도 김해시 진례면 테크노밸리로 151-8, 202호",휴업,0001,02,0553420334,361095.143137449    ,198997.188892705    ,경상남도 김해시 진례면 고모리 1566-9 ,2025-08-18 11:12:25
5350000,535000001220260001,2026-02-27,,영업/정상,,,,,,,50867,삼원수의약품,I,000,2026-03-26 22:47:49,"경상남도 김해시 진영읍 진영로 173-3, 2층",정상,0000,01,,357464.256321924    ,201806.084941869    ,경상남도 김해시 진영읍 진영리 275-85 ,2026-02-27 18:07:33
5350000,535000001220090002,2009-11-27,,폐업,2025-02-04,,,2025-02-04,52.8,,50920,삼호가축약품,I,000,2026-03-26 22:47:49,경상남도 김해시 분성로308번길 17 (서상동),폐업,0002,03,05553336369,371097.946175017    ,194107.94394795     ,경상남도 김해시 서상동 263-5 ,2025-02-05 10:13:30
5350000,535000001219930001,1998-05-28,,폐업,2009-11-24,,,,121.2,,,삼호동물약품,I,000,2026-03-26 22:47:49,,폐업,0002,03,,371097.946175017    ,194107.94394795     ,경상남도 김해시 서상동 263-0005 ,2009-11-24 10:12:11
5350000,535000001220010002,2001-06-29,,영업/정상,,,,,0,,,제일가축약품,I,000,2026-03-26 22:47:49,경상남도 김해시 구산로30번길 4-18 (구산동),정상,0000,01,,370204.082741796    ,195958.288039925    ,경상남도 김해시 구산동 274-18 ,2025-05-02 13:43:11
5360000,536000001220140001,2014-12-30,,영업/정상,,,,,76.4,,50423,미르동물약품,I,000,2026-03-26 22:40:49,경상남도 밀양시 내이1길 25 (내이동),정상,0000,01,,358365.777394223    ,223286.172826723    ,경상남도 밀양시 내이동 1193-26 ,2019-06-25 10:24:53
5360000,536000001220060001,2006-12-27,,폐업,2026-03-31,,,2026-03-31,46,,50423,낙동가축약품,U,000,2026-04-01 03:03:03,경상남도 밀양시 북성로3길 1 (내이동),폐업,0002,03,,358261.360964041    ,223469.00886661     ,경상남도 밀양시 내이동 1191-1 ,2026-03-31 15:52:55
5380000,538000001220160001,2016-04-21,,영업/정상,,,,,69.12,,50573,농업회사법인 주식회사나우수의그룹,I,L00,2025-12-15 16:15:28,경상남도 양산시 신기강변2길 37 (신기동),정상,0000,01,,385148.882596126    ,208107.007710232    ,경상남도 양산시 신기동 645-10 ,2020-10-28 17:05:43
5380000,538000001220130001,2013-06-10,,영업/정상,,,,,270.51,,50529,(주)호제약품,I,L00,2025-12-15 16:15:28,경상남도 양산시 서창로 137 (삼호동),정상,0000,01,0553649229,396895.33622766     ,214735.965766655    ,경상남도 양산시 삼호동 717-3 ,2014-02-24 13:36:25
5380000,538000001220180001,2018-03-09,,폐업,2021-01-01,,,2021-01-01,66,,50561,젤란 동물 약품,I,L00,2025-12-15 16:15:28,경상남도 양산시 상북면 석계로 45,폐업,0002,03,,387440.366697784    ,214709.158022486    ,경상남도 양산시 상북면 석계리 307-205 ,2021-10-26 09:04:52
5380000,538000001220030001,2003-10-31,,폐업,2004-10-26,,,,71.95,,,아진약품,I,000,2025-12-15 16:15:28,,폐업,0002,03,,384383.873856495    ,206495.434186075    ,경상남도 양산시 중부동 673-5 ,2004-11-03 15:47:06
5390000,539000001220150001,2015-09-09,,영업/정상,,,,,128,,52128,농업회사법인 청솔동물약품 주식회사,I,000,2026-05-02 22:04:39,경상남도 의령군 용덕면 소상로 14,정상,0000,01,0555736068,316981.348228417    ,204135.540254837    ,경상남도 진주시 내동면 독산리 285-5 ,2024-04-22 15:27:09
5400000,540000001220080001,2008-09-10,,폐업,2023-03-12,,,2023-03-12,202,,52050,그린가축약품,I,000,2026-05-07 22:02:04,경상남도 함안군 가야읍 중앙본길 37-6,폐업,0002,03,,328159.934704924    ,197959.716854311    ,경상남도 함안군 가야읍 말산리 234-12 ,2023-03-28 13:15:49
5400000,540000001220140001,2014-12-01,,폐업,2017-12-01,,,,285,,52056,동성동물약품,I,000,2026-05-07 22:02:05,경상남도 함안군 법수면 법수로 262,폐업,0002,03,0555842227,323222.723980191    ,202451.216706302    ,경상남도 함안군 법수면 우거리 751-65 ,2018-05-08 14:55:54
5400000,540000001220240001,2024-01-19,,영업/정상,,,,,120.72,,52017,창성가축약품,I,000,2026-05-07 22:02:07,"경상남도 함안군 칠원읍 용산1길 37, 1층",정상,0000,01,,337878.960170275    ,202133.723279916    ,경상남도 함안군 칠원읍 구성리 590-3 ,2024-11-28 14:50:36
5400000,540000001220200001,2020-11-06,,영업/정상,,,,,,,52011,현대동물약품,I,000,2026-05-07 22:02:06,"경상남도 함안군 대산면 대산중앙4길 45-3, 1,2층",정상,0000,01,0555860085,329730.79744617     ,206762.40343533     ,"경상남도 창원시 마산회원구 양덕동 317-27 1,2층 ",2025-02-07 10:55:25
5400000,540000001220170001,2017-12-04,,영업/정상,,,,,281.2,,52056,동성동물약품,I,000,2026-05-07 22:02:06,경상남도 함안군 법수면 법수로 260,정상,0000,01,0555842227,323202.272368801    ,202458.363368797    ,경상남도 함안군 법수면 우거리 751-9 ,2025-07-18 13:58:43
5400000,540000001220020001,2002-02-28,,영업/정상,,,,,290,,,(주) 부경팜,I,L00,2026-05-07 22:02:04,경상남도 함안군 칠원면 원서로 190,정상,0000,01,0555861949,336591.291074442    ,201112.828152058    ,경상남도 함안군 칠원읍 용정리 1110-2 ,2022-04-27 15:38:38
5410000,541000001220170001,2017-01-11,,영업/정상,,,,,,,50311,영남동물약품,I,000,2026-03-30 21:33:10,경상남도 창녕군 대합면 창한로 156-1,정상,0000,01,,333448.865159911    ,236289.106647865    ,경상남도 창녕군 대합면 십이리 163-3 ,2017-01-11 19:20:23
5410000,541000001220210001,2021-05-03,,영업/정상,,,,,138,,50365,가야가축약품,I,000,2026-03-30 21:33:10,경상남도 창녕군 부곡면 온천로 690,정상,0000,01,,344920.507662029    ,216196.913673324    ,경상남도 창녕군 부곡면 부곡리 631-30 ,2025-11-18 20:57:27
5410000,541000001220240001,2024-02-21,,영업/정상,,,,,48.75,,50342,주식회사 태성,I,L00,2026-03-30 21:33:10,경상남도 창녕군 계성면 영산장마로 666-19,정상,0000,01,,337502.047338745    ,218729.572995315    ,경상남도 창녕군 계성면 봉산리 24-7 ,2025-06-12 15:15:59
5410000,541000001220140001,2014-04-24,,영업/정상,,,,,46.28,,50361,대성동물약품,I,000,2026-03-30 21:33:10,경상남도 창녕군 남지읍 남포길 7-1,정상,0000,01,,334551.129575119    ,210817.055117542    ,경상남도 창녕군 남지읍 남지리 649-6 ,2019-02-08 11:30:38
5410000,541000001220030001,2003-04-02,,폐업,2008-07-29,,,,0,,50317,창녕가축약품상사,I,000,2026-03-30 21:33:10,경상남도 창녕군 창녕읍 명덕로 51,폐업,0002,03,0555329195,335506.418307842    ,228054.066587371    ,경상남도 창녕군 창녕읍 교리 274-3 ,2011-10-30 14:46:01
5410000,541000001220170002,2017-07-06,,폐업,2024-01-22,,,2024-01-22,,,50348,창성가축약품,I,000,2026-03-30 21:33:10,경상남도 창녕군 영산면 원다리길 13,폐업,0002,03,,338763.695932662    ,217864.610095798    ,경상남도 창녕군 영산면 동리 243-1 ,2024-01-22 15:27:30
5470000,547000001220060001,2006-05-24,,폐업,2014-06-05,2013-10-28,,,133,,,아림동물약품,I,000,2026-03-26 22:35:25,,폐업,0002,03,,282947.195731684    ,243334.434413446    ,경상남도 거창군 거창읍 대동리 920-1 2층 ,2014-06-05 08:49:37
5470000,547000001220110001,2011-05-25,,영업/정상,,,,,95,,50137,(주)수가축약품,I,L00,2026-03-26 22:35:25,경상남도 거창군 거창읍 강변로 191,정상,0000,01,0559437228,282986.219882218    ,243363.845831297    ,경상남도 거창군 거창읍 대동리 905-1 ,2019-04-02 10:44:35
5480000,548000001220000001,2000-08-24,,폐업,2003-12-03,,,,33.6,,,종합가축약품도매상,I,000,2026-03-26 22:40:11,,폐업,0002,03,0559338665,,,경상남도 합천군 합천읍 합천리 465 ,2004-04-26 17:03:06
5480000,548000001220170001,2017-09-07,,영업/정상,,,,,164,,50239,종합동물약품(주),I,L00,2026-03-26 22:40:11,경상남도 합천군 대양면 동부로 7,정상,0000,01,0559338665,305348.483749775    ,229135.88920704     ,경상남도 합천군 대양면 정양리 103-8 ,2024-07-09 15:28:46
5530000,553000001220210001,2021-02-08,,폐업,2021-03-03,,,2021-03-03,0,,18623,(주)대웅제약,I,L00,2026-02-01 10:34:13,"경기도 화성시 만세구 향남읍 제약공단4길 35-14, 대웅제약",폐업,0002,03,,191505.653417174    ,398507.298199296    ,경기도 화성시 만세구 향남읍 상신리 906-10 대웅제약 ,2021-03-03 15:10:32
5530000,553000001220250001,2025-02-27,,영업/정상,,,,,,,18510,주식회사 도팜인,I,000,2026-02-01 10:34:13,"경기도 화성시 동탄구 경기동로 485, 201호 (장지동)",정상,0000,01,0318944563,210975.319144173    ,405587.746366352    ,경기도 화성시 동탄구 장지동  817-7 ,2025-02-27 17:28:56
5530000,553000001220070001,2007-07-19,,폐업,2012-02-08,,,,0,,,이안물산,I,000,2026-02-01 10:34:13,,폐업,0002,03,0312324594,,,경기도 화성시 병점구 병점동  845-1    이타운쓰리 504호 ,2012-02-08 18:06:42
5530000,553000001220080001,2008-04-01,,폐업,2019-02-28,,,2019-02-28,0,,18401,화성동물약품,I,000,2026-02-01 10:34:13,경기도 화성시 병점구  효행로  990 (진안동),폐업,0002,03,,,,경기도 화성시 병점구 진안동  ,2019-02-26 13:50:55
5530000,553000001220100002,2010-07-22,,폐업,2015-11-24,,,,0,,18576,(주)씨티시바이오,I,L00,2026-02-01 10:34:13,경기도 화성시 만세구 팔탄면 현대기아로 38,폐업,0002,03,,,,경기도 화성시 만세구 팔탄면 노하리 ,2015-11-24 17:33:36
5530000,553000001220120001,2012-01-05,,폐업,2022-04-11,,,2022-04-11,0,,18516,종합동물약품,I,000,2026-02-01 10:34:13,경기도 화성시 효행구 정남면 세자로 8,폐업,0002,03,0313529488,,,경기도 화성시 효행구 정남면 괘랑리 ,2022-04-11 16:08:01
5530000,553000001219860001,1986-03-27,,폐업,2022-02-11,,,2022-02-11,60,,,봉담가축약품,I,000,2026-02-01 10:34:13,,폐업,0002,03,,195473.929669679    ,413245.083357261    ,경기도 화성시 효행구 봉담읍 동화리 425-24 ,2022-02-11 14:05:06
5530000,553000001219960001,1996-08-29,,폐업,2007-08-22,,,,0,,,고려동물약품상사,I,000,2026-02-01 10:34:13,,폐업,0002,03,,176636.181461042    ,412375.058774289    ,경기도 화성시 만세구 송산면 사강리 648 ,2007-11-21 13:37:03
5530000,553000001219980001,1998-08-19,,폐업,2007-08-22,,,,0,,,우리가축약품,I,000,2026-02-01 10:34:13,,폐업,0002,03,,,,경기도 화성시 만세구 우정읍 조암리 243 ,2007-11-21 13:36:09
5530000,553000001220010002,2001-08-28,,폐업,2012-01-02,,,,0,,,종합동물약품,I,000,2026-02-01 10:34:13,,폐업,0002,03,,198411.652604999    ,407628.360927134    ,경기도 화성시 효행구 정남면 괘랑리 1061-2 ,2012-01-02 17:42:10
5530000,553000001220010003,2001-12-28,,폐업,2004-04-30,,,,0,,,그린텍,I,000,2026-02-01 10:34:13,,폐업,0002,03,,191155.234900872    ,402952.662464021    ,경기도 화성시 만세구 향남읍 발안리 187 ,2004-04-30 11:46:53
5530000,553000001220030002,2003-06-14,,폐업,2005-12-22,,,,0,,,(주)대호,I,000,2026-02-01 10:34:13,,폐업,0002,03,,,,경기도 화성시 만세구 양감면 송산리 535-1    ,2005-12-23 09:31:55
5530000,553000001220030004,2003-06-14,,폐업,2013-04-05,,,,108,,,(주)한동,I,000,2026-02-01 10:34:13,,폐업,0002,03,024063511,,,경기도 화성시 동탄면 중리 472-2 ,2013-04-05 20:25:57
5530000,553000001220030008,2003-03-18,,폐업,2004-05-06,,,,0,,,부흥가축약품,I,000,2026-02-01 10:34:13,,폐업,0002,03,,183159.174733359    ,411695.148484562    ,경기도 화성시 만세구 남양읍 남양리 509 ,2004-05-06 10:48:20
5530000,553000001220050001,2005-04-06,,폐업,2014-05-12,,,,376,,,(주)알앤엘내츄럴라이프,I,000,2026-02-01 10:34:13,,폐업,0002,03,,193680.092828654    ,406924.004633324    ,경기도 화성시 효행구 봉담읍 덕우리 75 ,2014-05-12 10:50:15
5530000,553000001219970001,1997-01-18,,취소/말소/만료/정지/중지,,,,,0,,,(주)신한바이오켐,I,000,2026-02-01 10:34:13,,말소,0004,04,,194463.182800348    ,398459.469714313    ,경기도 화성시 만세구 양감면 대양리 522 ,2012-09-18 09:58:07
5530000,553000001219970002,1997-07-26,,영업/정상,,,,,0,,18356,(주)국제가축약품,I,F00,2026-02-01 10:34:13,경기도 화성시 병점구 용주로 105 (송산동),정상,0000,01,,200697.108905298    ,412020.154318018    ,경기도 화성시 병점구 송산동  201-7 ,2021-03-09 11:24:32
5530000,553000001220010001,2001-05-28,,휴업,,2025-01-14,,,0,,,대원가축약품,I,000,2026-02-01 10:34:13,,휴업,0001,02,,,,경기도 화성시 만세구 향남읍 방축리 11-17 ,2025-01-15 10:29:40
5530000,553000001220010004,2001-10-11,,취소/말소/만료/정지/중지,,,,,0,,,대한뉴팜(주),I,000,2026-02-01 10:34:13,,말소,0004,04,,191406.01741699     ,398779.684729339    ,경기도 화성시 만세구 향남읍 상신리 904-3 ,2018-04-12 15:56:56
5530000,553000001220030001,1986-08-19,,영업/정상,,,,,0,,18593,옥보동물약품상사,I,000,2026-02-01 10:34:13,경기도 화성시 만세구 향남읍 3.1만세로 1140,정상,0000,01,,192024.537212561    ,403663.56672147     ,경기도 화성시 만세구 향남읍 평리 30-6 ,2023-07-26 09:28:56
5530000,553000001220030003,2003-06-14,,영업/정상,,,,,900,,18628,우진비앤지주식회사,I,000,2026-02-01 10:34:13,경기도 화성시 만세구 양감면 정문송산로 230,정상,0000,01,0313520185,,,경기도 화성시 만세구 양감면 송산리 ,2024-12-04 16:40:55
5530000,553000001220030005,2003-06-14,,영업/정상,,,,,0,,18258,정인가축약품,I,000,2026-02-01 10:34:13,경기도 화성시 만세구 남양읍 남양시장로 73,정상,0000,01,0313520185,183712.740635244    ,411981.22955436     ,경기도 화성시 만세구 남양읍 남양리 1225-1 ,2022-08-04 14:04:23
5530000,553000001220030006,2003-06-14,,취소/말소/만료/정지/중지,,,,,0,,,대한뉴팜(주),I,000,2026-02-01 10:34:13,,말소,0004,04,,191406.01741699     ,398779.684729339    ,경기도 화성시 만세구 향남읍 상신리 904-3 ,2012-09-18 09:38:49
5530000,553000001220030007,2003-06-14,,취소/말소/만료/정지/중지,,,,,625,,,(주)신한바이오켐,I,000,2026-02-01 10:34:13,,말소,0004,04,,194463.182800348    ,398459.469714313    ,경기도 화성시 만세구 양감면 대양리 522 ,2012-09-18 09:58:50
5530000,553000001220030009,2003-11-13,,영업/정상,,,,,0,,18598,솔축산약품도매상사,I,000,2026-02-01 10:34:13,경기도 화성시 만세구 향남읍 행정서로2길 28-9,정상,0000,01,,,,경기도 화성시 만세구 향남읍 행정리 ,2014-05-21 10:06:03
5530000,553000001220040001,2004-09-14,,취소/말소/만료/정지/중지,,,,,0,,,대한류팜(주),I,000,2026-02-01 10:34:13,,말소,0004,04,,191406.01741699     ,398779.684729339    ,경기도 화성시 만세구 향남읍 상신리 904-3 ,2012-09-18 09:39:11
5530000,553000001220040002,2008-05-08,,영업/정상,,,,,0,,18622,대한뉴팜(주),I,L00,2026-02-03 21:32:30,경기도 화성시 만세구 향남읍 제약공단1길 66,정상,0000,01,,191406.01741699     ,398779.684729339    ,경기도 화성시 만세구 향남읍 상신리 904-3 ,2026-02-02 17:57:31
5530000,553000001220050002,2005-09-30,,영업/정상,,,,,0,,18574,(주)민우,I,L00,2026-02-01 10:34:13,경기도 화성시 만세구 장안면 석포로74번길 10-7,정상,0000,01,0313582860,185925.625789909    ,404026.894911326    ,경기도 화성시 만세구 장안면 석포리 677-13 ,2019-02-20 11:43:16
5530000,553000001220050003,2005-11-17,,휴업,,2026-05-31,2028-05-31,,0,,18631,(주)신한바이오켐,U,000,2026-06-05 03:03:03,경기도 화성시 만세구 양감면 제약단지로 260,휴업,0001,02,,194463.182800348    ,398459.469714313    ,경기도 화성시 만세구 양감면 대양리 522 ,2026-06-04 17:42:04
5530000,553000001220100001,2010-06-17,,영업/정상,,,,,0,,18449,(주)바이오노트,I,000,2026-02-10 21:32:30,경기도 화성시 동탄구 삼성1로4길  22 (석우동),정상,0000,01,,,,서울특별시 강동구 명일동 ,2026-02-09 10:27:28
5530000,553000001220100003,2010-12-29,,휴업,,2016-01-01,,,0,,,(주)지티바이오,I,000,2026-02-01 10:34:13,,휴업,0001,02,,192231.258416045    ,403249.697726012    ,경기도 화성시 만세구 향남읍 행정리 417-3 솔빌딩 2호,2016-02-01 08:57:31
5530000,553000001220120002,2012-02-10,,영업/정상,,,,,60.97,,18405,(주)이안애니멀헬스,I,L00,2026-02-01 10:34:13,"경기도 화성시 병점구 병점1로 216-21, 503호 (병점동)",정상,0000,01,0312324594,,,경기도 화성시 병점구 병점동  ,2026-01-06 20:30:01
5530000,553000001220120003,2012-03-06,,영업/정상,,,,,0,,18530,주식회사 이레켐,I,L00,2026-02-01 10:34:13,경기도 화성시 만세구 팔탄면 율암길 62,정상,0000,01,0313517131,189536.364818264    ,406193.313461898    ,경기도 화성시 만세구 팔탄면 율암리 714 ,2023-06-08 16:21:14
5530000,553000001220140001,2014-07-09,,영업/정상,,,,,0,,18405,에이앤디코리아,I,000,2026-02-01 10:34:13,"경기도 화성시 병점구 효행로 1056, 403호 (병점동, 탑플라자)",정상,0000,01,,203734.759393688    ,412480.974351001    ,경기도 화성시 병점구 병점동  844-2 ,2018-10-31 10:14:22
5530000,553000001220170001,2017-02-24,,영업/정상,,,,,,,18631,현AS,I,000,2026-02-01 10:34:13,경기도 화성시 만세구 양감면 제약단지로 274,정상,0000,01,03180596438,194579.9255         ,398450.982          ,경기도 화성시 만세구 양감면 대양리 522-4 ,2021-12-10 09:19:28
5530000,553000001220170002,2017-03-06,,영업/정상,,,,,,,18389,피앤비 동물약품,I,000,2026-02-01 10:34:13,경기도 화성시 병점구 병점중앙로242번길 9 (진안동),정상,0000,01,,203090.91195176     ,412997.569928435    ,경기도 화성시 병점구 진안동  919-19 ,2017-03-09 09:31:00
5530000,553000001220180001,2018-03-09,,영업/정상,,,,,174.86,,18329,한얼가축약품,I,000,2026-02-01 10:34:13,경기도 화성시 효행구 봉담읍 시냇말길 42,정상,0000,01,,196356.144473946    ,411971.179970341    ,경기도 화성시 효행구 봉담읍 분천리 54-18 ,2024-10-14 17:56:31
5530000,553000001220190001,2019-10-28,,휴업,,2021-08-30,,,0,,18545,(주)한화트레이딩,I,L00,2026-02-01 10:34:13,경기도 화성시 만세구 송산면 송산포도로 369-30,휴업,0001,02,,174155.758537107    ,413081.714500333    ,경기도 화성시 만세구 송산면 중송리 103-39 ,2021-08-31 09:54:16
5530000,553000001220200001,2020-01-28,,영업/정상,,,,,0,,18630,아리팜,I,000,2026-02-01 10:34:13,경기도 화성시 만세구 양감면 용소금각로 172,정상,0000,01,,198839.748787121    ,397645.427785728    ,경기도 화성시 만세구 양감면 용소리 629-1 ,2026-01-06 17:18:19
5530000,553000001220210003,2021-03-26,,영업/정상,,,,,0,,18332,(주)다나코리아,I,L00,2026-02-01 10:34:13,경기도 화성시 효행구 봉담읍 왕림북길 41,정상,0000,01,0312232177,195052.03688022     ,411236.73778227     ,경기도 화성시 효행구 봉담읍 왕림리 58-23 ,2021-03-26 09:24:22
5530000,553000001220210004,2021-09-23,,영업/정상,,,,,0,,18516,종합동물약품,I,000,2026-02-01 10:34:13,경기도 화성시 효행구 정남면 세자로 14,정상,0000,01,,198324.135905092    ,407673.267533452    ,경기도 화성시 효행구 정남면 괘랑리 1065-5 ,2024-07-08 09:25:02
5530000,553000001220230001,2023-01-10,,영업/정상,,,,,,,18469,(주)바이오비,I,L00,2026-02-01 10:34:13,"경기도 화성시 동탄구 동탄첨단산업1로 27, 금강펜테리움 IX타워 C동 518호 (영천동)",정상,0000,01,0312160686,,,경기도 화성시 동탄구 영천동  823-6 금강펜테리움 IX타워 C동 518호,2024-05-22 10:41:25
5530000,553000001220230002,2023-09-26,,영업/정상,,,,,,,18598,바이오 인사이드 주식회사,I,000,2026-02-01 10:34:13,"경기도 화성시 만세구 향남읍 행정서로2길 28-9, 2호",정상,0000,01,0313533166,192231.258416045    ,403249.697726012    ,경기도 화성시 만세구 향남읍 행정리 417-3 2호,2024-09-06 09:41:35
5530000,553000001220210002,2021-02-25,,폐업,2025-11-24,,,2025-11-24,0,,18533,(주)큐로솔,I,L00,2026-02-01 10:34:13,"경기도 화성시 만세구 팔탄면 삼천병마로 584, 상가 A동 115,116호 (진우(아))",폐업,0002,03,05053105310,193797.410156106    ,406504.2752779      ,경기도 화성시 만세구 팔탄면 가재리 692-1 진우(아) ,2025-11-25 17:27:12
5540000,554000001220040001,2004-01-15,,폐업,2008-12-10,,,,191.2,,12771,(주)론스타코리아,I,000,2025-12-15 16:15:28,경기도 광주시 신현동 태재로 21,폐업,0002,03,,,,경기도 광주시 신현동 709-27 ,2011-10-30 15:55:16
5540000,554000001220050001,2005-07-01,,폐업,2009-08-21,,,,198,,,(주)이레케미칼,I,000,2025-12-15 16:15:28,,폐업,0002,03,,,,경기도 광주시 문형동 69-2 ,2009-08-21 11:03:49
5540000,554000001220150002,2015-08-05,,폐업,2023-03-29,,,2023-03-29,0,,12815,(주)동진비엘에스,I,000,2025-12-15 16:15:28,경기도 광주시 도척면 도척윗로 816,폐업,0002,03,,229189.790628483    ,422752.952101387    ,경기도 광주시 도척면 노곡리 52-5 ,2023-03-29 08:24:48
5540000,554000001220150001,2015-02-03,,영업/정상,,,,,137.92,,12740,한산 F&P,I,000,2025-12-15 16:15:28,"경기도 광주시 초월읍 설월길 8, 2층 01호",정상,0000,01,07041526726,225314.947773948    ,435965.769917084    ,경기도 광주시 초월읍 지월리 550-2 ,2021-11-02 12:49:42
5540000,554000001220180001,2018-12-05,,영업/정상,,,,,49.58,,12736,펫나라 동물약품,I,000,2025-12-15 16:15:28,"경기도 광주시 초월읍 경충대로1127번길 17, 동광모닝스카이아파트 상가 205호",정상,0000,01,,226009.265345156    ,430553.069523997    ,경기도 광주시 초월읍 쌍동리 392 동광모닝스카이아파트 상가 205호,2025-05-26 16:48:34
5540000,554000001220240001,2024-03-05,,영업/정상,,,,,0,,12770,래티스(LATTICE),I,000,2026-03-07 21:02:31,경기도 광주시 목동길36번길 9-1 (목동),정상,0000,01,,217369.584452299    ,431283.397493305    ,경기도 광주시 목동 394 ,2026-03-06 16:08:57
5540000,554000001220240002,2024-06-09,,휴업,,2025-09-12,2026-09-11,,,,12774,한국반려동물영양연구소,I,000,2025-12-15 16:15:28,경기도 광주시 오포로 589-3 (문형동),휴업,0001,02,0317688728,,,경기도 광주시 문형동 262-6 ,2025-09-12 16:18:49
5570000,557000001220030002,2003-12-01,,폐업,2015-04-29,,,,23,,27928,(주)명성,I,L00,2026-05-10 22:32:43,충청북도 증평군 증평읍 역전로 20,폐업,0002,03,,251585.58756139     ,364894.926544978    ,충청북도 증평군 증평읍 창동리 255 ,2015-04-29 14:04:46
5570000,557000001220030001,2003-11-20,,폐업,2017-01-19,,,2017-01-19,0,,27937,녹십자동물약품,I,000,2026-05-10 22:32:43,충청북도 증평군 증평읍 역전로 44-1,폐업,0002,03,0438388191,251724.844884095    ,364713.794676237    ,충청북도 증평군 증평읍 신동리 ,2017-01-19 15:41:34
5570000,557000001220240001,2024-10-31,,영업/정상,,,,,98,,27941,해강동물약품,I,000,2026-05-10 22:32:43,충청북도 증평군 증평읍 초중8길 25-9,정상,0000,01,,250737.641195824    ,364189.458918199    ,충청북도 증평군 증평읍 초중리 571-2 ,2024-10-31 09:46:04
5580000,558000001220170001,2017-07-07,,폐업,2020-11-23,,,2020-11-23,300.3,,32842,(주)노하치(Know Hachi),I,L00,2026-05-11 22:32:43,충청남도 계룡시 두마면 입암길 137,폐업,0002,03,,223281.204384138    ,305221.85965427     ,충청남도 계룡시 두마면 입암리 321-2 ,2020-11-23 09:53:59
5580000,558000001220060001,2006-02-28,,폐업,2012-05-14,,,,452.5,,,(주)다남,I,L00,2026-05-11 22:32:43,,폐업,0002,03,0428408111,221285.428256166    ,308308.246849083    ,충청남도 계룡시 엄사면 유동리 55 ,2012-05-14 15:44:27
5590000,559000001219980001,1998-09-30,,폐업,2013-09-26,,,,0,,11409,현대가축약품,I,000,2025-12-15 16:15:28,경기도 양주시 남면 화합로 583,폐업,0002,03,,199432.223348412    ,485476.83236832     ,경기도 양주시 남면 상수리 341-4 ,2013-09-26 16:59:10
5590000,559000001220030001,2003-12-13,,폐업,2006-02-20,,,,0,,,협성가축약품,I,000,2025-12-15 16:15:28,,폐업,0002,03,,,,경기도 양주시 광적면 가납리 743 ,2006-02-22 10:29:16
5590000,559000001220040001,2004-02-06,,폐업,2005-09-28,,,,20.4,,,형통가축,I,000,2025-12-15 16:15:28,,폐업,0002,03,,198818.749363957    ,479165.276550621    ,경기도 양주시 광적면 가납리 657-20 ,2005-09-30 18:12:35
5590000,559000001220040002,2004-12-02,,폐업,2023-09-15,,,2023-09-15,87,,,(주)허바로,I,L00,2025-12-15 16:15:28,,폐업,0002,03,0318797902,196175.027682295    ,478724.315146188    ,경기도 양주시 백석읍 연곡리 150-5 ,2023-09-15 10:50:03
5590000,559000001220180001,2018-01-09,,폐업,2018-01-17,,,2018-01-17,80.4,,11517,한성동물약품,I,000,2025-12-15 16:15:28,"경기도 양주시 백석읍 권율로 1287, 3호",폐업,0002,03,0318367511,197145.199482894    ,477785.901275668    ,경기도 양주시 백석읍 홍죽리 33-1 ,2018-01-17 14:12:15
5590000,559000001220180002,2018-01-19,,폐업,2018-09-13,,,2018-09-13,91.2,,11517,한성동물약품,I,L00,2025-12-15 16:15:28,"경기도 양주시 백석읍 권율로 1287, 3호",폐업,0002,03,0318367511,197145.199482894    ,477785.901275668    ,경기도 양주시 백석읍 홍죽리 33-1 3호,2018-09-13 10:19:46
5590000,559000001219900001,1990-05-16,,폐업,2003-11-07,,,,0,,,협성가축약품,I,000,2025-12-15 16:15:28,,폐업,0002,03,,,,경기도 양주시 광적면 가납리 743 ,2003-11-07 17:09:22
5590000,559000001219860001,1986-05-14,,폐업,2006-11-10,,,,0,,,성원가축약품,I,000,2025-12-15 16:15:28,,폐업,0002,03,,204442.050510933    ,480364.828552822    ,경기도 양주시 덕계동 534-4 ,2006-11-10 17:38:26
5590000,559000001220220001,2022-10-11,,휴업,,2023-05-11,,,0,,11521,(주)유나팜,I,L00,2025-12-15 16:15:28,경기도 양주시 장흥면 가마골로 299,휴업,0001,02,0318531844,197675.660116458    ,471274.410318691    ,경기도 양주시 장흥면 부곡리 124-1 ,2023-05-11 13:24:58
5590000,559000001220030002,2003-09-25,,영업/정상,,,,,277.07,,11427,건우동물약품,I,000,2025-12-15 16:15:28,경기도 양주시 은현면 은현로 73-14,정상,0000,01,0318679960,201991.75912725     ,485863.169543207    ,경기도 의정부시 장암동 342-18 ,2020-06-11 11:12:30
5590000,559000001220180003,2018-08-24,,폐업,2019-04-25,,,2019-04-25,47.52,,11426,한성동물약품,I,L00,2025-12-15 16:15:28,경기도 양주시 은현면 은현로55번길 283-2,폐업,0002,03,,200805.525648629    ,486253.856742745    ,경기도 양주시 은현면 운암리 429-7 ,2019-04-25 10:48:51
5590000,559000001219990001,1999-11-18,,영업/정상,,,,,137.74,,11426,동산가축약품도매상사,I,000,2025-12-15 16:15:28,경기도 양주시 남면 화합로 642,정상,0000,01,0318366463,200003.989538618    ,485387.878326567    ,경기도 양주시 남면 상수리 165-14 ,2020-05-18 13:11:49
5600000,560000001219910001,1991-11-26,,폐업,2025-10-14,,,2025-10-14,64,,,포천약품사료,I,000,2025-12-15 16:15:28,,폐업,0002,03,0315313761,218094.163835083    ,488292.11550261     ,경기도 포천시 군내면 하성북리 669-24 ,2025-10-14 16:37:28
5600000,560000001220050002,2005-05-19,,영업/정상,,,,,1789.49,,11106,참가축약품,I,000,2025-12-15 16:15:28,경기도 포천시 영북면 영북로 171-1,정상,0000,01,0315313325,224011.646403576    ,509674.344738522    ,경기도 포천시 영북면 운천리 511-8 ,2024-07-19 14:11:31
5600000,560000001220050001,2005-02-25,,폐업,2007-11-12,,,,0,,,터미날약품,I,000,2025-12-15 16:15:28,,폐업,0002,03,0315337055,,,경기도 포천시 군내면 구읍리 596-4    ,2007-11-12 16:46:10
5600000,560000001220060001,2006-07-10,,폐업,2007-11-02,,,,220.27,,,성동가축약품,I,000,2025-12-15 16:15:28,,폐업,0002,03,0315328158,222086.677367614    ,502029.982254326    ,경기도 포천시 영중면 성동리 640 ,2007-11-13 11:24:02
5600000,560000001220090001,2009-08-26,,폐업,2017-10-26,,,2017-10-26,70.23,,,이소프라임동물약품,I,000,2025-12-15 16:15:28,,폐업,0002,03,0315335065,220051.806047628    ,492868.24227984     ,경기도 포천시 신북면 기지리 109 ,2017-10-26 17:26:41
5600000,560000001220020001,2002-03-08,,폐업,2007-11-13,,,,0,,,바이오그린 동물약품,I,000,2025-12-15 16:15:28,,폐업,0002,03,,221028.175974293    ,494619.994406354    ,경기도 포천시 신북면 만세교리 264-8 ,2007-11-13 11:01:07
5600000,560000001220040001,2004-03-30,,영업/정상,,,,,50,,11129,유명가축약품,I,000,2025-12-15 16:15:28,경기도 포천시 영중면 양문로3길 20-1,정상,0000,01,,221200.14736342     ,499905.522505452    ,경기도 포천시 영중면 양문리 -802 7통,2015-07-21 13:20:58
5600000,560000001220000001,2000-12-27,,영업/정상,,,,,90,,11144,포천바이웰 동물약품,I,000,2025-12-15 16:15:28,경기도 포천시 중앙로 151 (신읍동),정상,0000,01,,217959.605773712    ,488558.182673939    ,경기도 포천시 신읍동 202-18 ,2023-12-06 16:21:47
5600000,560000001219950001,1995-01-11,,영업/정상,,,,,240,,11151,한강동물약품,I,000,2025-12-15 16:15:28,경기도 포천시 군내면 호국로 1628,정상,0000,01,,218207.222584789    ,488400.512489303    ,경기도 포천시 군내면 하성북리 755 ,2023-01-03 17:57:09
5600000,560000001220200001,2020-04-28,,영업/정상,,,,,162,,11164,주식회사 제이알네이처,I,L00,2025-12-15 16:15:28,"경기도 포천시 가산면 마정로 38, 나동",정상,0000,01,,215810.196405579    ,481944.354544329    ,경기도 포천시 가산면 마산리 315-2 나동 ,2024-01-19 14:12:43
5600000,560000001220190001,2019-09-03,,영업/정상,,,,,198,,11131,라임동물약품,I,000,2025-12-15 16:15:28,"경기도 포천시 영중면 호국로 2558, 1층 2호",정상,0000,01,0315322565,221824.53594343     ,496637.52362775     ,경기도 포천시 영중면 금주리 905-5 ,2023-01-11 11:15:18
5600000,560000001220160001,2016-01-19,,영업/정상,,,,,324,,11139,(주)누리팜동물약품,I,000,2025-12-15 16:15:28,경기도 포천시 신북면 호국로 2013,정상,0000,01,0315358037,219597.720556865    ,491952.575975987    ,경기도 포천시 신북면 기지리 818-12 ,2023-08-01 15:14:20
5600000,560000001220120001,2012-02-27,,영업/정상,,,,,196.65,,11181,성진벳,I,000,2025-12-15 16:15:28,경기도 포천시 소흘읍 죽엽산로101번길 4,정상,0000,01,,213827.857302294    ,479984.530674542    ,경기도 포천시 소흘읍 이가팔리 545-1 ,2024-05-23 17:25:11
5600000,560000001220070001,2007-11-02,,영업/정상,,,,,99,,11127,성동가축약품,I,000,2025-12-15 16:15:28,경기도 포천시 영중면 호국로 3042,정상,0000,01,,221681.591957438    ,501292.78421825     ,경기도 포천시 영중면 성동리 895-6 ,2017-08-09 08:41:39
5670000,567000001220200001,2020-09-16,,영업/정상,,,,,136.78,,51126,(주)티에스팜,I,L00,2025-12-15 16:15:28,"경상남도 창원시 의창구 대산면 진산대로 277-3, 1층",정상,0000,01,0552374188,355886.598365895    ,204271.015466821    ,경상남도 창원시 의창구 대산면 제동리 491-3 ,2025-08-28 11:57:43
5670000,567000001220250001,2025-07-29,,영업/정상,,,,,58.65,,51241,씨에이팜,I,000,2025-12-15 16:15:28,"경상남도 창원시 마산회원구 내서읍 광려천남로 259-35, 지하 104호 (명품 에브라임)",정상,0000,01,,337127.973033687    ,193442.533703907    ,경상남도 창원시 마산회원구 내서읍 원계리 505-1 명품 에브라임 ,2025-09-12 09:03:19
5670000,567000001220180002,2018-03-08,,영업/정상,,,,,154.72,,51333,슈퍼케미칼,I,000,2025-12-15 16:15:28,"경상남도 창원시 마산합포구 회원동북로 70, 2층 (산호동)",정상,0000,01,0552671436,343783.51472982     ,192133.003068155    ,경상남도 창원시 마산합포구 산호동 49-4 ,2024-04-30 14:15:16
5670000,567000001220240001,2024-02-06,,폐업,2025-08-27,,,2025-08-27,0,,51778,엠에이치 플러스팜,I,000,2025-12-15 16:15:28,"경상남도 창원시 마산합포구 현동6길 94, 현동프라자 303호 (현동)",폐업,0002,03,0557153332,341510.4571915      ,184546.591452469    ,경상남도 창원시 마산합포구 현동 382 ,2025-08-28 18:49:55
5670000,567000001220220001,2022-02-25,,폐업,2023-08-04,,,2023-08-04,34.02,,51213,(주)경남지오영,I,L00,2025-12-15 16:15:28,경상남도 창원시 마산회원구 내서읍 호원로 411,폐업,0002,03,0557197701,339122.21044031     ,197583.025714044    ,경상남도 창원시 마산회원구 내서읍 평성리 491 ,2023-08-03 13:11:11
5670000,567000001219910001,1991-04-26,,폐업,2005-07-13,,,,0,,,백제약품(주)창원지점,I,000,2025-12-15 16:15:28,,폐업,0002,03,,,,경상남도 창원시 의창구 명서동 209-1  ,2005-07-14 08:45:17
5670000,567000001220180001,2018-01-26,,폐업,2022-10-24,,,2022-10-24,0,,51376,(주)경남세화약품,I,L00,2025-12-15 16:15:28,"경상남도 창원시 의창구 의창대로54번길 14-16, 4층 (팔용동)",폐업,0002,03,0552921656,346196.836309411    ,196253.2737678      ,경상남도 창원시 의창구 팔용동 151-7 ,2022-10-26 16:09:24
5670000,567000001220170001,2017-09-08,,폐업,2019-03-05,,,2019-03-05,10,,51402,주식회사 티에스팜,I,L00,2025-12-15 16:15:28,"경상남도 창원시 의창구 무역로581번길 43 (팔용동, 동림빌딩)",폐업,0002,03,0553394188,348884.713286609    ,193717.757386651    ,경상남도 창원시 의창구 팔용동 6-37 동림빌딩 303호,2019-03-05 17:57:31
5670000,567000001220130001,2013-08-14,,폐업,2015-09-01,,,,133.8,,,청솔동물약품 주식회사,I,L00,2025-12-15 16:15:28,경상남도 창원시 의창구 평산로185번길 28-16 (중동),폐업,0002,03,,347573.65682741     ,196869.111298652    ,경상남도 창원시 의창구 중동 11 ,2015-09-01 13:29:09
5670000,567000001220100001,2010-09-27,,폐업,2013-07-25,,,,392,,,대진약품,I,000,2025-12-15 16:15:28,,폐업,0002,03,0552966356,,,경상남도 창원시 의창구 북면 화천리 872-1 101호 ,2013-07-25 16:20:27
5670000,567000001220021001,2002-03-12,,폐업,2013-08-01,,,,0,,,(주)경일벳,I,000,2025-12-15 16:15:28,,폐업,0002,03,,341902.052847497    ,193855.626732849    ,경상남도 창원시 마산회원구 회성동 173-5 ,2013-08-02 08:41:52
5670000,567000001220190001,2019-12-24,,폐업,2024-12-31,,,2024-12-31,,,51126,두루팜,I,000,2025-12-15 16:15:28,경상남도 창원시 의창구 대산면 진산대로 277-3,폐업,0002,03,0552888232,355886.598365895    ,204271.015466821    ,경상남도 창원시 의창구 대산면 제동리 491-3 ,2025-01-07 11:32:54
5680000,463000001220010002,2001-04-07,,폐업,2020-01-09,,,2020-01-09,44.45,,,정우 가축 약품,I,000,2026-05-02 22:31:19,충청남도 당진시 합덕읍 합덕시장로 223,폐업,0002,03,,179827.602057043    ,367681.517737545    ,충청남도 당진시 합덕읍 운산리 293-6 ,2020-01-09 15:21:49
5680000,463000001220110002,2011-07-12,,폐업,2014-05-23,,,,52.44,,31776,제일동물약품,I,000,2026-05-02 22:31:19,충청남도 당진시 무수동로 27 (대덕동),폐업,0002,03,,167557.789097755    ,376185.448103354    ,충청남도 당진시 대덕동 1645 ,2014-05-23 18:15:43
5680000,463000001219910001,1991-07-25,,영업/정상,,,,,0,,31812,이화가축약품,I,000,2026-05-02 22:31:19,충청남도 당진시 합덕읍 합우로 105,정상,0000,01,,179587.269689468    ,367604.652408935    ,충청남도 당진시 합덕읍 운산리 277-2 ,2020-05-18 09:39:39
5680000,463000001220000001,2000-05-18,,영업/정상,,,,,0,,,천하가축약품,I,000,2026-05-02 22:31:19,충청남도 당진시 당진중앙2로 162-13 (읍내동),정상,0000,01,,167279.333162458    ,377147.03807099     ,충청남도 당진시 읍내동 236-7 ,2022-09-05 13:49:18
5680000,463000001220010001,2001-11-22,,영업/정상,,,,,35,,,호서 가축약품,I,000,2026-05-02 22:31:19,충청남도 당진시 무수동로 109 (읍내동),정상,0000,01,,167555.483010918    ,376598.120895463    ,충청남도 당진시 읍내동 1252-1 ,2022-09-15 10:54:36
5680000,463000001220110001,2011-04-14,,영업/정상,,,,,280,,31757,(주)한울,I,000,2026-05-02 22:31:19,충청남도 당진시 순성면 순성로 419,정상,0000,01,0413547555,173636.475365589    ,371350.597491745    ,충청남도 당진시 순성면 봉소리 606-15 ,2021-06-09 17:16:45
5680000,568000001220190001,2019-08-14,,영업/정상,,,,,150,,31747,성신가축약품,I,L00,2026-05-02 22:31:19,"충청남도 당진시 신평면 상오로 130-24, 1동 2호, 2동",정상,0000,01,,177916.476506602    ,373126.597250699    ,충청남도 당진시 신평면 상오리 680-2 ,2021-09-30 14:44:41
5680000,568000001220250001,2025-06-05,,영업/정상,,,,,0,,31778,미소팜,I,000,2026-05-02 22:31:19,충청남도 당진시 대덕1로 125-84 (대덕동),정상,0000,01,0413571445,168423.198843508    ,375949.523970287    ,충청남도 당진시 대덕동 1841 ,2025-09-10 10:12:39
5690000,569000001220010001,2001-02-16,,폐업,2003-12-08,,,,0,,,합자)신후계자가축약품,I,000,2025-12-15 16:15:28,,폐업,0002,03,,226961.243178734    ,344040.148596335    ,세종특별자치시 조치원읍 남리 275-0 ,2015-07-30 17:52:41
5690000,569000001220020001,2002-05-04,,폐업,2006-12-20,,,,0,,,중앙가축약품,I,000,2025-12-15 16:15:28,,폐업,0002,03,,226840.466444099    ,344051.282345971    ,세종특별자치시 조치원읍 남리 286-0 ,2006-12-20 15:29:22
5690000,569000001220032003,2003-05-20,,폐업,2012-10-08,,,,932.76,,,(주)에이원,I,000,2025-12-15 16:15:28,,폐업,0002,03,0432773372,232555.47344247     ,334085.373159471    ,세종특별자치시 부강면 금호리 155-2 ,2014-01-02 14:34:48
5690000,569000001220250001,2025-09-23,,영업/정상,,,,,496.5,,30086,(주)테라팜,I,000,2025-12-15 16:15:28,세종특별자치시 금남면 국곡길 146-11,정상,0000,01,,224732.663750348    ,326205.676927925    ,세종특별자치시 금남면 국곡리 15-3 ,2025-09-23 16:47:04
5690000,569000001220032001,2003-05-20,,영업/정상,,,,,201.45,,30077,(주)에이원,I,L00,2025-12-15 16:15:28,세종특별자치시 부강면 부강금호로 229,정상,0000,01,,232555.47344247     ,334085.373159471    ,세종특별자치시 부강면 금호리 155-2 ,2012-10-08 13:44:09
5690000,569000001220190001,2019-06-26,,영업/정상,,,,,,,30049,세종축산동물약품,I,000,2025-12-15 16:15:28,"세종특별자치시 연서면 세종로 2083, 세종패션타운 B-109호",정상,0000,01,0448625852,225911.164926059    ,341358.17754157     ,세종특별자치시 연서면 월하리 139-2 ,2019-06-26 13:21:18
5690000,569000001220240001,2024-04-01,,영업/정상,,,,,48,,30129,이음,I,000,2025-12-15 16:15:28,"세종특별자치시 한누리대로 194, 세종의아침 1층 106호 (나성동)",정상,0000,01,,223350.217907226    ,331310.252192188    ,세종특별자치시 나성동 775 세종의아침 ,2025-03-06 10:15:42
5690000,569000001220000001,2000-10-11,,영업/정상,,,,,0,,30026,(합)성원벤처메디칼,I,000,2025-12-15 16:15:28,세종특별자치시 조치원읍 장안로 27,정상,0000,01,0448674831,226926.455689024    ,344266.960878963    ,세종특별자치시 조치원읍 명리 67-17 ,2018-06-23 19:14:19
5700000,411000001220000001,2000-09-28,,폐업,2021-07-28,,,2021-07-28,90.68,,12619,(주)백산동물약품,I,000,2026-05-02 22:04:33,경기도 여주시 청심로 99 (하동),폐업,0002,03,,255921.844704637    ,422138.428360166    ,경기도 여주시 하동 394-8 ,2021-07-28 16:51:00
5700000,411000001220030001,2003-03-26,,폐업,2007-12-06,,,,49.47,,,강남동물약품,I,000,2026-05-02 22:04:33,,폐업,0002,03,,258676.34745235     ,411760.621269382    ,경기도 여주시 점동면 청안리 126-8 ,2007-12-07 10:33:47
5700000,411000001220100001,2010-02-08,,폐업,2010-11-11,,,,54.36,,,성보가축약품,I,000,2026-05-02 22:04:33,,폐업,0002,03,0318833894,,,경기도 여주시 능서면 번도리 409-7    ,2010-11-12 10:10:20
5700000,411000001220010001,2001-02-19,,영업/정상,,,,,129,,12624,신태양동물약품,I,000,2026-05-02 22:04:33,경기도 여주시 소양로15번길 1 (하동),정상,0000,01,0318848640,255644.543254906    ,421848.028348337    ,경기도 여주시 하동 362-12 ,2023-07-13 09:17:31
5700000,411000001220030002,2003-06-03,,영업/정상,,,,,99,,,중부가축약품,I,000,2026-05-02 22:04:33,,정상,0000,01,,248128.094234655    ,411459.777350782    ,경기도 여주시 가남읍 태평리 166 ,2010-09-01 15:52:04
5700000,570000001220250001,2025-09-08,,영업/정상,,,,,89.57,,12662,한진가축약품,I,000,2026-05-02 22:04:33,"경기도 여주시 가남읍 태평중앙1길 15-16, 한진가축약품",정상,0000,01,,248331.912031264    ,411144.924582844    ,경기도 여주시 가남읍 태평리 112-13 ,2025-09-08 15:59:29
5700000,570000001220150001,2019-04-05,,영업/정상,,,,,0,,12610,삼양가축약품,I,000,2026-05-02 22:04:33,경기도 여주시 대신면 여양로 1473,정상,0000,01,0318838386,251733.848742301    ,430323.938112547    ,,2023-11-07 16:15:09
5700000,570000001220150002,2015-12-23,,휴업,,2022-07-01,,,90,,12618,다온,I,000,2026-05-02 22:04:33,경기도 여주시 여흥로4번길 5-8(하동),휴업,0001,02,0318837623,255389.202553031    ,422184.976786707    ,경기도 여주시 하동 419-7 ,2022-06-29 15:00:51
5700000,570000001220170001,2017-03-10,,폐업,2026-03-24,,,2026-03-24,85.95,,12618,여흥가축약품,I,000,2026-05-02 22:04:33,경기도 여주시 청심로 16 (하동),폐업,0002,03,0318857761,255160.235823982    ,422220.205208984    ,경기도 여주시 하동 415-4 ,2026-03-24 16:58:45
5700000,570000001220190001,2019-04-15,,영업/정상,,,,,167.46,,12645,한서 동물 약품,I,000,2026-05-02 22:04:33,경기도 여주시 삼밭골길 26-16 (월송동),정상,0000,01,,254279.308014817    ,420698.208327602    ,경기도 여주시 월송동 214 ,2023-07-18 10:50:47
5700000,570000001220220001,2022-07-08,,영업/정상,,,,,0,,12618,성우약품,I,000,2026-05-02 22:04:33,경기도 여주시 여흥로4번길 5-6(하동),정상,0000,01,0318837877,255393.642887159    ,422199.63597911     ,경기도 여주시 하동 419-6 ,2022-07-08 13:45:15
5700000,570000001220140001,2014-12-08,,영업/정상,,,,,735.4,,12653,(주)테라케이,I,000,2026-05-02 22:04:33,경기도 여주시 웅골로 85 (점봉동),정상,0000,01,0318838838,256078.677960943    ,417787.929515677    ,,2016-03-16 13:35:02
5710000,571000001220240003,2024-11-12,,영업/정상,,,,,3843,,28182,주식회사 안진에스피,I,L00,2026-05-08 22:32:44,충청북도 청주시 서원구 남이면 남석로 151-20,정상,0000,01,0432687911,238046.933866826    ,341200.332477667    ,충청북도 청주시 서원구 남이면 척북리 107-6 ,2024-11-12 14:40:45
5710000,571000001220260001,2026-02-09,,영업/정상,,,,,0,,28649,주식회사 정진팜,I,L00,2026-05-08 22:32:44,"충청북도 청주시 서원구 예체로 91, 2층 (사창동)",정상,0000,01,0432603420,241831.577593903    ,348224.310034083    ,충청북도 청주시 서원구 사창동 316-37 ,2026-02-09 15:33:46
5710000,571000001220103001,2010-10-14,,폐업,2010-11-23,,,,44.75,,,펫타임동물약품,I,000,2026-05-08 22:32:43,충청북도 청주시 청원구 내수읍 충청대로 412,폐업,0002,03,0432128526,245611.516944631    ,354163.745602623    ,충청북도 청주시 청원구 내수읍 구성리 251-24 ,2010-11-23 13:30:15
5710000,571000001220160001,2016-03-03,,폐업,2023-03-21,,,2023-03-21,0,,28166,주식회사더팜스에이에이치씨,I,000,2026-05-08 22:32:43,"충청북도 청주시 흥덕구 오송읍 오송생명5로 283, 7층 706호 (미라클오피스)",폐업,0002,03,,229064.612012961    ,346909.659006728    ,충청북도 청주시 흥덕구 오송읍 만수리 854 ,2023-03-21 13:36:00
5710000,571000001220230002,2023-05-28,,폐업,2024-10-10,,,2024-10-10,72,,28180,대원동물약품,I,000,2026-05-08 22:32:44,"충청북도 청주시 서원구 남이면 청남로 1484-7, 1층",폐업,0002,03,,240586.05294785     ,341383.82192274     ,충청북도 청주시 서원구 남이면 수대리 165-34 ,2024-10-10 13:29:59
5710000,571000001220240002,2024-11-08,,폐업,2025-08-27,,,2025-08-27,743,,28131,성보펫케어 주식회사,I,L00,2026-05-08 22:32:44,충청북도 청주시 청원구 오창읍 가곡2길 46,폐업,0002,03,07048016933,240791.729685663    ,357940.164557178    ,충청북도 청주시 청원구 오창읍 가곡리 233-1 ,2025-08-27 15:32:33
5710000,571000001219900001,1990-11-06,,폐업,2008-11-19,,,,63.1,,,대한축산약품상사,I,000,2026-05-08 22:32:43,,폐업,0002,03,,243504.826207986    ,350506.75516378     ,충청북도 청주시 청원구 내덕동 294-1 ,2008-11-21 10:04:38
5710000,571000001219910001,1991-03-08,,폐업,2007-10-01,,,,42.25,,,상당가축약품,I,000,2026-05-08 22:32:43,,폐업,0002,03,0432535941,243760.065273096    ,347344.97932323     ,충청북도 청주시 상당구 석교동 440 ,2007-10-01 12:03:03
5710000,571000001219940001,1994-11-07,,폐업,2008-09-30,,,,0,,,신흥동물약품상사,I,000,2026-05-08 22:32:43,,폐업,0002,03,,244102.393153125    ,352233.756483926    ,충청북도 청주시 청원구 율량동 863 ,2008-10-02 15:38:39
5710000,571000001219990001,1999-02-27,,폐업,2007-04-26,,,,0,,,청원가축약품,I,000,2026-05-08 22:32:43,,폐업,0002,03,,245176.208856548    ,345109.26133417     ,충청북도 청주시 상당구 용암동 1786 ,2007-04-26 18:33:31
5710000,571000001220063001,2006-06-29,,폐업,2008-03-28,,,,647.12,,,(주) 유한양행,I,L00,2026-05-08 22:32:43,,폐업,0002,03,,,,충청북도 청주시 청원구 오창읍 양청리 807-1    ,2008-03-28 14:08:32
5710000,571000001219920001,1992-01-28,,영업/정상,,,,,0,,28711,혜인동물약품,I,000,2026-05-08 22:32:43,충청북도 청주시 상당구 청남로 2200 (석교동),정상,0000,01,0432574747,243882.06406976     ,347516.128562569    ,충청북도 청주시 상당구 석교동 135 ,2022-01-25 11:23:04
5710000,571000001219950001,1995-08-30,,영업/정상,,,,,85.8,,28479,대호가축약품상사,I,100,2026-05-08 22:32:43,충청북도 청주시 청원구 새터로 14 (내덕동),정상,0000,01,0432584796,243532.309590718    ,350532.372819958    ,충청북도 청주시 청원구 내덕동 293-8 ,2025-04-07 19:39:35
5710000,571000001220033001,2003-05-20,,영업/정상,,,,,201.45,,,(주)에이원,I,L00,2026-05-08 22:32:43,충청북도 청원군 부용면 부강금호로 229,정상,0000,01,,232555.47344247     ,334085.373159471    ,세종특별자치시 부강면 금호리 155-2 ,2012-05-16 10:57:37
5710000,571000001220033002,2003-10-28,,영업/정상,,,,,377.38,,28129,오창동물약품,I,000,2026-05-08 22:32:43,충청북도 청주시 청원구 오창읍 두릉유리로 1119,정상,0000,01,,240427.692959254    ,360070.720805948    ,충청북도 청주시 청원구 오창읍 장대리 344 ,2019-04-09 13:57:50
5710000,571000001220033003,2003-05-20,,영업/정상,,,,,932.76,,,(주)에이원,I,000,2026-05-08 22:32:43,,정상,0000,01,0432773372,232555.47344247     ,334085.373159471    ,세종특별자치시 부강면 금호리 155-2 ,2010-09-03 14:49:10
5710000,571000001220083001,2008-06-30,,영업/정상,,,,,124.82,,28120,(주)메디텍,I,L00,2026-05-08 22:32:43,"충청북도 청주시 청원구 오창읍 중심상업로 31-4, 409호 (엔젤오메가빌딩)",정상,0000,01,0432150250,238265.969673811    ,357040.902803751    ,충청북도 청주시 청원구 오창읍 양청리 792-5 ,2012-04-06 09:35:53
5710000,571000001220140001,2014-12-15,,영업/정상,,,,,408,,28151,(주)명성,I,000,2026-05-08 22:32:43,"충청북도 청주시 청원구 내수읍 은곡2길 48-21, 주식회사 명성",정상,0000,01,0432157589,247109.438102106    ,356770.732279155    ,충청북도 청주시 청원구 내수읍 은곡리 303-8 ,2024-10-24 09:37:12
5710000,571000001220140002,2014-12-19,,영업/정상,,,,,276.82,,28355,(주)옵티팜 동물약품,I,L00,2026-05-08 22:32:43,충청북도 청주시 흥덕구 신성로 171-1(신성동),정상,0000,01,0432497584,236395.570251263    ,350775.123391127    ,충청북도 청주시 흥덕구 오송읍 만수리 232-3 ,2021-12-22 13:53:23
5710000,571000001220180001,2018-09-18,,영업/정상,,,,,0,,28137,훈 바이오 주식회사,I,000,2026-05-08 22:32:43,충청북도 청주시 청원구 북이면 장양길 88-36,정상,0000,01,0432139971,247428.873901403    ,361607.251453275    ,충청북도 청주시 청원구 북이면 장양리 525 ,2021-08-26 17:52:58
5710000,571000001220210001,2021-06-11,,영업/정상,,,,,134.66,,28180,주식회사 팜코리아,I,L00,2026-05-08 22:32:43,"충청북도 청주시 서원구 남이면 청남로 1486-3, 1층",정상,0000,01,,240692.217970052    ,341527.199215166    ,충청북도 청주시 서원구 남이면 수대리 1-6 ,2022-05-16 19:50:59
5710000,571000001220210002,2021-10-20,,휴업,,2025-12-31,2055-12-31,,491.22,,28180,보광힐팜,I,000,2026-05-08 22:32:44,충청북도 청주시 서원구 남이면 청남로 1388-37,휴업,0001,02,,240418.184830897    ,340812.711035235    ,충청북도 청주시 서원구 남이면 수대리 220-8 ,2025-12-30 15:08:23
5710000,571000001220230001,2023-03-30,,영업/정상,,,,,274.44,,28332,주식회사 주성메디팜,I,000,2026-05-08 22:32:44,"충청북도 청주시 청원구 율천북로 167, 2층 (율량동)",정상,0000,01,0432230565,243648.811518209    ,351735.347706454    ,충청북도 청주시 청원구 율량동 999 ,2023-03-30 17:19:42
5710000,571000001220240001,2024-10-10,,영업/정상,,,,,72,,28180,주식회사 대원동물,I,L00,2026-05-12 22:32:31,충청북도 청주시 서원구 남이면 청남로 1484-7,정상,0000,01,,240586.05294785     ,341383.82192274     ,충청북도 청주시 서원구 남이면 수대리 165-34 ,2026-05-11 17:01:33
5780000,578000001220200001,2020-12-02,,영업/정상,,,,,165,,58600,지현가축약품,I,000,2026-07-01 11:19:54,"전남광주통합특별시 목포시 대양산단로 161, 좌측동 2동 (대양동)",정상,0000,01,,145382.318459191    ,145382.318459191    ,전남광주통합특별시 목포시 대양동 1187-2 ,2023-04-11 09:11:31
5780000,578000001219910001,1991-11-16,,폐업,2020-08-18,,,2020-08-18,0,,58706,국제 가축약품,I,000,2026-07-01 11:19:54,전남광주통합특별시 목포시 용당로 187 (용당동),폐업,0002,03,,144922.574340758    ,144922.574340758    ,전남광주통합특별시 목포시 용당동 1113-10 ,2020-08-18 17:05:12
5780000,578000001219960001,1996-05-20,,폐업,2013-05-10,,,,0,,,(유)삼보 가축약품,I,000,2026-07-01 11:19:54,전남광주통합특별시 목포시 하당로205번길 4-1 (상동),폐업,0002,03,,146796.165236228    ,146796.165236228    ,전남광주통합특별시 목포시 상동 810-1 ,2013-05-10 16:05:44
5780000,578000001220010001,2001-03-06,,폐업,2007-07-10,,,,42.96,,,고려가축수산,I,000,2026-07-01 11:19:54,전남광주통합특별시 목포시 해안로 231 (영해동1가),폐업,0002,03,,143808.478812376    ,143808.478812376    ,전남광주통합특별시 목포시 영해동1가 6-6 ,2007-07-10 18:55:04
5780000,578000001220030001,2003-01-21,,폐업,2018-07-31,,,2018-07-31,32.16,,58643,21세기 동물약품,I,000,2026-07-01 11:19:54,전남광주통합특별시 목포시 영산로 503 (상동),폐업,0002,03,0612775877,146606.770015608    ,146606.770015608    ,전남광주통합특별시 목포시 상동 127-6 ,2018-07-31 16:42:41
5780000,578000001219900001,1990-08-25,,폐업,2009-10-08,,,,0,,,제일 가축약품,I,000,2026-07-01 11:19:54,전남광주통합특별시 목포시 동부로21번길 14 (용당동),폐업,0002,03,,144371.402881911    ,144371.402881911    ,전남광주통합특별시 목포시 용당동 1049-32 ,2009-10-09 14:51:53
5785000,578500001220020001,2002-12-11,,폐업,2003-06-10,,,,62.05,,,제일제당,I,000,2026-07-01 11:37:07,전남광주통합특별시 여수시 돌산읍 남외길 13-7,폐업,0002,03,,266134.437182296    ,266134.437182296    ,전남광주통합특별시 여수시 돌산읍 군내리 555-6 ,2003-07-18 17:49:15
5785000,578500001220020002,2002-12-11,,폐업,2006-04-25,,,,63,,,여천,I,L00,2026-07-01 11:37:07,전남광주통합특별시 여수시 광무1길 32-11 (광무동),폐업,0002,03,,266594.102112071    ,266594.102112071    ,전남광주통합특별시 여수시 광무동 77-29 ,2006-04-25 17:51:51
5785000,578500001220020003,2002-12-11,,영업/정상,,,,,108,,59755,한일,I,L00,2026-07-01 11:37:07,전남광주통합특별시 여수시 신월로 805 (서교동),정상,0000,01,,266464.710784056    ,266464.710784056    ,전남광주통합특별시 여수시 서교동 702 ,2023-04-07 10:13:15
5785000,578500001220050001,2005-01-21,,폐업,2013-02-12,,,,97.1,,59603,(주)드림라임,I,L00,2026-07-01 11:37:07,전남광주통합특별시 여수시 율촌면 소뎅이길 117-12,폐업,0002,03,,247981.422067836    ,247981.422067836    ,전남광주통합특별시 여수시 율촌면 봉전리 816-2 ,2013-02-12 17:43:14
5785000,578500001220220001,2022-03-29,,폐업,2023-08-04,,,2023-08-04,0,,59727,주식회사 남부지오영,I,L00,2026-07-01 11:37:07,전남광주통합특별시 여수시 연등8길 47-2(연등동),폐업,0002,03,0616423131,266327.929005267    ,266327.929005267    ,전남광주통합특별시 여수시 연등동 725-2 ,2023-08-04 10:56:54
5790000,579000001220050001,2005-04-22,,폐업,2006-01-11,,,,1352.3,,,(주)삼성드럭의약품,I,000,2026-07-01 11:46:00,,폐업,0002,03,0617452515,244193.150767675    ,244193.150767675    ,전남광주통합특별시 순천시 장천동 140 ,2006-01-11 17:36:31
5790000,579000001220010001,2001-03-10,,영업/정상,,,,,0,,,전남가축약품,I,000,2026-07-01 11:46:00,,정상,0000,01,0617421635,244600.036362229    ,244600.036362229    ,전남광주통합특별시 순천시 장천동 22-10 ,2011-03-29 09:10:19
5790000,579000001220000002,2000-06-12,,폐업,2004-12-31,,,,0,,57959,순흥종합동물약품,I,000,2026-07-01 11:46:00,전남광주통합특별시 순천시 팔마로 26 (장천동),폐업,0002,03,0617429936,,,전남광주통합특별시 순천시 장천동 ,2014-07-01 11:29:55
5790000,579000001220000001,2000-07-04,,영업/정상,,,,,0,,57956,대한가축약품,I,000,2026-07-01 11:46:00,"전남광주통합특별시 순천시 이수로 37, 대한가축의약품 (장천동)",정상,0000,01,0617442530,,,전남광주통합특별시 순천시 해룡면 상삼리 15-5 대한가축의약품 ,2020-07-28 11:25:56
5790000,579000001219920001,1992-02-26,,영업/정상,,,,,0,,,금호가축약품,I,000,2026-07-01 11:46:00,,정상,0000,01,0617429936,,,전남광주통합특별시 순천시 풍덕동 1263-12 ,2013-07-24 14:01:38
5795000,579500001220020002,2002-12-02,,폐업,2004-06-02,,,,0,,,상록수가축약품,I,000,2026-07-01 12:13:47,전남광주통합특별시 나주시 금천면 금영로 958,폐업,0002,03,,177496.984144288    ,177496.984144288    ,전남광주통합특별시 나주시 금천면 오강리 241-3 ,2004-06-02 10:02:26
5795000,579500001220020001,2002-04-24,,폐업,2016-12-19,,,2016-12-19,119.8,,,코리아동물약품,I,000,2026-07-01 12:13:47,전남광주통합특별시 나주시 풍물시장2길 35-8 (이창동),폐업,0002,03,,173324.084519551    ,173324.084519551    ,전남광주통합특별시 나주시 이창동 741-7 ,2016-12-19 09:40:40
5795000,579500001220000002,2000-10-20,,폐업,2007-05-01,,,,0,,,(주)남도가축약품,I,000,2026-07-01 12:13:47,,폐업,0002,03,,,,전남광주통합특별시 나주시 이창동 193-6   ,2007-05-01 17:14:48
5795000,579500001220000001,2000-04-26,,영업/정상,,,,,0,,,(주)무등가축약품,I,000,2026-07-01 12:13:47,전남광주통합특별시 나주시 예향로 3798 (이창동),정상,0000,01,,173662.650964142    ,173662.650964142    ,전남광주통합특별시 나주시 이창동 185-4 ,2018-04-17 11:33:47
5795000,579500001219990001,1999-08-05,,폐업,2002-12-17,,,,0,,,태산가축약품,I,000,2026-07-01 12:13:47,전남광주통합특별시 나주시 남평읍 교원교촌길 4,폐업,0002,03,,184952.497928022    ,184952.497928022    ,전남광주통합특별시 나주시 남평읍 교원리 509 ,2006-12-20 08:59:16
5795000,579500001219970001,1997-03-20,,영업/정상,,,,,0,,,효진가축약품(주),I,000,2026-07-01 12:13:47,전남광주통합특별시 나주시 왕곡면 나주서부로 4,정상,0000,01,,172855.813763297    ,172855.813763297    ,전남광주통합특별시 나주시 왕곡면 장산리 394-1 ,2013-02-04 14:00:04
5795000,579500001220170001,2017-06-10,,영업/정상,,,,,0,,58316,(주)이레가축약품,I,L00,2026-07-01 12:13:47,전남광주통합특별시 나주시 세지면 신동길 13,정상,0000,01,,173151.602650584    ,173151.602650584    ,전남광주통합특별시 나주시 세지면 송제리 802-30 ,2021-07-15 10:42:59
5795000,579500001219940001,1994-12-28,,휴업,,2022-06-02,2025-06-01,,0,,,신정가축약품,I,000,2026-07-01 12:13:47,전남광주통합특별시 나주시 남고문로 124 (죽림동),휴업,0001,02,,174757.261804423    ,174757.261804423    ,전남광주통합특별시 나주시 죽림동 138-44 ,2022-06-02 17:33:40
5795000,579500001219930001,1993-02-04,,폐업,2013-07-16,,,,0,,,삼양가축약품,I,000,2026-07-01 12:13:47,전남광주통합특별시 나주시 나주천3길 33-1 (중앙동),폐업,0002,03,,174570.622853155    ,174570.622853155    ,전남광주통합특별시 나주시 중앙동 98-1 ,2013-07-16 14:09:46
5795000,579500001220060001,2006-04-25,,영업/정상,,,,,96.9,,58272,유한회사 삼성가축약품,I,L00,2026-07-01 12:13:47,전남광주통합특별시 나주시 금영로 14-1 (이창동),정상,0000,01,0613338941,,,전남광주통합특별시 나주시 이창동 ,2018-11-29 16:45:27
5795000,579500001220120001,2012-01-13,,휴업,,2013-02-28,,,0,,58227,전일에프엠 (주)전남지점,I,000,2026-07-01 12:13:47,전남광주통합특별시 나주시 남평읍 남평2로 7,휴업,0001,02,0613311331,185586.732548528    ,185586.732548528    ,전남광주통합특별시 나주시 남평읍 대교리 182 ,2013-02-27 17:07:55
5795000,579500001220160001,2016-12-19,,영업/정상,,,,,,,58274,코리아동물약품,I,000,2026-07-01 12:13:47,"전남광주통합특별시 나주시 풍물시장2길 35-8 (이창동, 동물코리아약품)",정상,0000,01,0613349595,173324.084519551    ,173324.084519551    ,전남광주통합특별시 나주시 이창동 741-7 ,2016-12-19 09:53:55
5795000,579500001220210001,2021-04-29,,영업/정상,,,,,289.6,,58323,천지가축약품,I,000,2026-07-01 12:13:47,"전남광주통합특별시 나주시 정보화길 38, 천지가축약품 (빛가람동)",정상,0000,01,,181513.049101008    ,181513.049101008    ,전남광주통합특별시 나주시 빛가람동 266-3 ,2021-04-29 16:59:16
5795000,579500001219950001,1995-07-21,,영업/정상,,,,,0,,,(합)선경동물약품,I,000,2026-07-01 12:13:47,전남광주통합특별시 나주시 예향로 3778-1 (이창동),정상,0000,01,,,,전남광주통합특별시 나주시 이창동 ,2025-04-14 14:29:22
5805000,580500001219990001,1999-07-09,,폐업,2008-12-29,,,,88.32,,,신일수산약품,I,000,2026-07-01 10:31:12,전남광주통합특별시 동구 구성로 234 (계림동),폐업,0002,03,,192369.021308833    ,192369.021308833    ,전남광주통합특별시 동구 계림동 471-29 ,2008-12-29 09:53:45
5805000,580500001219930001,1993-05-18,,폐업,2003-08-12,,,,34.5,,,일성가축약품,I,000,2026-07-01 10:31:12,,폐업,0002,03,,,,전남광주통합특별시 동구 궁동 61-2    ,2003-08-12 09:30:28
5805000,580500001219840001,1984-03-22,,폐업,2009-07-14,,,,0,,,우양동물약품,I,000,2026-07-01 10:31:12,,폐업,0002,03,,,,전남광주통합특별시 동구 대인동 25-5 ,2009-07-14 10:49:10
5805000,580500001219810001,1981-05-20,,폐업,2018-12-17,,,2018-12-17,4252.97,,,백제약품광주지점,I,L00,2026-07-01 10:31:12,전남광주통합특별시 동구 제봉로 200 (대인동),폐업,0002,03,,192254.685112663    ,192254.685112663    ,전남광주통합특별시 동구 대인동 312-16 ,2018-12-18 09:10:37
5805000,580500001220180001,2018-12-19,,영업/정상,,,,,95.94,,61427,백제동물약품,I,000,2026-07-01 10:31:12,전남광주통합특별시 동구 제봉로 200 (대인동),정상,0000,01,0622229222,192254.685112663    ,192254.685112663    ,전남광주통합특별시 동구 대인동 312-16 ,2018-12-19 11:31:54
5805000,580500001220190001,2019-04-05,,휴업,,2020-06-15,,,,,61495,신광약품 주식회사,I,L00,2026-07-01 10:31:12,전남광주통합특별시 동구 소태길 77 (소태동),휴업,0001,02,0626065000,194517.189811289    ,194517.189811289    ,전남광주통합특별시 동구 소태동 99 ,2020-06-16 09:25:27
5810000,581000001219980001,1998-08-05,,폐업,2020-02-10,,,2020-02-10,38.7,,61931,삼화케미칼(주),I,000,2026-07-01 10:41:56,전남광주통합특별시 서구 금화로492번길 13-2 (농성동),폐업,0002,03,,190142.118545053    ,190142.118545053    ,전남광주통합특별시 서구 농성동 626-23 ,2020-02-10 15:52:07
5810000,581000001220020001,2002-03-15,,폐업,2006-09-27,,,,37.6,,,(주)유한양행전남영업소,I,000,2026-07-01 10:41:56,,폐업,0002,03,0623825400,,,전남광주통합특별시 서구 내방동 49-6 ,2006-09-27 17:52:00
5810000,581000001220070001,2007-05-01,,폐업,2014-01-20,,,,111,,62050,남도동물약품(주),I,L00,2026-07-01 10:41:56,전남광주통합특별시 서구 풍암신흥안길 15-13 (풍암동),폐업,0002,03,,187403.643623979    ,187403.643623979    ,전남광주통합특별시 서구 풍암동 878-5 ,2014-01-21 14:12:35
5810000,581000001220160001,2016-05-26,,폐업,2021-03-19,,,2021-03-19,0,,61917,한결의약품물류주식회사,I,L00,2026-07-01 10:41:56,"전남광주통합특별시 서구 무진대로963번길 14 (광천동, 서초각)",폐업,0002,03,0626557177,189558.051910452    ,189558.051910452    ,전남광주통합특별시 서구 광천동 15-8 ,2021-03-19 14:09:26
5810000,581000001220220001,2022-04-08,,폐업,2023-08-02,,,2023-08-02,,,61900,(주)호남지오영,I,L00,2026-07-01 10:41:56,"전남광주통합특별시 서구 덕흥1길 29, 해태제과식품(주) (덕흥동)",폐업,0002,03,0623836070,185161.558240909    ,185161.558240909    ,전남광주통합특별시 서구 덕흥동 22-4 해태제과식품(주) ,2023-08-02 15:52:05
5815000,581500001219960001,1996-03-06,,폐업,2007-10-23,,,,0,,,주)전일동물약품,I,000,2026-07-01 10:44:56,,폐업,0002,03,,,,전남광주통합특별시 남구 송하동 184-1   ,2007-10-23 15:23:52
5815000,581500001220090001,2009-07-10,,폐업,2013-11-13,,,,495.29,,,우양동물약품,I,000,2026-07-01 10:44:57,,폐업,0002,03,0622230820,,,전남광주통합특별시 남구 봉선동 1006-16   ,2013-11-13 11:37:41
5815000,581500001220080001,2008-07-24,,영업/정상,,,,,64,,61740,전일에프엠(주),I,L00,2026-07-01 10:44:57,전남광주통합특별시 남구 서문대로 473(송하동),정상,0000,01,,189427.514639546    ,189427.514639546    ,전남광주통합특별시 남구 송하동 184-6 ,2021-11-04 17:44:08
5815000,581500001220070001,2007-10-26,,영업/정상,,,,,217.93,,61755,주식회사 광주애니팜,I,L00,2026-07-01 10:44:57,전남광주통합특별시 남구 서문대로 403-1 (송하동),정상,0000,01,0629458276,188884.953387013    ,188884.953387013    ,전남광주통합특별시 남구 송하동 492-27 ,2022-09-20 17:50:23
5820000,582000001219820001,1982-09-21,,폐업,2007-03-23,,,,0,,,다산동물약품도매상,I,000,2026-07-01 11:23:46,전남광주통합특별시 북구 제봉로 259 (북동),폐업,0002,03,0625239916,191858.951045446    ,191858.951045446    ,전남광주통합특별시 북구 북동 2-9 ,2007-03-23 09:36:18
5820000,582000001219910001,1991-04-24,,휴업,,2021-09-28,2022-02-28,,26.2,,61248,광주전남수의약품,I,000,2026-07-01 11:23:46,전남광주통합특별시 북구 무등로 90-1 (신안동),휴업,0001,02,0625278635,190267.02159977     ,190267.02159977     ,전남광주통합특별시 북구 신안동 250-8 ,2021-09-29 14:56:32
5820000,582000001220000001,2000-01-06,,폐업,2011-11-15,,,,0,,61244,금강동물약품도매상,I,000,2026-07-01 11:23:46,전남광주통합특별시 북구 태봉로 37-6 (임동),폐업,0002,03,0625147224,191120.420030082    ,191120.420030082    ,전남광주통합특별시 북구 임동 5-16 ,2013-12-19 12:57:04
5820000,582000001220000002,2000-02-08,,폐업,2006-12-20,,,,0,,,한일동물약품,I,000,2026-07-01 11:23:46,전남광주통합특별시 북구 서하로 461 (각화동),폐업,0002,03,0622510141,193458.632558436    ,193458.632558436    ,전남광주통합특별시 북구 각화동 503-28 ,2006-12-20 09:43:31
5820000,582000001220260001,2026-06-18,,영업/정상,,,,,0,,61234,유한회사 뉴플러스,I,L00,2026-07-01 11:23:46,"전남광주통합특별시 북구 중흥로 153-14, 202호 (중흥동)",정상,0000,01,,191832.651995045    ,191832.651995045    ,전남광주통합특별시 북구 중흥동 696-7 ,2026-06-18 16:22:19
5820000,582000001220220001,2022-05-23,,폐업,2022-12-07,,,2022-12-07,33,,61193,남경뉴팜 주식회사,I,L00,2026-07-01 11:23:46,"전남광주통합특별시 북구 중문로 40, 3층 (우산동)",폐업,0002,03,0622523994,192600.057943468    ,192600.057943468    ,전남광주통합특별시 북구 우산동 168-2 ,2022-12-07 18:02:47
5820000,582000001220210001,2021-04-28,,영업/정상,,,,,1654.57,,61139,(주)대영팜,I,000,2026-07-01 11:23:46,전남광주통합특별시 북구 각화대로 41 (각화동),정상,0000,01,0622683052,194069.955781487    ,194069.955781487    ,전남광주통합특별시 북구 각화동 216-1 ,2021-04-28 09:55:01
5820000,582000001220110001,2011-11-16,,영업/정상,,,,,75.04,,61244,농업회사법인(유)금강티에스,I,L00,2026-07-01 11:23:46,전남광주통합특별시 북구 태봉로 39 (임동),정상,0000,01,0625147224,191120.420030082    ,191120.420030082    ,전남광주통합특별시 북구 임동 5-16 ,2013-10-01 18:59:40
5820000,582000001220000003,2000-04-04,,폐업,2013-10-21,,,,20.21,,61124,제일동물약품,I,000,2026-07-01 11:23:46,전남광주통합특별시 북구 서하로315번길 12 (오치동),폐업,0002,03,0622694411,192204.483843048    ,192204.483843048    ,전남광주통합특별시 북구 오치동 1029-7 ,2013-10-21 15:58:00
5825000,582500001220030002,2003-12-11,,폐업,2013-01-10,2012-10-08,,,24.08,,,인재팜(주),I,000,2026-07-01 10:17:32,,폐업,0002,03,0629559585,,,전남광주통합특별시 광산구 산정동 918-3    ,2013-01-10 16:05:07
5825000,582500001220030001,2003-07-24,,영업/정상,,,,,0,,62382,(주)일성가축약품,I,000,2026-07-01 10:17:32,전남광주통합특별시 광산구 어등대로 589 (운수동),정상,0000,01,0629461110,180535.211204271    ,180535.211204271    ,전남광주통합특별시 광산구 운수동 25-9 ,2024-10-22 10:04:55
5825000,582500001220000001,2000-03-22,,폐업,2007-10-24,,,,29.14,,,(주)광주동물약품,I,000,2026-07-01 10:17:32,전남광주통합특별시 광산구 상무대로 237 (송정동),폐업,0002,03,,181058.334114984    ,181058.334114984    ,전남광주통합특별시 광산구 송정동 1358 ,2007-10-24 09:50:25
5825000,582500001219980001,1998-12-13,,영업/정상,,,,,0,,62399,(주)유성가축약품,I,L00,2026-07-01 10:17:32,전남광주통합특별시 광산구 어등대로 289-5(서봉동),정상,0000,01,0629446288,177661.696296753    ,177661.696296753    ,전남광주통합특별시 광산구 서봉동 169-7 ,2025-05-08 18:27:42
5825000,582500001220130001,2013-06-21,,영업/정상,,,,,165,,62432,(주)그린동물약품,I,L00,2026-07-01 10:17:32,전남광주통합특별시 광산구 송도로304번길 52-3 (송정동),정상,0000,01,0629431205,182000.41603342     ,182000.41603342     ,전남광주통합특별시 광산구 송정동 434 ,2019-10-25 14:21:15
5825000,582500001220260001,2026-05-04,,영업/정상,,,,,,,62267,두리바이오텍,I,000,2026-07-01 10:17:32,"전남광주통합특별시 광산구 첨단중앙로67번길 38, 1층 (월계동)",정상,0000,01,0629715500,185409.340966465    ,185409.340966465    ,전남광주통합특별시 광산구 월계동 832-8 ,2026-05-04 16:11:42
5825000,582500001220220001,2022-06-30,,영업/정상,,,,,86.74,,62461,그린비,I,000,2026-07-01 10:17:32,"전남광주통합특별시 광산구 동곡로185번길 20-2, 1층 (하산동)",정상,0000,01,0623623400,179286.200916847    ,179286.200916847    ,전남광주통합특별시 광산구 하산동 483-5 ,2023-10-27 13:19:48
5825000,582500001220180001,2018-12-12,,영업/정상,,,,,0,,62402,(유)광주수산질병관리원,I,L00,2026-07-01 10:17:32,전남광주통합특별시 광산구 선운로2번길 39 (선암동),정상,0000,01,,179284.850016177    ,179284.850016177    ,전남광주통합특별시 광산구 선암동 678 ,2018-12-12 17:45:09
5825000,582500001220090001,2009-09-04,,영업/정상,,,,,198.12,,62393,(주)한올가축약품,I,L00,2026-07-01 10:17:32,전남광주통합특별시 광산구 평동로1120번길 150 (도산동),정상,0000,01,0629596680,,,전남광주통합특별시 광산구 도산동 ,2015-12-08 09:28:52
5830000,583000001220090001,2009-07-01,,폐업,2013-03-31,,,,18,,57390,월봉가축약품,I,000,2026-07-01 12:57:48,전남광주통합특별시 담양군 창평면 월동길 26,폐업,0002,03,,203393.332218025    ,203393.332218025    ,전남광주통합특별시 담양군 창평면 용수리 92 ,2013-04-04 08:44:35
5830000,583000001220040001,2004-02-16,,폐업,2011-06-10,,,,74.38,,,금강동물약품,I,000,2026-07-01 12:57:48,,폐업,0002,03,0625147224,,,전남광주통합특별시 담양군 담양읍 객사리 249 ,2011-06-14 08:51:54
5830000,583000001220210001,2021-12-20,,영업/정상,,,,,165,,57347,베스트 동물약품,I,000,2026-07-01 12:57:48,"전남광주통합특별시 담양군 담양읍 삼거리길 45, 1층 104호",정상,0000,01,0613839801,198592.102069893    ,198592.102069893    ,전남광주통합특별시 담양군 담양읍 백동리 91-1 104호,2022-02-15 11:32:38
5835000,583500001220060001,2006-03-30,,영업/정상,,,,,228,,57537,주식회사 동부가축약품,I,L00,2026-07-01 12:59:16,전남광주통합특별시 곡성군 곡성읍 중앙로 51,정상,0000,01,0613636288,,,전남광주통합특별시 곡성군 곡성읍 읍내리 ,2025-08-07 17:52:03
5835000,583500001220170001,2017-04-17,,영업/정상,,,,,172,,57534,희망연구소,I,000,2026-07-01 12:59:17,전남광주통합특별시 곡성군 곡성읍 낙동원로 19-1,정상,0000,01,0613620137,,,,2017-12-05 17:11:57
5845000,584500001220110001,2011-11-23,,영업/정상,,,,,11.76,,59540,드림동물약품,I,000,2026-07-01 13:00:59,전남광주통합특별시 고흥군 고흥읍 두원로 3,정상,0000,01,0618321628,225494.020968128    ,225494.020968128    ,전남광주통합특별시 고흥군 고흥읍 서문리 216-22 ,2013-11-04 14:29:16
5850000,585000001220110001,2011-06-29,,폐업,2012-07-23,,,,0,,59458,(주)광주애니팜(보성점),I,000,2026-07-01 13:01:50,전남광주통합특별시 보성군 보성읍 현충로 27,폐업,0002,03,,206881.234225875    ,206881.234225875    ,전남광주통합특별시 보성군 보성읍 주봉리 390-10 ,2015-08-04 09:12:29
5850000,585000001220120001,2012-07-26,,영업/정상,,,,,182,,59459,천하동물약품,I,000,2026-07-01 13:01:50,전남광주통합특별시 보성군 보성읍 흥성로 2543-13,정상,0000,01,0618528599,208132.751659079    ,208132.751659079    ,전남광주통합특별시 보성군 보성읍 우산리 20-18 ,2019-01-30 15:23:08
5855000,585500001220000001,2000-05-17,,폐업,2002-06-15,,,,0,,,다솔동물약품,I,000,2026-07-01 13:14:14,,폐업,0002,03,,,,전남광주통합특별시 화순군 춘양면 석정리 570-90 ,2003-01-03 11:56:09
5855000,585500001220010001,2001-01-26,,폐업,2006-04-06,,,,57,,,유성가축약품,I,000,2026-07-01 13:14:14,,폐업,0002,03,0613753776,198411.482045155    ,198411.482045155    ,전남광주통합특별시 화순군 화순읍 삼천리 738-5 ,2006-04-06 17:21:56
5855000,585500001220020001,2002-08-01,,폐업,2004-02-03,,,,98.9,,,삼성동물병원,I,000,2026-07-01 13:14:14,,폐업,0002,03,,,,전남광주통합특별시 화순군 화순읍 광덕리 128-10 ,2004-02-03 13:22:49
5855000,585500001220160001,2016-11-16,,영업/정상,,,,,0,,58141,에코 153,I,L00,2026-07-01 13:14:14,"전남광주통합특별시 화순군 화순읍 산단길 12-55, 106호",정상,0000,01,0613733538,196480.911131177    ,196480.911131177    ,전남광주통합특별시 화순군 화순읍 내평리 734 ,2025-12-30 13:23:21
5855000,585500001220170001,2017-02-27,,영업/정상,,,,,330,,58109,유한회사 미림동물약품,I,L00,2026-07-01 13:14:14,전남광주통합특별시 화순군 화순읍 오성로 505,정상,0000,01,0613727577,196575.120405295    ,196575.120405295    ,전남광주통합특별시 화순군 화순읍 벽라리 222-1 ,2026-03-09 16:48:36
5860000,586000001220070001,2007-06-11,,폐업,2019-11-07,,,,140.8,,59333,선경가축약품,I,000,2026-07-01 13:13:58,전남광주통합특별시 장흥군 장흥읍 읍성로 23,폐업,0002,03,,190302.805153856    ,190302.805153856    ,전남광주통합특별시 장흥군 장흥읍 남외리 195-1 ,2025-10-29 10:04:10
5860000,586000001220190001,2019-11-08,,영업/정상,,,,,,,59333,선경가축약품,I,000,2026-07-01 13:13:58,"전남광주통합특별시 장흥군 장흥읍 읍성로 23, 선경가축약품",정상,0000,01,,190302.805153856    ,190302.805153856    ,전남광주통합특별시 장흥군 장흥읍 남외리 195-1 ,2019-11-08 10:25:29
5865000,586500001220140001,2014-07-10,,취소/말소/만료/정지/중지,,,,,0,,59243,에이엔팜,I,000,2026-07-01 13:17:03,전남광주통합특별시 강진군 강진읍 강진공단길 26,말소,0004,04,,177639.279015914    ,177639.279015914    ,전남광주통합특별시 강진군 강진읍 서성리 379-10 ,2016-09-05 15:17:30
5870000,587000001220040001,2004-07-13,,영업/정상,,,,,595.5,,,하나로동물약품,I,000,2026-07-01 13:17:47,전남광주통합특별시 해남군 해남읍 남부순환로 122,정상,0000,01,0615366652,163085.165435154    ,163085.165435154    ,전남광주통합특별시 해남군 해남읍 고도리 479-6 ,2010-12-29 21:05:36
5875000,587500001220210001,2021-04-23,,영업/정상,,,,,100,,58418,신세계가축약품,I,000,2026-07-01 13:32:13,"전남광주통합특별시 영암군 영암읍 영암로 1507, 1층",정상,0000,01,0614718977,172016.874277271    ,172016.874277271    ,전남광주통합특별시 영암군 영암읍 교동리 90-1 ,2025-12-31 09:15:19
5880000,588000001220040001,2004-11-08,,폐업,2006-05-04,,,,0,,,무등약국,I,000,2026-07-01 13:32:52,전남광주통합특별시 무안군 무안읍 무안중앙로 4,폐업,0002,03,,152309.870293038    ,152309.870293038    ,전남광주통합특별시 무안군 무안읍 성동리 873-16 ,2009-03-04 19:25:43
5880000,588000001220140001,2014-12-05,,영업/정상,,,,,0,,58524,유한회사 대진가축약품,I,L00,2026-07-01 13:32:52,전남광주통합특별시 무안군 무안읍 성내1길 39,정상,0000,01,,,,,2018-11-28 11:36:26
5880000,588000001220150001,2015-06-25,,영업/정상,,,,,188.7,,58574,한솔가축약품,I,000,2026-07-01 13:32:52,"전남광주통합특별시 무안군 일로읍 삼일로 490, 1층",정상,0000,01,,153288.956720911    ,153288.956720911    ,전남광주통합특별시 무안군 일로읍 월암리 214-5 ,2020-08-04 13:49:06
5880000,588000001220190001,2019-01-18,,영업/정상,,,,,0,,58574,하나가축약품,I,000,2026-07-01 13:32:52,전남광주통합특별시 무안군 일로읍 일로달바위길 32,정상,0000,01,,154003.915824266    ,154003.915824266    ,전남광주통합특별시 무안군 일로읍 용산리 698-1 ,2021-05-11 14:06:58
5885000,588500001220020001,2002-04-10,,폐업,2005-03-16,,,,61.69,,,청정가축약품,I,000,2026-07-01 13:32:48,,폐업,0002,03,,156506.051297911    ,156506.051297911    ,전남광주통합특별시 함평군 함평읍 기각리 261-8 ,2005-03-16 10:27:04
5885000,588500001220180002,2018-11-19,,폐업,2022-02-28,,,2022-02-28,,,57124,천지가축약품,I,000,2026-07-01 13:32:48,전남광주통합특별시 함평군 월야면 밀재로 1529,폐업,0002,03,,166151.380899847    ,166151.380899847    ,전남광주통합특별시 함평군 월야면 월야리 465-11 ,2022-02-28 17:16:45
5885000,588500001220020002,2002-04-10,,영업/정상,,,,,99,,,청정가축약품,I,000,2026-07-01 13:32:48,,정상,0000,01,,,,전남광주통합특별시 함평군 함평읍 기각리 261-8    ,2003-03-07 12:02:25
5885000,588500001220050001,2005-03-17,,영업/정상,,,,,61.69,,57153,청정동물약품,I,L00,2026-07-01 13:32:48,전남광주통합특별시 함평군 함평읍 내바람길 53,정상,0000,01,0613242456,156283.849809666    ,156283.849809666    ,전남광주통합특별시 함평군 함평읍 내교리 209-22 ,2026-02-09 16:56:01
5885000,588500001220180001,2018-07-24,,폐업,2020-07-23,,,2020-07-23,166.76,,57155,하나가축약품,I,000,2026-07-01 13:32:48,"전남광주통합특별시 함평군 함평읍 영수길 99, 함평군 산림조합 1층",폐업,0002,03,0613235507,155992.249215987    ,155992.249215987    ,전남광주통합특별시 함평군 함평읍 내교리 481-4 함평군 산림조합 ,2023-06-02 10:29:46
5885000,588500001220070001,2007-03-19,,폐업,2008-09-05,,,,60,,,천지가축약품,I,000,2026-07-01 13:32:48,,폐업,0002,03,,155626.339118196    ,155626.339118196    ,전남광주통합특별시 함평군 함평읍 함평리 169 ,2008-09-05 11:30:16
5890000,589000001220150001,2015-10-30,,폐업,2016-05-11,,,,99,,57041,미래종합동물약품,I,000,2026-07-01 13:33:04,전남광주통합특별시 영광군 영광읍 천년로11길 29,폐업,0002,03,,154413.751957342    ,154413.751957342    ,전남광주통합특별시 영광군 영광읍 신하리 820-9 ,2016-05-11 15:38:23
5890000,589000001220090001,2009-04-13,,영업/정상,,,,,376.2,,57041,(주)성호가축약품,I,L00,2026-07-01 13:33:04,전남광주통합특별시 영광군 영광읍 대하길2길 4,정상,0000,01,,154230.47744404     ,154230.47744404     ,전남광주통합특별시 영광군 영광읍 신하리 833-1 ,2021-09-17 10:26:28
5895000,589500001220230001,2023-05-26,,영업/정상,,,,,0,,57248,(유)광주태전,I,000,2026-07-01 13:53:58,전남광주통합특별시 장성군 남면 삼태로 115,정상,0000,01,,184234.7297493      ,184234.7297493      ,전남광주통합특별시 장성군 남면 삼태리 576-4 ,2023-05-26 10:00:51
5895000,589500001220040001,2004-08-26,,영업/정상,,,,,453.6,,,양지가축약품,I,000,2026-07-01 13:53:58,전남광주통합특별시 장성군 장성읍 역전로 182,정상,0000,01,,180322.788411909    ,180322.788411909    ,전남광주통합특별시 장성군 장성읍 영천리 1481-1 ,2022-05-17 11:23:37
5900000,590000001219970001,1997-06-16,,폐업,2015-04-20,,,,130.6,,,천하양식상사,I,000,2026-07-01 13:54:31,,폐업,0002,03,,175696.032288569    ,175696.032288569    ,전남광주통합특별시 완도군 완도읍 가용리 542-1 ,2015-04-23 15:25:54
5900000,590000001220030001,2003-12-22,,폐업,2010-07-01,,,,290.07,,,선진양식상사,I,000,2026-07-01 13:54:31,,폐업,0002,03,0615532925,,,전남광주통합특별시 완도군 완도읍 군내리 1270-6 ,2010-07-01 09:37:14
5900000,590000001220090001,2009-01-05,,폐업,2011-03-02,,,,128.92,,,신일수산약품,I,000,2026-07-01 13:54:31,,폐업,0002,03,0615526588,184032.6123898      ,184032.6123898      ,전남광주통합특별시 완도군 신지면 대곡리 741-3 ,2011-03-02 17:45:42
5900000,590000001220040002,2004-10-25,,폐업,2009-07-13,,,,65,,,완도수산뱅크,I,000,2026-07-01 13:54:31,,폐업,0002,03,0615550599,176083.33895713     ,176083.33895713     ,전남광주통합특별시 완도군 완도읍 가용리 650-1 ,2009-07-13 15:14:54
5900000,590000001220040001,2004-10-25,,폐업,2009-08-13,,,,117,,,현주케미칼주식회사,I,L00,2026-07-01 13:54:31,,폐업,0002,03,0615552014,176708.682114457    ,176708.682114457    ,전남광주통합특별시 완도군 완도읍 가용리 3-82 ,2009-08-13 11:00:00
6510000,651000001219890001,1989-05-23,,영업/정상,,,,,236.84,,63147,고려동물약품,I,000,2026-05-07 22:32:41,"제주특별자치도 제주시 오남로 355, 1층 (오라이동)",정상,0000,01,,154738.253422485    ,-3437.23616901222   ,제주특별자치도 제주시 오라이동 130-11 ,2018-07-02 15:16:04
6510000,651000001219931001,1993-08-03,,영업/정상,,,,,180,,63029,제주양돈농협 동물병원 동물용의약품판매장,I,000,2026-05-07 22:32:41,"제주특별자치도 제주시 한림읍 한림상로 127-2, 지층",정상,0000,01,0647968661,131698.517212075    ,-9211.5029297033    ,제주특별자치도 제주시 한림읍 한림리 925-1 ,2020-05-08 13:48:24
6510000,651000001220240001,2024-05-23,,폐업,2025-12-11,,,2025-12-11,0,,63240,(주)제주동원약품,I,L00,2026-05-07 22:32:42,제주특별자치도 제주시 한북로 61 (오등동),폐업,0002,03,0647570111,155539.892304095    ,-3532.10685111817   ,제주특별자치도 제주시 오등동 1159-1 ,2025-12-13 17:39:59
6510000,651000001220210001,2021-07-21,,폐업,2023-10-18,,,2023-10-18,0,,63019,금악축산약품,I,000,2026-05-07 22:32:42,"제주특별자치도 제주시 한림읍 금악로 41, 1층",폐업,0002,03,0647968275,134565.43384432     ,-14825.1125522478   ,제주특별자치도 제주시 한림읍 금악리 2031-24 ,2023-10-18 17:18:18
6510000,651000001220060001,2006-11-17,,폐업,2007-02-26,,,,0,,,(주)제이팜,I,000,2026-05-07 22:32:42,,폐업,0002,03,,,,제주특별자치도 제주시 도두일동 2623-4    ,2007-02-26 15:18:17
6510000,651000001220051001,2005-08-10,,폐업,2008-06-03,,,,72.5,,,삼다동물약품,I,000,2026-05-07 22:32:41,,폐업,0002,03,,129514.784381946    ,-14895.1269338682   ,제주특별자치도 제주시 한림읍 금능리 407-4 ,2008-06-04 17:01:00
6510000,651000001220180001,2018-05-02,,영업/정상,,,,,0,,63069,주식회사 제주동물약품,I,L00,2026-05-07 22:32:42,"제주특별자치도 제주시 우령6길 75-7, 1층 101호 (외도일동)",정상,0000,01,,146926.116799214    ,-1158.13121359193   ,제주특별자치도 제주시 외도일동 642-4 ,2023-08-15 15:39:26
6510000,651000001219870001,1987-05-11,,폐업,2001-06-23,,,,0,,,태흥동물약품,I,000,2026-05-07 22:32:41,,폐업,0002,03,,157109.01987456     ,1462.325474134      ,제주특별자치도 제주시 일도이동 354-5 ,2005-01-19 13:29:09
6510000,651000001219870002,1987-09-29,,폐업,1997-04-16,,,,0,,,제주양돈협동조합,I,000,2026-05-07 22:32:41,,폐업,0002,03,,,,제주특별자치도 제주시 삼도일동 535-14   ,2005-01-19 15:20:51
6510000,651000001219940001,1994-04-11,,폐업,1994-08-13,,,,0,,,제주동물약품,I,000,2026-05-07 22:32:41,,폐업,0002,03,,,,제주특별자치도 제주시 일도이동 132-6    ,2005-01-19 13:32:22
6510000,651000001219960001,1996-05-17,,폐업,2016-07-07,,,,0,,63215,(주)김약품특판부,I,L00,2026-05-07 22:32:41,제주특별자치도 제주시 고마로 132 (이도이동),폐업,0002,03,,157394.334911414    ,790.183294652425    ,제주특별자치도 제주시 이도이동 408-4 ,2016-07-07 09:10:27
6510000,651000001219960002,1996-03-10,,폐업,2009-05-07,,,,0,,,하나동물약품상사,I,000,2026-05-07 22:32:41,,폐업,0002,03,,,,제주특별자치도 제주시 이도이동 76-19 ,2009-05-08 08:45:15
6510000,651000001219990001,1999-10-12,,폐업,2007-01-22,,,,0,,,천지무역(주),I,000,2026-05-07 22:32:41,,폐업,0002,03,,157916.609695408    ,364.437433260889    ,제주특별자치도 제주시 일도이동 111-3 ,2008-03-06 17:15:41
6510000,651000001219990002,1999-06-22,,폐업,2009-04-01,,,,0,,,제주축산약품,I,000,2026-05-07 22:32:41,,폐업,0002,03,,,,제주특별자치도 제주시 이도이동 1016-17   ,2009-04-02 09:56:20
6510000,651000001220000001,2000-08-29,,폐업,2002-09-03,,,,0,,,미래동물약품,I,000,2026-05-07 22:32:41,,폐업,0002,03,,,,제주특별자치도 제주시 일도이동 409-10   ,2005-01-19 11:39:31
6510000,651000001220021001,2002-11-29,,폐업,2006-10-24,,,,0,,,금강유통(주) 동물의약품도매상,I,000,2026-05-07 22:32:41,,폐업,0002,03,,135074.945994907    ,-14256.0152621157   ,제주특별자치도 제주시 한림읍 금악리 949-1 ,2006-10-26 14:14:31
6510000,651000001220050001,2005-01-10,,폐업,2008-08-12,,,,348,,,(주)성진실업,I,L00,2026-05-07 22:32:41,,폐업,0002,03,0647481911,153140.720598488    ,-1442.81023221797   ,제주특별자치도 제주시 연동 308-10 ,2008-08-14 10:22:59
6510000,651000001220050002,2000-12-29,,폐업,2007-07-11,,,,0,,,세한동물약품,I,000,2026-05-07 22:32:41,,폐업,0002,03,,,,제주특별자치도 제주시 삼양이동 2121-14   ,2007-07-11 15:43:02
6510000,651000001220050003,2005-07-08,,폐업,2007-03-13,,,,0,,63228,태흥동물약품,I,000,2026-05-07 22:32:41,제주특별자치도 제주시 연북로 681 (이도이동),폐업,0002,03,,158054.738473284    ,-187.630404709156   ,제주특별자치도 제주시 이도이동 76-17 ,2011-10-30 13:49:18
6520000,652000001220190001,2019-07-22,,폐업,2022-02-21,,,2022-02-21,,,63571,한라동물약품,I,000,2026-05-11 22:33:06,제주특별자치도 서귀포시 태평로 4 (서호동),폐업,0002,03,0647398285,155542.120008841    ,-27612.6065128866   ,제주특별자치도 서귀포시 서호동 136-1 ,2022-02-23 11:59:24
6520000,652000001220051001,2005-09-05,,폐업,2007-02-16,,,,189.44,,,에이원 벳,I,000,2026-05-11 22:33:06,,폐업,0002,03,,,,제주특별자치도 서귀포시 남원읍 위미리 1659 ,2007-02-16 16:58:52
6520000,652000001220021001,2002-06-03,,폐업,2005-09-22,,,,132,,,주식회사에이원벳,I,000,2026-05-11 22:33:06,제주특별자치도 서귀포시 남원읍 일주동로 7595,폐업,0002,03,,169078.650486653    ,-24198.8739032535   ,제주특별자치도 서귀포시 남원읍 위미리 1559-3 ,2005-11-25 12:44:14
6520000,652000001220040001,2004-06-03,,영업/정상,,,,,70,,63507,서귀포시축협,I,L00,2026-05-11 22:33:06,제주특별자치도 서귀포시 대정읍 하모중앙로 32,정상,0000,01,0647945431,130222.29365546     ,-29806.7294616301   ,제주특별자치도 서귀포시 대정읍 하모리 1423-18 ,2019-04-04 10:32:14
6520000,652000001220080001,2008-04-22,,영업/정상,,,,,0,,63629,서귀포시축협 표선지소 동물약품,I,000,2026-05-11 22:33:06,제주특별자치도 서귀포시 표선면 표선중앙로 67,정상,0000,01,,184290.032431601    ,-18748.3569633901   ,제주특별자치도 서귀포시 동홍동 569-10 ,2019-04-08 10:56:00
